{"authorDailyContributionsMap":{"toh-xinyi":[{"date":"2023-01-19","commitResults":[{"hash":"bb0e638ece850a9d7674b4e64c37035397056029","messageTitle":"Complete Level-1","messageBody":"","tags":["Level-1"],"fileTypesAndContributionMap":{"java":{"insertions":15,"deletions":1}}},{"hash":"6835a149f53758f872b6129bbb4db1c48c16619e","messageTitle":"Add ability to store text","messageBody":"","tags":["Level-2"],"fileTypesAndContributionMap":{"java":{"insertions":14,"deletions":1}}},{"hash":"ca7faad5fb06c6b28c3a5841a244467804178f82","messageTitle":"Ability to mark tasks as done or undone","messageBody":"","tags":["Level-3"],"fileTypesAndContributionMap":{"java":{"insertions":44,"deletions":13}}}]},{"date":"2023-01-20","commitResults":[{"hash":"9dde8ef9f929660f06b8715a8e82cefcfc9ebecb","messageTitle":"able to track todos, deadlines and events now","messageBody":"","tags":["Level-4"],"fileTypesAndContributionMap":{"java":{"insertions":75,"deletions":16}}},{"hash":"28cb68a9da015fb13ae7ce92fd9055c969532818","messageTitle":"deals with some incorrect inputs","messageBody":"","tags":["Level-6","Level-5","A-TextUiTesting"],"fileTypesAndContributionMap":{"java":{"insertions":15,"deletions":1}}}]},{"date":"2023-01-26","commitResults":[{"hash":"f81488cd86fd2b0fe332667da7d1b0007182ee96","messageTitle":"Replaced wildcard imports","messageBody":"","fileTypesAndContributionMap":{"java":{"insertions":4,"deletions":2}}},{"hash":"3ddb203b098d7b4ef1b703cacf0f8fbab6fa176f","messageTitle":"Save tasks to hard disk automatically","messageBody":"","tags":["Level-7"],"fileTypesAndContributionMap":{"java":{"insertions":30,"deletions":0}}},{"hash":"208fb276d0e28e8c47977d764ed2e4e6a062756e","messageTitle":"Teach Duke to understand dates","messageBody":"","tags":["Level-8"],"fileTypesAndContributionMap":{"java":{"insertions":24,"deletions":8}}}]},{"date":"2023-02-01","commitResults":[{"hash":"e90e66a32bb5f40ad521adfb17e66c26f65723c3","messageTitle":"Refactor the code to extract out closely related code as classes","messageBody":"","tags":["A-MoreOOP"],"fileTypesAndContributionMap":{"java":{"insertions":386,"deletions":90}}},{"hash":"f14785bd86aa64f003f1a27502bc5969a5c5a7a5","messageTitle":"Organize the classes into suitable duke package","messageBody":"","tags":["A-Packages"],"fileTypesAndContributionMap":{"java":{"insertions":337,"deletions":317}}},{"hash":"97379b66aaedaaab619ba13c4c9458243ffec6d2","messageTitle":"Add gradle","messageBody":"","tags":["A-Gradle"],"fileTypesAndContributionMap":{"gradle":{"insertions":1,"deletions":1}}}]},{"date":"2023-02-02","commitResults":[{"hash":"5f48efce96461d58f1165d97b46425c1d82cbf6a","messageTitle":"Change method name from formattedDescription() to formatDescription()","messageBody":"","fileTypesAndContributionMap":{"java":{"insertions":6,"deletions":6}}},{"hash":"348f8f92e341d4c5c8eb4471bb806a619a6f8407","messageTitle":"Add JUnit tests to test the behavior of the code","messageBody":"","tags":["A-Jar","A-JUnit"],"fileTypesAndContributionMap":{"java":{"insertions":45,"deletions":0}}},{"hash":"01db36b7672308c03cd22c260cac1aaa15a0ad8d","messageTitle":"Add JavaDoc comments to the majority of methods.","messageBody":"","tags":["A-JavaDoc"],"fileTypesAndContributionMap":{"java":{"insertions":116,"deletions":17}}},{"hash":"d02abce910bdb8915e390773327913eaee2128f9","messageTitle":"Tweak the code to comply with a coding standard","messageBody":"","tags":["A-CodingStandard"],"fileTypesAndContributionMap":{"java":{"insertions":25,"deletions":88}}}]},{"date":"2023-02-03","commitResults":[{"hash":"566717b26c9fb759e97e4f69ded8e1040d5cc2ec","messageTitle":"Allow users to find tasks by keyword","messageBody":"","tags":["Level-9"],"fileTypesAndContributionMap":{"java":{"insertions":49,"deletions":8}}}]},{"date":"2023-02-07","commitResults":[{"hash":"13f0877007fdadd46722c5e0f36727c6b4a9f8f5","messageTitle":"Add a GUI to Duke","messageBody":"","tags":["Level-10"],"fileTypesAndContributionMap":{"gradle":{"insertions":15,"deletions":0},"fxml":{"insertions":35,"deletions":0},"java":{"insertions":265,"deletions":30}}},{"hash":"e562fdaab29cbd441b0885d72916b1b3cce2b606","messageTitle":"Remove redundant method","messageBody":"","fileTypesAndContributionMap":{"java":{"insertions":0,"deletions":6}}},{"hash":"17f6ba1a0e089f93abe78853174f6d63bd8925d7","messageTitle":"Remove magic numbers","messageBody":"","tags":["A-CodeQuality"],"fileTypesAndContributionMap":{"java":{"insertions":30,"deletions":15}}},{"hash":"279683e4eb8b653f271bdc1e26eb2bcba0926c0a","messageTitle":"Move bulk of handling input from Duke to Parser class","messageBody":"","fileTypesAndContributionMap":{"java":{"insertions":55,"deletions":117}}},{"hash":"468bea11851a939703c7cd24fdc48c90fe5840da","messageTitle":"Swap Duke and User pictures","messageBody":"","fileTypesAndContributionMap":{"java":{"insertions":4,"deletions":8}}},{"hash":"71d9c72dd5d3ff76ea1964bc3f95be9c96a74a77","messageTitle":"Make constants static final","messageBody":"","fileTypesAndContributionMap":{"java":{"insertions":14,"deletions":16}}},{"hash":"d56d6f70a7381218bbb7572ea011732a3b3bd221","messageTitle":"Enhance dates conversion and storage","messageBody":"","fileTypesAndContributionMap":{"java":{"insertions":38,"deletions":16}}}]},{"date":"2023-02-09","commitResults":[{"hash":"7fb65ba27f1ea9955cd1b4c49317904dd817c36d","messageTitle":"Add an assertion in TaskList class","messageBody":"An assertion added in the addTask method allows for check of possible\nbugs in code when adding a new task to an empty task list.\n\nLet\u0027s check if the task list is empty when adding a new task to the task\nlist\n\nUsing assertions can detect potential bugs in code when an assertion\nfailure is detected\n","tags":["A-Assertions"],"fileTypesAndContributionMap":{"gradle":{"insertions":2,"deletions":1},"java":{"insertions":2,"deletions":1}}},{"hash":"fbba3bd022e7340f867942f302d698e2d7644170","messageTitle":"Add an assertion in Parser class","messageBody":"An assertion added in the handleInput method ensures the task is marked\ncorrectly when given a command to mark or unmark a particular task as\ndone.\n\nLet\u0027s insert an assertion to check if the task given is marked or\nunmarked as told to do.\n\nUsing assertions can detect potential bugs in code when an assertion\nfailure is detected\n","fileTypesAndContributionMap":{"java":{"insertions":10,"deletions":0}}},{"hash":"654a440edc1242677399cf7ef8577b31850208f6","messageTitle":"Improve code quality","messageBody":"Code needs to be of high quality to enhance readability. Code is\nsimplified so that it can be understood easily.\n\nLet\u0027s\n* Shorten long methods in Parser class\n* Add methods to follow SLAP principle\n\nCode quality is enhanced. :)\n","tags":["A-FullCommitMessage"],"fileTypesAndContributionMap":{"java":{"insertions":48,"deletions":28}}},{"hash":"79c24fedd0c978d6b35e835b476c7e25b8003045","messageTitle":"Debug to ensure functionality in find command","messageBody":"","fileTypesAndContributionMap":{"java":{"insertions":37,"deletions":14}}}]},{"date":"2023-02-12","commitResults":[{"hash":"b0cf1f80f179f693f868765badae285d5458de28","messageTitle":"Prevent addition of new event if the event clashes with an event currently in the task list.","messageBody":"","tags":["BCD-Extension"],"fileTypesAndContributionMap":{"java":{"insertions":99,"deletions":51}}},{"hash":"b81d0ea2ec9518fdc2d0a6bf157daa5b15f1ca42","messageTitle":"Fix problem of long text in dialog box cutting off","messageBody":"","fileTypesAndContributionMap":{"fxml":{"insertions":16,"deletions":5}}}]}]},"authorFileTypeContributionMap":{"toh-xinyi":{"java":927,"md":0,"fxml":46,"sh":0,"bat":0,"gradle":17,"txt":0}},"authorContributionVariance":{"toh-xinyi":53223.87},"authorDisplayNameMap":{"toh-xinyi":"CS2103-W17-1 TOH ..N YI"}}
