[{"path":"data/taskData.txt","fileType":"txt","lines":[{"lineNumber":1,"author":{"gitId":"TamKengHong"},"content":"T|0|r","lastModifiedDate":"2023-01-25"},{"lineNumber":2,"author":{"gitId":"TamKengHong"},"content":"T|0|read book","lastModifiedDate":"2023-01-25"},{"lineNumber":3,"author":{"gitId":"TamKengHong"},"content":"D|0|abc|2019-10-15","lastModifiedDate":"2023-01-25"},{"lineNumber":4,"author":{"gitId":"TamKengHong"},"content":"E|0|edf|2019-10-15|2019-10-15","lastModifiedDate":"2023-01-25"}],"authorContributionMap":{"TamKengHong":4}},{"path":"src/main/java/duke/Duke.java","fileType":"java","lines":[{"lineNumber":1,"author":{"gitId":"TamKengHong"},"content":"package duke;","lastModifiedDate":"2023-01-25"},{"lineNumber":2,"author":{"gitId":"TamKengHong"},"content":"","lastModifiedDate":"2023-01-25"},{"lineNumber":3,"author":{"gitId":"TamKengHong"},"content":"import duke.exception.DukeException;","lastModifiedDate":"2023-01-25"},{"lineNumber":4,"author":{"gitId":"TamKengHong"},"content":"import duke.helper.Parser;","lastModifiedDate":"2023-01-25"},{"lineNumber":5,"author":{"gitId":"TamKengHong"},"content":"import duke.helper.Storage;","lastModifiedDate":"2023-01-25"},{"lineNumber":6,"author":{"gitId":"TamKengHong"},"content":"import duke.helper.TaskList;","lastModifiedDate":"2023-01-25"},{"lineNumber":7,"author":{"gitId":"TamKengHong"},"content":"import duke.helper.Ui;","lastModifiedDate":"2023-01-25"},{"lineNumber":8,"author":{"gitId":"TamKengHong"},"content":"","lastModifiedDate":"2023-01-25"},{"lineNumber":9,"author":{"gitId":"TamKengHong"},"content":"import java.io.IOException;","lastModifiedDate":"2023-01-23"},{"lineNumber":10,"author":{"gitId":"TamKengHong"},"content":"","lastModifiedDate":"2023-01-23"},{"lineNumber":11,"author":{"gitId":"-"},"content":"public class Duke {","lastModifiedDate":"2019-07-29"},{"lineNumber":12,"author":{"gitId":"TamKengHong"},"content":"","lastModifiedDate":"2023-01-25"},{"lineNumber":13,"author":{"gitId":"TamKengHong"},"content":"    /**","lastModifiedDate":"2023-01-25"},{"lineNumber":14,"author":{"gitId":"TamKengHong"},"content":"     * The main function for Duke, which runs the program.","lastModifiedDate":"2023-01-25"},{"lineNumber":15,"author":{"gitId":"TamKengHong"},"content":"     *","lastModifiedDate":"2023-01-25"},{"lineNumber":16,"author":{"gitId":"TamKengHong"},"content":"     * @param args commandline args.","lastModifiedDate":"2023-01-25"},{"lineNumber":17,"author":{"gitId":"TamKengHong"},"content":"     * @throws IOException","lastModifiedDate":"2023-01-25"},{"lineNumber":18,"author":{"gitId":"TamKengHong"},"content":"     */","lastModifiedDate":"2023-01-25"},{"lineNumber":19,"author":{"gitId":"TamKengHong"},"content":"    public static void main(String[] args) throws IOException {","lastModifiedDate":"2023-01-23"},{"lineNumber":20,"author":{"gitId":"TamKengHong"},"content":"        Ui ui \u003d new Ui();","lastModifiedDate":"2023-01-23"},{"lineNumber":21,"author":{"gitId":"TamKengHong"},"content":"        TaskList taskList \u003d new TaskList();","lastModifiedDate":"2023-01-23"},{"lineNumber":22,"author":{"gitId":"TamKengHong"},"content":"        Parser parser \u003d new Parser();","lastModifiedDate":"2023-01-23"},{"lineNumber":23,"author":{"gitId":"TamKengHong"},"content":"        Storage store \u003d new Storage(taskList);","lastModifiedDate":"2023-01-23"},{"lineNumber":24,"author":{"gitId":"TamKengHong"},"content":"","lastModifiedDate":"2023-01-23"},{"lineNumber":25,"author":{"gitId":"TamKengHong"},"content":"        ui.printGreeting();","lastModifiedDate":"2023-01-23"},{"lineNumber":26,"author":{"gitId":"TamKengHong"},"content":"        String command \u003d ui.readLine();","lastModifiedDate":"2023-01-23"},{"lineNumber":27,"author":{"gitId":"TamKengHong"},"content":"        while (!command.equals(\"bye\")) {","lastModifiedDate":"2023-01-16"},{"lineNumber":28,"author":{"gitId":"TamKengHong"},"content":"            try {","lastModifiedDate":"2023-01-17"},{"lineNumber":29,"author":{"gitId":"TamKengHong"},"content":"                parser.dispatch(command, ui, taskList);","lastModifiedDate":"2023-01-23"},{"lineNumber":30,"author":{"gitId":"TamKengHong"},"content":"                store.saveTasks(taskList);","lastModifiedDate":"2023-01-23"},{"lineNumber":31,"author":{"gitId":"TamKengHong"},"content":"            } catch (DukeException e) {","lastModifiedDate":"2023-01-17"},{"lineNumber":32,"author":{"gitId":"TamKengHong"},"content":"                ui.printError(e);","lastModifiedDate":"2023-01-25"},{"lineNumber":33,"author":{"gitId":"TamKengHong"},"content":"            }","lastModifiedDate":"2023-01-16"},{"lineNumber":34,"author":{"gitId":"TamKengHong"},"content":"            command \u003d ui.readLine();","lastModifiedDate":"2023-01-23"},{"lineNumber":35,"author":{"gitId":"TamKengHong"},"content":"        }","lastModifiedDate":"2023-01-16"},{"lineNumber":36,"author":{"gitId":"TamKengHong"},"content":"        ui.printBye();","lastModifiedDate":"2023-01-23"},{"lineNumber":37,"author":{"gitId":"-"},"content":"    }","lastModifiedDate":"2019-07-29"},{"lineNumber":38,"author":{"gitId":"-"},"content":"}","lastModifiedDate":"2019-07-29"}],"authorContributionMap":{"-":3,"TamKengHong":35}},{"path":"src/main/java/duke/exception/DukeException.java","fileType":"java","lines":[{"lineNumber":1,"author":{"gitId":"TamKengHong"},"content":"package duke.exception;","lastModifiedDate":"2023-01-25"},{"lineNumber":2,"author":{"gitId":"TamKengHong"},"content":"","lastModifiedDate":"2023-01-25"},{"lineNumber":3,"author":{"gitId":"TamKengHong"},"content":"public class DukeException extends RuntimeException {","lastModifiedDate":"2023-01-17"},{"lineNumber":4,"author":{"gitId":"TamKengHong"},"content":"    public DukeException(String message) {","lastModifiedDate":"2023-01-17"},{"lineNumber":5,"author":{"gitId":"TamKengHong"},"content":"        super(message);","lastModifiedDate":"2023-01-17"},{"lineNumber":6,"author":{"gitId":"TamKengHong"},"content":"    }","lastModifiedDate":"2023-01-17"},{"lineNumber":7,"author":{"gitId":"TamKengHong"},"content":"}","lastModifiedDate":"2023-01-17"}],"authorContributionMap":{"TamKengHong":7}},{"path":"src/main/java/duke/exception/EmptyTaskException.java","fileType":"java","lines":[{"lineNumber":1,"author":{"gitId":"TamKengHong"},"content":"package duke.exception;","lastModifiedDate":"2023-01-25"},{"lineNumber":2,"author":{"gitId":"TamKengHong"},"content":"","lastModifiedDate":"2023-01-25"},{"lineNumber":3,"author":{"gitId":"TamKengHong"},"content":"public class EmptyTaskException extends DukeException {","lastModifiedDate":"2023-01-23"},{"lineNumber":4,"author":{"gitId":"TamKengHong"},"content":"    public EmptyTaskException(String message) {","lastModifiedDate":"2023-01-23"},{"lineNumber":5,"author":{"gitId":"TamKengHong"},"content":"        super(message);","lastModifiedDate":"2023-01-23"},{"lineNumber":6,"author":{"gitId":"TamKengHong"},"content":"    }","lastModifiedDate":"2023-01-23"},{"lineNumber":7,"author":{"gitId":"TamKengHong"},"content":"}","lastModifiedDate":"2023-01-23"}],"authorContributionMap":{"TamKengHong":7}},{"path":"src/main/java/duke/exception/InvalidCommandException.java","fileType":"java","lines":[{"lineNumber":1,"author":{"gitId":"TamKengHong"},"content":"package duke.exception;","lastModifiedDate":"2023-01-25"},{"lineNumber":2,"author":{"gitId":"TamKengHong"},"content":"","lastModifiedDate":"2023-01-25"},{"lineNumber":3,"author":{"gitId":"TamKengHong"},"content":"public class InvalidCommandException extends DukeException {","lastModifiedDate":"2023-01-23"},{"lineNumber":4,"author":{"gitId":"TamKengHong"},"content":"    public InvalidCommandException(String message) {","lastModifiedDate":"2023-01-23"},{"lineNumber":5,"author":{"gitId":"TamKengHong"},"content":"        super(message);","lastModifiedDate":"2023-01-23"},{"lineNumber":6,"author":{"gitId":"TamKengHong"},"content":"    }","lastModifiedDate":"2023-01-23"},{"lineNumber":7,"author":{"gitId":"TamKengHong"},"content":"}","lastModifiedDate":"2023-01-23"}],"authorContributionMap":{"TamKengHong":7}},{"path":"src/main/java/duke/helper/Parser.java","fileType":"java","lines":[{"lineNumber":1,"author":{"gitId":"TamKengHong"},"content":"package duke.helper;","lastModifiedDate":"2023-01-25"},{"lineNumber":2,"author":{"gitId":"TamKengHong"},"content":"","lastModifiedDate":"2023-01-25"},{"lineNumber":3,"author":{"gitId":"TamKengHong"},"content":"import duke.exception.EmptyTaskException;","lastModifiedDate":"2023-01-25"},{"lineNumber":4,"author":{"gitId":"TamKengHong"},"content":"import duke.exception.InvalidCommandException;","lastModifiedDate":"2023-01-25"},{"lineNumber":5,"author":{"gitId":"TamKengHong"},"content":"import duke.task.Deadline;","lastModifiedDate":"2023-01-25"},{"lineNumber":6,"author":{"gitId":"TamKengHong"},"content":"import duke.task.Event;","lastModifiedDate":"2023-01-25"},{"lineNumber":7,"author":{"gitId":"TamKengHong"},"content":"import duke.task.Task;","lastModifiedDate":"2023-01-25"},{"lineNumber":8,"author":{"gitId":"TamKengHong"},"content":"import duke.task.ToDo;","lastModifiedDate":"2023-01-25"},{"lineNumber":9,"author":{"gitId":"TamKengHong"},"content":"","lastModifiedDate":"2023-01-25"},{"lineNumber":10,"author":{"gitId":"TamKengHong"},"content":"public class Parser {","lastModifiedDate":"2023-01-23"},{"lineNumber":11,"author":{"gitId":"TamKengHong"},"content":"    /**","lastModifiedDate":"2023-01-25"},{"lineNumber":12,"author":{"gitId":"TamKengHong"},"content":"     * Validates the task input, checks for empty tasks. If task is empty, throws EmptyTaskException.","lastModifiedDate":"2023-01-25"},{"lineNumber":13,"author":{"gitId":"TamKengHong"},"content":"     *","lastModifiedDate":"2023-01-25"},{"lineNumber":14,"author":{"gitId":"TamKengHong"},"content":"     * @param input the user input.","lastModifiedDate":"2023-01-25"},{"lineNumber":15,"author":{"gitId":"TamKengHong"},"content":"     * @throws EmptyTaskException","lastModifiedDate":"2023-01-25"},{"lineNumber":16,"author":{"gitId":"TamKengHong"},"content":"     */","lastModifiedDate":"2023-01-25"},{"lineNumber":17,"author":{"gitId":"TamKengHong"},"content":"    public void validateTaskInput(String input) throws EmptyTaskException {","lastModifiedDate":"2023-01-23"},{"lineNumber":18,"author":{"gitId":"TamKengHong"},"content":"        String s \u003d input.strip();","lastModifiedDate":"2023-01-23"},{"lineNumber":19,"author":{"gitId":"TamKengHong"},"content":"        if (s.equals(\"todo\") || s.equals(\"deadline\") || s.equals(\"event\")) {","lastModifiedDate":"2023-01-23"},{"lineNumber":20,"author":{"gitId":"TamKengHong"},"content":"            throw new EmptyTaskException(\"Task \" + s + \" cannot be empty nya!\\n\");","lastModifiedDate":"2023-01-25"},{"lineNumber":21,"author":{"gitId":"TamKengHong"},"content":"        }","lastModifiedDate":"2023-01-23"},{"lineNumber":22,"author":{"gitId":"TamKengHong"},"content":"    }","lastModifiedDate":"2023-01-23"},{"lineNumber":23,"author":{"gitId":"TamKengHong"},"content":"","lastModifiedDate":"2023-01-23"},{"lineNumber":24,"author":{"gitId":"TamKengHong"},"content":"    /**","lastModifiedDate":"2023-01-25"},{"lineNumber":25,"author":{"gitId":"TamKengHong"},"content":"     * Creates an appropriate task from the user input. Tasks created can be ToDo, Deadline or Event.","lastModifiedDate":"2023-01-25"},{"lineNumber":26,"author":{"gitId":"TamKengHong"},"content":"     *","lastModifiedDate":"2023-01-25"},{"lineNumber":27,"author":{"gitId":"TamKengHong"},"content":"     * @param input the user input.","lastModifiedDate":"2023-01-25"},{"lineNumber":28,"author":{"gitId":"TamKengHong"},"content":"     * @return Task the resultant task formed.","lastModifiedDate":"2023-01-25"},{"lineNumber":29,"author":{"gitId":"TamKengHong"},"content":"     */","lastModifiedDate":"2023-01-25"},{"lineNumber":30,"author":{"gitId":"TamKengHong"},"content":"    public Task makeTaskFromInput(String input) {","lastModifiedDate":"2023-01-23"},{"lineNumber":31,"author":{"gitId":"TamKengHong"},"content":"        validateTaskInput(input);","lastModifiedDate":"2023-01-25"},{"lineNumber":32,"author":{"gitId":"TamKengHong"},"content":"        String rest \u003d input.substring(input.indexOf(\" \") + 1);","lastModifiedDate":"2023-01-23"},{"lineNumber":33,"author":{"gitId":"TamKengHong"},"content":"        switch (input.split(\" \")[0]) {","lastModifiedDate":"2023-01-23"},{"lineNumber":34,"author":{"gitId":"TamKengHong"},"content":"        case \"todo\":","lastModifiedDate":"2023-01-23"},{"lineNumber":35,"author":{"gitId":"TamKengHong"},"content":"            return new ToDo(rest);","lastModifiedDate":"2023-01-23"},{"lineNumber":36,"author":{"gitId":"TamKengHong"},"content":"        case \"deadline\":","lastModifiedDate":"2023-01-23"},{"lineNumber":37,"author":{"gitId":"TamKengHong"},"content":"            String[] words \u003d rest.split(\"/by\");","lastModifiedDate":"2023-01-23"},{"lineNumber":38,"author":{"gitId":"TamKengHong"},"content":"            return new Deadline(words[0].strip(), words[1].strip());","lastModifiedDate":"2023-01-23"},{"lineNumber":39,"author":{"gitId":"TamKengHong"},"content":"        default:","lastModifiedDate":"2023-01-23"},{"lineNumber":40,"author":{"gitId":"TamKengHong"},"content":"            String description \u003d rest.split(\"/from\")[0].strip();","lastModifiedDate":"2023-01-23"},{"lineNumber":41,"author":{"gitId":"TamKengHong"},"content":"            String start \u003d rest.split(\"/from\")[1].split(\"/to\")[0].strip();","lastModifiedDate":"2023-01-23"},{"lineNumber":42,"author":{"gitId":"TamKengHong"},"content":"            String end \u003d rest.split(\"/to\")[1].strip();","lastModifiedDate":"2023-01-23"},{"lineNumber":43,"author":{"gitId":"TamKengHong"},"content":"            return new Event(description, start, end);","lastModifiedDate":"2023-01-23"},{"lineNumber":44,"author":{"gitId":"TamKengHong"},"content":"        }","lastModifiedDate":"2023-01-23"},{"lineNumber":45,"author":{"gitId":"TamKengHong"},"content":"    }","lastModifiedDate":"2023-01-23"},{"lineNumber":46,"author":{"gitId":"TamKengHong"},"content":"","lastModifiedDate":"2023-01-23"},{"lineNumber":47,"author":{"gitId":"TamKengHong"},"content":"    /**","lastModifiedDate":"2023-01-25"},{"lineNumber":48,"author":{"gitId":"TamKengHong"},"content":"     * dispatches the commands based off the user input.","lastModifiedDate":"2023-01-25"},{"lineNumber":49,"author":{"gitId":"TamKengHong"},"content":"     *","lastModifiedDate":"2023-01-25"},{"lineNumber":50,"author":{"gitId":"TamKengHong"},"content":"     * @param command","lastModifiedDate":"2023-01-25"},{"lineNumber":51,"author":{"gitId":"TamKengHong"},"content":"     * @param ui","lastModifiedDate":"2023-01-25"},{"lineNumber":52,"author":{"gitId":"TamKengHong"},"content":"     * @param taskList","lastModifiedDate":"2023-01-25"},{"lineNumber":53,"author":{"gitId":"TamKengHong"},"content":"     * @throws InvalidCommandException","lastModifiedDate":"2023-01-25"},{"lineNumber":54,"author":{"gitId":"TamKengHong"},"content":"     */","lastModifiedDate":"2023-01-25"},{"lineNumber":55,"author":{"gitId":"TamKengHong"},"content":"    public void dispatch(String command, Ui ui, TaskList taskList) throws InvalidCommandException {","lastModifiedDate":"2023-01-23"},{"lineNumber":56,"author":{"gitId":"TamKengHong"},"content":"        switch (command.split(\" \")[0]) {","lastModifiedDate":"2023-01-23"},{"lineNumber":57,"author":{"gitId":"TamKengHong"},"content":"        case \"list\":","lastModifiedDate":"2023-01-23"},{"lineNumber":58,"author":{"gitId":"TamKengHong"},"content":"            ui.print(taskList.listTasks());","lastModifiedDate":"2023-01-23"},{"lineNumber":59,"author":{"gitId":"TamKengHong"},"content":"            break;","lastModifiedDate":"2023-01-23"},{"lineNumber":60,"author":{"gitId":"TamKengHong"},"content":"        case \"mark\":","lastModifiedDate":"2023-01-23"},{"lineNumber":61,"author":{"gitId":"TamKengHong"},"content":"            ui.print(taskList.markTask(Integer.parseInt(command.split(\" \")[1])));","lastModifiedDate":"2023-01-23"},{"lineNumber":62,"author":{"gitId":"TamKengHong"},"content":"            break;","lastModifiedDate":"2023-01-23"},{"lineNumber":63,"author":{"gitId":"TamKengHong"},"content":"        case \"unmark\":","lastModifiedDate":"2023-01-23"},{"lineNumber":64,"author":{"gitId":"TamKengHong"},"content":"            ui.print(taskList.unmarkTask(Integer.parseInt(command.split(\" \")[1])));","lastModifiedDate":"2023-01-23"},{"lineNumber":65,"author":{"gitId":"TamKengHong"},"content":"            break;","lastModifiedDate":"2023-01-23"},{"lineNumber":66,"author":{"gitId":"TamKengHong"},"content":"        case \"delete\":","lastModifiedDate":"2023-01-23"},{"lineNumber":67,"author":{"gitId":"TamKengHong"},"content":"            ui.print(taskList.deleteTask(Integer.parseInt(command.split(\" \")[1])));","lastModifiedDate":"2023-01-23"},{"lineNumber":68,"author":{"gitId":"TamKengHong"},"content":"            break;","lastModifiedDate":"2023-01-23"},{"lineNumber":69,"author":{"gitId":"TamKengHong"},"content":"        case \"todo\":","lastModifiedDate":"2023-01-23"},{"lineNumber":70,"author":{"gitId":"TamKengHong"},"content":"        case \"deadline\":","lastModifiedDate":"2023-01-23"},{"lineNumber":71,"author":{"gitId":"TamKengHong"},"content":"        case \"event\":","lastModifiedDate":"2023-01-23"},{"lineNumber":72,"author":{"gitId":"TamKengHong"},"content":"            ui.print(taskList.addTask(makeTaskFromInput(command)));","lastModifiedDate":"2023-01-23"},{"lineNumber":73,"author":{"gitId":"TamKengHong"},"content":"            break;","lastModifiedDate":"2023-01-23"},{"lineNumber":74,"author":{"gitId":"TamKengHong"},"content":"        case \"find\":","lastModifiedDate":"2023-01-25"},{"lineNumber":75,"author":{"gitId":"TamKengHong"},"content":"            ui.print(taskList.findTask(command.split(\" \")[1]));","lastModifiedDate":"2023-01-25"},{"lineNumber":76,"author":{"gitId":"TamKengHong"},"content":"            break;","lastModifiedDate":"2023-01-25"},{"lineNumber":77,"author":{"gitId":"TamKengHong"},"content":"        default:","lastModifiedDate":"2023-01-23"},{"lineNumber":78,"author":{"gitId":"TamKengHong"},"content":"            throw new InvalidCommandException(\"Invalid command nya!\\n\"","lastModifiedDate":"2023-01-23"},{"lineNumber":79,"author":{"gitId":"TamKengHong"},"content":"                    + \" Do it again and I will scratch you!\\n\");","lastModifiedDate":"2023-01-23"},{"lineNumber":80,"author":{"gitId":"TamKengHong"},"content":"        }","lastModifiedDate":"2023-01-23"},{"lineNumber":81,"author":{"gitId":"TamKengHong"},"content":"    }","lastModifiedDate":"2023-01-23"},{"lineNumber":82,"author":{"gitId":"TamKengHong"},"content":"}","lastModifiedDate":"2023-01-23"}],"authorContributionMap":{"TamKengHong":82}},{"path":"src/main/java/duke/helper/Storage.java","fileType":"java","lines":[{"lineNumber":1,"author":{"gitId":"TamKengHong"},"content":"package duke.helper;","lastModifiedDate":"2023-01-25"},{"lineNumber":2,"author":{"gitId":"TamKengHong"},"content":"","lastModifiedDate":"2023-01-25"},{"lineNumber":3,"author":{"gitId":"TamKengHong"},"content":"import duke.task.Deadline;","lastModifiedDate":"2023-01-25"},{"lineNumber":4,"author":{"gitId":"TamKengHong"},"content":"import duke.task.Event;","lastModifiedDate":"2023-01-25"},{"lineNumber":5,"author":{"gitId":"TamKengHong"},"content":"import duke.task.Task;","lastModifiedDate":"2023-01-25"},{"lineNumber":6,"author":{"gitId":"TamKengHong"},"content":"import duke.task.ToDo;","lastModifiedDate":"2023-01-25"},{"lineNumber":7,"author":{"gitId":"TamKengHong"},"content":"","lastModifiedDate":"2023-01-25"},{"lineNumber":8,"author":{"gitId":"TamKengHong"},"content":"import java.io.File;","lastModifiedDate":"2023-01-23"},{"lineNumber":9,"author":{"gitId":"TamKengHong"},"content":"import java.io.FileNotFoundException;","lastModifiedDate":"2023-01-23"},{"lineNumber":10,"author":{"gitId":"TamKengHong"},"content":"import java.io.FileWriter;","lastModifiedDate":"2023-01-23"},{"lineNumber":11,"author":{"gitId":"TamKengHong"},"content":"import java.io.IOException;","lastModifiedDate":"2023-01-23"},{"lineNumber":12,"author":{"gitId":"TamKengHong"},"content":"import java.util.Scanner;","lastModifiedDate":"2023-01-23"},{"lineNumber":13,"author":{"gitId":"TamKengHong"},"content":"","lastModifiedDate":"2023-01-23"},{"lineNumber":14,"author":{"gitId":"TamKengHong"},"content":"public class Storage {","lastModifiedDate":"2023-01-23"},{"lineNumber":15,"author":{"gitId":"TamKengHong"},"content":"    private File f;","lastModifiedDate":"2023-01-23"},{"lineNumber":16,"author":{"gitId":"TamKengHong"},"content":"","lastModifiedDate":"2023-01-23"},{"lineNumber":17,"author":{"gitId":"TamKengHong"},"content":"    public Storage(TaskList tl) throws IOException {","lastModifiedDate":"2023-01-23"},{"lineNumber":18,"author":{"gitId":"TamKengHong"},"content":"        File dir \u003d new File(\"data\");","lastModifiedDate":"2023-01-23"},{"lineNumber":19,"author":{"gitId":"TamKengHong"},"content":"        if (!dir.exists()) {","lastModifiedDate":"2023-01-23"},{"lineNumber":20,"author":{"gitId":"TamKengHong"},"content":"            dir.mkdir();","lastModifiedDate":"2023-01-23"},{"lineNumber":21,"author":{"gitId":"TamKengHong"},"content":"        }","lastModifiedDate":"2023-01-23"},{"lineNumber":22,"author":{"gitId":"TamKengHong"},"content":"        File f \u003d new File(\"data/taskData.txt\");","lastModifiedDate":"2023-01-23"},{"lineNumber":23,"author":{"gitId":"TamKengHong"},"content":"        if (!f.exists()) {","lastModifiedDate":"2023-01-23"},{"lineNumber":24,"author":{"gitId":"TamKengHong"},"content":"            f.createNewFile();","lastModifiedDate":"2023-01-23"},{"lineNumber":25,"author":{"gitId":"TamKengHong"},"content":"        }","lastModifiedDate":"2023-01-23"},{"lineNumber":26,"author":{"gitId":"TamKengHong"},"content":"        this.f \u003d f;","lastModifiedDate":"2023-01-23"},{"lineNumber":27,"author":{"gitId":"TamKengHong"},"content":"        loadTasks(tl, f);","lastModifiedDate":"2023-01-23"},{"lineNumber":28,"author":{"gitId":"TamKengHong"},"content":"    }","lastModifiedDate":"2023-01-23"},{"lineNumber":29,"author":{"gitId":"TamKengHong"},"content":"","lastModifiedDate":"2023-01-23"},{"lineNumber":30,"author":{"gitId":"TamKengHong"},"content":"    /**","lastModifiedDate":"2023-01-25"},{"lineNumber":31,"author":{"gitId":"TamKengHong"},"content":"     * Loads the tasks from an existing file.","lastModifiedDate":"2023-01-25"},{"lineNumber":32,"author":{"gitId":"TamKengHong"},"content":"     *","lastModifiedDate":"2023-01-25"},{"lineNumber":33,"author":{"gitId":"TamKengHong"},"content":"     * @param tl, the Tasklist.","lastModifiedDate":"2023-01-25"},{"lineNumber":34,"author":{"gitId":"TamKengHong"},"content":"     * @param f,  the File.","lastModifiedDate":"2023-01-25"},{"lineNumber":35,"author":{"gitId":"TamKengHong"},"content":"     * @throws FileNotFoundException","lastModifiedDate":"2023-01-25"},{"lineNumber":36,"author":{"gitId":"TamKengHong"},"content":"     */","lastModifiedDate":"2023-01-25"},{"lineNumber":37,"author":{"gitId":"TamKengHong"},"content":"    public void loadTasks(TaskList tl, File f) throws FileNotFoundException {","lastModifiedDate":"2023-01-23"},{"lineNumber":38,"author":{"gitId":"TamKengHong"},"content":"        Scanner sc \u003d new Scanner(f);","lastModifiedDate":"2023-01-23"},{"lineNumber":39,"author":{"gitId":"TamKengHong"},"content":"        while (sc.hasNext()) {","lastModifiedDate":"2023-01-23"},{"lineNumber":40,"author":{"gitId":"TamKengHong"},"content":"            tl.addTask(makeTask(sc.nextLine()));","lastModifiedDate":"2023-01-23"},{"lineNumber":41,"author":{"gitId":"TamKengHong"},"content":"        }","lastModifiedDate":"2023-01-23"},{"lineNumber":42,"author":{"gitId":"TamKengHong"},"content":"        sc.close();","lastModifiedDate":"2023-01-23"},{"lineNumber":43,"author":{"gitId":"TamKengHong"},"content":"    }","lastModifiedDate":"2023-01-23"},{"lineNumber":44,"author":{"gitId":"TamKengHong"},"content":"","lastModifiedDate":"2023-01-23"},{"lineNumber":45,"author":{"gitId":"TamKengHong"},"content":"    /**","lastModifiedDate":"2023-01-25"},{"lineNumber":46,"author":{"gitId":"TamKengHong"},"content":"     * Helper method of loadTasks, to create tasks from file input.","lastModifiedDate":"2023-01-25"},{"lineNumber":47,"author":{"gitId":"TamKengHong"},"content":"     *","lastModifiedDate":"2023-01-25"},{"lineNumber":48,"author":{"gitId":"TamKengHong"},"content":"     * @param input, the string user input.","lastModifiedDate":"2023-01-25"},{"lineNumber":49,"author":{"gitId":"TamKengHong"},"content":"     * @return the created task.","lastModifiedDate":"2023-01-25"},{"lineNumber":50,"author":{"gitId":"TamKengHong"},"content":"     */","lastModifiedDate":"2023-01-25"},{"lineNumber":51,"author":{"gitId":"TamKengHong"},"content":"    public Task makeTask(String input) {","lastModifiedDate":"2023-01-23"},{"lineNumber":52,"author":{"gitId":"TamKengHong"},"content":"        String[] words \u003d input.split(\"\\\\|\");","lastModifiedDate":"2023-01-25"},{"lineNumber":53,"author":{"gitId":"TamKengHong"},"content":"        switch (words[0]) {","lastModifiedDate":"2023-01-23"},{"lineNumber":54,"author":{"gitId":"TamKengHong"},"content":"        case \"T\":","lastModifiedDate":"2023-01-23"},{"lineNumber":55,"author":{"gitId":"TamKengHong"},"content":"            return new ToDo(words[2]);","lastModifiedDate":"2023-01-25"},{"lineNumber":56,"author":{"gitId":"TamKengHong"},"content":"        case \"D\":","lastModifiedDate":"2023-01-23"},{"lineNumber":57,"author":{"gitId":"TamKengHong"},"content":"            return new Deadline(words[2], words[3]);","lastModifiedDate":"2023-01-25"},{"lineNumber":58,"author":{"gitId":"TamKengHong"},"content":"        default:","lastModifiedDate":"2023-01-23"},{"lineNumber":59,"author":{"gitId":"TamKengHong"},"content":"            return new Event(words[2], words[3], words[4]);","lastModifiedDate":"2023-01-25"},{"lineNumber":60,"author":{"gitId":"TamKengHong"},"content":"        }","lastModifiedDate":"2023-01-23"},{"lineNumber":61,"author":{"gitId":"TamKengHong"},"content":"    }","lastModifiedDate":"2023-01-23"},{"lineNumber":62,"author":{"gitId":"TamKengHong"},"content":"","lastModifiedDate":"2023-01-23"},{"lineNumber":63,"author":{"gitId":"TamKengHong"},"content":"    public void saveTasks(TaskList tl) throws IOException {","lastModifiedDate":"2023-01-23"},{"lineNumber":64,"author":{"gitId":"TamKengHong"},"content":"        FileWriter fw \u003d new FileWriter(f);","lastModifiedDate":"2023-01-23"},{"lineNumber":65,"author":{"gitId":"TamKengHong"},"content":"        for (Task t : tl.getTasks()) {","lastModifiedDate":"2023-01-23"},{"lineNumber":66,"author":{"gitId":"TamKengHong"},"content":"            fw.write(t.fileOutput() + \"\\n\");","lastModifiedDate":"2023-01-23"},{"lineNumber":67,"author":{"gitId":"TamKengHong"},"content":"        }","lastModifiedDate":"2023-01-23"},{"lineNumber":68,"author":{"gitId":"TamKengHong"},"content":"        fw.close();","lastModifiedDate":"2023-01-23"},{"lineNumber":69,"author":{"gitId":"TamKengHong"},"content":"    }","lastModifiedDate":"2023-01-23"},{"lineNumber":70,"author":{"gitId":"TamKengHong"},"content":"}","lastModifiedDate":"2023-01-23"}],"authorContributionMap":{"TamKengHong":70}},{"path":"src/main/java/duke/helper/TaskList.java","fileType":"java","lines":[{"lineNumber":1,"author":{"gitId":"TamKengHong"},"content":"package duke.helper;","lastModifiedDate":"2023-01-25"},{"lineNumber":2,"author":{"gitId":"TamKengHong"},"content":"","lastModifiedDate":"2023-01-25"},{"lineNumber":3,"author":{"gitId":"TamKengHong"},"content":"import duke.task.Task;","lastModifiedDate":"2023-01-25"},{"lineNumber":4,"author":{"gitId":"TamKengHong"},"content":"","lastModifiedDate":"2023-01-25"},{"lineNumber":5,"author":{"gitId":"TamKengHong"},"content":"import java.util.ArrayList;","lastModifiedDate":"2023-01-23"},{"lineNumber":6,"author":{"gitId":"TamKengHong"},"content":"","lastModifiedDate":"2023-01-23"},{"lineNumber":7,"author":{"gitId":"TamKengHong"},"content":"public class TaskList {","lastModifiedDate":"2023-01-23"},{"lineNumber":8,"author":{"gitId":"TamKengHong"},"content":"    private ArrayList\u003cTask\u003e tasks \u003d new ArrayList\u003c\u003e();","lastModifiedDate":"2023-01-23"},{"lineNumber":9,"author":{"gitId":"TamKengHong"},"content":"","lastModifiedDate":"2023-01-23"},{"lineNumber":10,"author":{"gitId":"TamKengHong"},"content":"    public ArrayList\u003cTask\u003e getTasks() {","lastModifiedDate":"2023-01-23"},{"lineNumber":11,"author":{"gitId":"TamKengHong"},"content":"        return tasks;","lastModifiedDate":"2023-01-23"},{"lineNumber":12,"author":{"gitId":"TamKengHong"},"content":"    }","lastModifiedDate":"2023-01-23"},{"lineNumber":13,"author":{"gitId":"TamKengHong"},"content":"","lastModifiedDate":"2023-01-23"},{"lineNumber":14,"author":{"gitId":"TamKengHong"},"content":"    /**","lastModifiedDate":"2023-01-25"},{"lineNumber":15,"author":{"gitId":"TamKengHong"},"content":"     * Adds a task to the tasklist.","lastModifiedDate":"2023-01-25"},{"lineNumber":16,"author":{"gitId":"TamKengHong"},"content":"     *","lastModifiedDate":"2023-01-25"},{"lineNumber":17,"author":{"gitId":"TamKengHong"},"content":"     * @param currTask the task to be added.","lastModifiedDate":"2023-01-25"},{"lineNumber":18,"author":{"gitId":"TamKengHong"},"content":"     * @return The string to be printed","lastModifiedDate":"2023-01-25"},{"lineNumber":19,"author":{"gitId":"TamKengHong"},"content":"     */","lastModifiedDate":"2023-01-25"},{"lineNumber":20,"author":{"gitId":"TamKengHong"},"content":"    public String addTask(Task currTask) {","lastModifiedDate":"2023-01-23"},{"lineNumber":21,"author":{"gitId":"TamKengHong"},"content":"        tasks.add(currTask);","lastModifiedDate":"2023-01-23"},{"lineNumber":22,"author":{"gitId":"TamKengHong"},"content":"        return String.format(\"Added task nya!\\n  %s\\n\"","lastModifiedDate":"2023-01-23"},{"lineNumber":23,"author":{"gitId":"TamKengHong"},"content":"                + \" Nyow you have %d tasks in the list nya!\\n\", currTask, tasks.size());","lastModifiedDate":"2023-01-23"},{"lineNumber":24,"author":{"gitId":"TamKengHong"},"content":"    }","lastModifiedDate":"2023-01-23"},{"lineNumber":25,"author":{"gitId":"TamKengHong"},"content":"","lastModifiedDate":"2023-01-23"},{"lineNumber":26,"author":{"gitId":"TamKengHong"},"content":"    /**","lastModifiedDate":"2023-01-25"},{"lineNumber":27,"author":{"gitId":"TamKengHong"},"content":"     * Deletes a task from the tasklist.","lastModifiedDate":"2023-01-25"},{"lineNumber":28,"author":{"gitId":"TamKengHong"},"content":"     *","lastModifiedDate":"2023-01-25"},{"lineNumber":29,"author":{"gitId":"TamKengHong"},"content":"     * @param id, the index of task in the tasklist to delete.","lastModifiedDate":"2023-01-25"},{"lineNumber":30,"author":{"gitId":"TamKengHong"},"content":"     * @return The string to be printed.","lastModifiedDate":"2023-01-25"},{"lineNumber":31,"author":{"gitId":"TamKengHong"},"content":"     */","lastModifiedDate":"2023-01-25"},{"lineNumber":32,"author":{"gitId":"TamKengHong"},"content":"    public String deleteTask(int id) {","lastModifiedDate":"2023-01-23"},{"lineNumber":33,"author":{"gitId":"TamKengHong"},"content":"        return String.format(\"Removed task nya!\\n  %s\\n\" +","lastModifiedDate":"2023-01-23"},{"lineNumber":34,"author":{"gitId":"TamKengHong"},"content":"                        \" Nyow you have %d tasks in the list nya!\\n\",","lastModifiedDate":"2023-01-23"},{"lineNumber":35,"author":{"gitId":"TamKengHong"},"content":"                tasks.remove(id - 1), tasks.size());","lastModifiedDate":"2023-01-23"},{"lineNumber":36,"author":{"gitId":"TamKengHong"},"content":"","lastModifiedDate":"2023-01-23"},{"lineNumber":37,"author":{"gitId":"TamKengHong"},"content":"    }","lastModifiedDate":"2023-01-23"},{"lineNumber":38,"author":{"gitId":"TamKengHong"},"content":"","lastModifiedDate":"2023-01-23"},{"lineNumber":39,"author":{"gitId":"TamKengHong"},"content":"    /**","lastModifiedDate":"2023-01-25"},{"lineNumber":40,"author":{"gitId":"TamKengHong"},"content":"     * Marks a task from the tasklist.","lastModifiedDate":"2023-01-25"},{"lineNumber":41,"author":{"gitId":"TamKengHong"},"content":"     *","lastModifiedDate":"2023-01-25"},{"lineNumber":42,"author":{"gitId":"TamKengHong"},"content":"     * @param id, the index of task in the tasklist to mark.","lastModifiedDate":"2023-01-25"},{"lineNumber":43,"author":{"gitId":"TamKengHong"},"content":"     * @return The string to be printed.","lastModifiedDate":"2023-01-25"},{"lineNumber":44,"author":{"gitId":"TamKengHong"},"content":"     */","lastModifiedDate":"2023-01-25"},{"lineNumber":45,"author":{"gitId":"TamKengHong"},"content":"    public String markTask(int id) {","lastModifiedDate":"2023-01-23"},{"lineNumber":46,"author":{"gitId":"TamKengHong"},"content":"        Task currTask \u003d tasks.get(id - 1);","lastModifiedDate":"2023-01-23"},{"lineNumber":47,"author":{"gitId":"TamKengHong"},"content":"        currTask.setDone();","lastModifiedDate":"2023-01-23"},{"lineNumber":48,"author":{"gitId":"TamKengHong"},"content":"        return String.format(\"Good job for doing your task nya!\\n  %s\\n\", currTask);","lastModifiedDate":"2023-01-23"},{"lineNumber":49,"author":{"gitId":"TamKengHong"},"content":"    }","lastModifiedDate":"2023-01-23"},{"lineNumber":50,"author":{"gitId":"TamKengHong"},"content":"","lastModifiedDate":"2023-01-23"},{"lineNumber":51,"author":{"gitId":"TamKengHong"},"content":"    public String unmarkTask(int id) {","lastModifiedDate":"2023-01-23"},{"lineNumber":52,"author":{"gitId":"TamKengHong"},"content":"        Task currTask \u003d tasks.get(id - 1);","lastModifiedDate":"2023-01-23"},{"lineNumber":53,"author":{"gitId":"TamKengHong"},"content":"        currTask.setUndone();","lastModifiedDate":"2023-01-23"},{"lineNumber":54,"author":{"gitId":"TamKengHong"},"content":"        return String.format(\"Set your task to undone nya!\\n  %s\\n\", currTask);","lastModifiedDate":"2023-01-23"},{"lineNumber":55,"author":{"gitId":"TamKengHong"},"content":"    }","lastModifiedDate":"2023-01-23"},{"lineNumber":56,"author":{"gitId":"TamKengHong"},"content":"","lastModifiedDate":"2023-01-23"},{"lineNumber":57,"author":{"gitId":"TamKengHong"},"content":"    public String listTasks() {","lastModifiedDate":"2023-01-23"},{"lineNumber":58,"author":{"gitId":"TamKengHong"},"content":"        String output \u003d \"\";","lastModifiedDate":"2023-01-23"},{"lineNumber":59,"author":{"gitId":"TamKengHong"},"content":"        for (int i \u003d 0; i \u003c tasks.size(); i++) {","lastModifiedDate":"2023-01-23"},{"lineNumber":60,"author":{"gitId":"TamKengHong"},"content":"            output +\u003d \" \" + (i + 1) + \". \" + tasks.get(i) + \"\\n\";","lastModifiedDate":"2023-01-23"},{"lineNumber":61,"author":{"gitId":"TamKengHong"},"content":"        }","lastModifiedDate":"2023-01-23"},{"lineNumber":62,"author":{"gitId":"TamKengHong"},"content":"        return \"Here are your tasks nya!\\n\" + output;","lastModifiedDate":"2023-01-23"},{"lineNumber":63,"author":{"gitId":"TamKengHong"},"content":"    }","lastModifiedDate":"2023-01-23"},{"lineNumber":64,"author":{"gitId":"TamKengHong"},"content":"","lastModifiedDate":"2023-01-25"},{"lineNumber":65,"author":{"gitId":"TamKengHong"},"content":"    public String findTask(String input) {","lastModifiedDate":"2023-01-25"},{"lineNumber":66,"author":{"gitId":"TamKengHong"},"content":"        String output \u003d \"\";","lastModifiedDate":"2023-01-25"},{"lineNumber":67,"author":{"gitId":"TamKengHong"},"content":"        int count \u003d 0;","lastModifiedDate":"2023-01-25"},{"lineNumber":68,"author":{"gitId":"TamKengHong"},"content":"        for (int i \u003d 0; i \u003c tasks.size(); i++) {","lastModifiedDate":"2023-01-25"},{"lineNumber":69,"author":{"gitId":"TamKengHong"},"content":"            if (tasks.get(i).toString().contains(input)) {","lastModifiedDate":"2023-01-25"},{"lineNumber":70,"author":{"gitId":"TamKengHong"},"content":"                output +\u003d \" \" + (count + 1) + \". \" + tasks.get(i) + \"\\n\";","lastModifiedDate":"2023-01-25"},{"lineNumber":71,"author":{"gitId":"TamKengHong"},"content":"                count++;","lastModifiedDate":"2023-01-25"},{"lineNumber":72,"author":{"gitId":"TamKengHong"},"content":"            }","lastModifiedDate":"2023-01-25"},{"lineNumber":73,"author":{"gitId":"TamKengHong"},"content":"        }","lastModifiedDate":"2023-01-25"},{"lineNumber":74,"author":{"gitId":"TamKengHong"},"content":"        return \"Here are your matched tasks nya!\\n\" + output;","lastModifiedDate":"2023-01-25"},{"lineNumber":75,"author":{"gitId":"TamKengHong"},"content":"    }","lastModifiedDate":"2023-01-25"},{"lineNumber":76,"author":{"gitId":"TamKengHong"},"content":"}","lastModifiedDate":"2023-01-23"}],"authorContributionMap":{"TamKengHong":76}},{"path":"src/main/java/duke/helper/Ui.java","fileType":"java","lines":[{"lineNumber":1,"author":{"gitId":"TamKengHong"},"content":"package duke.helper;","lastModifiedDate":"2023-01-25"},{"lineNumber":2,"author":{"gitId":"TamKengHong"},"content":"","lastModifiedDate":"2023-01-25"},{"lineNumber":3,"author":{"gitId":"TamKengHong"},"content":"import java.util.Scanner;","lastModifiedDate":"2023-01-23"},{"lineNumber":4,"author":{"gitId":"TamKengHong"},"content":"","lastModifiedDate":"2023-01-23"},{"lineNumber":5,"author":{"gitId":"TamKengHong"},"content":"public class Ui {","lastModifiedDate":"2023-01-23"},{"lineNumber":6,"author":{"gitId":"TamKengHong"},"content":"    Scanner sc \u003d new Scanner(System.in);","lastModifiedDate":"2023-01-23"},{"lineNumber":7,"author":{"gitId":"TamKengHong"},"content":"","lastModifiedDate":"2023-01-23"},{"lineNumber":8,"author":{"gitId":"TamKengHong"},"content":"    public String readLine() {","lastModifiedDate":"2023-01-23"},{"lineNumber":9,"author":{"gitId":"TamKengHong"},"content":"        return sc.nextLine();","lastModifiedDate":"2023-01-23"},{"lineNumber":10,"author":{"gitId":"TamKengHong"},"content":"    }","lastModifiedDate":"2023-01-23"},{"lineNumber":11,"author":{"gitId":"TamKengHong"},"content":"","lastModifiedDate":"2023-01-23"},{"lineNumber":12,"author":{"gitId":"TamKengHong"},"content":"    /**","lastModifiedDate":"2023-01-25"},{"lineNumber":13,"author":{"gitId":"TamKengHong"},"content":"     * helper method to print proper indentation.","lastModifiedDate":"2023-01-25"},{"lineNumber":14,"author":{"gitId":"TamKengHong"},"content":"     *","lastModifiedDate":"2023-01-25"},{"lineNumber":15,"author":{"gitId":"TamKengHong"},"content":"     * @param toPrint the message to be printed.","lastModifiedDate":"2023-01-25"},{"lineNumber":16,"author":{"gitId":"TamKengHong"},"content":"     */","lastModifiedDate":"2023-01-25"},{"lineNumber":17,"author":{"gitId":"TamKengHong"},"content":"    public void print(String toPrint) {","lastModifiedDate":"2023-01-23"},{"lineNumber":18,"author":{"gitId":"TamKengHong"},"content":"        String line \u003d \"____________________________________________________________\\n\";","lastModifiedDate":"2023-01-23"},{"lineNumber":19,"author":{"gitId":"TamKengHong"},"content":"        System.out.println(line + \" \" + toPrint + line);","lastModifiedDate":"2023-01-23"},{"lineNumber":20,"author":{"gitId":"TamKengHong"},"content":"    }","lastModifiedDate":"2023-01-23"},{"lineNumber":21,"author":{"gitId":"TamKengHong"},"content":"","lastModifiedDate":"2023-01-23"},{"lineNumber":22,"author":{"gitId":"TamKengHong"},"content":"    public void printError(Exception e) {","lastModifiedDate":"2023-01-23"},{"lineNumber":23,"author":{"gitId":"TamKengHong"},"content":"        print(e.getMessage());","lastModifiedDate":"2023-01-23"},{"lineNumber":24,"author":{"gitId":"TamKengHong"},"content":"    }","lastModifiedDate":"2023-01-23"},{"lineNumber":25,"author":{"gitId":"TamKengHong"},"content":"","lastModifiedDate":"2023-01-23"},{"lineNumber":26,"author":{"gitId":"TamKengHong"},"content":"    public void printGreeting() {","lastModifiedDate":"2023-01-23"},{"lineNumber":27,"author":{"gitId":"TamKengHong"},"content":"        print(\"Nyahello! I\u0027m Nyako!\\n What can I do for you nya?\\n\");","lastModifiedDate":"2023-01-23"},{"lineNumber":28,"author":{"gitId":"TamKengHong"},"content":"    }","lastModifiedDate":"2023-01-23"},{"lineNumber":29,"author":{"gitId":"TamKengHong"},"content":"","lastModifiedDate":"2023-01-23"},{"lineNumber":30,"author":{"gitId":"TamKengHong"},"content":"    public void printBye() {","lastModifiedDate":"2023-01-23"},{"lineNumber":31,"author":{"gitId":"TamKengHong"},"content":"        print(\"Bye bye nya!\\n\");","lastModifiedDate":"2023-01-23"},{"lineNumber":32,"author":{"gitId":"TamKengHong"},"content":"        sc.close();","lastModifiedDate":"2023-01-23"},{"lineNumber":33,"author":{"gitId":"TamKengHong"},"content":"    }","lastModifiedDate":"2023-01-23"},{"lineNumber":34,"author":{"gitId":"TamKengHong"},"content":"}","lastModifiedDate":"2023-01-23"}],"authorContributionMap":{"TamKengHong":34}},{"path":"src/main/java/duke/task/Deadline.java","fileType":"java","lines":[{"lineNumber":1,"author":{"gitId":"TamKengHong"},"content":"package duke.task;","lastModifiedDate":"2023-01-25"},{"lineNumber":2,"author":{"gitId":"TamKengHong"},"content":"","lastModifiedDate":"2023-01-25"},{"lineNumber":3,"author":{"gitId":"TamKengHong"},"content":"import java.time.LocalDate;","lastModifiedDate":"2023-01-23"},{"lineNumber":4,"author":{"gitId":"TamKengHong"},"content":"","lastModifiedDate":"2023-01-23"},{"lineNumber":5,"author":{"gitId":"TamKengHong"},"content":"public class Deadline extends Task {","lastModifiedDate":"2023-01-16"},{"lineNumber":6,"author":{"gitId":"TamKengHong"},"content":"    protected LocalDate by;","lastModifiedDate":"2023-01-23"},{"lineNumber":7,"author":{"gitId":"TamKengHong"},"content":"","lastModifiedDate":"2023-01-16"},{"lineNumber":8,"author":{"gitId":"TamKengHong"},"content":"    public Deadline(String description, String by) {","lastModifiedDate":"2023-01-16"},{"lineNumber":9,"author":{"gitId":"TamKengHong"},"content":"        super(description);","lastModifiedDate":"2023-01-16"},{"lineNumber":10,"author":{"gitId":"TamKengHong"},"content":"        this.by \u003d LocalDate.parse(by);","lastModifiedDate":"2023-01-23"},{"lineNumber":11,"author":{"gitId":"TamKengHong"},"content":"    }","lastModifiedDate":"2023-01-16"},{"lineNumber":12,"author":{"gitId":"TamKengHong"},"content":"","lastModifiedDate":"2023-01-16"},{"lineNumber":13,"author":{"gitId":"TamKengHong"},"content":"    @Override","lastModifiedDate":"2023-01-16"},{"lineNumber":14,"author":{"gitId":"TamKengHong"},"content":"    public String toString() {","lastModifiedDate":"2023-01-16"},{"lineNumber":15,"author":{"gitId":"TamKengHong"},"content":"        return String.format(\"[D]%s (by: %s %s %s)\", super.toString(), this.by.getMonth(),","lastModifiedDate":"2023-01-23"},{"lineNumber":16,"author":{"gitId":"TamKengHong"},"content":"                this.by.getDayOfMonth(), this.by.getYear());","lastModifiedDate":"2023-01-23"},{"lineNumber":17,"author":{"gitId":"TamKengHong"},"content":"    }","lastModifiedDate":"2023-01-16"},{"lineNumber":18,"author":{"gitId":"TamKengHong"},"content":"","lastModifiedDate":"2023-01-23"},{"lineNumber":19,"author":{"gitId":"TamKengHong"},"content":"    @Override","lastModifiedDate":"2023-01-23"},{"lineNumber":20,"author":{"gitId":"TamKengHong"},"content":"    public String fileOutput() {","lastModifiedDate":"2023-01-23"},{"lineNumber":21,"author":{"gitId":"TamKengHong"},"content":"        return String.format(\"D|%d|%s|%s\", this.isDone ? 1 : 0,","lastModifiedDate":"2023-01-23"},{"lineNumber":22,"author":{"gitId":"TamKengHong"},"content":"                this.description, this.by);","lastModifiedDate":"2023-01-23"},{"lineNumber":23,"author":{"gitId":"TamKengHong"},"content":"    }","lastModifiedDate":"2023-01-23"},{"lineNumber":24,"author":{"gitId":"TamKengHong"},"content":"}","lastModifiedDate":"2023-01-16"}],"authorContributionMap":{"TamKengHong":24}},{"path":"src/main/java/duke/task/Event.java","fileType":"java","lines":[{"lineNumber":1,"author":{"gitId":"TamKengHong"},"content":"package duke.task;","lastModifiedDate":"2023-01-25"},{"lineNumber":2,"author":{"gitId":"TamKengHong"},"content":"","lastModifiedDate":"2023-01-25"},{"lineNumber":3,"author":{"gitId":"TamKengHong"},"content":"import java.time.LocalDate;","lastModifiedDate":"2023-01-23"},{"lineNumber":4,"author":{"gitId":"TamKengHong"},"content":"","lastModifiedDate":"2023-01-23"},{"lineNumber":5,"author":{"gitId":"TamKengHong"},"content":"public class Event extends Task {","lastModifiedDate":"2023-01-16"},{"lineNumber":6,"author":{"gitId":"TamKengHong"},"content":"    protected LocalDate startTime;","lastModifiedDate":"2023-01-23"},{"lineNumber":7,"author":{"gitId":"TamKengHong"},"content":"    protected LocalDate endTime;","lastModifiedDate":"2023-01-23"},{"lineNumber":8,"author":{"gitId":"TamKengHong"},"content":"","lastModifiedDate":"2023-01-16"},{"lineNumber":9,"author":{"gitId":"TamKengHong"},"content":"    public Event(String description, String startTime, String endTime) {","lastModifiedDate":"2023-01-16"},{"lineNumber":10,"author":{"gitId":"TamKengHong"},"content":"        super(description);","lastModifiedDate":"2023-01-16"},{"lineNumber":11,"author":{"gitId":"TamKengHong"},"content":"        this.startTime \u003d LocalDate.parse(startTime);","lastModifiedDate":"2023-01-23"},{"lineNumber":12,"author":{"gitId":"TamKengHong"},"content":"        this.endTime \u003d LocalDate.parse(endTime);","lastModifiedDate":"2023-01-23"},{"lineNumber":13,"author":{"gitId":"TamKengHong"},"content":"    }","lastModifiedDate":"2023-01-16"},{"lineNumber":14,"author":{"gitId":"TamKengHong"},"content":"","lastModifiedDate":"2023-01-16"},{"lineNumber":15,"author":{"gitId":"TamKengHong"},"content":"    @Override","lastModifiedDate":"2023-01-16"},{"lineNumber":16,"author":{"gitId":"TamKengHong"},"content":"    public String toString() {","lastModifiedDate":"2023-01-16"},{"lineNumber":17,"author":{"gitId":"TamKengHong"},"content":"        return String.format(\"[E]%s (from: %s to: %s)\", super.toString(),","lastModifiedDate":"2023-01-23"},{"lineNumber":18,"author":{"gitId":"TamKengHong"},"content":"                this.startTime, this.endTime);","lastModifiedDate":"2023-01-23"},{"lineNumber":19,"author":{"gitId":"TamKengHong"},"content":"    }","lastModifiedDate":"2023-01-16"},{"lineNumber":20,"author":{"gitId":"TamKengHong"},"content":"","lastModifiedDate":"2023-01-23"},{"lineNumber":21,"author":{"gitId":"TamKengHong"},"content":"    @Override","lastModifiedDate":"2023-01-23"},{"lineNumber":22,"author":{"gitId":"TamKengHong"},"content":"    public String fileOutput() {","lastModifiedDate":"2023-01-23"},{"lineNumber":23,"author":{"gitId":"TamKengHong"},"content":"        return String.format(\"E|%d|%s|%s|%s\", this.isDone ? 1 : 0,","lastModifiedDate":"2023-01-23"},{"lineNumber":24,"author":{"gitId":"TamKengHong"},"content":"                this.description, this.startTime, this.endTime);","lastModifiedDate":"2023-01-23"},{"lineNumber":25,"author":{"gitId":"TamKengHong"},"content":"    }","lastModifiedDate":"2023-01-23"},{"lineNumber":26,"author":{"gitId":"TamKengHong"},"content":"}","lastModifiedDate":"2023-01-16"}],"authorContributionMap":{"TamKengHong":26}},{"path":"src/main/java/duke/task/Task.java","fileType":"java","lines":[{"lineNumber":1,"author":{"gitId":"TamKengHong"},"content":"package duke.task;","lastModifiedDate":"2023-01-25"},{"lineNumber":2,"author":{"gitId":"TamKengHong"},"content":"","lastModifiedDate":"2023-01-25"},{"lineNumber":3,"author":{"gitId":"TamKengHong"},"content":"public abstract class Task {","lastModifiedDate":"2023-01-25"},{"lineNumber":4,"author":{"gitId":"TamKengHong"},"content":"    protected String description;","lastModifiedDate":"2023-01-16"},{"lineNumber":5,"author":{"gitId":"TamKengHong"},"content":"    protected boolean isDone \u003d false;","lastModifiedDate":"2023-01-16"},{"lineNumber":6,"author":{"gitId":"TamKengHong"},"content":"","lastModifiedDate":"2023-01-16"},{"lineNumber":7,"author":{"gitId":"TamKengHong"},"content":"    public Task(String description) {","lastModifiedDate":"2023-01-16"},{"lineNumber":8,"author":{"gitId":"TamKengHong"},"content":"        this.description \u003d description;","lastModifiedDate":"2023-01-16"},{"lineNumber":9,"author":{"gitId":"TamKengHong"},"content":"    }","lastModifiedDate":"2023-01-16"},{"lineNumber":10,"author":{"gitId":"TamKengHong"},"content":"","lastModifiedDate":"2023-01-16"},{"lineNumber":11,"author":{"gitId":"TamKengHong"},"content":"    public void setDone() {","lastModifiedDate":"2023-01-16"},{"lineNumber":12,"author":{"gitId":"TamKengHong"},"content":"        this.isDone \u003d true;","lastModifiedDate":"2023-01-16"},{"lineNumber":13,"author":{"gitId":"TamKengHong"},"content":"    }","lastModifiedDate":"2023-01-16"},{"lineNumber":14,"author":{"gitId":"TamKengHong"},"content":"","lastModifiedDate":"2023-01-16"},{"lineNumber":15,"author":{"gitId":"TamKengHong"},"content":"    public void setUndone() {","lastModifiedDate":"2023-01-16"},{"lineNumber":16,"author":{"gitId":"TamKengHong"},"content":"        this.isDone \u003d false;","lastModifiedDate":"2023-01-16"},{"lineNumber":17,"author":{"gitId":"TamKengHong"},"content":"    }","lastModifiedDate":"2023-01-16"},{"lineNumber":18,"author":{"gitId":"TamKengHong"},"content":"","lastModifiedDate":"2023-01-16"},{"lineNumber":19,"author":{"gitId":"TamKengHong"},"content":"    @Override","lastModifiedDate":"2023-01-16"},{"lineNumber":20,"author":{"gitId":"TamKengHong"},"content":"    public String toString() {","lastModifiedDate":"2023-01-16"},{"lineNumber":21,"author":{"gitId":"TamKengHong"},"content":"        char marker \u003d this.isDone ? \u0027X\u0027 : \u0027 \u0027;","lastModifiedDate":"2023-01-16"},{"lineNumber":22,"author":{"gitId":"TamKengHong"},"content":"        return String.format(\"[%c] %s\", marker, this.description);","lastModifiedDate":"2023-01-16"},{"lineNumber":23,"author":{"gitId":"TamKengHong"},"content":"    }","lastModifiedDate":"2023-01-16"},{"lineNumber":24,"author":{"gitId":"TamKengHong"},"content":"","lastModifiedDate":"2023-01-23"},{"lineNumber":25,"author":{"gitId":"TamKengHong"},"content":"    /**","lastModifiedDate":"2023-01-25"},{"lineNumber":26,"author":{"gitId":"TamKengHong"},"content":"     * A method to return the string output for the txt file.","lastModifiedDate":"2023-01-25"},{"lineNumber":27,"author":{"gitId":"TamKengHong"},"content":"     *","lastModifiedDate":"2023-01-25"},{"lineNumber":28,"author":{"gitId":"TamKengHong"},"content":"     * @return The string output for the txt file.","lastModifiedDate":"2023-01-25"},{"lineNumber":29,"author":{"gitId":"TamKengHong"},"content":"     */","lastModifiedDate":"2023-01-25"},{"lineNumber":30,"author":{"gitId":"TamKengHong"},"content":"    public abstract String fileOutput();","lastModifiedDate":"2023-01-25"},{"lineNumber":31,"author":{"gitId":"TamKengHong"},"content":"}","lastModifiedDate":"2023-01-16"}],"authorContributionMap":{"TamKengHong":31}},{"path":"src/main/java/duke/task/ToDo.java","fileType":"java","lines":[{"lineNumber":1,"author":{"gitId":"TamKengHong"},"content":"package duke.task;","lastModifiedDate":"2023-01-25"},{"lineNumber":2,"author":{"gitId":"TamKengHong"},"content":"","lastModifiedDate":"2023-01-25"},{"lineNumber":3,"author":{"gitId":"TamKengHong"},"content":"public class ToDo extends Task {","lastModifiedDate":"2023-01-16"},{"lineNumber":4,"author":{"gitId":"TamKengHong"},"content":"    public ToDo(String description) {","lastModifiedDate":"2023-01-16"},{"lineNumber":5,"author":{"gitId":"TamKengHong"},"content":"        super(description);","lastModifiedDate":"2023-01-16"},{"lineNumber":6,"author":{"gitId":"TamKengHong"},"content":"    }","lastModifiedDate":"2023-01-16"},{"lineNumber":7,"author":{"gitId":"TamKengHong"},"content":"","lastModifiedDate":"2023-01-16"},{"lineNumber":8,"author":{"gitId":"TamKengHong"},"content":"    @Override","lastModifiedDate":"2023-01-16"},{"lineNumber":9,"author":{"gitId":"TamKengHong"},"content":"    public String toString() {","lastModifiedDate":"2023-01-16"},{"lineNumber":10,"author":{"gitId":"TamKengHong"},"content":"        return \"[T]\" + super.toString();","lastModifiedDate":"2023-01-16"},{"lineNumber":11,"author":{"gitId":"TamKengHong"},"content":"    }","lastModifiedDate":"2023-01-16"},{"lineNumber":12,"author":{"gitId":"TamKengHong"},"content":"","lastModifiedDate":"2023-01-23"},{"lineNumber":13,"author":{"gitId":"TamKengHong"},"content":"    @Override","lastModifiedDate":"2023-01-23"},{"lineNumber":14,"author":{"gitId":"TamKengHong"},"content":"    public String fileOutput() {","lastModifiedDate":"2023-01-23"},{"lineNumber":15,"author":{"gitId":"TamKengHong"},"content":"        return String.format(\"T|%d|%s\", this.isDone ? 1 : 0, this.description);","lastModifiedDate":"2023-01-23"},{"lineNumber":16,"author":{"gitId":"TamKengHong"},"content":"    }","lastModifiedDate":"2023-01-23"},{"lineNumber":17,"author":{"gitId":"TamKengHong"},"content":"}","lastModifiedDate":"2023-01-16"}],"authorContributionMap":{"TamKengHong":17}},{"path":"src/test/java/TaskListTest.java","fileType":"java","lines":[{"lineNumber":1,"author":{"gitId":"TamKengHong"},"content":"import duke.helper.TaskList;","lastModifiedDate":"2023-01-25"},{"lineNumber":2,"author":{"gitId":"TamKengHong"},"content":"import duke.task.ToDo;","lastModifiedDate":"2023-01-25"},{"lineNumber":3,"author":{"gitId":"TamKengHong"},"content":"import org.junit.jupiter.api.Test;","lastModifiedDate":"2023-01-25"},{"lineNumber":4,"author":{"gitId":"TamKengHong"},"content":"","lastModifiedDate":"2023-01-25"},{"lineNumber":5,"author":{"gitId":"TamKengHong"},"content":"import static org.junit.jupiter.api.Assertions.assertEquals;","lastModifiedDate":"2023-01-25"},{"lineNumber":6,"author":{"gitId":"TamKengHong"},"content":"","lastModifiedDate":"2023-01-25"},{"lineNumber":7,"author":{"gitId":"TamKengHong"},"content":"public class TaskListTest {","lastModifiedDate":"2023-01-25"},{"lineNumber":8,"author":{"gitId":"TamKengHong"},"content":"","lastModifiedDate":"2023-01-25"},{"lineNumber":9,"author":{"gitId":"TamKengHong"},"content":"    @Test","lastModifiedDate":"2023-01-25"},{"lineNumber":10,"author":{"gitId":"TamKengHong"},"content":"    public void addTest() {","lastModifiedDate":"2023-01-25"},{"lineNumber":11,"author":{"gitId":"TamKengHong"},"content":"        TaskList t \u003d new TaskList();","lastModifiedDate":"2023-01-25"},{"lineNumber":12,"author":{"gitId":"TamKengHong"},"content":"        t.addTask(new ToDo(\"Hello\"));","lastModifiedDate":"2023-01-25"},{"lineNumber":13,"author":{"gitId":"TamKengHong"},"content":"        assertEquals(t.getTasks().size(), 1);","lastModifiedDate":"2023-01-25"},{"lineNumber":14,"author":{"gitId":"TamKengHong"},"content":"    }","lastModifiedDate":"2023-01-25"},{"lineNumber":15,"author":{"gitId":"TamKengHong"},"content":"","lastModifiedDate":"2023-01-25"},{"lineNumber":16,"author":{"gitId":"TamKengHong"},"content":"    @Test","lastModifiedDate":"2023-01-25"},{"lineNumber":17,"author":{"gitId":"TamKengHong"},"content":"    public void deleteTest() {","lastModifiedDate":"2023-01-25"},{"lineNumber":18,"author":{"gitId":"TamKengHong"},"content":"        TaskList t \u003d new TaskList();","lastModifiedDate":"2023-01-25"},{"lineNumber":19,"author":{"gitId":"TamKengHong"},"content":"        t.addTask(new ToDo(\"Hello\"));","lastModifiedDate":"2023-01-25"},{"lineNumber":20,"author":{"gitId":"TamKengHong"},"content":"        t.deleteTask(1);","lastModifiedDate":"2023-01-25"},{"lineNumber":21,"author":{"gitId":"TamKengHong"},"content":"        assertEquals(t.getTasks().size(), 0);","lastModifiedDate":"2023-01-25"},{"lineNumber":22,"author":{"gitId":"TamKengHong"},"content":"    }","lastModifiedDate":"2023-01-25"},{"lineNumber":23,"author":{"gitId":"TamKengHong"},"content":"}","lastModifiedDate":"2023-01-25"}],"authorContributionMap":{"TamKengHong":23}},{"path":"text-ui-test/input.txt","fileType":"txt","lines":[{"lineNumber":1,"author":{"gitId":"TamKengHong"},"content":"todo read book","lastModifiedDate":"2023-01-16"},{"lineNumber":2,"author":{"gitId":"TamKengHong"},"content":"deadline return book /by June 6th","lastModifiedDate":"2023-01-16"},{"lineNumber":3,"author":{"gitId":"TamKengHong"},"content":"event project meeting /from Aug 6th 2pm /to 4pm","lastModifiedDate":"2023-01-16"},{"lineNumber":4,"author":{"gitId":"TamKengHong"},"content":"mark 1","lastModifiedDate":"2023-01-16"},{"lineNumber":5,"author":{"gitId":"TamKengHong"},"content":"mark 2","lastModifiedDate":"2023-01-16"},{"lineNumber":6,"author":{"gitId":"TamKengHong"},"content":"unmark 2","lastModifiedDate":"2023-01-16"},{"lineNumber":7,"author":{"gitId":"TamKengHong"},"content":"todo join sports club","lastModifiedDate":"2023-01-16"},{"lineNumber":8,"author":{"gitId":"TamKengHong"},"content":"mark 4","lastModifiedDate":"2023-01-16"},{"lineNumber":9,"author":{"gitId":"TamKengHong"},"content":"todo borrow book","lastModifiedDate":"2023-01-16"},{"lineNumber":10,"author":{"gitId":"TamKengHong"},"content":"list","lastModifiedDate":"2023-01-16"},{"lineNumber":11,"author":{"gitId":"TamKengHong"},"content":"deadline return book /by Sunday","lastModifiedDate":"2023-01-16"},{"lineNumber":12,"author":{"gitId":"TamKengHong"},"content":"event project meeting /from Mon 2pm /to 4pm","lastModifiedDate":"2023-01-16"},{"lineNumber":13,"author":{"gitId":"TamKengHong"},"content":"list","lastModifiedDate":"2023-01-16"},{"lineNumber":14,"author":{"gitId":"TamKengHong"},"content":"bye","lastModifiedDate":"2023-01-16"}],"authorContributionMap":{"TamKengHong":14}}]
