[{"path":"README.md","fileType":"md","lines":[{"lineNumber":1,"author":{"gitId":"TamKengHong"},"content":"## DukePro","lastModifiedDate":"2023-01-29"},{"lineNumber":2,"author":{"gitId":"TamKengHong"},"content":"\u003e“Your mind is for having ideas, not holding them.” – David Allen ([source](https://dansilvestre.com/productivity-quotes))","lastModifiedDate":"2023-01-29"},{"lineNumber":3,"author":{"gitId":"-"},"content":"","lastModifiedDate":"2020-05-25"},{"lineNumber":4,"author":{"gitId":"TamKengHong"},"content":"DukePro frees your mind of having to remember things you need to do. It\u0027s,","lastModifiedDate":"2023-01-29"},{"lineNumber":5,"author":{"gitId":"-"},"content":"","lastModifiedDate":"2020-05-25"},{"lineNumber":6,"author":{"gitId":"TamKengHong"},"content":"- text-based","lastModifiedDate":"2023-01-29"},{"lineNumber":7,"author":{"gitId":"TamKengHong"},"content":"- easy to learn","lastModifiedDate":"2023-01-29"},{"lineNumber":8,"author":{"gitId":"TamKengHong"},"content":"- ~~FAST~~ SUPER FAST to use","lastModifiedDate":"2023-01-29"},{"lineNumber":9,"author":{"gitId":"-"},"content":"","lastModifiedDate":"2020-05-25"},{"lineNumber":10,"author":{"gitId":"TamKengHong"},"content":"All you need to do is,","lastModifiedDate":"2023-01-29"},{"lineNumber":11,"author":{"gitId":"-"},"content":"","lastModifiedDate":"2020-05-25"},{"lineNumber":12,"author":{"gitId":"TamKengHong"},"content":"1. download it from [here](https://nus-cs2103-ay2223s2.github.io/website/schedule/week4/project.html).","lastModifiedDate":"2023-01-29"},{"lineNumber":13,"author":{"gitId":"TamKengHong"},"content":"2. double-click it.","lastModifiedDate":"2023-01-29"},{"lineNumber":14,"author":{"gitId":"TamKengHong"},"content":"3. add your tasks.","lastModifiedDate":"2023-01-29"},{"lineNumber":15,"author":{"gitId":"TamKengHong"},"content":"4. let it manage your tasks for you 😉","lastModifiedDate":"2023-01-29"},{"lineNumber":16,"author":{"gitId":"TamKengHong"},"content":"","lastModifiedDate":"2023-01-29"},{"lineNumber":17,"author":{"gitId":"TamKengHong"},"content":"And it is **FREE**!","lastModifiedDate":"2023-01-29"},{"lineNumber":18,"author":{"gitId":"TamKengHong"},"content":"","lastModifiedDate":"2023-01-29"},{"lineNumber":19,"author":{"gitId":"TamKengHong"},"content":"Features:","lastModifiedDate":"2023-01-29"},{"lineNumber":20,"author":{"gitId":"TamKengHong"},"content":"","lastModifiedDate":"2023-01-29"},{"lineNumber":21,"author":{"gitId":"TamKengHong"},"content":"- [x] Managing tasks","lastModifiedDate":"2023-01-29"},{"lineNumber":22,"author":{"gitId":"TamKengHong"},"content":"- [ ]  Managing deadlines (coming soon)","lastModifiedDate":"2023-01-29"},{"lineNumber":23,"author":{"gitId":"TamKengHong"},"content":"- [ ]  Reminders (coming soon)","lastModifiedDate":"2023-01-29"},{"lineNumber":24,"author":{"gitId":"TamKengHong"},"content":"","lastModifiedDate":"2023-01-29"},{"lineNumber":25,"author":{"gitId":"TamKengHong"},"content":"If you are a Java programmer, you can use it to practice Java too. Here\u0027s the main method: ","lastModifiedDate":"2023-01-29"},{"lineNumber":26,"author":{"gitId":"-"},"content":"```","lastModifiedDate":"2020-05-25"},{"lineNumber":27,"author":{"gitId":"TamKengHong"},"content":"public class Main {","lastModifiedDate":"2023-01-29"},{"lineNumber":28,"author":{"gitId":"TamKengHong"},"content":"    public static void main(String[] args) {","lastModifiedDate":"2023-01-29"},{"lineNumber":29,"author":{"gitId":"TamKengHong"},"content":"        Application.launch(MainApp.class, args);","lastModifiedDate":"2023-01-29"},{"lineNumber":30,"author":{"gitId":"TamKengHong"},"content":"    }","lastModifiedDate":"2023-01-29"},{"lineNumber":31,"author":{"gitId":"TamKengHong"},"content":"}","lastModifiedDate":"2023-01-29"},{"lineNumber":32,"author":{"gitId":"-"},"content":"```","lastModifiedDate":"2020-05-25"}],"authorContributionMap":{"-":6,"TamKengHong":26}},{"path":"build.gradle","fileType":"gradle","lines":[{"lineNumber":1,"author":{"gitId":"-"},"content":"plugins {","lastModifiedDate":"2020-05-25"},{"lineNumber":2,"author":{"gitId":"-"},"content":"    id \u0027java\u0027","lastModifiedDate":"2020-05-25"},{"lineNumber":3,"author":{"gitId":"-"},"content":"    id \u0027application\u0027","lastModifiedDate":"2020-05-25"},{"lineNumber":4,"author":{"gitId":"-"},"content":"    id \u0027com.github.johnrengelman.shadow\u0027 version \u00275.1.0\u0027","lastModifiedDate":"2020-05-25"},{"lineNumber":5,"author":{"gitId":"TamKengHong"},"content":"    id \u0027checkstyle\u0027","lastModifiedDate":"2023-01-29"},{"lineNumber":6,"author":{"gitId":"TamKengHong"},"content":"}","lastModifiedDate":"2023-01-29"},{"lineNumber":7,"author":{"gitId":"TamKengHong"},"content":"","lastModifiedDate":"2023-01-29"},{"lineNumber":8,"author":{"gitId":"TamKengHong"},"content":"checkstyle {","lastModifiedDate":"2023-01-29"},{"lineNumber":9,"author":{"gitId":"TamKengHong"},"content":"    toolVersion \u003d \u002710.2\u0027","lastModifiedDate":"2023-01-29"},{"lineNumber":10,"author":{"gitId":"-"},"content":"}","lastModifiedDate":"2020-05-25"},{"lineNumber":11,"author":{"gitId":"-"},"content":"","lastModifiedDate":"2020-05-25"},{"lineNumber":12,"author":{"gitId":"-"},"content":"repositories {","lastModifiedDate":"2020-05-25"},{"lineNumber":13,"author":{"gitId":"-"},"content":"    mavenCentral()","lastModifiedDate":"2020-05-25"},{"lineNumber":14,"author":{"gitId":"-"},"content":"}","lastModifiedDate":"2020-05-25"},{"lineNumber":15,"author":{"gitId":"-"},"content":"","lastModifiedDate":"2020-05-25"},{"lineNumber":16,"author":{"gitId":"-"},"content":"dependencies {","lastModifiedDate":"2020-05-25"},{"lineNumber":17,"author":{"gitId":"TamKengHong"},"content":"    String javaFxVersion \u003d \u002711\u0027","lastModifiedDate":"2023-01-30"},{"lineNumber":18,"author":{"gitId":"TamKengHong"},"content":"","lastModifiedDate":"2023-01-30"},{"lineNumber":19,"author":{"gitId":"TamKengHong"},"content":"    implementation group: \u0027org.openjfx\u0027, name: \u0027javafx-base\u0027, version: javaFxVersion, classifier: \u0027win\u0027","lastModifiedDate":"2023-01-30"},{"lineNumber":20,"author":{"gitId":"TamKengHong"},"content":"    implementation group: \u0027org.openjfx\u0027, name: \u0027javafx-base\u0027, version: javaFxVersion, classifier: \u0027mac\u0027","lastModifiedDate":"2023-01-30"},{"lineNumber":21,"author":{"gitId":"TamKengHong"},"content":"    implementation group: \u0027org.openjfx\u0027, name: \u0027javafx-base\u0027, version: javaFxVersion, classifier: \u0027linux\u0027","lastModifiedDate":"2023-01-30"},{"lineNumber":22,"author":{"gitId":"TamKengHong"},"content":"    implementation group: \u0027org.openjfx\u0027, name: \u0027javafx-controls\u0027, version: javaFxVersion, classifier: \u0027win\u0027","lastModifiedDate":"2023-01-30"},{"lineNumber":23,"author":{"gitId":"TamKengHong"},"content":"    implementation group: \u0027org.openjfx\u0027, name: \u0027javafx-controls\u0027, version: javaFxVersion, classifier: \u0027mac\u0027","lastModifiedDate":"2023-01-30"},{"lineNumber":24,"author":{"gitId":"TamKengHong"},"content":"    implementation group: \u0027org.openjfx\u0027, name: \u0027javafx-controls\u0027, version: javaFxVersion, classifier: \u0027linux\u0027","lastModifiedDate":"2023-01-30"},{"lineNumber":25,"author":{"gitId":"TamKengHong"},"content":"    implementation group: \u0027org.openjfx\u0027, name: \u0027javafx-fxml\u0027, version: javaFxVersion, classifier: \u0027win\u0027","lastModifiedDate":"2023-01-30"},{"lineNumber":26,"author":{"gitId":"TamKengHong"},"content":"    implementation group: \u0027org.openjfx\u0027, name: \u0027javafx-fxml\u0027, version: javaFxVersion, classifier: \u0027mac\u0027","lastModifiedDate":"2023-01-30"},{"lineNumber":27,"author":{"gitId":"TamKengHong"},"content":"    implementation group: \u0027org.openjfx\u0027, name: \u0027javafx-fxml\u0027, version: javaFxVersion, classifier: \u0027linux\u0027","lastModifiedDate":"2023-01-30"},{"lineNumber":28,"author":{"gitId":"TamKengHong"},"content":"    implementation group: \u0027org.openjfx\u0027, name: \u0027javafx-graphics\u0027, version: javaFxVersion, classifier: \u0027win\u0027","lastModifiedDate":"2023-01-30"},{"lineNumber":29,"author":{"gitId":"TamKengHong"},"content":"    implementation group: \u0027org.openjfx\u0027, name: \u0027javafx-graphics\u0027, version: javaFxVersion, classifier: \u0027mac\u0027","lastModifiedDate":"2023-01-30"},{"lineNumber":30,"author":{"gitId":"TamKengHong"},"content":"    implementation group: \u0027org.openjfx\u0027, name: \u0027javafx-graphics\u0027, version: javaFxVersion, classifier: \u0027linux\u0027","lastModifiedDate":"2023-01-30"},{"lineNumber":31,"author":{"gitId":"TamKengHong"},"content":"","lastModifiedDate":"2023-01-30"},{"lineNumber":32,"author":{"gitId":"-"},"content":"    testImplementation group: \u0027org.junit.jupiter\u0027, name: \u0027junit-jupiter-api\u0027, version: \u00275.5.0\u0027","lastModifiedDate":"2020-05-25"},{"lineNumber":33,"author":{"gitId":"-"},"content":"    testRuntimeOnly group: \u0027org.junit.jupiter\u0027, name: \u0027junit-jupiter-engine\u0027, version: \u00275.5.0\u0027","lastModifiedDate":"2020-05-25"},{"lineNumber":34,"author":{"gitId":"-"},"content":"}","lastModifiedDate":"2020-05-25"},{"lineNumber":35,"author":{"gitId":"-"},"content":"","lastModifiedDate":"2020-05-25"},{"lineNumber":36,"author":{"gitId":"-"},"content":"test {","lastModifiedDate":"2020-05-25"},{"lineNumber":37,"author":{"gitId":"-"},"content":"    useJUnitPlatform()","lastModifiedDate":"2020-05-25"},{"lineNumber":38,"author":{"gitId":"-"},"content":"","lastModifiedDate":"2020-05-25"},{"lineNumber":39,"author":{"gitId":"-"},"content":"    testLogging {","lastModifiedDate":"2020-05-25"},{"lineNumber":40,"author":{"gitId":"-"},"content":"        events \"passed\", \"skipped\", \"failed\"","lastModifiedDate":"2020-05-25"},{"lineNumber":41,"author":{"gitId":"-"},"content":"","lastModifiedDate":"2020-05-25"},{"lineNumber":42,"author":{"gitId":"-"},"content":"        showExceptions true","lastModifiedDate":"2020-05-25"},{"lineNumber":43,"author":{"gitId":"-"},"content":"        exceptionFormat \"full\"","lastModifiedDate":"2020-05-25"},{"lineNumber":44,"author":{"gitId":"-"},"content":"        showCauses true","lastModifiedDate":"2020-05-25"},{"lineNumber":45,"author":{"gitId":"-"},"content":"        showStackTraces true","lastModifiedDate":"2020-05-25"},{"lineNumber":46,"author":{"gitId":"-"},"content":"        showStandardStreams \u003d false","lastModifiedDate":"2020-05-25"},{"lineNumber":47,"author":{"gitId":"-"},"content":"    }","lastModifiedDate":"2020-05-25"},{"lineNumber":48,"author":{"gitId":"-"},"content":"}","lastModifiedDate":"2020-05-25"},{"lineNumber":49,"author":{"gitId":"-"},"content":"","lastModifiedDate":"2020-05-25"},{"lineNumber":50,"author":{"gitId":"-"},"content":"application {","lastModifiedDate":"2020-05-25"},{"lineNumber":51,"author":{"gitId":"-"},"content":"    mainClassName \u003d \"seedu.duke.Duke\"","lastModifiedDate":"2020-05-25"},{"lineNumber":52,"author":{"gitId":"-"},"content":"}","lastModifiedDate":"2020-05-25"},{"lineNumber":53,"author":{"gitId":"-"},"content":"","lastModifiedDate":"2020-05-25"},{"lineNumber":54,"author":{"gitId":"-"},"content":"shadowJar {","lastModifiedDate":"2020-05-25"},{"lineNumber":55,"author":{"gitId":"-"},"content":"    archiveBaseName \u003d \"duke\"","lastModifiedDate":"2020-05-25"},{"lineNumber":56,"author":{"gitId":"-"},"content":"    archiveClassifier \u003d null","lastModifiedDate":"2020-05-25"},{"lineNumber":57,"author":{"gitId":"-"},"content":"}","lastModifiedDate":"2020-05-25"},{"lineNumber":58,"author":{"gitId":"-"},"content":"","lastModifiedDate":"2020-05-25"},{"lineNumber":59,"author":{"gitId":"-"},"content":"run{","lastModifiedDate":"2020-05-25"},{"lineNumber":60,"author":{"gitId":"-"},"content":"    standardInput \u003d System.in","lastModifiedDate":"2020-05-25"},{"lineNumber":61,"author":{"gitId":"-"},"content":"}","lastModifiedDate":"2020-05-25"},{"lineNumber":62,"author":{"gitId":"TamKengHong"},"content":"","lastModifiedDate":"2023-01-30"},{"lineNumber":63,"author":{"gitId":"TamKengHong"},"content":"repositories {","lastModifiedDate":"2023-01-30"},{"lineNumber":64,"author":{"gitId":"TamKengHong"},"content":"    mavenCentral()","lastModifiedDate":"2023-01-30"},{"lineNumber":65,"author":{"gitId":"TamKengHong"},"content":"}","lastModifiedDate":"2023-01-30"}],"authorContributionMap":{"-":41,"TamKengHong":24}},{"path":"data/taskData.txt","fileType":"txt","lines":[{"lineNumber":1,"author":{"gitId":"TamKengHong"},"content":"T|0|r","lastModifiedDate":"2023-01-25"},{"lineNumber":2,"author":{"gitId":"TamKengHong"},"content":"T|0|read book","lastModifiedDate":"2023-01-25"},{"lineNumber":3,"author":{"gitId":"TamKengHong"},"content":"D|0|abc|2019-10-15","lastModifiedDate":"2023-01-25"},{"lineNumber":4,"author":{"gitId":"TamKengHong"},"content":"E|0|edf|2019-10-15|2019-10-15","lastModifiedDate":"2023-01-25"},{"lineNumber":5,"author":{"gitId":"TamKengHong"},"content":"T|0|a","lastModifiedDate":"2023-02-07"},{"lineNumber":6,"author":{"gitId":"TamKengHong"},"content":"T|0|b","lastModifiedDate":"2023-02-07"},{"lineNumber":7,"author":{"gitId":"TamKengHong"},"content":"D|0|return book|2019-10-15","lastModifiedDate":"2023-02-07"}],"authorContributionMap":{"TamKengHong":7}},{"path":"src/main/java/duke/DialogBox.java","fileType":"java","lines":[{"lineNumber":1,"author":{"gitId":"TamKengHong"},"content":"package duke;","lastModifiedDate":"2023-01-30"},{"lineNumber":2,"author":{"gitId":"TamKengHong"},"content":"","lastModifiedDate":"2023-01-30"},{"lineNumber":3,"author":{"gitId":"TamKengHong"},"content":"import java.io.IOException;","lastModifiedDate":"2023-01-30"},{"lineNumber":4,"author":{"gitId":"TamKengHong"},"content":"import java.util.Collections;","lastModifiedDate":"2023-01-30"},{"lineNumber":5,"author":{"gitId":"TamKengHong"},"content":"","lastModifiedDate":"2023-01-30"},{"lineNumber":6,"author":{"gitId":"TamKengHong"},"content":"import javafx.collections.FXCollections;","lastModifiedDate":"2023-01-30"},{"lineNumber":7,"author":{"gitId":"TamKengHong"},"content":"import javafx.collections.ObservableList;","lastModifiedDate":"2023-01-30"},{"lineNumber":8,"author":{"gitId":"TamKengHong"},"content":"import javafx.fxml.FXML;","lastModifiedDate":"2023-01-30"},{"lineNumber":9,"author":{"gitId":"TamKengHong"},"content":"import javafx.fxml.FXMLLoader;","lastModifiedDate":"2023-01-30"},{"lineNumber":10,"author":{"gitId":"TamKengHong"},"content":"import javafx.geometry.Pos;","lastModifiedDate":"2023-01-30"},{"lineNumber":11,"author":{"gitId":"TamKengHong"},"content":"import javafx.scene.Node;","lastModifiedDate":"2023-01-30"},{"lineNumber":12,"author":{"gitId":"TamKengHong"},"content":"import javafx.scene.control.Label;","lastModifiedDate":"2023-01-30"},{"lineNumber":13,"author":{"gitId":"TamKengHong"},"content":"import javafx.scene.image.Image;","lastModifiedDate":"2023-01-30"},{"lineNumber":14,"author":{"gitId":"TamKengHong"},"content":"import javafx.scene.image.ImageView;","lastModifiedDate":"2023-01-30"},{"lineNumber":15,"author":{"gitId":"TamKengHong"},"content":"import javafx.scene.layout.HBox;","lastModifiedDate":"2023-01-30"},{"lineNumber":16,"author":{"gitId":"TamKengHong"},"content":"","lastModifiedDate":"2023-01-30"},{"lineNumber":17,"author":{"gitId":"TamKengHong"},"content":"/**","lastModifiedDate":"2023-01-30"},{"lineNumber":18,"author":{"gitId":"TamKengHong"},"content":" * An example of a custom control using FXML.","lastModifiedDate":"2023-01-30"},{"lineNumber":19,"author":{"gitId":"TamKengHong"},"content":" * This control represents a dialog box consisting of an ImageView to represent the speaker\u0027s face and a label","lastModifiedDate":"2023-01-30"},{"lineNumber":20,"author":{"gitId":"TamKengHong"},"content":" * containing text from the speaker.","lastModifiedDate":"2023-01-30"},{"lineNumber":21,"author":{"gitId":"TamKengHong"},"content":" */","lastModifiedDate":"2023-01-30"},{"lineNumber":22,"author":{"gitId":"TamKengHong"},"content":"public class DialogBox extends HBox {","lastModifiedDate":"2023-01-30"},{"lineNumber":23,"author":{"gitId":"TamKengHong"},"content":"    @FXML","lastModifiedDate":"2023-01-30"},{"lineNumber":24,"author":{"gitId":"TamKengHong"},"content":"    private Label dialog;","lastModifiedDate":"2023-01-30"},{"lineNumber":25,"author":{"gitId":"TamKengHong"},"content":"    @FXML","lastModifiedDate":"2023-01-30"},{"lineNumber":26,"author":{"gitId":"TamKengHong"},"content":"    private ImageView displayPicture;","lastModifiedDate":"2023-01-30"},{"lineNumber":27,"author":{"gitId":"TamKengHong"},"content":"","lastModifiedDate":"2023-01-30"},{"lineNumber":28,"author":{"gitId":"TamKengHong"},"content":"    private DialogBox(String text, Image img) {","lastModifiedDate":"2023-01-30"},{"lineNumber":29,"author":{"gitId":"TamKengHong"},"content":"        try {","lastModifiedDate":"2023-01-30"},{"lineNumber":30,"author":{"gitId":"TamKengHong"},"content":"            FXMLLoader fxmlLoader \u003d new FXMLLoader(MainWindow.class.getResource(\"/view/DialogBox.fxml\"));","lastModifiedDate":"2023-01-30"},{"lineNumber":31,"author":{"gitId":"TamKengHong"},"content":"            fxmlLoader.setController(this);","lastModifiedDate":"2023-01-30"},{"lineNumber":32,"author":{"gitId":"TamKengHong"},"content":"            fxmlLoader.setRoot(this);","lastModifiedDate":"2023-01-30"},{"lineNumber":33,"author":{"gitId":"TamKengHong"},"content":"            fxmlLoader.load();","lastModifiedDate":"2023-01-30"},{"lineNumber":34,"author":{"gitId":"TamKengHong"},"content":"        } catch (IOException e) {","lastModifiedDate":"2023-01-30"},{"lineNumber":35,"author":{"gitId":"TamKengHong"},"content":"            e.printStackTrace();","lastModifiedDate":"2023-01-30"},{"lineNumber":36,"author":{"gitId":"TamKengHong"},"content":"        }","lastModifiedDate":"2023-01-30"},{"lineNumber":37,"author":{"gitId":"TamKengHong"},"content":"","lastModifiedDate":"2023-01-30"},{"lineNumber":38,"author":{"gitId":"TamKengHong"},"content":"        dialog.setText(text);","lastModifiedDate":"2023-01-30"},{"lineNumber":39,"author":{"gitId":"TamKengHong"},"content":"        displayPicture.setImage(img);","lastModifiedDate":"2023-01-30"},{"lineNumber":40,"author":{"gitId":"TamKengHong"},"content":"    }","lastModifiedDate":"2023-01-30"},{"lineNumber":41,"author":{"gitId":"TamKengHong"},"content":"","lastModifiedDate":"2023-01-30"},{"lineNumber":42,"author":{"gitId":"TamKengHong"},"content":"    /**","lastModifiedDate":"2023-01-30"},{"lineNumber":43,"author":{"gitId":"TamKengHong"},"content":"     * Flips the dialog box such that the ImageView is on the left and text on the right.","lastModifiedDate":"2023-01-30"},{"lineNumber":44,"author":{"gitId":"TamKengHong"},"content":"     */","lastModifiedDate":"2023-01-30"},{"lineNumber":45,"author":{"gitId":"TamKengHong"},"content":"    private void flip() {","lastModifiedDate":"2023-01-30"},{"lineNumber":46,"author":{"gitId":"TamKengHong"},"content":"        ObservableList\u003cNode\u003e tmp \u003d FXCollections.observableArrayList(this.getChildren());","lastModifiedDate":"2023-01-30"},{"lineNumber":47,"author":{"gitId":"TamKengHong"},"content":"        Collections.reverse(tmp);","lastModifiedDate":"2023-01-30"},{"lineNumber":48,"author":{"gitId":"TamKengHong"},"content":"        getChildren().setAll(tmp);","lastModifiedDate":"2023-01-30"},{"lineNumber":49,"author":{"gitId":"TamKengHong"},"content":"        setAlignment(Pos.TOP_LEFT);","lastModifiedDate":"2023-01-30"},{"lineNumber":50,"author":{"gitId":"TamKengHong"},"content":"    }","lastModifiedDate":"2023-01-30"},{"lineNumber":51,"author":{"gitId":"TamKengHong"},"content":"","lastModifiedDate":"2023-01-30"},{"lineNumber":52,"author":{"gitId":"TamKengHong"},"content":"    public static DialogBox getUserDialog(String text, Image img) {","lastModifiedDate":"2023-01-30"},{"lineNumber":53,"author":{"gitId":"TamKengHong"},"content":"        return new DialogBox(text, img);","lastModifiedDate":"2023-01-30"},{"lineNumber":54,"author":{"gitId":"TamKengHong"},"content":"    }","lastModifiedDate":"2023-01-30"},{"lineNumber":55,"author":{"gitId":"TamKengHong"},"content":"","lastModifiedDate":"2023-01-30"},{"lineNumber":56,"author":{"gitId":"TamKengHong"},"content":"    public static DialogBox getDukeDialog(String text, Image img) {","lastModifiedDate":"2023-01-30"},{"lineNumber":57,"author":{"gitId":"TamKengHong"},"content":"        var db \u003d new DialogBox(text, img);","lastModifiedDate":"2023-01-30"},{"lineNumber":58,"author":{"gitId":"TamKengHong"},"content":"        db.flip();","lastModifiedDate":"2023-01-30"},{"lineNumber":59,"author":{"gitId":"TamKengHong"},"content":"        return db;","lastModifiedDate":"2023-01-30"},{"lineNumber":60,"author":{"gitId":"TamKengHong"},"content":"    }","lastModifiedDate":"2023-01-30"},{"lineNumber":61,"author":{"gitId":"TamKengHong"},"content":"}","lastModifiedDate":"2023-01-30"}],"authorContributionMap":{"TamKengHong":61}},{"path":"src/main/java/duke/Duke.java","fileType":"java","lines":[{"lineNumber":1,"author":{"gitId":"TamKengHong"},"content":"package duke;","lastModifiedDate":"2023-01-25"},{"lineNumber":2,"author":{"gitId":"TamKengHong"},"content":"","lastModifiedDate":"2023-01-25"},{"lineNumber":3,"author":{"gitId":"TamKengHong"},"content":"import duke.exception.DukeException;","lastModifiedDate":"2023-01-25"},{"lineNumber":4,"author":{"gitId":"TamKengHong"},"content":"import duke.helper.Parser;","lastModifiedDate":"2023-01-25"},{"lineNumber":5,"author":{"gitId":"TamKengHong"},"content":"import duke.helper.Storage;","lastModifiedDate":"2023-01-25"},{"lineNumber":6,"author":{"gitId":"TamKengHong"},"content":"import duke.helper.TaskList;","lastModifiedDate":"2023-01-25"},{"lineNumber":7,"author":{"gitId":"TamKengHong"},"content":"import duke.helper.Ui;","lastModifiedDate":"2023-01-25"},{"lineNumber":8,"author":{"gitId":"TamKengHong"},"content":"","lastModifiedDate":"2023-01-23"},{"lineNumber":9,"author":{"gitId":"TamKengHong"},"content":"public class Duke {","lastModifiedDate":"2023-02-07"},{"lineNumber":10,"author":{"gitId":"TamKengHong"},"content":"    Ui ui \u003d new Ui();","lastModifiedDate":"2023-01-23"},{"lineNumber":11,"author":{"gitId":"TamKengHong"},"content":"    TaskList taskList \u003d new TaskList();","lastModifiedDate":"2023-01-23"},{"lineNumber":12,"author":{"gitId":"TamKengHong"},"content":"    Parser parser \u003d new Parser();","lastModifiedDate":"2023-01-23"},{"lineNumber":13,"author":{"gitId":"TamKengHong"},"content":"    Storage store \u003d new Storage(taskList);","lastModifiedDate":"2023-01-23"},{"lineNumber":14,"author":{"gitId":"TamKengHong"},"content":"","lastModifiedDate":"2023-01-23"},{"lineNumber":15,"author":{"gitId":"TamKengHong"},"content":"    /**","lastModifiedDate":"2023-01-30"},{"lineNumber":16,"author":{"gitId":"TamKengHong"},"content":"     * You should have your own function to generate a response to user input.","lastModifiedDate":"2023-01-30"},{"lineNumber":17,"author":{"gitId":"TamKengHong"},"content":"     * Replace this stub with your completed method.","lastModifiedDate":"2023-01-30"},{"lineNumber":18,"author":{"gitId":"TamKengHong"},"content":"     */","lastModifiedDate":"2023-01-30"},{"lineNumber":19,"author":{"gitId":"TamKengHong"},"content":"    public String getResponse(String input) {","lastModifiedDate":"2023-01-30"},{"lineNumber":20,"author":{"gitId":"TamKengHong"},"content":"        assert !input.isEmpty();","lastModifiedDate":"2023-02-07"},{"lineNumber":21,"author":{"gitId":"TamKengHong"},"content":"        try {","lastModifiedDate":"2023-02-07"},{"lineNumber":22,"author":{"gitId":"TamKengHong"},"content":"            String message \u003d parser.dispatch(input, ui, taskList);","lastModifiedDate":"2023-02-07"},{"lineNumber":23,"author":{"gitId":"TamKengHong"},"content":"            store.saveTasks(taskList);","lastModifiedDate":"2023-02-07"},{"lineNumber":24,"author":{"gitId":"TamKengHong"},"content":"            return message;","lastModifiedDate":"2023-02-07"},{"lineNumber":25,"author":{"gitId":"TamKengHong"},"content":"        } catch (DukeException e) {","lastModifiedDate":"2023-02-07"},{"lineNumber":26,"author":{"gitId":"TamKengHong"},"content":"            return ui.printError(e);","lastModifiedDate":"2023-02-07"},{"lineNumber":27,"author":{"gitId":"TamKengHong"},"content":"        }","lastModifiedDate":"2023-02-07"},{"lineNumber":28,"author":{"gitId":"TamKengHong"},"content":"    }","lastModifiedDate":"2023-01-30"},{"lineNumber":29,"author":{"gitId":"-"},"content":"}","lastModifiedDate":"2019-07-29"}],"authorContributionMap":{"-":1,"TamKengHong":28}},{"path":"src/main/java/duke/Launcher.java","fileType":"java","lines":[{"lineNumber":1,"author":{"gitId":"TamKengHong"},"content":"package duke;","lastModifiedDate":"2023-01-30"},{"lineNumber":2,"author":{"gitId":"TamKengHong"},"content":"import javafx.application.Application;","lastModifiedDate":"2023-01-30"},{"lineNumber":3,"author":{"gitId":"TamKengHong"},"content":"","lastModifiedDate":"2023-01-30"},{"lineNumber":4,"author":{"gitId":"TamKengHong"},"content":"/**","lastModifiedDate":"2023-01-30"},{"lineNumber":5,"author":{"gitId":"TamKengHong"},"content":" * A launcher class to workaround classpath issues.","lastModifiedDate":"2023-01-30"},{"lineNumber":6,"author":{"gitId":"TamKengHong"},"content":" */","lastModifiedDate":"2023-01-30"},{"lineNumber":7,"author":{"gitId":"TamKengHong"},"content":"public class Launcher {","lastModifiedDate":"2023-01-30"},{"lineNumber":8,"author":{"gitId":"TamKengHong"},"content":"    public static void main(String[] args) {","lastModifiedDate":"2023-01-30"},{"lineNumber":9,"author":{"gitId":"TamKengHong"},"content":"        Application.launch(Main.class, args);","lastModifiedDate":"2023-01-30"},{"lineNumber":10,"author":{"gitId":"TamKengHong"},"content":"    }","lastModifiedDate":"2023-01-30"},{"lineNumber":11,"author":{"gitId":"TamKengHong"},"content":"}","lastModifiedDate":"2023-01-30"}],"authorContributionMap":{"TamKengHong":11}},{"path":"src/main/java/duke/Main.java","fileType":"java","lines":[{"lineNumber":1,"author":{"gitId":"TamKengHong"},"content":"package duke;","lastModifiedDate":"2023-01-30"},{"lineNumber":2,"author":{"gitId":"TamKengHong"},"content":"","lastModifiedDate":"2023-01-30"},{"lineNumber":3,"author":{"gitId":"TamKengHong"},"content":"import java.io.IOException;","lastModifiedDate":"2023-01-30"},{"lineNumber":4,"author":{"gitId":"TamKengHong"},"content":"import javafx.application.Application;","lastModifiedDate":"2023-01-30"},{"lineNumber":5,"author":{"gitId":"TamKengHong"},"content":"import javafx.fxml.FXMLLoader;","lastModifiedDate":"2023-01-30"},{"lineNumber":6,"author":{"gitId":"TamKengHong"},"content":"import javafx.scene.Scene;","lastModifiedDate":"2023-01-30"},{"lineNumber":7,"author":{"gitId":"TamKengHong"},"content":"import javafx.scene.layout.AnchorPane;","lastModifiedDate":"2023-01-30"},{"lineNumber":8,"author":{"gitId":"TamKengHong"},"content":"import javafx.stage.Stage;","lastModifiedDate":"2023-01-30"},{"lineNumber":9,"author":{"gitId":"TamKengHong"},"content":"","lastModifiedDate":"2023-01-30"},{"lineNumber":10,"author":{"gitId":"TamKengHong"},"content":"/**","lastModifiedDate":"2023-01-30"},{"lineNumber":11,"author":{"gitId":"TamKengHong"},"content":" * A GUI for Duke using FXML.","lastModifiedDate":"2023-01-30"},{"lineNumber":12,"author":{"gitId":"TamKengHong"},"content":" */","lastModifiedDate":"2023-01-30"},{"lineNumber":13,"author":{"gitId":"TamKengHong"},"content":"public class Main extends Application {","lastModifiedDate":"2023-01-30"},{"lineNumber":14,"author":{"gitId":"TamKengHong"},"content":"","lastModifiedDate":"2023-01-30"},{"lineNumber":15,"author":{"gitId":"TamKengHong"},"content":"    private Duke duke \u003d new Duke();","lastModifiedDate":"2023-01-30"},{"lineNumber":16,"author":{"gitId":"TamKengHong"},"content":"","lastModifiedDate":"2023-01-30"},{"lineNumber":17,"author":{"gitId":"TamKengHong"},"content":"    @Override","lastModifiedDate":"2023-01-30"},{"lineNumber":18,"author":{"gitId":"TamKengHong"},"content":"    public void start(Stage stage) {","lastModifiedDate":"2023-01-30"},{"lineNumber":19,"author":{"gitId":"TamKengHong"},"content":"        try {","lastModifiedDate":"2023-01-30"},{"lineNumber":20,"author":{"gitId":"TamKengHong"},"content":"            FXMLLoader fxmlLoader \u003d new FXMLLoader(Main.class.getResource(\"/view/MainWindow.fxml\"));","lastModifiedDate":"2023-01-30"},{"lineNumber":21,"author":{"gitId":"TamKengHong"},"content":"            AnchorPane ap \u003d fxmlLoader.load();","lastModifiedDate":"2023-01-30"},{"lineNumber":22,"author":{"gitId":"TamKengHong"},"content":"            Scene scene \u003d new Scene(ap);","lastModifiedDate":"2023-01-30"},{"lineNumber":23,"author":{"gitId":"TamKengHong"},"content":"            stage.setScene(scene);","lastModifiedDate":"2023-01-30"},{"lineNumber":24,"author":{"gitId":"TamKengHong"},"content":"            fxmlLoader.\u003cMainWindow\u003egetController().setDuke(duke);","lastModifiedDate":"2023-01-30"},{"lineNumber":25,"author":{"gitId":"TamKengHong"},"content":"            stage.show();","lastModifiedDate":"2023-01-30"},{"lineNumber":26,"author":{"gitId":"TamKengHong"},"content":"        } catch (IOException e) {","lastModifiedDate":"2023-01-30"},{"lineNumber":27,"author":{"gitId":"TamKengHong"},"content":"            e.printStackTrace();","lastModifiedDate":"2023-01-30"},{"lineNumber":28,"author":{"gitId":"TamKengHong"},"content":"        }","lastModifiedDate":"2023-01-30"},{"lineNumber":29,"author":{"gitId":"TamKengHong"},"content":"    }","lastModifiedDate":"2023-01-30"},{"lineNumber":30,"author":{"gitId":"TamKengHong"},"content":"}","lastModifiedDate":"2023-01-30"}],"authorContributionMap":{"TamKengHong":30}},{"path":"src/main/java/duke/MainWindow.java","fileType":"java","lines":[{"lineNumber":1,"author":{"gitId":"TamKengHong"},"content":"package duke;","lastModifiedDate":"2023-01-30"},{"lineNumber":2,"author":{"gitId":"TamKengHong"},"content":"","lastModifiedDate":"2023-01-30"},{"lineNumber":3,"author":{"gitId":"TamKengHong"},"content":"import javafx.fxml.FXML;","lastModifiedDate":"2023-01-30"},{"lineNumber":4,"author":{"gitId":"TamKengHong"},"content":"import javafx.scene.control.Button;","lastModifiedDate":"2023-01-30"},{"lineNumber":5,"author":{"gitId":"TamKengHong"},"content":"import javafx.scene.control.ScrollPane;","lastModifiedDate":"2023-01-30"},{"lineNumber":6,"author":{"gitId":"TamKengHong"},"content":"import javafx.scene.control.TextField;","lastModifiedDate":"2023-01-30"},{"lineNumber":7,"author":{"gitId":"TamKengHong"},"content":"import javafx.scene.image.Image;","lastModifiedDate":"2023-01-30"},{"lineNumber":8,"author":{"gitId":"TamKengHong"},"content":"import javafx.scene.layout.AnchorPane;","lastModifiedDate":"2023-01-30"},{"lineNumber":9,"author":{"gitId":"TamKengHong"},"content":"import javafx.scene.layout.VBox;","lastModifiedDate":"2023-01-30"},{"lineNumber":10,"author":{"gitId":"TamKengHong"},"content":"/**","lastModifiedDate":"2023-01-30"},{"lineNumber":11,"author":{"gitId":"TamKengHong"},"content":" * Controller for MainWindow. Provides the layout for the other controls.","lastModifiedDate":"2023-01-30"},{"lineNumber":12,"author":{"gitId":"TamKengHong"},"content":" */","lastModifiedDate":"2023-01-30"},{"lineNumber":13,"author":{"gitId":"TamKengHong"},"content":"public class MainWindow extends AnchorPane {","lastModifiedDate":"2023-01-30"},{"lineNumber":14,"author":{"gitId":"TamKengHong"},"content":"    @FXML","lastModifiedDate":"2023-01-30"},{"lineNumber":15,"author":{"gitId":"TamKengHong"},"content":"    private ScrollPane scrollPane;","lastModifiedDate":"2023-01-30"},{"lineNumber":16,"author":{"gitId":"TamKengHong"},"content":"    @FXML","lastModifiedDate":"2023-01-30"},{"lineNumber":17,"author":{"gitId":"TamKengHong"},"content":"    private VBox dialogContainer;","lastModifiedDate":"2023-01-30"},{"lineNumber":18,"author":{"gitId":"TamKengHong"},"content":"    @FXML","lastModifiedDate":"2023-01-30"},{"lineNumber":19,"author":{"gitId":"TamKengHong"},"content":"    private TextField userInput;","lastModifiedDate":"2023-01-30"},{"lineNumber":20,"author":{"gitId":"TamKengHong"},"content":"    @FXML","lastModifiedDate":"2023-01-30"},{"lineNumber":21,"author":{"gitId":"TamKengHong"},"content":"    private Button sendButton;","lastModifiedDate":"2023-01-30"},{"lineNumber":22,"author":{"gitId":"TamKengHong"},"content":"","lastModifiedDate":"2023-01-30"},{"lineNumber":23,"author":{"gitId":"TamKengHong"},"content":"    private Duke duke;","lastModifiedDate":"2023-01-30"},{"lineNumber":24,"author":{"gitId":"TamKengHong"},"content":"","lastModifiedDate":"2023-01-30"},{"lineNumber":25,"author":{"gitId":"TamKengHong"},"content":"    private Image userImage \u003d new Image(this.getClass().getResourceAsStream(\"/images/DaUser.png\"));","lastModifiedDate":"2023-01-30"},{"lineNumber":26,"author":{"gitId":"TamKengHong"},"content":"    private Image dukeImage \u003d new Image(this.getClass().getResourceAsStream(\"/images/DaDuke.png\"));","lastModifiedDate":"2023-01-30"},{"lineNumber":27,"author":{"gitId":"TamKengHong"},"content":"","lastModifiedDate":"2023-01-30"},{"lineNumber":28,"author":{"gitId":"TamKengHong"},"content":"    @FXML","lastModifiedDate":"2023-01-30"},{"lineNumber":29,"author":{"gitId":"TamKengHong"},"content":"    public void initialize() {","lastModifiedDate":"2023-01-30"},{"lineNumber":30,"author":{"gitId":"TamKengHong"},"content":"        scrollPane.vvalueProperty().bind(dialogContainer.heightProperty());","lastModifiedDate":"2023-01-30"},{"lineNumber":31,"author":{"gitId":"TamKengHong"},"content":"    }","lastModifiedDate":"2023-01-30"},{"lineNumber":32,"author":{"gitId":"TamKengHong"},"content":"","lastModifiedDate":"2023-01-30"},{"lineNumber":33,"author":{"gitId":"TamKengHong"},"content":"    public void setDuke(Duke d) {","lastModifiedDate":"2023-01-30"},{"lineNumber":34,"author":{"gitId":"TamKengHong"},"content":"        duke \u003d d;","lastModifiedDate":"2023-01-30"},{"lineNumber":35,"author":{"gitId":"TamKengHong"},"content":"    }","lastModifiedDate":"2023-01-30"},{"lineNumber":36,"author":{"gitId":"TamKengHong"},"content":"","lastModifiedDate":"2023-01-30"},{"lineNumber":37,"author":{"gitId":"TamKengHong"},"content":"    /**","lastModifiedDate":"2023-01-30"},{"lineNumber":38,"author":{"gitId":"TamKengHong"},"content":"     * Creates two dialog boxes, one echoing user input and the other containing Duke\u0027s reply and then appends them to","lastModifiedDate":"2023-01-30"},{"lineNumber":39,"author":{"gitId":"TamKengHong"},"content":"     * the dialog container. Clears the user input after processing.","lastModifiedDate":"2023-01-30"},{"lineNumber":40,"author":{"gitId":"TamKengHong"},"content":"     */","lastModifiedDate":"2023-01-30"},{"lineNumber":41,"author":{"gitId":"TamKengHong"},"content":"    @FXML","lastModifiedDate":"2023-01-30"},{"lineNumber":42,"author":{"gitId":"TamKengHong"},"content":"    private void handleUserInput() {","lastModifiedDate":"2023-01-30"},{"lineNumber":43,"author":{"gitId":"TamKengHong"},"content":"        String input \u003d userInput.getText();","lastModifiedDate":"2023-01-30"},{"lineNumber":44,"author":{"gitId":"TamKengHong"},"content":"        String response \u003d duke.getResponse(input);","lastModifiedDate":"2023-01-30"},{"lineNumber":45,"author":{"gitId":"TamKengHong"},"content":"        dialogContainer.getChildren().addAll(","lastModifiedDate":"2023-01-30"},{"lineNumber":46,"author":{"gitId":"TamKengHong"},"content":"                DialogBox.getUserDialog(input, userImage),","lastModifiedDate":"2023-01-30"},{"lineNumber":47,"author":{"gitId":"TamKengHong"},"content":"                DialogBox.getDukeDialog(response, dukeImage)","lastModifiedDate":"2023-01-30"},{"lineNumber":48,"author":{"gitId":"TamKengHong"},"content":"        );","lastModifiedDate":"2023-01-30"},{"lineNumber":49,"author":{"gitId":"TamKengHong"},"content":"        userInput.clear();","lastModifiedDate":"2023-01-30"},{"lineNumber":50,"author":{"gitId":"TamKengHong"},"content":"    }","lastModifiedDate":"2023-01-30"},{"lineNumber":51,"author":{"gitId":"TamKengHong"},"content":"}","lastModifiedDate":"2023-01-30"}],"authorContributionMap":{"TamKengHong":51}},{"path":"src/main/java/duke/exception/DukeException.java","fileType":"java","lines":[{"lineNumber":1,"author":{"gitId":"TamKengHong"},"content":"package duke.exception;","lastModifiedDate":"2023-01-25"},{"lineNumber":2,"author":{"gitId":"TamKengHong"},"content":"","lastModifiedDate":"2023-01-25"},{"lineNumber":3,"author":{"gitId":"TamKengHong"},"content":"public class DukeException extends RuntimeException {","lastModifiedDate":"2023-01-17"},{"lineNumber":4,"author":{"gitId":"TamKengHong"},"content":"    public DukeException(String message) {","lastModifiedDate":"2023-01-17"},{"lineNumber":5,"author":{"gitId":"TamKengHong"},"content":"        super(message);","lastModifiedDate":"2023-01-17"},{"lineNumber":6,"author":{"gitId":"TamKengHong"},"content":"    }","lastModifiedDate":"2023-01-17"},{"lineNumber":7,"author":{"gitId":"TamKengHong"},"content":"}","lastModifiedDate":"2023-01-17"}],"authorContributionMap":{"TamKengHong":7}},{"path":"src/main/java/duke/exception/EmptyTaskException.java","fileType":"java","lines":[{"lineNumber":1,"author":{"gitId":"TamKengHong"},"content":"package duke.exception;","lastModifiedDate":"2023-01-25"},{"lineNumber":2,"author":{"gitId":"TamKengHong"},"content":"","lastModifiedDate":"2023-01-25"},{"lineNumber":3,"author":{"gitId":"TamKengHong"},"content":"public class EmptyTaskException extends DukeException {","lastModifiedDate":"2023-01-23"},{"lineNumber":4,"author":{"gitId":"TamKengHong"},"content":"    public EmptyTaskException(String message) {","lastModifiedDate":"2023-01-23"},{"lineNumber":5,"author":{"gitId":"TamKengHong"},"content":"        super(message);","lastModifiedDate":"2023-01-23"},{"lineNumber":6,"author":{"gitId":"TamKengHong"},"content":"    }","lastModifiedDate":"2023-01-23"},{"lineNumber":7,"author":{"gitId":"TamKengHong"},"content":"}","lastModifiedDate":"2023-01-23"}],"authorContributionMap":{"TamKengHong":7}},{"path":"src/main/java/duke/exception/InvalidCommandException.java","fileType":"java","lines":[{"lineNumber":1,"author":{"gitId":"TamKengHong"},"content":"package duke.exception;","lastModifiedDate":"2023-01-25"},{"lineNumber":2,"author":{"gitId":"TamKengHong"},"content":"","lastModifiedDate":"2023-01-25"},{"lineNumber":3,"author":{"gitId":"TamKengHong"},"content":"public class InvalidCommandException extends DukeException {","lastModifiedDate":"2023-01-23"},{"lineNumber":4,"author":{"gitId":"TamKengHong"},"content":"    public InvalidCommandException(String message) {","lastModifiedDate":"2023-01-23"},{"lineNumber":5,"author":{"gitId":"TamKengHong"},"content":"        super(message);","lastModifiedDate":"2023-01-23"},{"lineNumber":6,"author":{"gitId":"TamKengHong"},"content":"    }","lastModifiedDate":"2023-01-23"},{"lineNumber":7,"author":{"gitId":"TamKengHong"},"content":"}","lastModifiedDate":"2023-01-23"}],"authorContributionMap":{"TamKengHong":7}},{"path":"src/main/java/duke/helper/Parser.java","fileType":"java","lines":[{"lineNumber":1,"author":{"gitId":"TamKengHong"},"content":"package duke.helper;","lastModifiedDate":"2023-01-25"},{"lineNumber":2,"author":{"gitId":"TamKengHong"},"content":"","lastModifiedDate":"2023-01-25"},{"lineNumber":3,"author":{"gitId":"TamKengHong"},"content":"import duke.exception.EmptyTaskException;","lastModifiedDate":"2023-01-25"},{"lineNumber":4,"author":{"gitId":"TamKengHong"},"content":"import duke.exception.InvalidCommandException;","lastModifiedDate":"2023-01-25"},{"lineNumber":5,"author":{"gitId":"TamKengHong"},"content":"import duke.task.Deadline;","lastModifiedDate":"2023-01-25"},{"lineNumber":6,"author":{"gitId":"TamKengHong"},"content":"import duke.task.Event;","lastModifiedDate":"2023-01-25"},{"lineNumber":7,"author":{"gitId":"TamKengHong"},"content":"import duke.task.Task;","lastModifiedDate":"2023-01-25"},{"lineNumber":8,"author":{"gitId":"TamKengHong"},"content":"import duke.task.ToDo;","lastModifiedDate":"2023-01-25"},{"lineNumber":9,"author":{"gitId":"TamKengHong"},"content":"","lastModifiedDate":"2023-01-25"},{"lineNumber":10,"author":{"gitId":"TamKengHong"},"content":"public class Parser {","lastModifiedDate":"2023-01-23"},{"lineNumber":11,"author":{"gitId":"TamKengHong"},"content":"    /**","lastModifiedDate":"2023-01-25"},{"lineNumber":12,"author":{"gitId":"TamKengHong"},"content":"     * Validates the task input, checks for empty tasks. If task is empty, throws EmptyTaskException.","lastModifiedDate":"2023-01-25"},{"lineNumber":13,"author":{"gitId":"TamKengHong"},"content":"     *","lastModifiedDate":"2023-01-25"},{"lineNumber":14,"author":{"gitId":"TamKengHong"},"content":"     * @param input the user input.","lastModifiedDate":"2023-01-25"},{"lineNumber":15,"author":{"gitId":"TamKengHong"},"content":"     * @throws EmptyTaskException","lastModifiedDate":"2023-01-25"},{"lineNumber":16,"author":{"gitId":"TamKengHong"},"content":"     */","lastModifiedDate":"2023-01-25"},{"lineNumber":17,"author":{"gitId":"TamKengHong"},"content":"    public void validateTaskInput(String input) throws EmptyTaskException {","lastModifiedDate":"2023-01-23"},{"lineNumber":18,"author":{"gitId":"TamKengHong"},"content":"        String s \u003d input.strip();","lastModifiedDate":"2023-01-23"},{"lineNumber":19,"author":{"gitId":"TamKengHong"},"content":"        if (s.equals(\"todo\") || s.equals(\"deadline\") || s.equals(\"event\")) {","lastModifiedDate":"2023-01-23"},{"lineNumber":20,"author":{"gitId":"TamKengHong"},"content":"            throw new EmptyTaskException(\"Task \" + s + \" cannot be empty nya!\\n\");","lastModifiedDate":"2023-01-25"},{"lineNumber":21,"author":{"gitId":"TamKengHong"},"content":"        }","lastModifiedDate":"2023-01-23"},{"lineNumber":22,"author":{"gitId":"TamKengHong"},"content":"    }","lastModifiedDate":"2023-01-23"},{"lineNumber":23,"author":{"gitId":"TamKengHong"},"content":"","lastModifiedDate":"2023-01-23"},{"lineNumber":24,"author":{"gitId":"TamKengHong"},"content":"    /**","lastModifiedDate":"2023-01-25"},{"lineNumber":25,"author":{"gitId":"TamKengHong"},"content":"     * Creates an appropriate task from the user input. Tasks created can be ToDo, Deadline or Event.","lastModifiedDate":"2023-01-25"},{"lineNumber":26,"author":{"gitId":"TamKengHong"},"content":"     *","lastModifiedDate":"2023-01-25"},{"lineNumber":27,"author":{"gitId":"TamKengHong"},"content":"     * @param input the user input.","lastModifiedDate":"2023-01-25"},{"lineNumber":28,"author":{"gitId":"TamKengHong"},"content":"     * @return Task the resultant task formed.","lastModifiedDate":"2023-01-25"},{"lineNumber":29,"author":{"gitId":"TamKengHong"},"content":"     */","lastModifiedDate":"2023-01-25"},{"lineNumber":30,"author":{"gitId":"TamKengHong"},"content":"    public Task makeTaskFromInput(String input) {","lastModifiedDate":"2023-01-23"},{"lineNumber":31,"author":{"gitId":"TamKengHong"},"content":"        validateTaskInput(input);","lastModifiedDate":"2023-01-25"},{"lineNumber":32,"author":{"gitId":"TamKengHong"},"content":"        String rest \u003d input.substring(input.indexOf(\" \") + 1);","lastModifiedDate":"2023-01-23"},{"lineNumber":33,"author":{"gitId":"TamKengHong"},"content":"        switch (input.split(\" \")[0]) {","lastModifiedDate":"2023-01-23"},{"lineNumber":34,"author":{"gitId":"TamKengHong"},"content":"        case \"todo\":","lastModifiedDate":"2023-01-23"},{"lineNumber":35,"author":{"gitId":"TamKengHong"},"content":"            return new ToDo(rest);","lastModifiedDate":"2023-01-23"},{"lineNumber":36,"author":{"gitId":"TamKengHong"},"content":"        case \"deadline\":","lastModifiedDate":"2023-01-23"},{"lineNumber":37,"author":{"gitId":"TamKengHong"},"content":"            String[] words \u003d rest.split(\"/by\");","lastModifiedDate":"2023-01-23"},{"lineNumber":38,"author":{"gitId":"TamKengHong"},"content":"            return new Deadline(words[0].strip(), words[1].strip());","lastModifiedDate":"2023-01-23"},{"lineNumber":39,"author":{"gitId":"TamKengHong"},"content":"        default:","lastModifiedDate":"2023-01-23"},{"lineNumber":40,"author":{"gitId":"TamKengHong"},"content":"            String description \u003d rest.split(\"/from\")[0].strip();","lastModifiedDate":"2023-01-23"},{"lineNumber":41,"author":{"gitId":"TamKengHong"},"content":"            String start \u003d rest.split(\"/from\")[1].split(\"/to\")[0].strip();","lastModifiedDate":"2023-01-23"},{"lineNumber":42,"author":{"gitId":"TamKengHong"},"content":"            String end \u003d rest.split(\"/to\")[1].strip();","lastModifiedDate":"2023-01-23"},{"lineNumber":43,"author":{"gitId":"TamKengHong"},"content":"            return new Event(description, start, end);","lastModifiedDate":"2023-01-23"},{"lineNumber":44,"author":{"gitId":"TamKengHong"},"content":"        }","lastModifiedDate":"2023-01-23"},{"lineNumber":45,"author":{"gitId":"TamKengHong"},"content":"    }","lastModifiedDate":"2023-01-23"},{"lineNumber":46,"author":{"gitId":"TamKengHong"},"content":"","lastModifiedDate":"2023-01-23"},{"lineNumber":47,"author":{"gitId":"TamKengHong"},"content":"    /**","lastModifiedDate":"2023-01-25"},{"lineNumber":48,"author":{"gitId":"TamKengHong"},"content":"     * dispatches the commands based off the user input.","lastModifiedDate":"2023-01-25"},{"lineNumber":49,"author":{"gitId":"TamKengHong"},"content":"     *","lastModifiedDate":"2023-01-25"},{"lineNumber":50,"author":{"gitId":"TamKengHong"},"content":"     * @param command","lastModifiedDate":"2023-01-25"},{"lineNumber":51,"author":{"gitId":"TamKengHong"},"content":"     * @param ui","lastModifiedDate":"2023-01-25"},{"lineNumber":52,"author":{"gitId":"TamKengHong"},"content":"     * @param taskList","lastModifiedDate":"2023-01-25"},{"lineNumber":53,"author":{"gitId":"TamKengHong"},"content":"     * @throws InvalidCommandException","lastModifiedDate":"2023-01-25"},{"lineNumber":54,"author":{"gitId":"TamKengHong"},"content":"     */","lastModifiedDate":"2023-01-25"},{"lineNumber":55,"author":{"gitId":"TamKengHong"},"content":"    public String dispatch(String command, Ui ui, TaskList taskList) throws InvalidCommandException {","lastModifiedDate":"2023-02-07"},{"lineNumber":56,"author":{"gitId":"TamKengHong"},"content":"        switch (command.split(\" \")[0]) {","lastModifiedDate":"2023-01-23"},{"lineNumber":57,"author":{"gitId":"TamKengHong"},"content":"        case \"list\":","lastModifiedDate":"2023-01-23"},{"lineNumber":58,"author":{"gitId":"TamKengHong"},"content":"            return ui.print(taskList.listTasks());","lastModifiedDate":"2023-02-07"},{"lineNumber":59,"author":{"gitId":"TamKengHong"},"content":"        case \"mark\":","lastModifiedDate":"2023-01-23"},{"lineNumber":60,"author":{"gitId":"TamKengHong"},"content":"            return ui.print(taskList.markTask(Integer.parseInt(command.split(\" \")[1])));","lastModifiedDate":"2023-02-07"},{"lineNumber":61,"author":{"gitId":"TamKengHong"},"content":"        case \"unmark\":","lastModifiedDate":"2023-01-23"},{"lineNumber":62,"author":{"gitId":"TamKengHong"},"content":"            return ui.print(taskList.unmarkTask(Integer.parseInt(command.split(\" \")[1])));","lastModifiedDate":"2023-02-07"},{"lineNumber":63,"author":{"gitId":"TamKengHong"},"content":"        case \"delete\":","lastModifiedDate":"2023-01-23"},{"lineNumber":64,"author":{"gitId":"TamKengHong"},"content":"            return ui.print(taskList.deleteTask(Integer.parseInt(command.split(\" \")[1])));","lastModifiedDate":"2023-02-07"},{"lineNumber":65,"author":{"gitId":"TamKengHong"},"content":"        case \"todo\":","lastModifiedDate":"2023-01-23"},{"lineNumber":66,"author":{"gitId":"TamKengHong"},"content":"        case \"deadline\":","lastModifiedDate":"2023-01-23"},{"lineNumber":67,"author":{"gitId":"TamKengHong"},"content":"        case \"event\":","lastModifiedDate":"2023-01-23"},{"lineNumber":68,"author":{"gitId":"TamKengHong"},"content":"            return ui.print(taskList.addTask(makeTaskFromInput(command)));","lastModifiedDate":"2023-02-07"},{"lineNumber":69,"author":{"gitId":"TamKengHong"},"content":"        case \"find\":","lastModifiedDate":"2023-01-25"},{"lineNumber":70,"author":{"gitId":"TamKengHong"},"content":"            return ui.print(taskList.findTask(command.split(\" \")[1]));","lastModifiedDate":"2023-02-07"},{"lineNumber":71,"author":{"gitId":"TamKengHong"},"content":"        default:","lastModifiedDate":"2023-01-23"},{"lineNumber":72,"author":{"gitId":"TamKengHong"},"content":"            throw new InvalidCommandException(\"Invalid command nya!\\n\"","lastModifiedDate":"2023-01-23"},{"lineNumber":73,"author":{"gitId":"TamKengHong"},"content":"                    + \" Do it again and I will scratch you!\\n\");","lastModifiedDate":"2023-01-23"},{"lineNumber":74,"author":{"gitId":"TamKengHong"},"content":"        }","lastModifiedDate":"2023-01-23"},{"lineNumber":75,"author":{"gitId":"TamKengHong"},"content":"    }","lastModifiedDate":"2023-01-23"},{"lineNumber":76,"author":{"gitId":"TamKengHong"},"content":"}","lastModifiedDate":"2023-01-23"}],"authorContributionMap":{"TamKengHong":76}},{"path":"src/main/java/duke/helper/Storage.java","fileType":"java","lines":[{"lineNumber":1,"author":{"gitId":"TamKengHong"},"content":"package duke.helper;","lastModifiedDate":"2023-01-25"},{"lineNumber":2,"author":{"gitId":"TamKengHong"},"content":"","lastModifiedDate":"2023-01-25"},{"lineNumber":3,"author":{"gitId":"TamKengHong"},"content":"import duke.task.Deadline;","lastModifiedDate":"2023-01-25"},{"lineNumber":4,"author":{"gitId":"TamKengHong"},"content":"import duke.task.Event;","lastModifiedDate":"2023-01-25"},{"lineNumber":5,"author":{"gitId":"TamKengHong"},"content":"import duke.task.Task;","lastModifiedDate":"2023-01-25"},{"lineNumber":6,"author":{"gitId":"TamKengHong"},"content":"import duke.task.ToDo;","lastModifiedDate":"2023-01-25"},{"lineNumber":7,"author":{"gitId":"TamKengHong"},"content":"","lastModifiedDate":"2023-01-25"},{"lineNumber":8,"author":{"gitId":"TamKengHong"},"content":"import java.io.File;","lastModifiedDate":"2023-01-23"},{"lineNumber":9,"author":{"gitId":"TamKengHong"},"content":"import java.io.FileNotFoundException;","lastModifiedDate":"2023-01-23"},{"lineNumber":10,"author":{"gitId":"TamKengHong"},"content":"import java.io.FileWriter;","lastModifiedDate":"2023-01-23"},{"lineNumber":11,"author":{"gitId":"TamKengHong"},"content":"import java.io.IOException;","lastModifiedDate":"2023-01-23"},{"lineNumber":12,"author":{"gitId":"TamKengHong"},"content":"import java.util.Scanner;","lastModifiedDate":"2023-01-23"},{"lineNumber":13,"author":{"gitId":"TamKengHong"},"content":"","lastModifiedDate":"2023-01-23"},{"lineNumber":14,"author":{"gitId":"TamKengHong"},"content":"public class Storage {","lastModifiedDate":"2023-01-23"},{"lineNumber":15,"author":{"gitId":"TamKengHong"},"content":"    private File f;","lastModifiedDate":"2023-01-23"},{"lineNumber":16,"author":{"gitId":"TamKengHong"},"content":"","lastModifiedDate":"2023-01-23"},{"lineNumber":17,"author":{"gitId":"TamKengHong"},"content":"    public Storage(TaskList tl) {","lastModifiedDate":"2023-02-07"},{"lineNumber":18,"author":{"gitId":"TamKengHong"},"content":"        try {","lastModifiedDate":"2023-02-07"},{"lineNumber":19,"author":{"gitId":"TamKengHong"},"content":"            File dir \u003d new File(\"data\");","lastModifiedDate":"2023-01-23"},{"lineNumber":20,"author":{"gitId":"TamKengHong"},"content":"            if (!dir.exists()) {","lastModifiedDate":"2023-01-23"},{"lineNumber":21,"author":{"gitId":"TamKengHong"},"content":"                dir.mkdir();","lastModifiedDate":"2023-01-23"},{"lineNumber":22,"author":{"gitId":"TamKengHong"},"content":"            }","lastModifiedDate":"2023-01-23"},{"lineNumber":23,"author":{"gitId":"TamKengHong"},"content":"            File f \u003d new File(\"data/taskData.txt\");","lastModifiedDate":"2023-01-23"},{"lineNumber":24,"author":{"gitId":"TamKengHong"},"content":"            if (!f.exists()) {","lastModifiedDate":"2023-01-23"},{"lineNumber":25,"author":{"gitId":"TamKengHong"},"content":"                f.createNewFile();","lastModifiedDate":"2023-01-23"},{"lineNumber":26,"author":{"gitId":"TamKengHong"},"content":"            }","lastModifiedDate":"2023-01-23"},{"lineNumber":27,"author":{"gitId":"TamKengHong"},"content":"            this.f \u003d f;","lastModifiedDate":"2023-01-23"},{"lineNumber":28,"author":{"gitId":"TamKengHong"},"content":"            loadTasks(tl, f);","lastModifiedDate":"2023-01-23"},{"lineNumber":29,"author":{"gitId":"TamKengHong"},"content":"        } catch (IOException e) {","lastModifiedDate":"2023-02-07"},{"lineNumber":30,"author":{"gitId":"TamKengHong"},"content":"","lastModifiedDate":"2023-02-07"},{"lineNumber":31,"author":{"gitId":"TamKengHong"},"content":"        }","lastModifiedDate":"2023-02-07"},{"lineNumber":32,"author":{"gitId":"TamKengHong"},"content":"    }","lastModifiedDate":"2023-01-23"},{"lineNumber":33,"author":{"gitId":"TamKengHong"},"content":"","lastModifiedDate":"2023-01-23"},{"lineNumber":34,"author":{"gitId":"TamKengHong"},"content":"    /**","lastModifiedDate":"2023-01-25"},{"lineNumber":35,"author":{"gitId":"TamKengHong"},"content":"     * Loads the tasks from an existing file.","lastModifiedDate":"2023-01-25"},{"lineNumber":36,"author":{"gitId":"TamKengHong"},"content":"     *","lastModifiedDate":"2023-01-25"},{"lineNumber":37,"author":{"gitId":"TamKengHong"},"content":"     * @param tl, the Tasklist.","lastModifiedDate":"2023-01-25"},{"lineNumber":38,"author":{"gitId":"TamKengHong"},"content":"     * @param f,  the File.","lastModifiedDate":"2023-01-25"},{"lineNumber":39,"author":{"gitId":"TamKengHong"},"content":"     * @throws FileNotFoundException","lastModifiedDate":"2023-01-25"},{"lineNumber":40,"author":{"gitId":"TamKengHong"},"content":"     */","lastModifiedDate":"2023-01-25"},{"lineNumber":41,"author":{"gitId":"TamKengHong"},"content":"    public void loadTasks(TaskList tl, File f) throws FileNotFoundException {","lastModifiedDate":"2023-01-23"},{"lineNumber":42,"author":{"gitId":"TamKengHong"},"content":"        Scanner sc \u003d new Scanner(f);","lastModifiedDate":"2023-01-23"},{"lineNumber":43,"author":{"gitId":"TamKengHong"},"content":"        while (sc.hasNext()) {","lastModifiedDate":"2023-01-23"},{"lineNumber":44,"author":{"gitId":"TamKengHong"},"content":"            tl.addTask(makeTask(sc.nextLine()));","lastModifiedDate":"2023-01-23"},{"lineNumber":45,"author":{"gitId":"TamKengHong"},"content":"        }","lastModifiedDate":"2023-01-23"},{"lineNumber":46,"author":{"gitId":"TamKengHong"},"content":"        sc.close();","lastModifiedDate":"2023-01-23"},{"lineNumber":47,"author":{"gitId":"TamKengHong"},"content":"    }","lastModifiedDate":"2023-01-23"},{"lineNumber":48,"author":{"gitId":"TamKengHong"},"content":"","lastModifiedDate":"2023-01-23"},{"lineNumber":49,"author":{"gitId":"TamKengHong"},"content":"    /**","lastModifiedDate":"2023-01-25"},{"lineNumber":50,"author":{"gitId":"TamKengHong"},"content":"     * Helper method of loadTasks, to create tasks from file input.","lastModifiedDate":"2023-01-25"},{"lineNumber":51,"author":{"gitId":"TamKengHong"},"content":"     *","lastModifiedDate":"2023-01-25"},{"lineNumber":52,"author":{"gitId":"TamKengHong"},"content":"     * @param input, the string user input.","lastModifiedDate":"2023-01-25"},{"lineNumber":53,"author":{"gitId":"TamKengHong"},"content":"     * @return the created task.","lastModifiedDate":"2023-01-25"},{"lineNumber":54,"author":{"gitId":"TamKengHong"},"content":"     */","lastModifiedDate":"2023-01-25"},{"lineNumber":55,"author":{"gitId":"TamKengHong"},"content":"    public Task makeTask(String input) {","lastModifiedDate":"2023-01-23"},{"lineNumber":56,"author":{"gitId":"TamKengHong"},"content":"        String[] words \u003d input.split(\"\\\\|\");","lastModifiedDate":"2023-01-25"},{"lineNumber":57,"author":{"gitId":"TamKengHong"},"content":"        switch (words[0]) {","lastModifiedDate":"2023-01-23"},{"lineNumber":58,"author":{"gitId":"TamKengHong"},"content":"        case \"T\":","lastModifiedDate":"2023-01-23"},{"lineNumber":59,"author":{"gitId":"TamKengHong"},"content":"            return new ToDo(words[2]);","lastModifiedDate":"2023-01-25"},{"lineNumber":60,"author":{"gitId":"TamKengHong"},"content":"        case \"D\":","lastModifiedDate":"2023-01-23"},{"lineNumber":61,"author":{"gitId":"TamKengHong"},"content":"            return new Deadline(words[2], words[3]);","lastModifiedDate":"2023-01-25"},{"lineNumber":62,"author":{"gitId":"TamKengHong"},"content":"        default:","lastModifiedDate":"2023-01-23"},{"lineNumber":63,"author":{"gitId":"TamKengHong"},"content":"            return new Event(words[2], words[3], words[4]);","lastModifiedDate":"2023-01-25"},{"lineNumber":64,"author":{"gitId":"TamKengHong"},"content":"        }","lastModifiedDate":"2023-01-23"},{"lineNumber":65,"author":{"gitId":"TamKengHong"},"content":"    }","lastModifiedDate":"2023-01-23"},{"lineNumber":66,"author":{"gitId":"TamKengHong"},"content":"","lastModifiedDate":"2023-01-23"},{"lineNumber":67,"author":{"gitId":"TamKengHong"},"content":"    public void saveTasks(TaskList tl) {","lastModifiedDate":"2023-02-07"},{"lineNumber":68,"author":{"gitId":"TamKengHong"},"content":"        try {","lastModifiedDate":"2023-02-07"},{"lineNumber":69,"author":{"gitId":"TamKengHong"},"content":"            FileWriter fw \u003d new FileWriter(f);","lastModifiedDate":"2023-01-23"},{"lineNumber":70,"author":{"gitId":"TamKengHong"},"content":"            for (Task t : tl.getTasks()) {","lastModifiedDate":"2023-01-23"},{"lineNumber":71,"author":{"gitId":"TamKengHong"},"content":"                fw.write(t.fileOutput() + \"\\n\");","lastModifiedDate":"2023-01-23"},{"lineNumber":72,"author":{"gitId":"TamKengHong"},"content":"            }","lastModifiedDate":"2023-01-23"},{"lineNumber":73,"author":{"gitId":"TamKengHong"},"content":"            fw.close();","lastModifiedDate":"2023-01-23"},{"lineNumber":74,"author":{"gitId":"TamKengHong"},"content":"        } catch (IOException e) {","lastModifiedDate":"2023-02-07"},{"lineNumber":75,"author":{"gitId":"TamKengHong"},"content":"        }","lastModifiedDate":"2023-02-07"},{"lineNumber":76,"author":{"gitId":"TamKengHong"},"content":"    }","lastModifiedDate":"2023-01-23"},{"lineNumber":77,"author":{"gitId":"TamKengHong"},"content":"}","lastModifiedDate":"2023-01-23"}],"authorContributionMap":{"TamKengHong":77}},{"path":"src/main/java/duke/helper/TaskList.java","fileType":"java","lines":[{"lineNumber":1,"author":{"gitId":"TamKengHong"},"content":"package duke.helper;","lastModifiedDate":"2023-01-25"},{"lineNumber":2,"author":{"gitId":"TamKengHong"},"content":"","lastModifiedDate":"2023-01-25"},{"lineNumber":3,"author":{"gitId":"TamKengHong"},"content":"import duke.task.Task;","lastModifiedDate":"2023-01-25"},{"lineNumber":4,"author":{"gitId":"TamKengHong"},"content":"import java.util.ArrayList;","lastModifiedDate":"2023-01-23"},{"lineNumber":5,"author":{"gitId":"TamKengHong"},"content":"","lastModifiedDate":"2023-01-23"},{"lineNumber":6,"author":{"gitId":"TamKengHong"},"content":"public class TaskList {","lastModifiedDate":"2023-01-23"},{"lineNumber":7,"author":{"gitId":"TamKengHong"},"content":"    private ArrayList\u003cTask\u003e tasks \u003d new ArrayList\u003c\u003e();","lastModifiedDate":"2023-01-23"},{"lineNumber":8,"author":{"gitId":"TamKengHong"},"content":"","lastModifiedDate":"2023-01-23"},{"lineNumber":9,"author":{"gitId":"TamKengHong"},"content":"    public ArrayList\u003cTask\u003e getTasks() {","lastModifiedDate":"2023-01-23"},{"lineNumber":10,"author":{"gitId":"TamKengHong"},"content":"        return tasks;","lastModifiedDate":"2023-01-23"},{"lineNumber":11,"author":{"gitId":"TamKengHong"},"content":"    }","lastModifiedDate":"2023-01-23"},{"lineNumber":12,"author":{"gitId":"TamKengHong"},"content":"","lastModifiedDate":"2023-01-23"},{"lineNumber":13,"author":{"gitId":"TamKengHong"},"content":"    /**","lastModifiedDate":"2023-01-25"},{"lineNumber":14,"author":{"gitId":"TamKengHong"},"content":"     * Adds a task to the tasklist.","lastModifiedDate":"2023-01-25"},{"lineNumber":15,"author":{"gitId":"TamKengHong"},"content":"     *","lastModifiedDate":"2023-01-25"},{"lineNumber":16,"author":{"gitId":"TamKengHong"},"content":"     * @param currTask the task to be added.","lastModifiedDate":"2023-01-25"},{"lineNumber":17,"author":{"gitId":"TamKengHong"},"content":"     * @return The string to be printed","lastModifiedDate":"2023-01-25"},{"lineNumber":18,"author":{"gitId":"TamKengHong"},"content":"     */","lastModifiedDate":"2023-01-25"},{"lineNumber":19,"author":{"gitId":"TamKengHong"},"content":"    public String addTask(Task currTask) {","lastModifiedDate":"2023-01-23"},{"lineNumber":20,"author":{"gitId":"TamKengHong"},"content":"        tasks.add(currTask);","lastModifiedDate":"2023-01-23"},{"lineNumber":21,"author":{"gitId":"TamKengHong"},"content":"        return String.format(\"Added task nya!\\n  %s\\n\"","lastModifiedDate":"2023-01-23"},{"lineNumber":22,"author":{"gitId":"TamKengHong"},"content":"                + \" Nyow you have %d tasks in the list nya!\\n\", currTask, tasks.size());","lastModifiedDate":"2023-01-23"},{"lineNumber":23,"author":{"gitId":"TamKengHong"},"content":"    }","lastModifiedDate":"2023-01-23"},{"lineNumber":24,"author":{"gitId":"TamKengHong"},"content":"","lastModifiedDate":"2023-01-23"},{"lineNumber":25,"author":{"gitId":"TamKengHong"},"content":"    /**","lastModifiedDate":"2023-01-25"},{"lineNumber":26,"author":{"gitId":"TamKengHong"},"content":"     * Deletes a task from the tasklist.","lastModifiedDate":"2023-01-25"},{"lineNumber":27,"author":{"gitId":"TamKengHong"},"content":"     *","lastModifiedDate":"2023-01-25"},{"lineNumber":28,"author":{"gitId":"TamKengHong"},"content":"     * @param id, the index of task in the tasklist to delete.","lastModifiedDate":"2023-01-25"},{"lineNumber":29,"author":{"gitId":"TamKengHong"},"content":"     * @return The string to be printed.","lastModifiedDate":"2023-01-25"},{"lineNumber":30,"author":{"gitId":"TamKengHong"},"content":"     */","lastModifiedDate":"2023-01-25"},{"lineNumber":31,"author":{"gitId":"TamKengHong"},"content":"    public String deleteTask(int id) {","lastModifiedDate":"2023-01-23"},{"lineNumber":32,"author":{"gitId":"TamKengHong"},"content":"        return String.format(\"Removed task nya!\\n  %s\\n\" +","lastModifiedDate":"2023-01-23"},{"lineNumber":33,"author":{"gitId":"TamKengHong"},"content":"                        \" Nyow you have %d tasks in the list nya!\\n\",","lastModifiedDate":"2023-01-23"},{"lineNumber":34,"author":{"gitId":"TamKengHong"},"content":"                tasks.remove(id - 1), tasks.size());","lastModifiedDate":"2023-01-23"},{"lineNumber":35,"author":{"gitId":"TamKengHong"},"content":"","lastModifiedDate":"2023-01-23"},{"lineNumber":36,"author":{"gitId":"TamKengHong"},"content":"    }","lastModifiedDate":"2023-01-23"},{"lineNumber":37,"author":{"gitId":"TamKengHong"},"content":"","lastModifiedDate":"2023-01-23"},{"lineNumber":38,"author":{"gitId":"TamKengHong"},"content":"    /**","lastModifiedDate":"2023-01-25"},{"lineNumber":39,"author":{"gitId":"TamKengHong"},"content":"     * Marks a task from the tasklist.","lastModifiedDate":"2023-01-25"},{"lineNumber":40,"author":{"gitId":"TamKengHong"},"content":"     *","lastModifiedDate":"2023-01-25"},{"lineNumber":41,"author":{"gitId":"TamKengHong"},"content":"     * @param id, the index of task in the tasklist to mark.","lastModifiedDate":"2023-01-25"},{"lineNumber":42,"author":{"gitId":"TamKengHong"},"content":"     * @return The string to be printed.","lastModifiedDate":"2023-01-25"},{"lineNumber":43,"author":{"gitId":"TamKengHong"},"content":"     */","lastModifiedDate":"2023-01-25"},{"lineNumber":44,"author":{"gitId":"TamKengHong"},"content":"    public String markTask(int id) {","lastModifiedDate":"2023-01-23"},{"lineNumber":45,"author":{"gitId":"TamKengHong"},"content":"        Task currTask \u003d tasks.get(id - 1);","lastModifiedDate":"2023-01-23"},{"lineNumber":46,"author":{"gitId":"TamKengHong"},"content":"        currTask.setDone();","lastModifiedDate":"2023-01-23"},{"lineNumber":47,"author":{"gitId":"TamKengHong"},"content":"        return String.format(\"Good job for doing your task nya!\\n  %s\\n\", currTask);","lastModifiedDate":"2023-01-23"},{"lineNumber":48,"author":{"gitId":"TamKengHong"},"content":"    }","lastModifiedDate":"2023-01-23"},{"lineNumber":49,"author":{"gitId":"TamKengHong"},"content":"","lastModifiedDate":"2023-01-23"},{"lineNumber":50,"author":{"gitId":"TamKengHong"},"content":"    public String unmarkTask(int id) {","lastModifiedDate":"2023-01-23"},{"lineNumber":51,"author":{"gitId":"TamKengHong"},"content":"        Task currTask \u003d tasks.get(id - 1);","lastModifiedDate":"2023-01-23"},{"lineNumber":52,"author":{"gitId":"TamKengHong"},"content":"        currTask.setUndone();","lastModifiedDate":"2023-01-23"},{"lineNumber":53,"author":{"gitId":"TamKengHong"},"content":"        return String.format(\"Set your task to undone nya!\\n  %s\\n\", currTask);","lastModifiedDate":"2023-01-23"},{"lineNumber":54,"author":{"gitId":"TamKengHong"},"content":"    }","lastModifiedDate":"2023-01-23"},{"lineNumber":55,"author":{"gitId":"TamKengHong"},"content":"","lastModifiedDate":"2023-01-23"},{"lineNumber":56,"author":{"gitId":"TamKengHong"},"content":"    public String listTasks() {","lastModifiedDate":"2023-01-23"},{"lineNumber":57,"author":{"gitId":"TamKengHong"},"content":"        String output \u003d \"\";","lastModifiedDate":"2023-01-23"},{"lineNumber":58,"author":{"gitId":"TamKengHong"},"content":"        for (int i \u003d 0; i \u003c tasks.size(); i++) {","lastModifiedDate":"2023-01-23"},{"lineNumber":59,"author":{"gitId":"TamKengHong"},"content":"            output +\u003d \" \" + (i + 1) + \". \" + tasks.get(i) + \"\\n\";","lastModifiedDate":"2023-01-23"},{"lineNumber":60,"author":{"gitId":"TamKengHong"},"content":"        }","lastModifiedDate":"2023-01-23"},{"lineNumber":61,"author":{"gitId":"TamKengHong"},"content":"        return \"Here are your tasks nya!\\n\" + output;","lastModifiedDate":"2023-01-23"},{"lineNumber":62,"author":{"gitId":"TamKengHong"},"content":"    }","lastModifiedDate":"2023-01-23"},{"lineNumber":63,"author":{"gitId":"TamKengHong"},"content":"","lastModifiedDate":"2023-01-25"},{"lineNumber":64,"author":{"gitId":"TamKengHong"},"content":"    public String findTask(String input) {","lastModifiedDate":"2023-01-25"},{"lineNumber":65,"author":{"gitId":"TamKengHong"},"content":"        String output \u003d \"\";","lastModifiedDate":"2023-01-25"},{"lineNumber":66,"author":{"gitId":"TamKengHong"},"content":"        int count \u003d 0;","lastModifiedDate":"2023-01-25"},{"lineNumber":67,"author":{"gitId":"TamKengHong"},"content":"        for (int i \u003d 0; i \u003c tasks.size(); i++) {","lastModifiedDate":"2023-01-25"},{"lineNumber":68,"author":{"gitId":"TamKengHong"},"content":"            if (tasks.get(i).toString().contains(input)) {","lastModifiedDate":"2023-01-25"},{"lineNumber":69,"author":{"gitId":"TamKengHong"},"content":"                output +\u003d \" \" + (count + 1) + \". \" + tasks.get(i) + \"\\n\";","lastModifiedDate":"2023-01-25"},{"lineNumber":70,"author":{"gitId":"TamKengHong"},"content":"                count++;","lastModifiedDate":"2023-01-25"},{"lineNumber":71,"author":{"gitId":"TamKengHong"},"content":"            }","lastModifiedDate":"2023-01-25"},{"lineNumber":72,"author":{"gitId":"TamKengHong"},"content":"        }","lastModifiedDate":"2023-01-25"},{"lineNumber":73,"author":{"gitId":"TamKengHong"},"content":"        return \"Here are your matched tasks nya!\\n\" + output;","lastModifiedDate":"2023-01-25"},{"lineNumber":74,"author":{"gitId":"TamKengHong"},"content":"    }","lastModifiedDate":"2023-01-25"},{"lineNumber":75,"author":{"gitId":"TamKengHong"},"content":"}","lastModifiedDate":"2023-01-23"}],"authorContributionMap":{"TamKengHong":75}},{"path":"src/main/java/duke/helper/Ui.java","fileType":"java","lines":[{"lineNumber":1,"author":{"gitId":"TamKengHong"},"content":"package duke.helper;","lastModifiedDate":"2023-01-25"},{"lineNumber":2,"author":{"gitId":"TamKengHong"},"content":"","lastModifiedDate":"2023-01-25"},{"lineNumber":3,"author":{"gitId":"TamKengHong"},"content":"public class Ui {","lastModifiedDate":"2023-01-23"},{"lineNumber":4,"author":{"gitId":"TamKengHong"},"content":"    /**","lastModifiedDate":"2023-01-25"},{"lineNumber":5,"author":{"gitId":"TamKengHong"},"content":"     * helper method to print proper indentation.","lastModifiedDate":"2023-01-25"},{"lineNumber":6,"author":{"gitId":"TamKengHong"},"content":"     *","lastModifiedDate":"2023-01-25"},{"lineNumber":7,"author":{"gitId":"TamKengHong"},"content":"     * @param toPrint the message to be printed.","lastModifiedDate":"2023-01-25"},{"lineNumber":8,"author":{"gitId":"TamKengHong"},"content":"     */","lastModifiedDate":"2023-01-25"},{"lineNumber":9,"author":{"gitId":"TamKengHong"},"content":"    public String print(String toPrint) {","lastModifiedDate":"2023-02-07"},{"lineNumber":10,"author":{"gitId":"TamKengHong"},"content":"        String line \u003d \"____________________________________________________________\\n\";","lastModifiedDate":"2023-01-23"},{"lineNumber":11,"author":{"gitId":"TamKengHong"},"content":"        return line + \" \" + toPrint + line;","lastModifiedDate":"2023-02-07"},{"lineNumber":12,"author":{"gitId":"TamKengHong"},"content":"    }","lastModifiedDate":"2023-01-23"},{"lineNumber":13,"author":{"gitId":"TamKengHong"},"content":"","lastModifiedDate":"2023-01-23"},{"lineNumber":14,"author":{"gitId":"TamKengHong"},"content":"    public String printError(Exception e) {","lastModifiedDate":"2023-02-07"},{"lineNumber":15,"author":{"gitId":"TamKengHong"},"content":"        return print(e.getMessage());","lastModifiedDate":"2023-02-07"},{"lineNumber":16,"author":{"gitId":"TamKengHong"},"content":"    }","lastModifiedDate":"2023-01-23"},{"lineNumber":17,"author":{"gitId":"TamKengHong"},"content":"","lastModifiedDate":"2023-01-23"},{"lineNumber":18,"author":{"gitId":"TamKengHong"},"content":"    public String printGreeting() {","lastModifiedDate":"2023-02-07"},{"lineNumber":19,"author":{"gitId":"TamKengHong"},"content":"        return print(\"Nyahello! I\u0027m Nyako!\\n What can I do for you nya?\\n\");","lastModifiedDate":"2023-02-07"},{"lineNumber":20,"author":{"gitId":"TamKengHong"},"content":"    }","lastModifiedDate":"2023-01-23"},{"lineNumber":21,"author":{"gitId":"TamKengHong"},"content":"","lastModifiedDate":"2023-01-23"},{"lineNumber":22,"author":{"gitId":"TamKengHong"},"content":"    public String printBye() {","lastModifiedDate":"2023-02-07"},{"lineNumber":23,"author":{"gitId":"TamKengHong"},"content":"        return print(\"Bye bye nya!\\n\");","lastModifiedDate":"2023-02-07"},{"lineNumber":24,"author":{"gitId":"TamKengHong"},"content":"    }","lastModifiedDate":"2023-01-23"},{"lineNumber":25,"author":{"gitId":"TamKengHong"},"content":"}","lastModifiedDate":"2023-01-23"}],"authorContributionMap":{"TamKengHong":25}},{"path":"src/main/java/duke/task/Deadline.java","fileType":"java","lines":[{"lineNumber":1,"author":{"gitId":"TamKengHong"},"content":"package duke.task;","lastModifiedDate":"2023-01-25"},{"lineNumber":2,"author":{"gitId":"TamKengHong"},"content":"","lastModifiedDate":"2023-01-25"},{"lineNumber":3,"author":{"gitId":"TamKengHong"},"content":"import java.time.LocalDate;","lastModifiedDate":"2023-01-23"},{"lineNumber":4,"author":{"gitId":"TamKengHong"},"content":"","lastModifiedDate":"2023-01-23"},{"lineNumber":5,"author":{"gitId":"TamKengHong"},"content":"public class Deadline extends Task {","lastModifiedDate":"2023-01-16"},{"lineNumber":6,"author":{"gitId":"TamKengHong"},"content":"    protected LocalDate by;","lastModifiedDate":"2023-01-23"},{"lineNumber":7,"author":{"gitId":"TamKengHong"},"content":"","lastModifiedDate":"2023-01-16"},{"lineNumber":8,"author":{"gitId":"TamKengHong"},"content":"    public Deadline(String description, String by) {","lastModifiedDate":"2023-01-16"},{"lineNumber":9,"author":{"gitId":"TamKengHong"},"content":"        super(description);","lastModifiedDate":"2023-01-16"},{"lineNumber":10,"author":{"gitId":"TamKengHong"},"content":"        this.by \u003d LocalDate.parse(by);","lastModifiedDate":"2023-01-23"},{"lineNumber":11,"author":{"gitId":"TamKengHong"},"content":"    }","lastModifiedDate":"2023-01-16"},{"lineNumber":12,"author":{"gitId":"TamKengHong"},"content":"","lastModifiedDate":"2023-01-16"},{"lineNumber":13,"author":{"gitId":"TamKengHong"},"content":"    @Override","lastModifiedDate":"2023-01-16"},{"lineNumber":14,"author":{"gitId":"TamKengHong"},"content":"    public String toString() {","lastModifiedDate":"2023-01-16"},{"lineNumber":15,"author":{"gitId":"TamKengHong"},"content":"        return String.format(\"[D]%s (by: %s %s %s)\", super.toString(), this.by.getMonth(),","lastModifiedDate":"2023-01-23"},{"lineNumber":16,"author":{"gitId":"TamKengHong"},"content":"                this.by.getDayOfMonth(), this.by.getYear());","lastModifiedDate":"2023-01-23"},{"lineNumber":17,"author":{"gitId":"TamKengHong"},"content":"    }","lastModifiedDate":"2023-01-16"},{"lineNumber":18,"author":{"gitId":"TamKengHong"},"content":"","lastModifiedDate":"2023-01-23"},{"lineNumber":19,"author":{"gitId":"TamKengHong"},"content":"    @Override","lastModifiedDate":"2023-01-23"},{"lineNumber":20,"author":{"gitId":"TamKengHong"},"content":"    public String fileOutput() {","lastModifiedDate":"2023-01-23"},{"lineNumber":21,"author":{"gitId":"TamKengHong"},"content":"        return String.format(\"D|%d|%s|%s\", this.isDone ? 1 : 0,","lastModifiedDate":"2023-01-23"},{"lineNumber":22,"author":{"gitId":"TamKengHong"},"content":"                this.description, this.by);","lastModifiedDate":"2023-01-23"},{"lineNumber":23,"author":{"gitId":"TamKengHong"},"content":"    }","lastModifiedDate":"2023-01-23"},{"lineNumber":24,"author":{"gitId":"TamKengHong"},"content":"}","lastModifiedDate":"2023-01-16"}],"authorContributionMap":{"TamKengHong":24}},{"path":"src/main/java/duke/task/Event.java","fileType":"java","lines":[{"lineNumber":1,"author":{"gitId":"TamKengHong"},"content":"package duke.task;","lastModifiedDate":"2023-01-25"},{"lineNumber":2,"author":{"gitId":"TamKengHong"},"content":"","lastModifiedDate":"2023-01-25"},{"lineNumber":3,"author":{"gitId":"TamKengHong"},"content":"import java.time.LocalDate;","lastModifiedDate":"2023-01-23"},{"lineNumber":4,"author":{"gitId":"TamKengHong"},"content":"","lastModifiedDate":"2023-01-23"},{"lineNumber":5,"author":{"gitId":"TamKengHong"},"content":"public class Event extends Task {","lastModifiedDate":"2023-01-16"},{"lineNumber":6,"author":{"gitId":"TamKengHong"},"content":"    protected LocalDate startTime;","lastModifiedDate":"2023-01-23"},{"lineNumber":7,"author":{"gitId":"TamKengHong"},"content":"    protected LocalDate endTime;","lastModifiedDate":"2023-01-23"},{"lineNumber":8,"author":{"gitId":"TamKengHong"},"content":"","lastModifiedDate":"2023-01-16"},{"lineNumber":9,"author":{"gitId":"TamKengHong"},"content":"    public Event(String description, String startTime, String endTime) {","lastModifiedDate":"2023-01-16"},{"lineNumber":10,"author":{"gitId":"TamKengHong"},"content":"        super(description);","lastModifiedDate":"2023-01-16"},{"lineNumber":11,"author":{"gitId":"TamKengHong"},"content":"        this.startTime \u003d LocalDate.parse(startTime);","lastModifiedDate":"2023-01-23"},{"lineNumber":12,"author":{"gitId":"TamKengHong"},"content":"        this.endTime \u003d LocalDate.parse(endTime);","lastModifiedDate":"2023-01-23"},{"lineNumber":13,"author":{"gitId":"TamKengHong"},"content":"    }","lastModifiedDate":"2023-01-16"},{"lineNumber":14,"author":{"gitId":"TamKengHong"},"content":"","lastModifiedDate":"2023-01-16"},{"lineNumber":15,"author":{"gitId":"TamKengHong"},"content":"    @Override","lastModifiedDate":"2023-01-16"},{"lineNumber":16,"author":{"gitId":"TamKengHong"},"content":"    public String toString() {","lastModifiedDate":"2023-01-16"},{"lineNumber":17,"author":{"gitId":"TamKengHong"},"content":"        return String.format(\"[E]%s (from: %s to: %s)\", super.toString(),","lastModifiedDate":"2023-01-23"},{"lineNumber":18,"author":{"gitId":"TamKengHong"},"content":"                this.startTime, this.endTime);","lastModifiedDate":"2023-01-23"},{"lineNumber":19,"author":{"gitId":"TamKengHong"},"content":"    }","lastModifiedDate":"2023-01-16"},{"lineNumber":20,"author":{"gitId":"TamKengHong"},"content":"","lastModifiedDate":"2023-01-23"},{"lineNumber":21,"author":{"gitId":"TamKengHong"},"content":"    @Override","lastModifiedDate":"2023-01-23"},{"lineNumber":22,"author":{"gitId":"TamKengHong"},"content":"    public String fileOutput() {","lastModifiedDate":"2023-01-23"},{"lineNumber":23,"author":{"gitId":"TamKengHong"},"content":"        return String.format(\"E|%d|%s|%s|%s\", this.isDone ? 1 : 0,","lastModifiedDate":"2023-01-23"},{"lineNumber":24,"author":{"gitId":"TamKengHong"},"content":"                this.description, this.startTime, this.endTime);","lastModifiedDate":"2023-01-23"},{"lineNumber":25,"author":{"gitId":"TamKengHong"},"content":"    }","lastModifiedDate":"2023-01-23"},{"lineNumber":26,"author":{"gitId":"TamKengHong"},"content":"}","lastModifiedDate":"2023-01-16"}],"authorContributionMap":{"TamKengHong":26}},{"path":"src/main/java/duke/task/Task.java","fileType":"java","lines":[{"lineNumber":1,"author":{"gitId":"TamKengHong"},"content":"package duke.task;","lastModifiedDate":"2023-01-25"},{"lineNumber":2,"author":{"gitId":"TamKengHong"},"content":"","lastModifiedDate":"2023-01-25"},{"lineNumber":3,"author":{"gitId":"TamKengHong"},"content":"public abstract class Task {","lastModifiedDate":"2023-01-25"},{"lineNumber":4,"author":{"gitId":"TamKengHong"},"content":"    protected String description;","lastModifiedDate":"2023-01-16"},{"lineNumber":5,"author":{"gitId":"TamKengHong"},"content":"    protected boolean isDone \u003d false;","lastModifiedDate":"2023-01-16"},{"lineNumber":6,"author":{"gitId":"TamKengHong"},"content":"","lastModifiedDate":"2023-01-16"},{"lineNumber":7,"author":{"gitId":"TamKengHong"},"content":"    public Task(String description) {","lastModifiedDate":"2023-01-16"},{"lineNumber":8,"author":{"gitId":"TamKengHong"},"content":"        this.description \u003d description;","lastModifiedDate":"2023-01-16"},{"lineNumber":9,"author":{"gitId":"TamKengHong"},"content":"    }","lastModifiedDate":"2023-01-16"},{"lineNumber":10,"author":{"gitId":"TamKengHong"},"content":"","lastModifiedDate":"2023-01-16"},{"lineNumber":11,"author":{"gitId":"TamKengHong"},"content":"    public void setDone() {","lastModifiedDate":"2023-01-16"},{"lineNumber":12,"author":{"gitId":"TamKengHong"},"content":"        this.isDone \u003d true;","lastModifiedDate":"2023-01-16"},{"lineNumber":13,"author":{"gitId":"TamKengHong"},"content":"    }","lastModifiedDate":"2023-01-16"},{"lineNumber":14,"author":{"gitId":"TamKengHong"},"content":"","lastModifiedDate":"2023-01-16"},{"lineNumber":15,"author":{"gitId":"TamKengHong"},"content":"    public void setUndone() {","lastModifiedDate":"2023-01-16"},{"lineNumber":16,"author":{"gitId":"TamKengHong"},"content":"        this.isDone \u003d false;","lastModifiedDate":"2023-01-16"},{"lineNumber":17,"author":{"gitId":"TamKengHong"},"content":"    }","lastModifiedDate":"2023-01-16"},{"lineNumber":18,"author":{"gitId":"TamKengHong"},"content":"","lastModifiedDate":"2023-01-16"},{"lineNumber":19,"author":{"gitId":"TamKengHong"},"content":"    @Override","lastModifiedDate":"2023-01-16"},{"lineNumber":20,"author":{"gitId":"TamKengHong"},"content":"    public String toString() {","lastModifiedDate":"2023-01-16"},{"lineNumber":21,"author":{"gitId":"TamKengHong"},"content":"        char marker \u003d this.isDone ? \u0027X\u0027 : \u0027 \u0027;","lastModifiedDate":"2023-01-16"},{"lineNumber":22,"author":{"gitId":"TamKengHong"},"content":"        return String.format(\"[%c] %s\", marker, this.description);","lastModifiedDate":"2023-01-16"},{"lineNumber":23,"author":{"gitId":"TamKengHong"},"content":"    }","lastModifiedDate":"2023-01-16"},{"lineNumber":24,"author":{"gitId":"TamKengHong"},"content":"","lastModifiedDate":"2023-01-23"},{"lineNumber":25,"author":{"gitId":"TamKengHong"},"content":"    /**","lastModifiedDate":"2023-01-25"},{"lineNumber":26,"author":{"gitId":"TamKengHong"},"content":"     * A method to return the string output for the txt file.","lastModifiedDate":"2023-01-25"},{"lineNumber":27,"author":{"gitId":"TamKengHong"},"content":"     *","lastModifiedDate":"2023-01-25"},{"lineNumber":28,"author":{"gitId":"TamKengHong"},"content":"     * @return The string output for the txt file.","lastModifiedDate":"2023-01-25"},{"lineNumber":29,"author":{"gitId":"TamKengHong"},"content":"     */","lastModifiedDate":"2023-01-25"},{"lineNumber":30,"author":{"gitId":"TamKengHong"},"content":"    public abstract String fileOutput();","lastModifiedDate":"2023-01-25"},{"lineNumber":31,"author":{"gitId":"TamKengHong"},"content":"}","lastModifiedDate":"2023-01-16"}],"authorContributionMap":{"TamKengHong":31}},{"path":"src/main/java/duke/task/ToDo.java","fileType":"java","lines":[{"lineNumber":1,"author":{"gitId":"TamKengHong"},"content":"package duke.task;","lastModifiedDate":"2023-01-25"},{"lineNumber":2,"author":{"gitId":"TamKengHong"},"content":"","lastModifiedDate":"2023-01-25"},{"lineNumber":3,"author":{"gitId":"TamKengHong"},"content":"public class ToDo extends Task {","lastModifiedDate":"2023-01-16"},{"lineNumber":4,"author":{"gitId":"TamKengHong"},"content":"    public ToDo(String description) {","lastModifiedDate":"2023-01-16"},{"lineNumber":5,"author":{"gitId":"TamKengHong"},"content":"        super(description);","lastModifiedDate":"2023-01-16"},{"lineNumber":6,"author":{"gitId":"TamKengHong"},"content":"    }","lastModifiedDate":"2023-01-16"},{"lineNumber":7,"author":{"gitId":"TamKengHong"},"content":"","lastModifiedDate":"2023-01-16"},{"lineNumber":8,"author":{"gitId":"TamKengHong"},"content":"    @Override","lastModifiedDate":"2023-01-16"},{"lineNumber":9,"author":{"gitId":"TamKengHong"},"content":"    public String toString() {","lastModifiedDate":"2023-01-16"},{"lineNumber":10,"author":{"gitId":"TamKengHong"},"content":"        return \"[T]\" + super.toString();","lastModifiedDate":"2023-01-16"},{"lineNumber":11,"author":{"gitId":"TamKengHong"},"content":"    }","lastModifiedDate":"2023-01-16"},{"lineNumber":12,"author":{"gitId":"TamKengHong"},"content":"","lastModifiedDate":"2023-01-23"},{"lineNumber":13,"author":{"gitId":"TamKengHong"},"content":"    @Override","lastModifiedDate":"2023-01-23"},{"lineNumber":14,"author":{"gitId":"TamKengHong"},"content":"    public String fileOutput() {","lastModifiedDate":"2023-01-23"},{"lineNumber":15,"author":{"gitId":"TamKengHong"},"content":"        return String.format(\"T|%d|%s\", this.isDone ? 1 : 0, this.description);","lastModifiedDate":"2023-01-23"},{"lineNumber":16,"author":{"gitId":"TamKengHong"},"content":"    }","lastModifiedDate":"2023-01-23"},{"lineNumber":17,"author":{"gitId":"TamKengHong"},"content":"}","lastModifiedDate":"2023-01-16"}],"authorContributionMap":{"TamKengHong":17}},{"path":"src/main/resources/view/DialogBox.fxml","fileType":"fxml","lines":[{"lineNumber":1,"author":{"gitId":"TamKengHong"},"content":"\u003c?xml version\u003d\"1.0\" encoding\u003d\"UTF-8\"?\u003e","lastModifiedDate":"2023-01-30"},{"lineNumber":2,"author":{"gitId":"TamKengHong"},"content":"","lastModifiedDate":"2023-01-30"},{"lineNumber":3,"author":{"gitId":"TamKengHong"},"content":"\u003c?import javafx.geometry.Insets?\u003e","lastModifiedDate":"2023-01-30"},{"lineNumber":4,"author":{"gitId":"TamKengHong"},"content":"\u003c?import javafx.scene.control.Label?\u003e","lastModifiedDate":"2023-01-30"},{"lineNumber":5,"author":{"gitId":"TamKengHong"},"content":"\u003c?import javafx.scene.image.ImageView?\u003e","lastModifiedDate":"2023-01-30"},{"lineNumber":6,"author":{"gitId":"TamKengHong"},"content":"\u003c?import javafx.scene.layout.HBox?\u003e","lastModifiedDate":"2023-01-30"},{"lineNumber":7,"author":{"gitId":"TamKengHong"},"content":"","lastModifiedDate":"2023-01-30"},{"lineNumber":8,"author":{"gitId":"TamKengHong"},"content":"\u003cfx:root alignment\u003d\"TOP_RIGHT\" maxHeight\u003d\"1.7976931348623157E308\" maxWidth\u003d\"1.7976931348623157E308\" prefWidth\u003d\"400.0\" type\u003d\"javafx.scene.layout.HBox\" xmlns\u003d\"http://javafx.com/javafx/8.0.171\" xmlns:fx\u003d\"http://javafx.com/fxml/1\"\u003e","lastModifiedDate":"2023-01-30"},{"lineNumber":9,"author":{"gitId":"TamKengHong"},"content":"    \u003cchildren\u003e","lastModifiedDate":"2023-01-30"},{"lineNumber":10,"author":{"gitId":"TamKengHong"},"content":"        \u003cLabel fx:id\u003d\"dialog\" text\u003d\"Label\" wrapText\u003d\"true\" /\u003e","lastModifiedDate":"2023-01-30"},{"lineNumber":11,"author":{"gitId":"TamKengHong"},"content":"        \u003cImageView fx:id\u003d\"displayPicture\" fitHeight\u003d\"99.0\" fitWidth\u003d\"99.0\" pickOnBounds\u003d\"true\" preserveRatio\u003d\"true\" /\u003e","lastModifiedDate":"2023-01-30"},{"lineNumber":12,"author":{"gitId":"TamKengHong"},"content":"    \u003c/children\u003e","lastModifiedDate":"2023-01-30"},{"lineNumber":13,"author":{"gitId":"TamKengHong"},"content":"    \u003cpadding\u003e","lastModifiedDate":"2023-01-30"},{"lineNumber":14,"author":{"gitId":"TamKengHong"},"content":"        \u003cInsets bottom\u003d\"15.0\" left\u003d\"5.0\" right\u003d\"5.0\" top\u003d\"15.0\" /\u003e","lastModifiedDate":"2023-01-30"},{"lineNumber":15,"author":{"gitId":"TamKengHong"},"content":"    \u003c/padding\u003e","lastModifiedDate":"2023-01-30"},{"lineNumber":16,"author":{"gitId":"TamKengHong"},"content":"\u003c/fx:root\u003e","lastModifiedDate":"2023-01-30"}],"authorContributionMap":{"TamKengHong":16}},{"path":"src/main/resources/view/MainWindow.fxml","fileType":"fxml","lines":[{"lineNumber":1,"author":{"gitId":"TamKengHong"},"content":"\u003c?xml version\u003d\"1.0\" encoding\u003d\"UTF-8\"?\u003e","lastModifiedDate":"2023-01-30"},{"lineNumber":2,"author":{"gitId":"TamKengHong"},"content":"","lastModifiedDate":"2023-01-30"},{"lineNumber":3,"author":{"gitId":"TamKengHong"},"content":"\u003c?import javafx.scene.control.Button?\u003e","lastModifiedDate":"2023-01-30"},{"lineNumber":4,"author":{"gitId":"TamKengHong"},"content":"\u003c?import javafx.scene.control.ScrollPane?\u003e","lastModifiedDate":"2023-01-30"},{"lineNumber":5,"author":{"gitId":"TamKengHong"},"content":"\u003c?import javafx.scene.control.TextField?\u003e","lastModifiedDate":"2023-01-30"},{"lineNumber":6,"author":{"gitId":"TamKengHong"},"content":"\u003c?import javafx.scene.layout.AnchorPane?\u003e","lastModifiedDate":"2023-01-30"},{"lineNumber":7,"author":{"gitId":"TamKengHong"},"content":"\u003c?import javafx.scene.layout.VBox?\u003e","lastModifiedDate":"2023-01-30"},{"lineNumber":8,"author":{"gitId":"TamKengHong"},"content":"","lastModifiedDate":"2023-01-30"},{"lineNumber":9,"author":{"gitId":"TamKengHong"},"content":"\u003cAnchorPane maxHeight\u003d\"-Infinity\" maxWidth\u003d\"-Infinity\" minHeight\u003d\"-Infinity\" minWidth\u003d\"-Infinity\" prefHeight\u003d\"600.0\" prefWidth\u003d\"400.0\" xmlns\u003d\"http://javafx.com/javafx/8.0.171\" xmlns:fx\u003d\"http://javafx.com/fxml/1\" fx:controller\u003d\"duke.MainWindow\"\u003e","lastModifiedDate":"2023-01-30"},{"lineNumber":10,"author":{"gitId":"TamKengHong"},"content":"    \u003cchildren\u003e","lastModifiedDate":"2023-01-30"},{"lineNumber":11,"author":{"gitId":"TamKengHong"},"content":"        \u003cTextField fx:id\u003d\"userInput\" layoutY\u003d\"558.0\" onAction\u003d\"#handleUserInput\" prefHeight\u003d\"41.0\" prefWidth\u003d\"324.0\" AnchorPane.bottomAnchor\u003d\"1.0\" /\u003e","lastModifiedDate":"2023-01-30"},{"lineNumber":12,"author":{"gitId":"TamKengHong"},"content":"        \u003cButton fx:id\u003d\"sendButton\" layoutX\u003d\"324.0\" layoutY\u003d\"558.0\" mnemonicParsing\u003d\"false\" onAction\u003d\"#handleUserInput\" prefHeight\u003d\"41.0\" prefWidth\u003d\"76.0\" text\u003d\"Send\" /\u003e","lastModifiedDate":"2023-01-30"},{"lineNumber":13,"author":{"gitId":"TamKengHong"},"content":"        \u003cScrollPane fx:id\u003d\"scrollPane\" hbarPolicy\u003d\"NEVER\" hvalue\u003d\"1.0\" prefHeight\u003d\"557.0\" prefWidth\u003d\"400.0\" vvalue\u003d\"1.0\"\u003e","lastModifiedDate":"2023-01-30"},{"lineNumber":14,"author":{"gitId":"TamKengHong"},"content":"            \u003ccontent\u003e","lastModifiedDate":"2023-01-30"},{"lineNumber":15,"author":{"gitId":"TamKengHong"},"content":"                \u003cVBox fx:id\u003d\"dialogContainer\" prefHeight\u003d\"552.0\" prefWidth\u003d\"388.0\" /\u003e","lastModifiedDate":"2023-01-30"},{"lineNumber":16,"author":{"gitId":"TamKengHong"},"content":"            \u003c/content\u003e","lastModifiedDate":"2023-01-30"},{"lineNumber":17,"author":{"gitId":"TamKengHong"},"content":"        \u003c/ScrollPane\u003e","lastModifiedDate":"2023-01-30"},{"lineNumber":18,"author":{"gitId":"TamKengHong"},"content":"    \u003c/children\u003e","lastModifiedDate":"2023-01-30"},{"lineNumber":19,"author":{"gitId":"TamKengHong"},"content":"\u003c/AnchorPane\u003e","lastModifiedDate":"2023-01-30"}],"authorContributionMap":{"TamKengHong":19}},{"path":"src/test/java/TaskListTest.java","fileType":"java","lines":[{"lineNumber":1,"author":{"gitId":"TamKengHong"},"content":"import duke.helper.TaskList;","lastModifiedDate":"2023-01-25"},{"lineNumber":2,"author":{"gitId":"TamKengHong"},"content":"import duke.task.ToDo;","lastModifiedDate":"2023-01-25"},{"lineNumber":3,"author":{"gitId":"TamKengHong"},"content":"import org.junit.jupiter.api.Test;","lastModifiedDate":"2023-01-25"},{"lineNumber":4,"author":{"gitId":"TamKengHong"},"content":"","lastModifiedDate":"2023-01-25"},{"lineNumber":5,"author":{"gitId":"TamKengHong"},"content":"import static org.junit.jupiter.api.Assertions.assertEquals;","lastModifiedDate":"2023-01-25"},{"lineNumber":6,"author":{"gitId":"TamKengHong"},"content":"","lastModifiedDate":"2023-01-25"},{"lineNumber":7,"author":{"gitId":"TamKengHong"},"content":"public class TaskListTest {","lastModifiedDate":"2023-01-25"},{"lineNumber":8,"author":{"gitId":"TamKengHong"},"content":"","lastModifiedDate":"2023-01-25"},{"lineNumber":9,"author":{"gitId":"TamKengHong"},"content":"    @Test","lastModifiedDate":"2023-01-25"},{"lineNumber":10,"author":{"gitId":"TamKengHong"},"content":"    public void addTest() {","lastModifiedDate":"2023-01-25"},{"lineNumber":11,"author":{"gitId":"TamKengHong"},"content":"        TaskList t \u003d new TaskList();","lastModifiedDate":"2023-01-25"},{"lineNumber":12,"author":{"gitId":"TamKengHong"},"content":"        t.addTask(new ToDo(\"Hello\"));","lastModifiedDate":"2023-01-25"},{"lineNumber":13,"author":{"gitId":"TamKengHong"},"content":"        assertEquals(t.getTasks().size(), 1);","lastModifiedDate":"2023-01-25"},{"lineNumber":14,"author":{"gitId":"TamKengHong"},"content":"    }","lastModifiedDate":"2023-01-25"},{"lineNumber":15,"author":{"gitId":"TamKengHong"},"content":"","lastModifiedDate":"2023-01-25"},{"lineNumber":16,"author":{"gitId":"TamKengHong"},"content":"    @Test","lastModifiedDate":"2023-01-25"},{"lineNumber":17,"author":{"gitId":"TamKengHong"},"content":"    public void deleteTest() {","lastModifiedDate":"2023-01-25"},{"lineNumber":18,"author":{"gitId":"TamKengHong"},"content":"        TaskList t \u003d new TaskList();","lastModifiedDate":"2023-01-25"},{"lineNumber":19,"author":{"gitId":"TamKengHong"},"content":"        t.addTask(new ToDo(\"Hello\"));","lastModifiedDate":"2023-01-25"},{"lineNumber":20,"author":{"gitId":"TamKengHong"},"content":"        t.deleteTask(1);","lastModifiedDate":"2023-01-25"},{"lineNumber":21,"author":{"gitId":"TamKengHong"},"content":"        assertEquals(t.getTasks().size(), 0);","lastModifiedDate":"2023-01-25"},{"lineNumber":22,"author":{"gitId":"TamKengHong"},"content":"    }","lastModifiedDate":"2023-01-25"},{"lineNumber":23,"author":{"gitId":"TamKengHong"},"content":"}","lastModifiedDate":"2023-01-25"}],"authorContributionMap":{"TamKengHong":23}},{"path":"text-ui-test/input.txt","fileType":"txt","lines":[{"lineNumber":1,"author":{"gitId":"TamKengHong"},"content":"todo read book","lastModifiedDate":"2023-01-16"},{"lineNumber":2,"author":{"gitId":"TamKengHong"},"content":"deadline return book /by June 6th","lastModifiedDate":"2023-01-16"},{"lineNumber":3,"author":{"gitId":"TamKengHong"},"content":"event project meeting /from Aug 6th 2pm /to 4pm","lastModifiedDate":"2023-01-16"},{"lineNumber":4,"author":{"gitId":"TamKengHong"},"content":"mark 1","lastModifiedDate":"2023-01-16"},{"lineNumber":5,"author":{"gitId":"TamKengHong"},"content":"mark 2","lastModifiedDate":"2023-01-16"},{"lineNumber":6,"author":{"gitId":"TamKengHong"},"content":"unmark 2","lastModifiedDate":"2023-01-16"},{"lineNumber":7,"author":{"gitId":"TamKengHong"},"content":"todo join sports club","lastModifiedDate":"2023-01-16"},{"lineNumber":8,"author":{"gitId":"TamKengHong"},"content":"mark 4","lastModifiedDate":"2023-01-16"},{"lineNumber":9,"author":{"gitId":"TamKengHong"},"content":"todo borrow book","lastModifiedDate":"2023-01-16"},{"lineNumber":10,"author":{"gitId":"TamKengHong"},"content":"list","lastModifiedDate":"2023-01-16"},{"lineNumber":11,"author":{"gitId":"TamKengHong"},"content":"deadline return book /by Sunday","lastModifiedDate":"2023-01-16"},{"lineNumber":12,"author":{"gitId":"TamKengHong"},"content":"event project meeting /from Mon 2pm /to 4pm","lastModifiedDate":"2023-01-16"},{"lineNumber":13,"author":{"gitId":"TamKengHong"},"content":"list","lastModifiedDate":"2023-01-16"},{"lineNumber":14,"author":{"gitId":"TamKengHong"},"content":"bye","lastModifiedDate":"2023-01-16"}],"authorContributionMap":{"TamKengHong":14}}]
