{"authorDailyContributionsMap":{"chunzkok":[{"date":"2023-01-18","commitResults":[{"hash":"25c6bf8e477436bdb19cba331ce0bb0bb0e02502","messageTitle":"Change bot logo and add .class files into .gitignore","messageBody":"","fileTypesAndContributionMap":{"java":{"insertions":8,"deletions":5}}},{"hash":"5b28f60fa19ed1df3712d1fe842da53c2c3e56b9","messageTitle":"Add private method parseCommand to handle user commands","messageBody":"","fileTypesAndContributionMap":{"java":{"insertions":16,"deletions":0}}},{"hash":"2d5f2e7261fc905f417ccbdc92802ba4b4d1a76d","messageTitle":"Add prettyPrint method to print bot output with standardised format","messageBody":"","fileTypesAndContributionMap":{"java":{"insertions":10,"deletions":2}}},{"hash":"7092eb0f7f0581269f4b4edaa9dc0d69e51f8652","messageTitle":"Add main driver code - accept input until \u0027bye\u0027 seen","messageBody":"","tags":["Level-1"],"fileTypesAndContributionMap":{"java":{"insertions":9,"deletions":1}}},{"hash":"8a97328060cafd0e396f50f49ab081c6f5de9e7c","messageTitle":"Implement \u0027list\u0027 command","messageBody":"","tags":["A-Collections"],"fileTypesAndContributionMap":{"java":{"insertions":10,"deletions":0}}},{"hash":"b4e2ce82708f74e6dcf04a70b8aeb4e7498a6d6c","messageTitle":"Implement [add] functionality","messageBody":"","tags":["Level-2"],"fileTypesAndContributionMap":{"java":{"insertions":2,"deletions":1}}},{"hash":"4ecb9eb1448c8973f3a28bb341d8927884c47ad2","messageTitle":"Create Task class","messageBody":"","tags":["A-Classes"],"fileTypesAndContributionMap":{"java":{"insertions":24,"deletions":0}}},{"hash":"df379359d75ec0d86ae0e3ba33f2f6c8664f0271","messageTitle":"Modify Clippy to use Task in its toDoList","messageBody":"","fileTypesAndContributionMap":{"java":{"insertions":2,"deletions":2}}},{"hash":"2176068aaa4f347d9b42550811fe4db4b9c1b6d7","messageTitle":"Add \u0027mark\u0027 and \u0027unmark\u0027 commands","messageBody":"","tags":["Level-3"],"fileTypesAndContributionMap":{"java":{"insertions":15,"deletions":2}}},{"hash":"a89f126c25f2d8716b168e7609be16200da5e92e","messageTitle":"Add ToDo class","messageBody":"","fileTypesAndContributionMap":{"java":{"insertions":10,"deletions":0}}},{"hash":"085d3fdd5ef1da12788277964677b9e765bde08a","messageTitle":"Add Deadline class","messageBody":"","fileTypesAndContributionMap":{"java":{"insertions":13,"deletions":0}}},{"hash":"f7fb56e5a590a1d68e98bb2cbe98ccb9c4ed661a","messageTitle":"Add Event class","messageBody":"","tags":["A-Inheritance"],"fileTypesAndContributionMap":{"java":{"insertions":14,"deletions":0}}},{"hash":"193fe156a3e215c2b0ec8504eb8e741de5e0a8da","messageTitle":"Implement \u0027todo\u0027 command","messageBody":"","fileTypesAndContributionMap":{"java":{"insertions":17,"deletions":9}}},{"hash":"ec2f6acff8b6cac59a1b44376654fd1ec53679d1","messageTitle":"Implement \u0027deadline\u0027 command","messageBody":"","fileTypesAndContributionMap":{"java":{"insertions":14,"deletions":3}}},{"hash":"0e0ca102463fb6062d78a3c7c4fc516d5f0c4d4b","messageTitle":"Implement \u0027event\u0027 command","messageBody":"","tags":["Level-4"],"fileTypesAndContributionMap":{"java":{"insertions":12,"deletions":1}}},{"hash":"09a1d363479031998a025431d26a866a288f3b37","messageTitle":"Update text UI testing","messageBody":"","tags":["A-TextUiTesting"],"fileTypesAndContributionMap":{"txt":{"insertions":13,"deletions":0}}},{"hash":"a080da290c7b1b745dec3116eb1478d7c2625726","messageTitle":"Added 3 custom exceptions regarding invalid user input","messageBody":"","fileTypesAndContributionMap":{"java":{"insertions":22,"deletions":0}}},{"hash":"f9573714b14b2d219c95e36cc09280c35d9e2515","messageTitle":"Add 2 more exceptions regarding \u0027deadline\u0027 and \u0027event\u0027 comands","messageBody":"","fileTypesAndContributionMap":{"java":{"insertions":12,"deletions":0}}},{"hash":"dc82a99e2194b0b2cc5654e547de7df1ef96dbe2","messageTitle":"Fix newly added Exceptions","messageBody":"","tags":["A-Exceptions"],"fileTypesAndContributionMap":{"java":{"insertions":4,"deletions":4}}},{"hash":"a96105d1a7c891f71988b3cb63ae9dfc9eaa943b","messageTitle":"Add ClippyException handling","messageBody":"","fileTypesAndContributionMap":{"java":{"insertions":8,"deletions":2}}},{"hash":"92be3f0ef0d5f68044d2fa0f76e39551c312e309","messageTitle":"Add checks that raise exceptions upon encountering invalid input","messageBody":"","fileTypesAndContributionMap":{"java":{"insertions":11,"deletions":2}}},{"hash":"88d5631f5a813052b74cfa07287773d5091cd085","messageTitle":"Relocate ClippyException catching to let program continue on ClippyExceptions","messageBody":"","fileTypesAndContributionMap":{"java":{"insertions":74,"deletions":70}}},{"hash":"2866b047e1a2056a0de2ae9a6a6e7a79f41151c6","messageTitle":"Added invalid command checking","messageBody":"","tags":["Level-5"],"fileTypesAndContributionMap":{"java":{"insertions":1,"deletions":3}}},{"hash":"13fffbb1cd8ed45cfc379dd18e594f826e9c4f10","messageTitle":"Add \u0027delete\u0027 command","messageBody":"","tags":["Level-6"],"fileTypesAndContributionMap":{"java":{"insertions":9,"deletions":2}}}]},{"date":"2023-01-30","commitResults":[{"hash":"34e68e184555278af872df235961fc5009a1b997","messageTitle":"Add methods to get CSV string from Deadlines, Events and Tasks + method to parse CSV lines","messageBody":"","fileTypesAndContributionMap":{"java":{"insertions":39,"deletions":1}}},{"hash":"3e8f26bd4963aa50f3c85f1f6939744c531ab61e","messageTitle":"Add functionality for program to load saved state","messageBody":"","fileTypesAndContributionMap":{"java":{"insertions":43,"deletions":0}}},{"hash":"c371b2672a48295697cc52ab9f5adca70a8ce7ff","messageTitle":"Add state-saving functionality after \u0027bye\u0027 command + fix incorrect state saving method","messageBody":"","fileTypesAndContributionMap":{"java":{"insertions":33,"deletions":7}}}]},{"date":"2023-01-31","commitResults":[{"hash":"52b435f8a4a3dfc001806affda92e75f0949e3ab","messageTitle":"Add date recognition support for Deadlines","messageBody":"","fileTypesAndContributionMap":{"java":{"insertions":42,"deletions":17}}},{"hash":"f11230dc0037de5833816f246b83788bd8049e06","messageTitle":"Add date recognition support for Events","messageBody":"","fileTypesAndContributionMap":{"java":{"insertions":31,"deletions":11}}},{"hash":"3d08e94bdbfeb72a8b0c5d689cb65f9a7b0da4f7","messageTitle":"Add new print format to denote system messages","messageBody":"","fileTypesAndContributionMap":{"java":{"insertions":14,"deletions":10}}},{"hash":"526deac2ab2fdcf7f1a5e4885c218ed1790fd637","messageTitle":"Add Gradle support","messageBody":"","tags":["A-Gradle"],"fileTypesAndContributionMap":{"gradle":{"insertions":1,"deletions":1}}},{"hash":"c37d415c31547fb70a9243b43406c059fd206612","messageTitle":"Add Ui class abstraction","messageBody":"","fileTypesAndContributionMap":{"java":{"insertions":17,"deletions":0}}},{"hash":"0dfc8996b87eca62f8ac0c36216592451032a587","messageTitle":"Add CommandType Enum","messageBody":"","fileTypesAndContributionMap":{"java":{"insertions":10,"deletions":0}}},{"hash":"fc17528fab841e6f33fb200090a9181e57e8ac14","messageTitle":"Add Command abstract class","messageBody":"","fileTypesAndContributionMap":{"java":{"insertions":4,"deletions":3}}},{"hash":"06ec061b6b8eb8df72e6789419358893eaaa4fc4","messageTitle":"Separate out Storage class","messageBody":"","fileTypesAndContributionMap":{"java":{"insertions":76,"deletions":0}}},{"hash":"7e6824c715ab300fda476cece0d461f03f69eb03","messageTitle":"Separate out TaskList class","messageBody":"","fileTypesAndContributionMap":{"java":{"insertions":22,"deletions":0}}},{"hash":"8d576433172bf9ce2c2a214b171ef3332e61621e","messageTitle":"Separate out \u0027bye\u0027 command handler","messageBody":"","fileTypesAndContributionMap":{"java":{"insertions":17,"deletions":0}}},{"hash":"61e52855a82befcb0531e94089c30c13f9b8c2ed","messageTitle":"Separate out \u0027mark\u0027 command handler","messageBody":"","fileTypesAndContributionMap":{"java":{"insertions":19,"deletions":2}}},{"hash":"648788292340b3e30c5c885b7fd1dd5c75b3da62","messageTitle":"Separate out \u0027unmark\u0027 command handler","messageBody":"","fileTypesAndContributionMap":{"java":{"insertions":17,"deletions":0}}},{"hash":"9d658dfa1875a7129b113f0f4e6f7b082f559572","messageTitle":"Separate out \u0027todo\u0027, \u0027deadline\u0027 and \u0027event\u0027 command handlers","messageBody":"","fileTypesAndContributionMap":{"java":{"insertions":75,"deletions":0}}},{"hash":"471321871cbc17b3895994b5f9ea5fbfda2b8e0b","messageTitle":"Separate out \u0027list\u0027 command handler","messageBody":"","fileTypesAndContributionMap":{"java":{"insertions":25,"deletions":0}}},{"hash":"fba551d9dc9754571bb67334526a8adb3f1e2ec3","messageTitle":"Separate out \u0027delete\u0027 command handler","messageBody":"","fileTypesAndContributionMap":{"java":{"insertions":16,"deletions":0}}},{"hash":"94a1e475c5a3fd5a99e66b6a7129cc0774ccc801","messageTitle":"Modify command handlers\u0027 code for more readable code in the future","messageBody":"","fileTypesAndContributionMap":{"java":{"insertions":19,"deletions":53}}},{"hash":"a67dacb9ff9db720825c9dd29c4e9f6c483127b2","messageTitle":"Separate out Parser class","messageBody":"","tags":["A-Varargs"],"fileTypesAndContributionMap":{"java":{"insertions":107,"deletions":1}}},{"hash":"dead0fc4a387b8cbcaa59f4668c851250c65e1b6","messageTitle":"Integrate Ui, Storage, Parser and TaskList classes into Clippy","messageBody":"","fileTypesAndContributionMap":{"java":{"insertions":69,"deletions":210}}},{"hash":"37cb422aaa9bf8a5f1aa2a925f11e9c78e569cfc","messageTitle":"Change Duke class to Clippy","messageBody":"","tags":["A-MoreOOP","A-Enums"],"fileTypesAndContributionMap":{"gradle":{"insertions":1,"deletions":1},"java":{"insertions":3,"deletions":13},"md":{"insertions":2,"deletions":2}}},{"hash":"02c02f9f4df8588c9fb633f9277ef9fd40b28189","messageTitle":"Refactor java files into packages","messageBody":"","tags":["A-Packages"],"fileTypesAndContributionMap":{"gradle":{"insertions":1,"deletions":1},"java":{"insertions":108,"deletions":3}}},{"hash":"07d4334764513516a206d94c7b67d95395c88d35","messageTitle":"Add JUnit Integration + Tests for Deadline, Event, ToDo","messageBody":"","tags":["A-Jar","A-JUnit"],"fileTypesAndContributionMap":{"java":{"insertions":72,"deletions":0}}}]},{"date":"2023-02-01","commitResults":[{"hash":"21ed2eae0df6e4353efd9dd3c3cf822d37128f11","messageTitle":"Add JavaDoc for command handlers","messageBody":"","fileTypesAndContributionMap":{"gradle":{"insertions":1,"deletions":1},"java":{"insertions":190,"deletions":0}}},{"hash":"d4a1d1f0d1034f5a929f2f6b3c885d6150f7d24b","messageTitle":"Add JavaDoc for all files","messageBody":"","fileTypesAndContributionMap":{"java":{"insertions":226,"deletions":4}}},{"hash":"402c603d84c82cc653168900187f7e884ac884b5","messageTitle":"Add \find command functionality","messageBody":"","fileTypesAndContributionMap":{"java":{"insertions":66,"deletions":0}}}]},{"date":"2023-02-03","commitResults":[{"hash":"115d5abe1e0bc2111d34f20b59ec9b271539783a","messageTitle":"Add CheckStyle support + fix checkstyle errors","messageBody":"","tags":["A-CheckStyle"],"fileTypesAndContributionMap":{"gradle":{"insertions":5,"deletions":0},"java":{"insertions":101,"deletions":46}}}]},{"date":"2023-02-06","commitResults":[{"hash":"076865bbeeba9217e93016f289122d009679e253","messageTitle":"Add JavaFx integration and setup basic GUI layout","messageBody":"","fileTypesAndContributionMap":{"gradle":{"insertions":15,"deletions":0},"java":{"insertions":76,"deletions":2}}},{"hash":"b14e4b8f78232bd033221a0b1cb1bc1a7d42dd39","messageTitle":"Add proper layout and event handlers to capture user input","messageBody":"","fileTypesAndContributionMap":{"java":{"insertions":22,"deletions":1}}},{"hash":"f2150b07598aff19417ed4bab3542b9ab2036ec0","messageTitle":"Add custom DialogBox with factory methods for user/Clippy dialogue boxes","messageBody":"","fileTypesAndContributionMap":{"java":{"insertions":73,"deletions":8}}},{"hash":"4929534bbd2b11d9562651019cda2f1d0191e35c","messageTitle":"Refactor JavaFX code using FXML","messageBody":"","fileTypesAndContributionMap":{"fxml":{"insertions":35,"deletions":0},"java":{"insertions":114,"deletions":116}}},{"hash":"429c014589038dca71d1110d964234bbb91a78e0","messageTitle":"Fix Checkstyle errors","messageBody":"","tags":["v0.2","Level-10"],"fileTypesAndContributionMap":{"java":{"insertions":17,"deletions":6}}}]},{"date":"2023-02-07","commitResults":[{"hash":"a1206fc90e5393240500eb21fad75542a48099a7","messageTitle":"Link GUI to Clippy for proper responses","messageBody":"","fileTypesAndContributionMap":{"java":{"insertions":59,"deletions":74}}},{"hash":"811c75afd725b0db7bd3dbb1d87e52a0040267f0","messageTitle":"Fix Checkstyle issues","messageBody":"","fileTypesAndContributionMap":{"java":{"insertions":5,"deletions":2}}}]},{"date":"2023-02-09","commitResults":[{"hash":"f2dc48774208eed2bb1611ecd6face718a783a9c","messageTitle":"Add assert statements to document important assumptions","messageBody":"","fileTypesAndContributionMap":{"java":{"insertions":18,"deletions":0}}}]},{"date":"2023-02-12","commitResults":[{"hash":"95b731c8e5c14bb00a21683e62b99a2f8e157bdb","messageTitle":"Storage class: extract multiple nested code chunks","messageBody":"The storage class has many nested code chunks, especially in the\nloadState() and saveState() methods,  leading to\narrowhead-style code and poor SLAP.\n\nThis is undesirable as it makes it harder to read and understand what is\ngoing on in the Storage class.\n\nExtracting the nested code into smaller helper methods allows us to give\nthe code chunks \u0027names\u0027 that can help in describing what it does. This\nalso makes the code more self-explanatory, reducing the need for\nredundant comments.\n\nLet\u0027s pull out all the code segments relating to writing data into the\nsave file into a method Storage::writeData.\n\nLet\u0027s pull out the handling of missing save directories and save files\ninto the methods Storage::handleMissingSaveDir and\nStorage::createNewSaveFile.\n\nLet\u0027s extract out the functionality to load an existing save file into\nthe method Storage::loadExistingSaveFile.\n\nExtracting out these code chunks into methods with self-explanatory\nnames helps to improve code readability and improve ease of debugging.\n","tags":["A-FullCommitMessage"],"fileTypesAndContributionMap":{"java":{"insertions":66,"deletions":44}}},{"hash":"6f8a80989427bf6feec165eec01bea753d5f3774","messageTitle":"Fix checkstyle errors and remove CI text output checks","messageBody":"","fileTypesAndContributionMap":{"java":{"insertions":33,"deletions":7}}},{"hash":"f49db91b4e7fd30e48dd202a406963647f50b754","messageTitle":"Fix Checkstyle errors for Test scripts","messageBody":"","tags":["A-CI"],"fileTypesAndContributionMap":{"java":{"insertions":12,"deletions":10}}},{"hash":"60ca3e468b8c90d668ab6273389770cc60681d55","messageTitle":"Add task priorities with default priority NONE","messageBody":"","fileTypesAndContributionMap":{"java":{"insertions":30,"deletions":6}}},{"hash":"d681959914138b5be8dbf5f184c4bd66b1c322d4","messageTitle":"Add new \u0027priority\u0027 command handler","messageBody":"","fileTypesAndContributionMap":{"java":{"insertions":54,"deletions":0}}},{"hash":"6c620e74e6ea718fb302dc524bf1c48f1f184203","messageTitle":"Fix Checkstyle issues","messageBody":"","tags":["BCD-Extension"],"fileTypesAndContributionMap":{"java":{"insertions":3,"deletions":1}}},{"hash":"218a9520287b5a6ba68fa2eed1b3cf9216ad160f","messageTitle":"Add title to displayed window","messageBody":"","fileTypesAndContributionMap":{"java":{"insertions":1,"deletions":0}}},{"hash":"341197a46da31cf7091303170eca2b35b06abee5","messageTitle":"Reformat command output to accomodate for new GUI","messageBody":"","fileTypesAndContributionMap":{"fxml":{"insertions":10,"deletions":4},"java":{"insertions":45,"deletions":17}}},{"hash":"3db828de295af61c738463834f4c9d25f4a7a70e","messageTitle":"Add user guide for Clippy","messageBody":"","tags":["A-UserGuide"],"fileTypesAndContributionMap":{"java":{"insertions":1,"deletions":1},"md":{"insertions":145,"deletions":9}}},{"hash":"11cc0b051e534aeec01745ac205ad83ec02130ea","messageTitle":"Update Unit Tests for Tasks to reflect new Priority state","messageBody":"","fileTypesAndContributionMap":{"java":{"insertions":7,"deletions":6}}},{"hash":"b50af2e3ce51c574c33fa143fa9a9c73e5f3a867","messageTitle":"Fix bug where program crashes for first-time users","messageBody":"","tags":["A-Release"],"fileTypesAndContributionMap":{"java":{"insertions":2,"deletions":1}}}]}]},"authorFileTypeContributionMap":{"chunzkok":{"java":1632,"md":138,"fxml":41,"sh":0,"bat":0,"gradle":22,"txt":13}},"authorContributionVariance":{"chunzkok":58238.69},"authorDisplayNameMap":{"chunzkok":"CS2103T-T14-4 KOK .. ZHI"}}
