{"authorDailyContributionsMap":{"zuohui48":[{"date":"2023-01-19","commitResults":[{"hash":"448e8f1e704bf2b6fdf76ce32612416d987aa4a4","messageTitle":"Level 1. Greet, Echo, Exit","messageBody":"","tags":["Level-1"],"fileTypesAndContributionMap":{"java":{"insertions":15,"deletions":1}}},{"hash":"4990edcb59206ef008e5a50723842d3f876f67cc","messageTitle":"Level 2. Add, List","messageBody":"","tags":["Level-2"],"fileTypesAndContributionMap":{"java":{"insertions":23,"deletions":1}}},{"hash":"55b36edc674576494dcb6c10c701909941e7b586","messageTitle":"Level 3. Mark as Done","messageBody":"","tags":["Level-3"],"fileTypesAndContributionMap":{"java":{"insertions":33,"deletions":8}}},{"hash":"33ecb546f48b14f85bf0d20822ffdb4d42aa9e68","messageTitle":"Level 4. ToDos, Events, Deadlines","messageBody":"","tags":["Level-4"],"fileTypesAndContributionMap":{"java":{"insertions":62,"deletions":2}}}]},{"date":"2023-01-20","commitResults":[{"hash":"626ffc6f90708ddfa971ec78d7b9b26f31c6a86a","messageTitle":"Handle errors","messageBody":"","tags":["Level-5"],"fileTypesAndContributionMap":{"java":{"insertions":50,"deletions":16}}},{"hash":"b16fc63ae71cc293f2bfe85afcca0d12f57e85e6","messageTitle":"enable deletion of tasks","messageBody":"","fileTypesAndContributionMap":{"java":{"insertions":6,"deletions":1}}},{"hash":"96ad5de5b5d4142a25e3bf35e38f2dab846e6b19","messageTitle":"enable deletion of tasks","messageBody":"","tags":["Level-6"],"fileTypesAndContributionMap":{"txt":{"insertions":8,"deletions":0}}}]}]},"authorFileTypeContributionMap":{"zuohui48":{"java":161,"md":0,"fxml":0,"sh":0,"bat":0,"gradle":0,"txt":8}},"authorContributionVariance":{"zuohui48":2650.1875},"authorDisplayNameMap":{"zuohui48":"CS2103-F11-2 CHEN.. HUI"}}
