{"authorDailyContributionsMap":{"dfordarius":[{"date":"2023-01-15","commitResults":[{"hash":"782d2b47f28fbfc04f4b534c059927d3faccaad8","messageTitle":"Implemented Level 1. Greet, Echo, Exit","messageBody":"","fileTypesAndContributionMap":{"java":{"insertions":21,"deletions":2}}},{"hash":"64798ffa907ab8795fb625d2af9a10ceef24c6ad","messageTitle":"Implemented Add, List","messageBody":"","tags":["Level-2"],"fileTypesAndContributionMap":{"java":{"insertions":48,"deletions":22}}},{"hash":"50ed36a1260c400d918dd7599b2529a1c124abf7","messageTitle":"Implemented Level 3. Mark as Done","messageBody":"","tags":["Level-3"],"fileTypesAndContributionMap":{"java":{"insertions":78,"deletions":23}}}]},{"date":"2023-01-16","commitResults":[{"hash":"079e459c66f1f55351a3b408d89257df77045d41","messageTitle":"Implemented Level 4. ToDos, Events, Deadlines","messageBody":"","tags":["Level-4"],"fileTypesAndContributionMap":{"java":{"insertions":150,"deletions":49}}},{"hash":"bde685b672aa69f16a165d44347afaeaf1d174d5","messageTitle":"Added Automated Text UI Testing","messageBody":"","tags":["A-TextUiTesting"],"fileTypesAndContributionMap":{"txt":{"insertions":12,"deletions":0}}}]},{"date":"2023-01-17","commitResults":[{"hash":"9bc61a8b5484a4e5126c50e81a67a015ebb0f3fd","messageTitle":"Implemented Level-5 Handle Errors","messageBody":"","tags":["Level-5"],"fileTypesAndContributionMap":{"java":{"insertions":131,"deletions":83}}},{"hash":"e13e05308ad49465f32a51db29abad25685be817","messageTitle":"Implemented Level 6 Delete","messageBody":"","tags":["Level-6"],"fileTypesAndContributionMap":{"java":{"insertions":22,"deletions":1}}},{"hash":"be5cb285e29fe2b1bd9b7050f2595478a0ce815c","messageTitle":"Implemented the use of Enums","messageBody":"","tags":["A-Enums"],"fileTypesAndContributionMap":{"java":{"insertions":24,"deletions":19}}}]},{"date":"2023-01-23","commitResults":[{"hash":"d8116912186da0fb86d42e29857bc8a09c47672b","messageTitle":"Implement Level-7 Save Features","messageBody":"Duke is runs on data that is currently not saved and resets after each run.\n\nSaves data into user\u0027s root directory/data/data.txt\n","tags":["Level-7"],"fileTypesAndContributionMap":{"java":{"insertions":279,"deletions":144}}},{"hash":"37a47c622bbb61a92783c77a8e2aa842647c3448","messageTitle":"Implement Level-8: Date and Time","messageBody":"Duke could not handle date formats\n\nadd parser to properly format dates and time for classes such as deadline and event\n","tags":["Level-8"],"fileTypesAndContributionMap":{"java":{"insertions":66,"deletions":34}}},{"hash":"a8a691c02ecf2482dfb05ccd227f8d4e922fc27e","messageTitle":"Implement Level 8: Date and Time","messageBody":"Duke could not handle date and time formats\n\nAdd a parser to properly format date and times for classes such as deadline and events\n","fileTypesAndContributionMap":{"java":{"insertions":33,"deletions":6}}}]},{"date":"2023-01-25","commitResults":[{"hash":"53d41cf3457ac052fe7a5631f08e83dd8fedbae0","messageTitle":"Add A-MoreOOP: Use More OOP","messageBody":"","tags":["A-MoreOOP"],"fileTypesAndContributionMap":{"java":{"insertions":379,"deletions":220}}},{"hash":"63197e67402706650f31cdcc7602d799f3d85954","messageTitle":"Move classes into respective packages","messageBody":"Classes were not in packages\n\nCode looks messy and tidy without classifying them into packages\n\nLets move classes into packages\n","tags":["A-Packages"],"fileTypesAndContributionMap":{"java":{"insertions":91,"deletions":19}}},{"hash":"c84971ccc88b98df9b6c05e8cdbbabeebd13ae0b","messageTitle":"Add Gradle support","messageBody":"","tags":["A-Gradle"],"fileTypesAndContributionMap":{"gradle":{"insertions":2,"deletions":1}}},{"hash":"36d922d71fb9c95aa05969e2d3be2bc05f8486f3","messageTitle":"Add JUnit Test","messageBody":"Did not have any JUnit to test the behaviour of the code\n\nAdd JUnit testing for Classes such as Deadline, Event and Todo\n","tags":["A-Jar","A-JUnit"],"fileTypesAndContributionMap":{"java":{"insertions":46,"deletions":3}}},{"hash":"dcb7241f9cb39a7eb04bf67162f46b01ba574d70","messageTitle":"Add javadocs","messageBody":"Duke does not have javadocs and it would be hard for users to understand its codes.\n\nAdd javadocs so that its code is easier to understand and read.\n","tags":["A-JavaDoc"],"fileTypesAndContributionMap":{"java":{"insertions":397,"deletions":25}}},{"hash":"d686945ed70dfe2b4542799e3861f2a1ae43b254","messageTitle":"Added A-CodingStandard","messageBody":"","tags":["A-CodingStandard"],"fileTypesAndContributionMap":{"java":{"insertions":19,"deletions":31}}},{"hash":"536c51d3f797436059ae2549ea4274717db470ab","messageTitle":"Add Level-9","messageBody":"","tags":["Level-9"],"fileTypesAndContributionMap":{"java":{"insertions":105,"deletions":26}}}]},{"date":"2023-01-27","commitResults":[{"hash":"93802054599f1399aa6e05fa8b0cf2148e0aa13a","messageTitle":"Updated JavaDocs","messageBody":"","fileTypesAndContributionMap":{"java":{"insertions":34,"deletions":4}}}]},{"date":"2023-01-29","commitResults":[{"hash":"ec4922ed9e7ddd2362ffce2b82eeb07404d5d0ba","messageTitle":"Updated JavaDocs and cleaned code","messageBody":"","fileTypesAndContributionMap":{"java":{"insertions":265,"deletions":81}}},{"hash":"c8d59ab3039d41fc29c062e09cd964ce60ba7169","messageTitle":"Add Checkstyle","messageBody":"Currently no checkstyle in the program.\n\nCheckstyle aids us to follow the coding standard.\n\nAdd checkstyle.xml and suppreession.xml and use gradle for checkstyle.\n","tags":["A-CheckStyle"],"fileTypesAndContributionMap":{"gradle":{"insertions":5,"deletions":0},"java":{"insertions":12,"deletions":1}}},{"hash":"318830998483402fe608af09c25cf143dec7841c","messageTitle":"Fix Checkstyle Errors","messageBody":"","fileTypesAndContributionMap":{"java":{"insertions":69,"deletions":61}}}]},{"date":"2023-01-31","commitResults":[{"hash":"4ecd2acf0cc2dff4a7263fb9a81081942cbfd0a9","messageTitle":"Updated javadocs","messageBody":"","fileTypesAndContributionMap":{"java":{"insertions":11,"deletions":11}}},{"hash":"c25dd0e87040bb479e2a4ce67327daf6db480c65","messageTitle":"removed extra line","messageBody":"","fileTypesAndContributionMap":{"java":{"insertions":1,"deletions":1}}},{"hash":"19251fd82ccc0f403db591994e2270ed8422fe64","messageTitle":"Fix checkstyle","messageBody":"","fileTypesAndContributionMap":{"java":{"insertions":0,"deletions":2}}},{"hash":"95a679053c94b072dc5a0b56a12f088e2b5db321","messageTitle":"Add Level-10 GUI","messageBody":"Duke does not have any GUI implemented.\n\nWithout GUI Duke looks very plain.\n\nLets update Duke by adding GUI using JavaFx\n","tags":["Level-10"],"fileTypesAndContributionMap":{"gradle":{"insertions":15,"deletions":0},"fxml":{"insertions":35,"deletions":0},"java":{"insertions":329,"deletions":173}}},{"hash":"0629848a660ef83104f0032e6c0aa7ce7b1bb916","messageTitle":"Add A-Varargs","messageBody":"Duke does not use any Varargs.\n\nLets add some Varargs to Duke.\n","tags":["A-Varargs"],"fileTypesAndContributionMap":{"java":{"insertions":10,"deletions":7}}},{"hash":"db2c0e374c3469aab9b3ffd3968fac6c059a2ef2","messageTitle":"Fix Checkstyle","messageBody":"","fileTypesAndContributionMap":{"java":{"insertions":2,"deletions":2}}},{"hash":"47de0c481ba4e2b32d461aab331f20c095608327","messageTitle":"Fix Checkstyle","messageBody":"","fileTypesAndContributionMap":{"java":{"insertions":16,"deletions":15}}}]},{"date":"2023-02-01","commitResults":[{"hash":"e059e118410d80be56d90aff3db545b10c2b5268","messageTitle":"Update find implementation","messageBody":"","fileTypesAndContributionMap":{"java":{"insertions":96,"deletions":67}}}]},{"date":"2023-02-05","commitResults":[{"hash":"dbaeaa3742b0a6b6a2071bd06f77d9d47e82508a","messageTitle":"Update implementation of Find","messageBody":"","fileTypesAndContributionMap":{"java":{"insertions":11,"deletions":5}}}]}]},"authorFileTypeContributionMap":{"dfordarius":{"java":1490,"md":0,"fxml":35,"sh":0,"bat":0,"gradle":22,"txt":12}},"authorContributionVariance":{"dfordarius":98139.125},"authorDisplayNameMap":{"dfordarius":"CS2103T-T15-2 DARI.. WEE"}}
