[{"path":"src/main/java/Deadline.java","fileType":"java","lines":[{"lineNumber":1,"author":{"gitId":"bryansendeavour"},"content":"public class Deadline extends Task{","lastModifiedDate":"2023-01-19"},{"lineNumber":2,"author":{"gitId":"bryansendeavour"},"content":"","lastModifiedDate":"2023-01-19"},{"lineNumber":3,"author":{"gitId":"bryansendeavour"},"content":"    private final String end;","lastModifiedDate":"2023-01-19"},{"lineNumber":4,"author":{"gitId":"bryansendeavour"},"content":"    public Deadline(String name, String end) {","lastModifiedDate":"2023-01-19"},{"lineNumber":5,"author":{"gitId":"bryansendeavour"},"content":"        super(name);","lastModifiedDate":"2023-01-19"},{"lineNumber":6,"author":{"gitId":"bryansendeavour"},"content":"        this.end \u003d end;","lastModifiedDate":"2023-01-19"},{"lineNumber":7,"author":{"gitId":"bryansendeavour"},"content":"    }","lastModifiedDate":"2023-01-19"},{"lineNumber":8,"author":{"gitId":"bryansendeavour"},"content":"","lastModifiedDate":"2023-01-19"},{"lineNumber":9,"author":{"gitId":"bryansendeavour"},"content":"    @Override","lastModifiedDate":"2023-01-19"},{"lineNumber":10,"author":{"gitId":"bryansendeavour"},"content":"    public String toString() {","lastModifiedDate":"2023-01-19"},{"lineNumber":11,"author":{"gitId":"bryansendeavour"},"content":"        return \"   [D]\" + super.toString() + \" |by: \" + end + \"|\\n\";","lastModifiedDate":"2023-01-19"},{"lineNumber":12,"author":{"gitId":"bryansendeavour"},"content":"","lastModifiedDate":"2023-01-19"},{"lineNumber":13,"author":{"gitId":"bryansendeavour"},"content":"    }","lastModifiedDate":"2023-01-19"},{"lineNumber":14,"author":{"gitId":"bryansendeavour"},"content":"}","lastModifiedDate":"2023-01-19"}],"authorContributionMap":{"bryansendeavour":14}},{"path":"src/main/java/Duke.java","fileType":"java","lines":[{"lineNumber":1,"author":{"gitId":"bryansendeavour"},"content":"import java.io.*;","lastModifiedDate":"2023-01-18"},{"lineNumber":2,"author":{"gitId":"bryansendeavour"},"content":"import java.util.*;","lastModifiedDate":"2023-01-18"},{"lineNumber":3,"author":{"gitId":"-"},"content":"public class Duke {","lastModifiedDate":"2019-07-29"},{"lineNumber":4,"author":{"gitId":"bryansendeavour"},"content":"    private static final String divider \u003d \"~~~~~~~~~~~~~~~~~~~~~~~~~~~~~~~~~~~~~~~~\\n\";","lastModifiedDate":"2023-01-18"},{"lineNumber":5,"author":{"gitId":"bryansendeavour"},"content":"    private static final ArrayList\u003cTask\u003e al \u003d new ArrayList\u003c\u003e();","lastModifiedDate":"2023-01-19"},{"lineNumber":6,"author":{"gitId":"bryansendeavour"},"content":"    private static final StringBuilder sb \u003d new StringBuilder();","lastModifiedDate":"2023-01-19"},{"lineNumber":7,"author":{"gitId":"bryansendeavour"},"content":"    private static final BufferedReader br \u003d new BufferedReader(new InputStreamReader(System.in));","lastModifiedDate":"2023-01-19"},{"lineNumber":8,"author":{"gitId":"bryansendeavour"},"content":"","lastModifiedDate":"2023-01-19"},{"lineNumber":9,"author":{"gitId":"bryansendeavour"},"content":"","lastModifiedDate":"2023-01-18"},{"lineNumber":10,"author":{"gitId":"bryansendeavour"},"content":"    public static void welcome() {","lastModifiedDate":"2023-01-18"},{"lineNumber":11,"author":{"gitId":"bryansendeavour"},"content":"        String welcome \u003d \"Welcome hooman!\\n\" +","lastModifiedDate":"2023-01-18"},{"lineNumber":12,"author":{"gitId":"bryansendeavour"},"content":"                \"Wat u want to do today?\\n\";","lastModifiedDate":"2023-01-19"},{"lineNumber":13,"author":{"gitId":"bryansendeavour"},"content":"        System.out.println(divider + welcome + divider);","lastModifiedDate":"2023-01-19"},{"lineNumber":14,"author":{"gitId":"bryansendeavour"},"content":"    }","lastModifiedDate":"2023-01-18"},{"lineNumber":15,"author":{"gitId":"bryansendeavour"},"content":"","lastModifiedDate":"2023-01-18"},{"lineNumber":16,"author":{"gitId":"bryansendeavour"},"content":"    public static void bye() {","lastModifiedDate":"2023-01-18"},{"lineNumber":17,"author":{"gitId":"bryansendeavour"},"content":"        System.out.println(divider + \"Ah..... okkkk nehmind. GO. BYE. :)\\n\" + divider);","lastModifiedDate":"2023-01-19"},{"lineNumber":18,"author":{"gitId":"bryansendeavour"},"content":"    }","lastModifiedDate":"2023-01-18"},{"lineNumber":19,"author":{"gitId":"bryansendeavour"},"content":"","lastModifiedDate":"2023-01-18"},{"lineNumber":20,"author":{"gitId":"bryansendeavour"},"content":"    public static void printList() {","lastModifiedDate":"2023-01-18"},{"lineNumber":21,"author":{"gitId":"bryansendeavour"},"content":"        ListIterator\u003cTask\u003e li \u003d al.listIterator();","lastModifiedDate":"2023-01-19"},{"lineNumber":22,"author":{"gitId":"bryansendeavour"},"content":"        if (!li.hasNext()) {","lastModifiedDate":"2023-01-18"},{"lineNumber":23,"author":{"gitId":"bryansendeavour"},"content":"            System.out.println(divider + \"List is empty.......\\n\" + divider);","lastModifiedDate":"2023-01-18"},{"lineNumber":24,"author":{"gitId":"bryansendeavour"},"content":"        } else {","lastModifiedDate":"2023-01-18"},{"lineNumber":25,"author":{"gitId":"bryansendeavour"},"content":"            int count \u003d 1;","lastModifiedDate":"2023-01-18"},{"lineNumber":26,"author":{"gitId":"bryansendeavour"},"content":"            System.out.println(divider + \"Hurry up and finish these tasks:\");","lastModifiedDate":"2023-01-18"},{"lineNumber":27,"author":{"gitId":"bryansendeavour"},"content":"            while (li.hasNext()) {","lastModifiedDate":"2023-01-18"},{"lineNumber":28,"author":{"gitId":"bryansendeavour"},"content":"                Task curr \u003d li.next();","lastModifiedDate":"2023-01-19"},{"lineNumber":29,"author":{"gitId":"bryansendeavour"},"content":"                System.out.print(curr);","lastModifiedDate":"2023-01-19"},{"lineNumber":30,"author":{"gitId":"bryansendeavour"},"content":"                count++;","lastModifiedDate":"2023-01-18"},{"lineNumber":31,"author":{"gitId":"bryansendeavour"},"content":"            }","lastModifiedDate":"2023-01-18"},{"lineNumber":32,"author":{"gitId":"bryansendeavour"},"content":"            System.out.println(divider);","lastModifiedDate":"2023-01-19"},{"lineNumber":33,"author":{"gitId":"bryansendeavour"},"content":"        }","lastModifiedDate":"2023-01-18"},{"lineNumber":34,"author":{"gitId":"bryansendeavour"},"content":"    }","lastModifiedDate":"2023-01-18"},{"lineNumber":35,"author":{"gitId":"bryansendeavour"},"content":"    public static void printDefault(Task t) {","lastModifiedDate":"2023-01-19"},{"lineNumber":36,"author":{"gitId":"bryansendeavour"},"content":"        System.out.println(divider + \"Aite letsgetit you added:\\n\" + t.toString()  +","lastModifiedDate":"2023-01-19"},{"lineNumber":37,"author":{"gitId":"bryansendeavour"},"content":"                \"currently you have \" + t.numberTask() + \" tasks\\n\" + divider);","lastModifiedDate":"2023-01-19"},{"lineNumber":38,"author":{"gitId":"bryansendeavour"},"content":"    }","lastModifiedDate":"2023-01-18"},{"lineNumber":39,"author":{"gitId":"bryansendeavour"},"content":"","lastModifiedDate":"2023-01-18"},{"lineNumber":40,"author":{"gitId":"bryansendeavour"},"content":"    public static void mark(String i) throws Exception{","lastModifiedDate":"2023-01-19"},{"lineNumber":41,"author":{"gitId":"bryansendeavour"},"content":"        int cint \u003d Integer.parseInt(i) - 1;","lastModifiedDate":"2023-01-18"},{"lineNumber":42,"author":{"gitId":"bryansendeavour"},"content":"        try {","lastModifiedDate":"2023-01-19"},{"lineNumber":43,"author":{"gitId":"bryansendeavour"},"content":"            Task curr \u003d al.get(cint);","lastModifiedDate":"2023-01-19"},{"lineNumber":44,"author":{"gitId":"bryansendeavour"},"content":"            curr.mark();","lastModifiedDate":"2023-01-19"},{"lineNumber":45,"author":{"gitId":"bryansendeavour"},"content":"            System.out.println(divider + \"Congrats this has been done:\\n\"","lastModifiedDate":"2023-01-18"},{"lineNumber":46,"author":{"gitId":"bryansendeavour"},"content":"                    + curr + \"\\nOne down, Leskooo!\\n\" + divider);","lastModifiedDate":"2023-01-19"},{"lineNumber":47,"author":{"gitId":"bryansendeavour"},"content":"        } catch (Exception m){","lastModifiedDate":"2023-01-19"},{"lineNumber":48,"author":{"gitId":"bryansendeavour"},"content":"            System.out.println(\"Number entered out of range, type the number again\");","lastModifiedDate":"2023-01-19"},{"lineNumber":49,"author":{"gitId":"bryansendeavour"},"content":"            String s \u003d br.readLine();","lastModifiedDate":"2023-01-19"},{"lineNumber":50,"author":{"gitId":"bryansendeavour"},"content":"            mark(s);","lastModifiedDate":"2023-01-19"},{"lineNumber":51,"author":{"gitId":"bryansendeavour"},"content":"        }","lastModifiedDate":"2023-01-19"},{"lineNumber":52,"author":{"gitId":"bryansendeavour"},"content":"    }","lastModifiedDate":"2023-01-18"},{"lineNumber":53,"author":{"gitId":"bryansendeavour"},"content":"","lastModifiedDate":"2023-01-18"},{"lineNumber":54,"author":{"gitId":"bryansendeavour"},"content":"    public static void unmark(String i) throws Exception{","lastModifiedDate":"2023-01-19"},{"lineNumber":55,"author":{"gitId":"bryansendeavour"},"content":"        int cint \u003d Integer.parseInt(i) - 1 ;","lastModifiedDate":"2023-01-18"},{"lineNumber":56,"author":{"gitId":"bryansendeavour"},"content":"        try {","lastModifiedDate":"2023-01-19"},{"lineNumber":57,"author":{"gitId":"bryansendeavour"},"content":"            Task curr \u003d al.get(cint);","lastModifiedDate":"2023-01-19"},{"lineNumber":58,"author":{"gitId":"bryansendeavour"},"content":"            curr.unmark();","lastModifiedDate":"2023-01-19"},{"lineNumber":59,"author":{"gitId":"bryansendeavour"},"content":"            System.out.println(divider + \"Alright, new task:\\n\" + curr","lastModifiedDate":"2023-01-19"},{"lineNumber":60,"author":{"gitId":"bryansendeavour"},"content":"                    + \"\\nWe can do dis!\\n\" + divider);","lastModifiedDate":"2023-01-19"},{"lineNumber":61,"author":{"gitId":"bryansendeavour"},"content":"        } catch (Exception m) {","lastModifiedDate":"2023-01-19"},{"lineNumber":62,"author":{"gitId":"bryansendeavour"},"content":"            System.out.println(\"Number entered out of range, type the number again\");","lastModifiedDate":"2023-01-19"},{"lineNumber":63,"author":{"gitId":"bryansendeavour"},"content":"            String s \u003d br.readLine();","lastModifiedDate":"2023-01-19"},{"lineNumber":64,"author":{"gitId":"bryansendeavour"},"content":"            unmark(s);","lastModifiedDate":"2023-01-19"},{"lineNumber":65,"author":{"gitId":"bryansendeavour"},"content":"        }","lastModifiedDate":"2023-01-19"},{"lineNumber":66,"author":{"gitId":"bryansendeavour"},"content":"    }","lastModifiedDate":"2023-01-19"},{"lineNumber":67,"author":{"gitId":"bryansendeavour"},"content":"","lastModifiedDate":"2023-01-19"},{"lineNumber":68,"author":{"gitId":"bryansendeavour"},"content":"    public static void delete(String i) throws Exception{","lastModifiedDate":"2023-01-19"},{"lineNumber":69,"author":{"gitId":"bryansendeavour"},"content":"        int cint \u003d Integer.parseInt(i) - 1;","lastModifiedDate":"2023-01-19"},{"lineNumber":70,"author":{"gitId":"bryansendeavour"},"content":"        try {","lastModifiedDate":"2023-01-19"},{"lineNumber":71,"author":{"gitId":"bryansendeavour"},"content":"            Task curr \u003d al.get(cint);","lastModifiedDate":"2023-01-19"},{"lineNumber":72,"author":{"gitId":"bryansendeavour"},"content":"            curr.minus();","lastModifiedDate":"2023-01-19"},{"lineNumber":73,"author":{"gitId":"bryansendeavour"},"content":"            al.remove(cint);","lastModifiedDate":"2023-01-19"},{"lineNumber":74,"author":{"gitId":"bryansendeavour"},"content":"            System.out.println(divider + \"Alright, deleted task:\\n\" + curr","lastModifiedDate":"2023-01-19"},{"lineNumber":75,"author":{"gitId":"bryansendeavour"},"content":"                    + \"\\n\" + curr.numberTask() + \" tasks left!\\n\" + divider);","lastModifiedDate":"2023-01-19"},{"lineNumber":76,"author":{"gitId":"bryansendeavour"},"content":"        } catch (Exception m){","lastModifiedDate":"2023-01-19"},{"lineNumber":77,"author":{"gitId":"bryansendeavour"},"content":"            System.out.println(\"Number entered out of range, type the number again\");","lastModifiedDate":"2023-01-19"},{"lineNumber":78,"author":{"gitId":"bryansendeavour"},"content":"            String s \u003d br.readLine();","lastModifiedDate":"2023-01-19"},{"lineNumber":79,"author":{"gitId":"bryansendeavour"},"content":"            delete(s);","lastModifiedDate":"2023-01-19"},{"lineNumber":80,"author":{"gitId":"bryansendeavour"},"content":"        }","lastModifiedDate":"2023-01-19"},{"lineNumber":81,"author":{"gitId":"bryansendeavour"},"content":"    }","lastModifiedDate":"2023-01-19"},{"lineNumber":82,"author":{"gitId":"bryansendeavour"},"content":"","lastModifiedDate":"2023-01-19"},{"lineNumber":83,"author":{"gitId":"bryansendeavour"},"content":"    public static Event createEvent(String[] splited) {","lastModifiedDate":"2023-01-19"},{"lineNumber":84,"author":{"gitId":"bryansendeavour"},"content":"","lastModifiedDate":"2023-01-19"},{"lineNumber":85,"author":{"gitId":"bryansendeavour"},"content":"        boolean one \u003d true;","lastModifiedDate":"2023-01-19"},{"lineNumber":86,"author":{"gitId":"bryansendeavour"},"content":"        boolean two \u003d false;","lastModifiedDate":"2023-01-19"},{"lineNumber":87,"author":{"gitId":"bryansendeavour"},"content":"        boolean three \u003d false;","lastModifiedDate":"2023-01-19"},{"lineNumber":88,"author":{"gitId":"bryansendeavour"},"content":"        String n \u003d \" \", s \u003d \" \", e \u003d \" \";","lastModifiedDate":"2023-01-19"},{"lineNumber":89,"author":{"gitId":"bryansendeavour"},"content":"        for (int i \u003d 1; i \u003c splited.length; i++) {","lastModifiedDate":"2023-01-19"},{"lineNumber":90,"author":{"gitId":"bryansendeavour"},"content":"            if (one) {","lastModifiedDate":"2023-01-19"},{"lineNumber":91,"author":{"gitId":"bryansendeavour"},"content":"                if (!splited[i].equalsIgnoreCase(\"/from\")) {","lastModifiedDate":"2023-01-19"},{"lineNumber":92,"author":{"gitId":"bryansendeavour"},"content":"                    sb.append(splited[i]);","lastModifiedDate":"2023-01-19"},{"lineNumber":93,"author":{"gitId":"bryansendeavour"},"content":"                } else {","lastModifiedDate":"2023-01-19"},{"lineNumber":94,"author":{"gitId":"bryansendeavour"},"content":"                    two \u003d true;","lastModifiedDate":"2023-01-19"},{"lineNumber":95,"author":{"gitId":"bryansendeavour"},"content":"                    n \u003d sb.toString();","lastModifiedDate":"2023-01-19"},{"lineNumber":96,"author":{"gitId":"bryansendeavour"},"content":"                    sb.setLength(0);","lastModifiedDate":"2023-01-19"},{"lineNumber":97,"author":{"gitId":"bryansendeavour"},"content":"                    one \u003d false;","lastModifiedDate":"2023-01-19"},{"lineNumber":98,"author":{"gitId":"bryansendeavour"},"content":"                }","lastModifiedDate":"2023-01-19"},{"lineNumber":99,"author":{"gitId":"bryansendeavour"},"content":"            } else if (two) {","lastModifiedDate":"2023-01-19"},{"lineNumber":100,"author":{"gitId":"bryansendeavour"},"content":"                if (!splited[i].equalsIgnoreCase(\"/to\")) {","lastModifiedDate":"2023-01-19"},{"lineNumber":101,"author":{"gitId":"bryansendeavour"},"content":"                    sb.append(splited[i]);","lastModifiedDate":"2023-01-19"},{"lineNumber":102,"author":{"gitId":"bryansendeavour"},"content":"                } else {","lastModifiedDate":"2023-01-19"},{"lineNumber":103,"author":{"gitId":"bryansendeavour"},"content":"                    three \u003d true;","lastModifiedDate":"2023-01-19"},{"lineNumber":104,"author":{"gitId":"bryansendeavour"},"content":"                    s \u003d sb.toString();","lastModifiedDate":"2023-01-19"},{"lineNumber":105,"author":{"gitId":"bryansendeavour"},"content":"                    sb.setLength(0);","lastModifiedDate":"2023-01-19"},{"lineNumber":106,"author":{"gitId":"bryansendeavour"},"content":"                    two \u003d false;","lastModifiedDate":"2023-01-19"},{"lineNumber":107,"author":{"gitId":"bryansendeavour"},"content":"                }","lastModifiedDate":"2023-01-19"},{"lineNumber":108,"author":{"gitId":"bryansendeavour"},"content":"            } else if (three) {","lastModifiedDate":"2023-01-19"},{"lineNumber":109,"author":{"gitId":"bryansendeavour"},"content":"                sb.append(splited[i]);","lastModifiedDate":"2023-01-19"},{"lineNumber":110,"author":{"gitId":"bryansendeavour"},"content":"            }","lastModifiedDate":"2023-01-19"},{"lineNumber":111,"author":{"gitId":"bryansendeavour"},"content":"            if (i + 1 !\u003d splited.length) {","lastModifiedDate":"2023-01-19"},{"lineNumber":112,"author":{"gitId":"bryansendeavour"},"content":"                sb.append(\" \");","lastModifiedDate":"2023-01-19"},{"lineNumber":113,"author":{"gitId":"bryansendeavour"},"content":"            }","lastModifiedDate":"2023-01-19"},{"lineNumber":114,"author":{"gitId":"bryansendeavour"},"content":"        }","lastModifiedDate":"2023-01-19"},{"lineNumber":115,"author":{"gitId":"bryansendeavour"},"content":"        e \u003d sb.toString();","lastModifiedDate":"2023-01-19"},{"lineNumber":116,"author":{"gitId":"bryansendeavour"},"content":"        return new Event(n, s, e);","lastModifiedDate":"2023-01-19"},{"lineNumber":117,"author":{"gitId":"bryansendeavour"},"content":"    }","lastModifiedDate":"2023-01-19"},{"lineNumber":118,"author":{"gitId":"bryansendeavour"},"content":"","lastModifiedDate":"2023-01-19"},{"lineNumber":119,"author":{"gitId":"bryansendeavour"},"content":"    public static Deadline createDeadline(String[] splited) {","lastModifiedDate":"2023-01-19"},{"lineNumber":120,"author":{"gitId":"bryansendeavour"},"content":"        boolean one \u003d true;","lastModifiedDate":"2023-01-19"},{"lineNumber":121,"author":{"gitId":"bryansendeavour"},"content":"        String n \u003d \" \", e \u003d \" \";","lastModifiedDate":"2023-01-19"},{"lineNumber":122,"author":{"gitId":"bryansendeavour"},"content":"        for (int i \u003d 1; i \u003c splited.length; i++) {","lastModifiedDate":"2023-01-19"},{"lineNumber":123,"author":{"gitId":"bryansendeavour"},"content":"            if (one) {","lastModifiedDate":"2023-01-19"},{"lineNumber":124,"author":{"gitId":"bryansendeavour"},"content":"                if (!splited[i].equalsIgnoreCase(\"/by\")) {","lastModifiedDate":"2023-01-19"},{"lineNumber":125,"author":{"gitId":"bryansendeavour"},"content":"                    sb.append(splited[i]);","lastModifiedDate":"2023-01-19"},{"lineNumber":126,"author":{"gitId":"bryansendeavour"},"content":"                } else {","lastModifiedDate":"2023-01-19"},{"lineNumber":127,"author":{"gitId":"bryansendeavour"},"content":"                    n \u003d sb.toString();","lastModifiedDate":"2023-01-19"},{"lineNumber":128,"author":{"gitId":"bryansendeavour"},"content":"                    sb.setLength(0);","lastModifiedDate":"2023-01-19"},{"lineNumber":129,"author":{"gitId":"bryansendeavour"},"content":"                    one \u003d false;","lastModifiedDate":"2023-01-19"},{"lineNumber":130,"author":{"gitId":"bryansendeavour"},"content":"                }","lastModifiedDate":"2023-01-19"},{"lineNumber":131,"author":{"gitId":"bryansendeavour"},"content":"            } else {","lastModifiedDate":"2023-01-19"},{"lineNumber":132,"author":{"gitId":"bryansendeavour"},"content":"                sb.append(splited[i]);","lastModifiedDate":"2023-01-19"},{"lineNumber":133,"author":{"gitId":"bryansendeavour"},"content":"            }","lastModifiedDate":"2023-01-19"},{"lineNumber":134,"author":{"gitId":"bryansendeavour"},"content":"            if (i + 1 !\u003d splited.length) {","lastModifiedDate":"2023-01-19"},{"lineNumber":135,"author":{"gitId":"bryansendeavour"},"content":"                sb.append(\" \");","lastModifiedDate":"2023-01-19"},{"lineNumber":136,"author":{"gitId":"bryansendeavour"},"content":"            }","lastModifiedDate":"2023-01-19"},{"lineNumber":137,"author":{"gitId":"bryansendeavour"},"content":"        }","lastModifiedDate":"2023-01-19"},{"lineNumber":138,"author":{"gitId":"bryansendeavour"},"content":"        e \u003d sb.toString();","lastModifiedDate":"2023-01-19"},{"lineNumber":139,"author":{"gitId":"bryansendeavour"},"content":"        return new Deadline(n, e);","lastModifiedDate":"2023-01-19"},{"lineNumber":140,"author":{"gitId":"bryansendeavour"},"content":"    }","lastModifiedDate":"2023-01-18"},{"lineNumber":141,"author":{"gitId":"bryansendeavour"},"content":"","lastModifiedDate":"2023-01-19"},{"lineNumber":142,"author":{"gitId":"bryansendeavour"},"content":"    public static Todo createTodo(String[] splited) throws Exception{","lastModifiedDate":"2023-01-19"},{"lineNumber":143,"author":{"gitId":"bryansendeavour"},"content":"        if (splited.length \u003d\u003d 1) {","lastModifiedDate":"2023-01-19"},{"lineNumber":144,"author":{"gitId":"bryansendeavour"},"content":"            System.out.println(\"What do u need to do ah? u never write.\");","lastModifiedDate":"2023-01-19"},{"lineNumber":145,"author":{"gitId":"bryansendeavour"},"content":"            String s \u003d br.readLine();","lastModifiedDate":"2023-01-19"},{"lineNumber":146,"author":{"gitId":"bryansendeavour"},"content":"            Todo t \u003d new Todo(s);","lastModifiedDate":"2023-01-19"},{"lineNumber":147,"author":{"gitId":"bryansendeavour"},"content":"            sb.setLength(0);","lastModifiedDate":"2023-01-19"},{"lineNumber":148,"author":{"gitId":"bryansendeavour"},"content":"            return t;","lastModifiedDate":"2023-01-19"},{"lineNumber":149,"author":{"gitId":"bryansendeavour"},"content":"        } else {","lastModifiedDate":"2023-01-19"},{"lineNumber":150,"author":{"gitId":"bryansendeavour"},"content":"            for (int i \u003d 1; i \u003c splited.length; i++) {","lastModifiedDate":"2023-01-19"},{"lineNumber":151,"author":{"gitId":"bryansendeavour"},"content":"                sb.append(splited[i]);","lastModifiedDate":"2023-01-19"},{"lineNumber":152,"author":{"gitId":"bryansendeavour"},"content":"                if (i + 1 !\u003d splited.length) {","lastModifiedDate":"2023-01-19"},{"lineNumber":153,"author":{"gitId":"bryansendeavour"},"content":"                    sb.append(\" \");","lastModifiedDate":"2023-01-19"},{"lineNumber":154,"author":{"gitId":"bryansendeavour"},"content":"                }","lastModifiedDate":"2023-01-19"},{"lineNumber":155,"author":{"gitId":"bryansendeavour"},"content":"            }","lastModifiedDate":"2023-01-19"},{"lineNumber":156,"author":{"gitId":"bryansendeavour"},"content":"            Todo t \u003d new Todo(sb.toString());","lastModifiedDate":"2023-01-19"},{"lineNumber":157,"author":{"gitId":"bryansendeavour"},"content":"            sb.setLength(0);","lastModifiedDate":"2023-01-19"},{"lineNumber":158,"author":{"gitId":"bryansendeavour"},"content":"            return t;","lastModifiedDate":"2023-01-19"},{"lineNumber":159,"author":{"gitId":"bryansendeavour"},"content":"        }","lastModifiedDate":"2023-01-19"},{"lineNumber":160,"author":{"gitId":"bryansendeavour"},"content":"    }","lastModifiedDate":"2023-01-19"},{"lineNumber":161,"author":{"gitId":"bryansendeavour"},"content":"    public static void main(String[] args) throws Exception {","lastModifiedDate":"2023-01-19"},{"lineNumber":162,"author":{"gitId":"bryansendeavour"},"content":"        welcome();","lastModifiedDate":"2023-01-18"},{"lineNumber":163,"author":{"gitId":"bryansendeavour"},"content":"        String in \u003d br.readLine();","lastModifiedDate":"2023-01-18"},{"lineNumber":164,"author":{"gitId":"bryansendeavour"},"content":"        String[] splited \u003d in.split(\" \");","lastModifiedDate":"2023-01-18"},{"lineNumber":165,"author":{"gitId":"bryansendeavour"},"content":"        String bye \u003d \"bye\";","lastModifiedDate":"2023-01-18"},{"lineNumber":166,"author":{"gitId":"bryansendeavour"},"content":"        while (!in.equalsIgnoreCase(bye)) {","lastModifiedDate":"2023-01-18"},{"lineNumber":167,"author":{"gitId":"bryansendeavour"},"content":"            switch (splited[0].toUpperCase()) {","lastModifiedDate":"2023-01-18"},{"lineNumber":168,"author":{"gitId":"bryansendeavour"},"content":"                case \"LIST\":","lastModifiedDate":"2023-01-18"},{"lineNumber":169,"author":{"gitId":"bryansendeavour"},"content":"                    printList();","lastModifiedDate":"2023-01-18"},{"lineNumber":170,"author":{"gitId":"bryansendeavour"},"content":"                    break;","lastModifiedDate":"2023-01-18"},{"lineNumber":171,"author":{"gitId":"bryansendeavour"},"content":"                case \"MARK\":","lastModifiedDate":"2023-01-18"},{"lineNumber":172,"author":{"gitId":"bryansendeavour"},"content":"                    mark(splited[1]);","lastModifiedDate":"2023-01-18"},{"lineNumber":173,"author":{"gitId":"bryansendeavour"},"content":"                    break;","lastModifiedDate":"2023-01-18"},{"lineNumber":174,"author":{"gitId":"bryansendeavour"},"content":"                case \"UNMARK\":","lastModifiedDate":"2023-01-18"},{"lineNumber":175,"author":{"gitId":"bryansendeavour"},"content":"                    unmark(splited[1]);","lastModifiedDate":"2023-01-18"},{"lineNumber":176,"author":{"gitId":"bryansendeavour"},"content":"                    break;","lastModifiedDate":"2023-01-18"},{"lineNumber":177,"author":{"gitId":"bryansendeavour"},"content":"                case \"TODO\" :","lastModifiedDate":"2023-01-19"},{"lineNumber":178,"author":{"gitId":"bryansendeavour"},"content":"                    Todo t \u003d createTodo(splited);","lastModifiedDate":"2023-01-19"},{"lineNumber":179,"author":{"gitId":"bryansendeavour"},"content":"                    al.add(t);","lastModifiedDate":"2023-01-19"},{"lineNumber":180,"author":{"gitId":"bryansendeavour"},"content":"                    printDefault(t);","lastModifiedDate":"2023-01-19"},{"lineNumber":181,"author":{"gitId":"bryansendeavour"},"content":"                    break;","lastModifiedDate":"2023-01-19"},{"lineNumber":182,"author":{"gitId":"bryansendeavour"},"content":"                case \"EVENT\" :","lastModifiedDate":"2023-01-19"},{"lineNumber":183,"author":{"gitId":"bryansendeavour"},"content":"                    Event e \u003d createEvent(splited);","lastModifiedDate":"2023-01-19"},{"lineNumber":184,"author":{"gitId":"bryansendeavour"},"content":"                    al.add(e);","lastModifiedDate":"2023-01-19"},{"lineNumber":185,"author":{"gitId":"bryansendeavour"},"content":"                    printDefault(e);","lastModifiedDate":"2023-01-19"},{"lineNumber":186,"author":{"gitId":"bryansendeavour"},"content":"                    break;","lastModifiedDate":"2023-01-19"},{"lineNumber":187,"author":{"gitId":"bryansendeavour"},"content":"                case \"DEADLINE\" :","lastModifiedDate":"2023-01-19"},{"lineNumber":188,"author":{"gitId":"bryansendeavour"},"content":"                    Deadline d \u003d createDeadline(splited);","lastModifiedDate":"2023-01-19"},{"lineNumber":189,"author":{"gitId":"bryansendeavour"},"content":"                    al.add(d);","lastModifiedDate":"2023-01-19"},{"lineNumber":190,"author":{"gitId":"bryansendeavour"},"content":"                    printDefault(d);","lastModifiedDate":"2023-01-19"},{"lineNumber":191,"author":{"gitId":"bryansendeavour"},"content":"                    break;","lastModifiedDate":"2023-01-19"},{"lineNumber":192,"author":{"gitId":"bryansendeavour"},"content":"                case \"DELETE\" :","lastModifiedDate":"2023-01-19"},{"lineNumber":193,"author":{"gitId":"bryansendeavour"},"content":"                    delete(splited[1]);","lastModifiedDate":"2023-01-19"},{"lineNumber":194,"author":{"gitId":"bryansendeavour"},"content":"                    break;","lastModifiedDate":"2023-01-19"},{"lineNumber":195,"author":{"gitId":"bryansendeavour"},"content":"                default:","lastModifiedDate":"2023-01-18"},{"lineNumber":196,"author":{"gitId":"bryansendeavour"},"content":"                    System.out.println(divider+ \"I have no idea what is going on, try again?\\n\" + divider);","lastModifiedDate":"2023-01-19"},{"lineNumber":197,"author":{"gitId":"bryansendeavour"},"content":"                    break;","lastModifiedDate":"2023-01-19"},{"lineNumber":198,"author":{"gitId":"bryansendeavour"},"content":"","lastModifiedDate":"2023-01-19"},{"lineNumber":199,"author":{"gitId":"bryansendeavour"},"content":"            }","lastModifiedDate":"2023-01-18"},{"lineNumber":200,"author":{"gitId":"bryansendeavour"},"content":"            in \u003d br.readLine();","lastModifiedDate":"2023-01-18"},{"lineNumber":201,"author":{"gitId":"bryansendeavour"},"content":"            splited \u003d in.split(\" \");","lastModifiedDate":"2023-01-18"},{"lineNumber":202,"author":{"gitId":"bryansendeavour"},"content":"        }","lastModifiedDate":"2023-01-18"},{"lineNumber":203,"author":{"gitId":"bryansendeavour"},"content":"        bye();","lastModifiedDate":"2023-01-18"},{"lineNumber":204,"author":{"gitId":"-"},"content":"    }","lastModifiedDate":"2019-07-29"},{"lineNumber":205,"author":{"gitId":"-"},"content":"}","lastModifiedDate":"2019-07-29"}],"authorContributionMap":{"bryansendeavour":202,"-":3}},{"path":"src/main/java/DukeException.java","fileType":"java","lines":[{"lineNumber":1,"author":{"gitId":"bryansendeavour"},"content":"import java.io.IOException;","lastModifiedDate":"2023-01-19"},{"lineNumber":2,"author":{"gitId":"bryansendeavour"},"content":"","lastModifiedDate":"2023-01-19"},{"lineNumber":3,"author":{"gitId":"bryansendeavour"},"content":"public class DukeException extends Exception{","lastModifiedDate":"2023-01-19"},{"lineNumber":4,"author":{"gitId":"bryansendeavour"},"content":"","lastModifiedDate":"2023-01-19"},{"lineNumber":5,"author":{"gitId":"bryansendeavour"},"content":"    public DukeException(String m) {","lastModifiedDate":"2023-01-19"},{"lineNumber":6,"author":{"gitId":"bryansendeavour"},"content":"        super(m);","lastModifiedDate":"2023-01-19"},{"lineNumber":7,"author":{"gitId":"bryansendeavour"},"content":"    }","lastModifiedDate":"2023-01-19"},{"lineNumber":8,"author":{"gitId":"bryansendeavour"},"content":"","lastModifiedDate":"2023-01-19"},{"lineNumber":9,"author":{"gitId":"bryansendeavour"},"content":"","lastModifiedDate":"2023-01-19"},{"lineNumber":10,"author":{"gitId":"bryansendeavour"},"content":"}","lastModifiedDate":"2023-01-19"}],"authorContributionMap":{"bryansendeavour":10}},{"path":"src/main/java/Event.java","fileType":"java","lines":[{"lineNumber":1,"author":{"gitId":"bryansendeavour"},"content":"public class Event extends Task{","lastModifiedDate":"2023-01-19"},{"lineNumber":2,"author":{"gitId":"bryansendeavour"},"content":"    private final String start;","lastModifiedDate":"2023-01-19"},{"lineNumber":3,"author":{"gitId":"bryansendeavour"},"content":"    private final String end;","lastModifiedDate":"2023-01-19"},{"lineNumber":4,"author":{"gitId":"bryansendeavour"},"content":"","lastModifiedDate":"2023-01-19"},{"lineNumber":5,"author":{"gitId":"bryansendeavour"},"content":"    public Event(String name, String start, String end) {","lastModifiedDate":"2023-01-19"},{"lineNumber":6,"author":{"gitId":"bryansendeavour"},"content":"        super(name);","lastModifiedDate":"2023-01-19"},{"lineNumber":7,"author":{"gitId":"bryansendeavour"},"content":"        this.start \u003d start;","lastModifiedDate":"2023-01-19"},{"lineNumber":8,"author":{"gitId":"bryansendeavour"},"content":"        this.end \u003d end;","lastModifiedDate":"2023-01-19"},{"lineNumber":9,"author":{"gitId":"bryansendeavour"},"content":"    }","lastModifiedDate":"2023-01-19"},{"lineNumber":10,"author":{"gitId":"bryansendeavour"},"content":"","lastModifiedDate":"2023-01-19"},{"lineNumber":11,"author":{"gitId":"bryansendeavour"},"content":"","lastModifiedDate":"2023-01-19"},{"lineNumber":12,"author":{"gitId":"bryansendeavour"},"content":"    @Override","lastModifiedDate":"2023-01-19"},{"lineNumber":13,"author":{"gitId":"bryansendeavour"},"content":"    public String toString() {","lastModifiedDate":"2023-01-19"},{"lineNumber":14,"author":{"gitId":"bryansendeavour"},"content":"        return \"   [E]\" + super.toString()+ \" |from: \" + start + \" to: \" + end + \"|\\n\";","lastModifiedDate":"2023-01-19"},{"lineNumber":15,"author":{"gitId":"bryansendeavour"},"content":"","lastModifiedDate":"2023-01-19"},{"lineNumber":16,"author":{"gitId":"bryansendeavour"},"content":"    }","lastModifiedDate":"2023-01-19"},{"lineNumber":17,"author":{"gitId":"bryansendeavour"},"content":"","lastModifiedDate":"2023-01-19"},{"lineNumber":18,"author":{"gitId":"bryansendeavour"},"content":"}","lastModifiedDate":"2023-01-19"}],"authorContributionMap":{"bryansendeavour":18}},{"path":"src/main/java/Task.java","fileType":"java","lines":[{"lineNumber":1,"author":{"gitId":"bryansendeavour"},"content":"public class Task {","lastModifiedDate":"2023-01-19"},{"lineNumber":2,"author":{"gitId":"bryansendeavour"},"content":"","lastModifiedDate":"2023-01-19"},{"lineNumber":3,"author":{"gitId":"bryansendeavour"},"content":"    private final String name;","lastModifiedDate":"2023-01-19"},{"lineNumber":4,"author":{"gitId":"bryansendeavour"},"content":"    private boolean done;","lastModifiedDate":"2023-01-19"},{"lineNumber":5,"author":{"gitId":"bryansendeavour"},"content":"    private static int count \u003d 0;","lastModifiedDate":"2023-01-19"},{"lineNumber":6,"author":{"gitId":"bryansendeavour"},"content":"","lastModifiedDate":"2023-01-19"},{"lineNumber":7,"author":{"gitId":"bryansendeavour"},"content":"    public Task(String name) {","lastModifiedDate":"2023-01-19"},{"lineNumber":8,"author":{"gitId":"bryansendeavour"},"content":"        this.name \u003d name;","lastModifiedDate":"2023-01-19"},{"lineNumber":9,"author":{"gitId":"bryansendeavour"},"content":"        done \u003d false;","lastModifiedDate":"2023-01-19"},{"lineNumber":10,"author":{"gitId":"bryansendeavour"},"content":"        count++;","lastModifiedDate":"2023-01-19"},{"lineNumber":11,"author":{"gitId":"bryansendeavour"},"content":"    }","lastModifiedDate":"2023-01-19"},{"lineNumber":12,"author":{"gitId":"bryansendeavour"},"content":"","lastModifiedDate":"2023-01-19"},{"lineNumber":13,"author":{"gitId":"bryansendeavour"},"content":"    public void mark() {","lastModifiedDate":"2023-01-19"},{"lineNumber":14,"author":{"gitId":"bryansendeavour"},"content":"        done \u003d true;","lastModifiedDate":"2023-01-19"},{"lineNumber":15,"author":{"gitId":"bryansendeavour"},"content":"    }","lastModifiedDate":"2023-01-19"},{"lineNumber":16,"author":{"gitId":"bryansendeavour"},"content":"","lastModifiedDate":"2023-01-19"},{"lineNumber":17,"author":{"gitId":"bryansendeavour"},"content":"    public void unmark() {","lastModifiedDate":"2023-01-19"},{"lineNumber":18,"author":{"gitId":"bryansendeavour"},"content":"        done \u003d false;","lastModifiedDate":"2023-01-19"},{"lineNumber":19,"author":{"gitId":"bryansendeavour"},"content":"    }","lastModifiedDate":"2023-01-19"},{"lineNumber":20,"author":{"gitId":"bryansendeavour"},"content":"","lastModifiedDate":"2023-01-19"},{"lineNumber":21,"author":{"gitId":"bryansendeavour"},"content":"    public int numberTask() {","lastModifiedDate":"2023-01-19"},{"lineNumber":22,"author":{"gitId":"bryansendeavour"},"content":"        return count;","lastModifiedDate":"2023-01-19"},{"lineNumber":23,"author":{"gitId":"bryansendeavour"},"content":"    }","lastModifiedDate":"2023-01-19"},{"lineNumber":24,"author":{"gitId":"bryansendeavour"},"content":"","lastModifiedDate":"2023-01-19"},{"lineNumber":25,"author":{"gitId":"bryansendeavour"},"content":"    public void minus() {count--; }","lastModifiedDate":"2023-01-19"},{"lineNumber":26,"author":{"gitId":"bryansendeavour"},"content":"","lastModifiedDate":"2023-01-19"},{"lineNumber":27,"author":{"gitId":"bryansendeavour"},"content":"    @Override","lastModifiedDate":"2023-01-19"},{"lineNumber":28,"author":{"gitId":"bryansendeavour"},"content":"    public String toString() {","lastModifiedDate":"2023-01-19"},{"lineNumber":29,"author":{"gitId":"bryansendeavour"},"content":"        return done ? \"[X] \" + name","lastModifiedDate":"2023-01-19"},{"lineNumber":30,"author":{"gitId":"bryansendeavour"},"content":"                    : \"[ ] \" + name;","lastModifiedDate":"2023-01-19"},{"lineNumber":31,"author":{"gitId":"bryansendeavour"},"content":"    }","lastModifiedDate":"2023-01-19"},{"lineNumber":32,"author":{"gitId":"bryansendeavour"},"content":"","lastModifiedDate":"2023-01-19"},{"lineNumber":33,"author":{"gitId":"bryansendeavour"},"content":"}","lastModifiedDate":"2023-01-19"}],"authorContributionMap":{"bryansendeavour":33}},{"path":"src/main/java/Todo.java","fileType":"java","lines":[{"lineNumber":1,"author":{"gitId":"bryansendeavour"},"content":"public class Todo extends Task{","lastModifiedDate":"2023-01-19"},{"lineNumber":2,"author":{"gitId":"bryansendeavour"},"content":"","lastModifiedDate":"2023-01-19"},{"lineNumber":3,"author":{"gitId":"bryansendeavour"},"content":"    public Todo(String name) {","lastModifiedDate":"2023-01-19"},{"lineNumber":4,"author":{"gitId":"bryansendeavour"},"content":"        super(name);","lastModifiedDate":"2023-01-19"},{"lineNumber":5,"author":{"gitId":"bryansendeavour"},"content":"    }","lastModifiedDate":"2023-01-19"},{"lineNumber":6,"author":{"gitId":"bryansendeavour"},"content":"","lastModifiedDate":"2023-01-19"},{"lineNumber":7,"author":{"gitId":"bryansendeavour"},"content":"    @Override","lastModifiedDate":"2023-01-19"},{"lineNumber":8,"author":{"gitId":"bryansendeavour"},"content":"    public String toString() {","lastModifiedDate":"2023-01-19"},{"lineNumber":9,"author":{"gitId":"bryansendeavour"},"content":"        return \"   [T]\" + super.toString() + \"\\n\";","lastModifiedDate":"2023-01-19"},{"lineNumber":10,"author":{"gitId":"bryansendeavour"},"content":"    }","lastModifiedDate":"2023-01-19"},{"lineNumber":11,"author":{"gitId":"bryansendeavour"},"content":"}","lastModifiedDate":"2023-01-19"}],"authorContributionMap":{"bryansendeavour":11}},{"path":"text-ui-test/input.txt","fileType":"txt","lines":[{"lineNumber":1,"author":{"gitId":"bryansendeavour"},"content":"list","lastModifiedDate":"2023-01-19"},{"lineNumber":2,"author":{"gitId":"bryansendeavour"},"content":"todo read","lastModifiedDate":"2023-01-19"},{"lineNumber":3,"author":{"gitId":"bryansendeavour"},"content":"deadline proj /by today","lastModifiedDate":"2023-01-19"},{"lineNumber":4,"author":{"gitId":"bryansendeavour"},"content":"event CNY /from sun /to tues","lastModifiedDate":"2023-01-19"},{"lineNumber":5,"author":{"gitId":"bryansendeavour"},"content":"list","lastModifiedDate":"2023-01-19"},{"lineNumber":6,"author":{"gitId":"bryansendeavour"},"content":"bye","lastModifiedDate":"2023-01-19"}],"authorContributionMap":{"bryansendeavour":6}}]
