{"authorDailyContributionsMap":{"bryansendeavour":[{"date":"2023-01-18","commitResults":[{"hash":"da2b99b935b5c8aa325e6d97f78649f0e7cbfda9","messageTitle":"Level-1","messageBody":"","tags":["Level-1"],"fileTypesAndContributionMap":{"java":{"insertions":17,"deletions":2}}},{"hash":"2a3e35af3719dee2c82937ddec12d4f4b41920f4","messageTitle":"Level-2","messageBody":"","tags":["Level-2"],"fileTypesAndContributionMap":{"java":{"insertions":38,"deletions":14}}},{"hash":"3452d32516fee5c65cdba3af7719c82c9f68effb","messageTitle":"Level-3","messageBody":"","tags":["Level-3"],"fileTypesAndContributionMap":{"java":{"insertions":47,"deletions":12}}}]},{"date":"2023-01-19","commitResults":[{"hash":"858849cb3318ea4240e1ab2b629205a970c20ed8","messageTitle":"Level-4","messageBody":"","tags":["Level-4"],"fileTypesAndContributionMap":{"java":{"insertions":172,"deletions":22}}},{"hash":"dfa7783b4da0d80693e33bea89ffc4861ffb98a4","messageTitle":"Some exception handling","messageBody":"","fileTypesAndContributionMap":{"txt":{"insertions":6,"deletions":0},"java":{"insertions":64,"deletions":27}}},{"hash":"a24c5e5acf718868b78d7eec6c21161ac2992906","messageTitle":"Added delete","messageBody":"","tags":["Level-6"],"fileTypesAndContributionMap":{"java":{"insertions":25,"deletions":5}}}]},{"date":"2023-01-23","commitResults":[{"hash":"ffa7764ffb2599fc3a4522d7bda87e707c9cffc3","messageTitle":"no message","messageBody":"","fileTypesAndContributionMap":{"txt":{"insertions":6,"deletions":0},"java":{"insertions":5,"deletions":4}}},{"hash":"1ddc0547e71b16c742a00f63e9a63952e592126d","messageTitle":"AUI-Testing","messageBody":"","fileTypesAndContributionMap":{"txt":{"insertions":0,"deletions":6}}},{"hash":"5a64d802cfcf6312a58bd68600b4c1dd01e12958","messageTitle":"Week 2","messageBody":"","tags":["A-TextUiTesting"],"fileTypesAndContributionMap":{"java":{"insertions":4,"deletions":5}}}]},{"date":"2023-01-25","commitResults":[{"hash":"ac5d039fd017ec57ecce4540b5c81812607fd67e","messageTitle":"Update for Level-5","messageBody":"","tags":["Level-5"],"fileTypesAndContributionMap":{"java":{"insertions":18,"deletions":15}}}]},{"date":"2023-01-27","commitResults":[{"hash":"91b6478b3f29029734e3898b17e6dd5f05a3b40c","messageTitle":"Change of implementation and save feature addition","messageBody":"","tags":["Level-7"],"fileTypesAndContributionMap":{"java":{"insertions":307,"deletions":160}}},{"hash":"9e7a8c2d89519a822945015e2f0c79cd9ce61353","messageTitle":"Add branch-Level-8 implementations","messageBody":"","tags":["Level-8"],"fileTypesAndContributionMap":{"java":{"insertions":50,"deletions":20}}}]},{"date":"2023-01-29","commitResults":[{"hash":"3133ca1f70f3451b9d43c477dc01621c27818c39","messageTitle":"Add A-MoreOOP","messageBody":"","tags":["A-MOreOOP"],"fileTypesAndContributionMap":{"java":{"insertions":299,"deletions":199}}},{"hash":"bd07b2cb981c64fba5e936eb1e72c82e93477d33","messageTitle":"Add A-Packages","messageBody":"","tags":["A-Packages"],"fileTypesAndContributionMap":{"java":{"insertions":64,"deletions":21}}}]},{"date":"2023-01-30","commitResults":[{"hash":"dbb304f29b9de144297db98b8acae83264736b4c","messageTitle":"Add A-Gradle","messageBody":"","tags":["A-Gradle"],"fileTypesAndContributionMap":{"gradle":{"insertions":2,"deletions":2}}},{"hash":"049af29ec242938254e99e9a2e0db805f2d06fe2","messageTitle":"no message","messageBody":"","tags":["A-JUnit"],"fileTypesAndContributionMap":{"gradle":{"insertions":2,"deletions":2},"java":{"insertions":318,"deletions":235},"bat":{"insertions":1,"deletions":1},"md":{"insertions":2,"deletions":2}}},{"hash":"dfb43c66087f070c862f8d1d523b37d007c31ca7","messageTitle":"no message","messageBody":"","tags":["A-Jar"],"fileTypesAndContributionMap":{"java":{"insertions":6,"deletions":8}}}]},{"date":"2023-02-01","commitResults":[{"hash":"45a47dadf7808d02862917b3e81394e4667a91bb","messageTitle":"Addition of JavaDoc","messageBody":"","tags":["A-JavaDoc"],"fileTypesAndContributionMap":{"java":{"insertions":292,"deletions":5}}},{"hash":"9caeb54724b8520a0d6256906337be3b747c8b77","messageTitle":"Add A-CodingStandard","messageBody":"","tags":["A-CodingStandard"],"fileTypesAndContributionMap":{"java":{"insertions":29,"deletions":17}}}]},{"date":"2023-02-02","commitResults":[{"hash":"f176e3bb7c95787ad693492c904285c6ea7cf29c","messageTitle":"Add Level-9","messageBody":"","tags":["Level-9"],"fileTypesAndContributionMap":{"java":{"insertions":121,"deletions":0}}}]},{"date":"2023-02-06","commitResults":[{"hash":"7ea7dbac8e44415aea48e40ba645c8f78e432880","messageTitle":"Add GUI implementations","messageBody":"","tags":["Level-10"],"fileTypesAndContributionMap":{"gradle":{"insertions":14,"deletions":0},"fxml":{"insertions":39,"deletions":0},"java":{"insertions":340,"deletions":191}}}]},{"date":"2023-02-08","commitResults":[{"hash":"19f01cabe6a596b2e63cf6a28cb7fb7b0b43c975","messageTitle":"Add Assertions","messageBody":"The methods for these commands are assumed to work accordingly\n\nMight encounter some bugs where command is executed when not specified to do so\n\nLet\u0027s add Assertions to double check the correct command was used\n\nAssertions is one way to check the accuracy\n","fileTypesAndContributionMap":{"java":{"insertions":5,"deletions":1}}},{"hash":"515aca8f219a605db4d80f59e6b9253ae39ddece","messageTitle":"Change mainClassName to MainLauncher","messageBody":"","tags":["A-FullCommitMessage"],"fileTypesAndContributionMap":{"gradle":{"insertions":2,"deletions":2}}},{"hash":"4c7020dc5a3bd8de6b320ace9a4adc4af9c04bdf","messageTitle":"Tweak some features and handle more exceptions","messageBody":"Code needs to be more concise and readable together with bug fixes\n\nLet\u0027s brush up the code and create more methods whenever possible with good naming conventions.\nLet\u0027s add more exception handling.\n\nUsing better naming conventions is preferred for readability\n","tags":["A-CodeQuality"],"fileTypesAndContributionMap":{"java":{"insertions":111,"deletions":102}}}]},{"date":"2023-02-11","commitResults":[{"hash":"8d218862a196292a266213de3525c43098b41b36","messageTitle":"Add Undo command","messageBody":"","tags":["BCD-Extension"],"fileTypesAndContributionMap":{"java":{"insertions":114,"deletions":8}}}]}]},"authorFileTypeContributionMap":{"bryansendeavour":{"java":1380,"md":2,"fxml":39,"sh":0,"bat":1,"gradle":16,"txt":6}},"authorContributionVariance":{"bryansendeavour":39726.2},"authorDisplayNameMap":{"bryansendeavour":"CS2103T-T11-3 BRYA.. ONG"}}
