[{"path":"src/main/java/Deadlines.java","fileType":"java","lines":[{"lineNumber":1,"author":{"gitId":"jiexuanc"},"content":"public class Deadlines extends Task {","lastModifiedDate":"2023-01-17"},{"lineNumber":2,"author":{"gitId":"jiexuanc"},"content":"    public String end;","lastModifiedDate":"2023-01-17"},{"lineNumber":3,"author":{"gitId":"jiexuanc"},"content":"","lastModifiedDate":"2023-01-17"},{"lineNumber":4,"author":{"gitId":"jiexuanc"},"content":"    public Deadlines(String[] content) throws DukeException {","lastModifiedDate":"2023-01-18"},{"lineNumber":5,"author":{"gitId":"jiexuanc"},"content":"        super(content[0]);","lastModifiedDate":"2023-01-17"},{"lineNumber":6,"author":{"gitId":"jiexuanc"},"content":"        if (content.length \u003d\u003d 1 || content[0].isEmpty()) {","lastModifiedDate":"2023-01-19"},{"lineNumber":7,"author":{"gitId":"jiexuanc"},"content":"            throw new DukeException(\"OOPS!!! Command should be in the format \u0027deadline [M] /by [M]\u0027\\n\" +","lastModifiedDate":"2023-01-18"},{"lineNumber":8,"author":{"gitId":"jiexuanc"},"content":"                    \"The description, [M] cannot be empty.\");","lastModifiedDate":"2023-01-18"},{"lineNumber":9,"author":{"gitId":"jiexuanc"},"content":"        }","lastModifiedDate":"2023-01-18"},{"lineNumber":10,"author":{"gitId":"jiexuanc"},"content":"        String[] ends \u003d content[1].split(\" \", 2);","lastModifiedDate":"2023-01-18"},{"lineNumber":11,"author":{"gitId":"jiexuanc"},"content":"        if (!ends[0].equals(\"by\") || ends.length \u003d\u003d 1) {","lastModifiedDate":"2023-01-18"},{"lineNumber":12,"author":{"gitId":"jiexuanc"},"content":"            throw new DukeException(\"OOPS!!! Command should be in the format \u0027deadline [M] /by [M]\u0027\\n\" +","lastModifiedDate":"2023-01-18"},{"lineNumber":13,"author":{"gitId":"jiexuanc"},"content":"                    \"The description, [M] cannot be empty.\");","lastModifiedDate":"2023-01-18"},{"lineNumber":14,"author":{"gitId":"jiexuanc"},"content":"        }","lastModifiedDate":"2023-01-18"},{"lineNumber":15,"author":{"gitId":"jiexuanc"},"content":"        end \u003d ends[1];","lastModifiedDate":"2023-01-18"},{"lineNumber":16,"author":{"gitId":"jiexuanc"},"content":"    }","lastModifiedDate":"2023-01-17"},{"lineNumber":17,"author":{"gitId":"jiexuanc"},"content":"    @Override","lastModifiedDate":"2023-01-17"},{"lineNumber":18,"author":{"gitId":"jiexuanc"},"content":"    public String getTypeIcon() {","lastModifiedDate":"2023-01-17"},{"lineNumber":19,"author":{"gitId":"jiexuanc"},"content":"        return \"D\";","lastModifiedDate":"2023-01-17"},{"lineNumber":20,"author":{"gitId":"jiexuanc"},"content":"    }","lastModifiedDate":"2023-01-17"},{"lineNumber":21,"author":{"gitId":"jiexuanc"},"content":"","lastModifiedDate":"2023-01-17"},{"lineNumber":22,"author":{"gitId":"jiexuanc"},"content":"    @Override","lastModifiedDate":"2023-01-17"},{"lineNumber":23,"author":{"gitId":"jiexuanc"},"content":"    public String toString() {","lastModifiedDate":"2023-01-17"},{"lineNumber":24,"author":{"gitId":"jiexuanc"},"content":"        return super.toString() + \"(by: \" + end + \")\";","lastModifiedDate":"2023-01-17"},{"lineNumber":25,"author":{"gitId":"jiexuanc"},"content":"    }","lastModifiedDate":"2023-01-17"},{"lineNumber":26,"author":{"gitId":"jiexuanc"},"content":"","lastModifiedDate":"2023-01-17"},{"lineNumber":27,"author":{"gitId":"jiexuanc"},"content":"","lastModifiedDate":"2023-01-17"},{"lineNumber":28,"author":{"gitId":"jiexuanc"},"content":"}","lastModifiedDate":"2023-01-17"}],"authorContributionMap":{"jiexuanc":28}},{"path":"src/main/java/Duke.java","fileType":"java","lines":[{"lineNumber":1,"author":{"gitId":"jiexuanc"},"content":"import java.util.Scanner;","lastModifiedDate":"2023-01-17"},{"lineNumber":2,"author":{"gitId":"jiexuanc"},"content":"import java.util.ArrayList;","lastModifiedDate":"2023-01-17"},{"lineNumber":3,"author":{"gitId":"jiexuanc"},"content":"","lastModifiedDate":"2023-01-17"},{"lineNumber":4,"author":{"gitId":"-"},"content":"public class Duke {","lastModifiedDate":"2019-07-29"},{"lineNumber":5,"author":{"gitId":"jiexuanc"},"content":"    // Attribute","lastModifiedDate":"2023-01-18"},{"lineNumber":6,"author":{"gitId":"jiexuanc"},"content":"    static final String BORDER \u003d \"----------------------------------------\";","lastModifiedDate":"2023-01-18"},{"lineNumber":7,"author":{"gitId":"jiexuanc"},"content":"    private ArrayList\u003cTask\u003e tasks \u003d new ArrayList\u003c\u003e();","lastModifiedDate":"2023-01-18"},{"lineNumber":8,"author":{"gitId":"jiexuanc"},"content":"","lastModifiedDate":"2023-01-17"},{"lineNumber":9,"author":{"gitId":"jiexuanc"},"content":"    // Methods","lastModifiedDate":"2023-01-17"},{"lineNumber":10,"author":{"gitId":"jiexuanc"},"content":"    // List out all tasks and their rank.","lastModifiedDate":"2023-01-18"},{"lineNumber":11,"author":{"gitId":"jiexuanc"},"content":"    private void list() {","lastModifiedDate":"2023-01-18"},{"lineNumber":12,"author":{"gitId":"jiexuanc"},"content":"        if (tasks.size() \u003d\u003d 0) {","lastModifiedDate":"2023-01-17"},{"lineNumber":13,"author":{"gitId":"jiexuanc"},"content":"            System.out.println(\"No tasks left :)\" + BORDER);","lastModifiedDate":"2023-01-19"},{"lineNumber":14,"author":{"gitId":"jiexuanc"},"content":"            return;","lastModifiedDate":"2023-01-17"},{"lineNumber":15,"author":{"gitId":"jiexuanc"},"content":"        }","lastModifiedDate":"2023-01-17"},{"lineNumber":16,"author":{"gitId":"jiexuanc"},"content":"        int rank \u003d 1;","lastModifiedDate":"2023-01-18"},{"lineNumber":17,"author":{"gitId":"jiexuanc"},"content":"        for (Task t : tasks) {","lastModifiedDate":"2023-01-17"},{"lineNumber":18,"author":{"gitId":"jiexuanc"},"content":"            System.out.println(rank + \".\" + t.fullMessage());","lastModifiedDate":"2023-01-18"},{"lineNumber":19,"author":{"gitId":"jiexuanc"},"content":"            rank++;","lastModifiedDate":"2023-01-18"},{"lineNumber":20,"author":{"gitId":"jiexuanc"},"content":"        }","lastModifiedDate":"2023-01-17"},{"lineNumber":21,"author":{"gitId":"jiexuanc"},"content":"        System.out.println(BORDER);","lastModifiedDate":"2023-01-18"},{"lineNumber":22,"author":{"gitId":"jiexuanc"},"content":"    }","lastModifiedDate":"2023-01-17"},{"lineNumber":23,"author":{"gitId":"jiexuanc"},"content":"","lastModifiedDate":"2023-01-17"},{"lineNumber":24,"author":{"gitId":"jiexuanc"},"content":"    // Mark task at index to be done","lastModifiedDate":"2023-01-18"},{"lineNumber":25,"author":{"gitId":"jiexuanc"},"content":"    private void markDone(int index) throws DukeException {","lastModifiedDate":"2023-01-18"},{"lineNumber":26,"author":{"gitId":"jiexuanc"},"content":"        if (index \u003c 0 || index \u003e\u003d tasks.size()) {","lastModifiedDate":"2023-01-18"},{"lineNumber":27,"author":{"gitId":"jiexuanc"},"content":"            throw new DukeException(\"OOPS!!! Invalid index\");","lastModifiedDate":"2023-01-18"},{"lineNumber":28,"author":{"gitId":"jiexuanc"},"content":"        }","lastModifiedDate":"2023-01-18"},{"lineNumber":29,"author":{"gitId":"jiexuanc"},"content":"","lastModifiedDate":"2023-01-18"},{"lineNumber":30,"author":{"gitId":"jiexuanc"},"content":"        Task curr \u003d tasks.get(index);","lastModifiedDate":"2023-01-17"},{"lineNumber":31,"author":{"gitId":"jiexuanc"},"content":"        curr.markAsDone();","lastModifiedDate":"2023-01-17"},{"lineNumber":32,"author":{"gitId":"jiexuanc"},"content":"        System.out.println(\"Nice! I\u0027ve marked this task as done:\\n\" +","lastModifiedDate":"2023-01-17"},{"lineNumber":33,"author":{"gitId":"jiexuanc"},"content":"                curr.fullMessage() + \"\\n\" + BORDER);","lastModifiedDate":"2023-01-18"},{"lineNumber":34,"author":{"gitId":"jiexuanc"},"content":"    }","lastModifiedDate":"2023-01-17"},{"lineNumber":35,"author":{"gitId":"jiexuanc"},"content":"","lastModifiedDate":"2023-01-17"},{"lineNumber":36,"author":{"gitId":"jiexuanc"},"content":"    // Mark task at index to be undone","lastModifiedDate":"2023-01-18"},{"lineNumber":37,"author":{"gitId":"jiexuanc"},"content":"    private void markUndone(int index) throws DukeException {","lastModifiedDate":"2023-01-18"},{"lineNumber":38,"author":{"gitId":"jiexuanc"},"content":"        if (index \u003c 0 || index \u003e\u003d tasks.size()) {","lastModifiedDate":"2023-01-18"},{"lineNumber":39,"author":{"gitId":"jiexuanc"},"content":"            throw new DukeException(\"OOPS!!! Invalid index.\");","lastModifiedDate":"2023-01-18"},{"lineNumber":40,"author":{"gitId":"jiexuanc"},"content":"        }","lastModifiedDate":"2023-01-18"},{"lineNumber":41,"author":{"gitId":"jiexuanc"},"content":"","lastModifiedDate":"2023-01-18"},{"lineNumber":42,"author":{"gitId":"jiexuanc"},"content":"        Task curr \u003d tasks.get(index);","lastModifiedDate":"2023-01-17"},{"lineNumber":43,"author":{"gitId":"jiexuanc"},"content":"        curr.markAsUndone();","lastModifiedDate":"2023-01-17"},{"lineNumber":44,"author":{"gitId":"jiexuanc"},"content":"        System.out.println(\"OK, I\u0027ve marked this task as not done yet:\\n\" +","lastModifiedDate":"2023-01-17"},{"lineNumber":45,"author":{"gitId":"jiexuanc"},"content":"                curr.fullMessage() + \"\\n\" + BORDER);","lastModifiedDate":"2023-01-18"},{"lineNumber":46,"author":{"gitId":"jiexuanc"},"content":"    }","lastModifiedDate":"2023-01-17"},{"lineNumber":47,"author":{"gitId":"jiexuanc"},"content":"","lastModifiedDate":"2023-01-17"},{"lineNumber":48,"author":{"gitId":"jiexuanc"},"content":"    // Delete task at index.","lastModifiedDate":"2023-01-18"},{"lineNumber":49,"author":{"gitId":"jiexuanc"},"content":"    private void delete(int index) throws DukeException {","lastModifiedDate":"2023-01-18"},{"lineNumber":50,"author":{"gitId":"jiexuanc"},"content":"        if (index \u003c 0 || index \u003e\u003d tasks.size()) {","lastModifiedDate":"2023-01-18"},{"lineNumber":51,"author":{"gitId":"jiexuanc"},"content":"            throw new DukeException(\"OOPS!!! Invalid index.\");","lastModifiedDate":"2023-01-18"},{"lineNumber":52,"author":{"gitId":"jiexuanc"},"content":"        }","lastModifiedDate":"2023-01-18"},{"lineNumber":53,"author":{"gitId":"jiexuanc"},"content":"        String message \u003d tasks.remove(index).fullMessage();","lastModifiedDate":"2023-01-18"},{"lineNumber":54,"author":{"gitId":"jiexuanc"},"content":"        System.out.println(\"Noted. I\u0027ve removed this task:\\n\" + message + \"\\n\" +","lastModifiedDate":"2023-01-18"},{"lineNumber":55,"author":{"gitId":"jiexuanc"},"content":"                \"Now you have \" + tasks.size() + \" tasks in the list.\\n\" + BORDER);","lastModifiedDate":"2023-01-18"},{"lineNumber":56,"author":{"gitId":"jiexuanc"},"content":"    }","lastModifiedDate":"2023-01-18"},{"lineNumber":57,"author":{"gitId":"jiexuanc"},"content":"","lastModifiedDate":"2023-01-18"},{"lineNumber":58,"author":{"gitId":"jiexuanc"},"content":"    // Create and add task given message and code. 0 - toDos, 1 - Deadlines, 2 - Event","lastModifiedDate":"2023-01-18"},{"lineNumber":59,"author":{"gitId":"jiexuanc"},"content":"    private void addTask(String message, int code) throws DukeException {","lastModifiedDate":"2023-01-18"},{"lineNumber":60,"author":{"gitId":"jiexuanc"},"content":"        Task t;","lastModifiedDate":"2023-01-18"},{"lineNumber":61,"author":{"gitId":"jiexuanc"},"content":"        if (code \u003d\u003d 0) {","lastModifiedDate":"2023-01-18"},{"lineNumber":62,"author":{"gitId":"jiexuanc"},"content":"            t \u003d new ToDos(message);","lastModifiedDate":"2023-01-18"},{"lineNumber":63,"author":{"gitId":"jiexuanc"},"content":"        } else if (code \u003d\u003d 1) {","lastModifiedDate":"2023-01-18"},{"lineNumber":64,"author":{"gitId":"jiexuanc"},"content":"            t \u003d new Deadlines(message.split(\"/\"));","lastModifiedDate":"2023-01-18"},{"lineNumber":65,"author":{"gitId":"jiexuanc"},"content":"        } else if (code \u003d\u003d 2) {","lastModifiedDate":"2023-01-18"},{"lineNumber":66,"author":{"gitId":"jiexuanc"},"content":"            t \u003d new Events(message.split(\"/\"));","lastModifiedDate":"2023-01-18"},{"lineNumber":67,"author":{"gitId":"jiexuanc"},"content":"        } else {","lastModifiedDate":"2023-01-18"},{"lineNumber":68,"author":{"gitId":"jiexuanc"},"content":"            // Unreachable as of now.","lastModifiedDate":"2023-01-18"},{"lineNumber":69,"author":{"gitId":"jiexuanc"},"content":"            return;","lastModifiedDate":"2023-01-18"},{"lineNumber":70,"author":{"gitId":"jiexuanc"},"content":"        }","lastModifiedDate":"2023-01-18"},{"lineNumber":71,"author":{"gitId":"jiexuanc"},"content":"        tasks.add(t);","lastModifiedDate":"2023-01-18"},{"lineNumber":72,"author":{"gitId":"jiexuanc"},"content":"        System.out.println(\"Got it. I\u0027ve added this task:\\n\" + t.fullMessage());","lastModifiedDate":"2023-01-18"},{"lineNumber":73,"author":{"gitId":"jiexuanc"},"content":"        System.out.println(\"Now you have \" + tasks.size() + \" tasks in this list\\n\" + BORDER);","lastModifiedDate":"2023-01-18"},{"lineNumber":74,"author":{"gitId":"jiexuanc"},"content":"    }","lastModifiedDate":"2023-01-18"},{"lineNumber":75,"author":{"gitId":"jiexuanc"},"content":"","lastModifiedDate":"2023-01-18"},{"lineNumber":76,"author":{"gitId":"jiexuanc"},"content":"    public void read(Scanner sc) {","lastModifiedDate":"2023-01-18"},{"lineNumber":77,"author":{"gitId":"jiexuanc"},"content":"        String command \u003d sc.next();","lastModifiedDate":"2023-01-17"},{"lineNumber":78,"author":{"gitId":"jiexuanc"},"content":"        // Useful variables","lastModifiedDate":"2023-01-18"},{"lineNumber":79,"author":{"gitId":"jiexuanc"},"content":"        int rank;","lastModifiedDate":"2023-01-18"},{"lineNumber":80,"author":{"gitId":"jiexuanc"},"content":"        String message;","lastModifiedDate":"2023-01-18"},{"lineNumber":81,"author":{"gitId":"jiexuanc"},"content":"        try {","lastModifiedDate":"2023-01-18"},{"lineNumber":82,"author":{"gitId":"jiexuanc"},"content":"            switch (command) {","lastModifiedDate":"2023-01-17"},{"lineNumber":83,"author":{"gitId":"jiexuanc"},"content":"                case \"bye\":","lastModifiedDate":"2023-01-17"},{"lineNumber":84,"author":{"gitId":"jiexuanc"},"content":"                    System.out.println(\"Bye. Hope to see you again soon!\");","lastModifiedDate":"2023-01-17"},{"lineNumber":85,"author":{"gitId":"jiexuanc"},"content":"                    return;","lastModifiedDate":"2023-01-17"},{"lineNumber":86,"author":{"gitId":"jiexuanc"},"content":"                case \"list\":","lastModifiedDate":"2023-01-17"},{"lineNumber":87,"author":{"gitId":"jiexuanc"},"content":"                    list();","lastModifiedDate":"2023-01-17"},{"lineNumber":88,"author":{"gitId":"jiexuanc"},"content":"                    break;","lastModifiedDate":"2023-01-17"},{"lineNumber":89,"author":{"gitId":"jiexuanc"},"content":"                case \"mark\":","lastModifiedDate":"2023-01-17"},{"lineNumber":90,"author":{"gitId":"jiexuanc"},"content":"                    try {","lastModifiedDate":"2023-01-18"},{"lineNumber":91,"author":{"gitId":"jiexuanc"},"content":"                        rank \u003d Integer.parseInt(sc.nextLine().trim());","lastModifiedDate":"2023-01-18"},{"lineNumber":92,"author":{"gitId":"jiexuanc"},"content":"                    } catch (NumberFormatException e) {","lastModifiedDate":"2023-01-18"},{"lineNumber":93,"author":{"gitId":"jiexuanc"},"content":"                        throw new DukeException(\"OOPS! mark must have an integer rank\");","lastModifiedDate":"2023-01-18"},{"lineNumber":94,"author":{"gitId":"jiexuanc"},"content":"                    }","lastModifiedDate":"2023-01-18"},{"lineNumber":95,"author":{"gitId":"jiexuanc"},"content":"                    markDone(rank - 1);","lastModifiedDate":"2023-01-18"},{"lineNumber":96,"author":{"gitId":"jiexuanc"},"content":"                    break;","lastModifiedDate":"2023-01-17"},{"lineNumber":97,"author":{"gitId":"jiexuanc"},"content":"                case \"unmark\":","lastModifiedDate":"2023-01-17"},{"lineNumber":98,"author":{"gitId":"jiexuanc"},"content":"                    try {","lastModifiedDate":"2023-01-18"},{"lineNumber":99,"author":{"gitId":"jiexuanc"},"content":"                        rank \u003d Integer.parseInt(sc.nextLine().trim());","lastModifiedDate":"2023-01-18"},{"lineNumber":100,"author":{"gitId":"jiexuanc"},"content":"                    } catch (NumberFormatException e) {","lastModifiedDate":"2023-01-18"},{"lineNumber":101,"author":{"gitId":"jiexuanc"},"content":"                        throw new DukeException(\"OOPS! unmark must have an integer rank\");","lastModifiedDate":"2023-01-18"},{"lineNumber":102,"author":{"gitId":"jiexuanc"},"content":"                    }","lastModifiedDate":"2023-01-18"},{"lineNumber":103,"author":{"gitId":"jiexuanc"},"content":"                    markUndone(rank - 1);","lastModifiedDate":"2023-01-18"},{"lineNumber":104,"author":{"gitId":"jiexuanc"},"content":"                    break;","lastModifiedDate":"2023-01-17"},{"lineNumber":105,"author":{"gitId":"jiexuanc"},"content":"                case \"todo\":","lastModifiedDate":"2023-01-17"},{"lineNumber":106,"author":{"gitId":"jiexuanc"},"content":"                    message \u003d sc.nextLine().trim();","lastModifiedDate":"2023-01-18"},{"lineNumber":107,"author":{"gitId":"jiexuanc"},"content":"                    addTask(message, 0);","lastModifiedDate":"2023-01-18"},{"lineNumber":108,"author":{"gitId":"jiexuanc"},"content":"                    break;","lastModifiedDate":"2023-01-17"},{"lineNumber":109,"author":{"gitId":"jiexuanc"},"content":"                case \"deadline\":","lastModifiedDate":"2023-01-17"},{"lineNumber":110,"author":{"gitId":"jiexuanc"},"content":"                    message \u003d sc.nextLine().trim();","lastModifiedDate":"2023-01-18"},{"lineNumber":111,"author":{"gitId":"jiexuanc"},"content":"                    addTask(message, 1);","lastModifiedDate":"2023-01-18"},{"lineNumber":112,"author":{"gitId":"jiexuanc"},"content":"                    break;","lastModifiedDate":"2023-01-17"},{"lineNumber":113,"author":{"gitId":"jiexuanc"},"content":"                case \"event\":","lastModifiedDate":"2023-01-17"},{"lineNumber":114,"author":{"gitId":"jiexuanc"},"content":"                    message \u003d sc.nextLine().trim();","lastModifiedDate":"2023-01-18"},{"lineNumber":115,"author":{"gitId":"jiexuanc"},"content":"                    addTask(message, 2);","lastModifiedDate":"2023-01-18"},{"lineNumber":116,"author":{"gitId":"jiexuanc"},"content":"                    break;","lastModifiedDate":"2023-01-17"},{"lineNumber":117,"author":{"gitId":"jiexuanc"},"content":"                case \"delete\":","lastModifiedDate":"2023-01-18"},{"lineNumber":118,"author":{"gitId":"jiexuanc"},"content":"                    try {","lastModifiedDate":"2023-01-18"},{"lineNumber":119,"author":{"gitId":"jiexuanc"},"content":"                        rank \u003d Integer.parseInt(sc.nextLine().trim());","lastModifiedDate":"2023-01-18"},{"lineNumber":120,"author":{"gitId":"jiexuanc"},"content":"                    } catch (NumberFormatException e) {","lastModifiedDate":"2023-01-18"},{"lineNumber":121,"author":{"gitId":"jiexuanc"},"content":"                        throw new DukeException(\"OOPS! delete must have an integer rank\");","lastModifiedDate":"2023-01-18"},{"lineNumber":122,"author":{"gitId":"jiexuanc"},"content":"                    }","lastModifiedDate":"2023-01-18"},{"lineNumber":123,"author":{"gitId":"jiexuanc"},"content":"                    delete(rank - 1);","lastModifiedDate":"2023-01-18"},{"lineNumber":124,"author":{"gitId":"jiexuanc"},"content":"                    break;","lastModifiedDate":"2023-01-18"},{"lineNumber":125,"author":{"gitId":"jiexuanc"},"content":"                default:","lastModifiedDate":"2023-01-17"},{"lineNumber":126,"author":{"gitId":"jiexuanc"},"content":"                    System.out.println(\"OOPS!!! I\u0027m sorry, but I don\u0027t know what that means :-(\\n\" + BORDER);","lastModifiedDate":"2023-01-18"},{"lineNumber":127,"author":{"gitId":"jiexuanc"},"content":"                    sc.nextLine();","lastModifiedDate":"2023-01-18"},{"lineNumber":128,"author":{"gitId":"jiexuanc"},"content":"            }","lastModifiedDate":"2023-01-17"},{"lineNumber":129,"author":{"gitId":"jiexuanc"},"content":"        } catch (DukeException e) {","lastModifiedDate":"2023-01-18"},{"lineNumber":130,"author":{"gitId":"jiexuanc"},"content":"            System.out.println(e.getMessage() + \"\\n\" + BORDER);","lastModifiedDate":"2023-01-18"},{"lineNumber":131,"author":{"gitId":"jiexuanc"},"content":"        }","lastModifiedDate":"2023-01-18"},{"lineNumber":132,"author":{"gitId":"jiexuanc"},"content":"    }","lastModifiedDate":"2023-01-17"},{"lineNumber":133,"author":{"gitId":"jiexuanc"},"content":"","lastModifiedDate":"2023-01-17"},{"lineNumber":134,"author":{"gitId":"-"},"content":"    public static void main(String[] args) {","lastModifiedDate":"2023-01-18"},{"lineNumber":135,"author":{"gitId":"-"},"content":"        String logo \u003d \" ____        _        \\n\"","lastModifiedDate":"2023-01-18"},{"lineNumber":136,"author":{"gitId":"-"},"content":"                + \"|  _ \\\\ _   _| | _____ \\n\"","lastModifiedDate":"2023-01-18"},{"lineNumber":137,"author":{"gitId":"-"},"content":"                + \"| | | | | | | |/ / _ \\\\\\n\"","lastModifiedDate":"2023-01-18"},{"lineNumber":138,"author":{"gitId":"-"},"content":"                + \"| |_| | |_| |   \u003c  __/\\n\"","lastModifiedDate":"2023-01-18"},{"lineNumber":139,"author":{"gitId":"-"},"content":"                + \"|____/ \\\\__,_|_|\\\\_\\\\___|\\n\";","lastModifiedDate":"2023-01-18"},{"lineNumber":140,"author":{"gitId":"jiexuanc"},"content":"        System.out.println(\"Hello from\\n\" + logo + \"What can I do for you?\\n\" + BORDER);","lastModifiedDate":"2023-01-18"},{"lineNumber":141,"author":{"gitId":"jiexuanc"},"content":"","lastModifiedDate":"2023-01-18"},{"lineNumber":142,"author":{"gitId":"jiexuanc"},"content":"        Duke duke1 \u003d new Duke();","lastModifiedDate":"2023-01-18"},{"lineNumber":143,"author":{"gitId":"jiexuanc"},"content":"        Scanner sc \u003d new Scanner(System.in);","lastModifiedDate":"2023-01-18"},{"lineNumber":144,"author":{"gitId":"jiexuanc"},"content":"        while (sc.hasNext()) {","lastModifiedDate":"2023-01-18"},{"lineNumber":145,"author":{"gitId":"jiexuanc"},"content":"            duke1.read(sc);","lastModifiedDate":"2023-01-18"},{"lineNumber":146,"author":{"gitId":"jiexuanc"},"content":"        }","lastModifiedDate":"2023-01-18"},{"lineNumber":147,"author":{"gitId":"-"},"content":"    }","lastModifiedDate":"2019-07-29"},{"lineNumber":148,"author":{"gitId":"-"},"content":"}","lastModifiedDate":"2019-07-29"}],"authorContributionMap":{"jiexuanc":139,"-":9}},{"path":"src/main/java/DukeException.java","fileType":"java","lines":[{"lineNumber":1,"author":{"gitId":"jiexuanc"},"content":"public class DukeException extends Exception {","lastModifiedDate":"2023-01-18"},{"lineNumber":2,"author":{"gitId":"jiexuanc"},"content":"    public DukeException(String message) {","lastModifiedDate":"2023-01-18"},{"lineNumber":3,"author":{"gitId":"jiexuanc"},"content":"        super(message);","lastModifiedDate":"2023-01-18"},{"lineNumber":4,"author":{"gitId":"jiexuanc"},"content":"    }","lastModifiedDate":"2023-01-18"},{"lineNumber":5,"author":{"gitId":"jiexuanc"},"content":"}","lastModifiedDate":"2023-01-18"}],"authorContributionMap":{"jiexuanc":5}},{"path":"src/main/java/Events.java","fileType":"java","lines":[{"lineNumber":1,"author":{"gitId":"jiexuanc"},"content":"public class Events extends Task {","lastModifiedDate":"2023-01-17"},{"lineNumber":2,"author":{"gitId":"jiexuanc"},"content":"    private String begin;","lastModifiedDate":"2023-01-17"},{"lineNumber":3,"author":{"gitId":"jiexuanc"},"content":"    private String end;","lastModifiedDate":"2023-01-17"},{"lineNumber":4,"author":{"gitId":"jiexuanc"},"content":"","lastModifiedDate":"2023-01-17"},{"lineNumber":5,"author":{"gitId":"jiexuanc"},"content":"    public Events(String[] content) throws DukeException {","lastModifiedDate":"2023-01-18"},{"lineNumber":6,"author":{"gitId":"jiexuanc"},"content":"        super(content[0]);","lastModifiedDate":"2023-01-17"},{"lineNumber":7,"author":{"gitId":"jiexuanc"},"content":"        if (content[0].isEmpty() || content.length !\u003d 3) {","lastModifiedDate":"2023-01-18"},{"lineNumber":8,"author":{"gitId":"jiexuanc"},"content":"            throw new DukeException(\"OOPS!!! Command should be in the format \u0027event [M] /from [M] /to [M]\u0027\\n\" +","lastModifiedDate":"2023-01-18"},{"lineNumber":9,"author":{"gitId":"jiexuanc"},"content":"                    \"The description, [M] cannot be empty.\");","lastModifiedDate":"2023-01-18"},{"lineNumber":10,"author":{"gitId":"jiexuanc"},"content":"        }","lastModifiedDate":"2023-01-18"},{"lineNumber":11,"author":{"gitId":"jiexuanc"},"content":"        String[] begins \u003d content[1].split(\" \", 2);","lastModifiedDate":"2023-01-18"},{"lineNumber":12,"author":{"gitId":"jiexuanc"},"content":"        String[] ends \u003d content[2].split(\" \", 2);","lastModifiedDate":"2023-01-18"},{"lineNumber":13,"author":{"gitId":"jiexuanc"},"content":"        if (!begins[0].equals(\"from\") || begins.length \u003d\u003d 1 || !ends[0].equals(\"to\") || ends.length \u003d\u003d 1) {","lastModifiedDate":"2023-01-18"},{"lineNumber":14,"author":{"gitId":"jiexuanc"},"content":"            throw new DukeException(\"OOPS!!! Command should be in the format \u0027event [M] /from [M] /to [M]\u0027\\n\" +","lastModifiedDate":"2023-01-18"},{"lineNumber":15,"author":{"gitId":"jiexuanc"},"content":"                    \"The description, [M] cannot be empty.\");","lastModifiedDate":"2023-01-18"},{"lineNumber":16,"author":{"gitId":"jiexuanc"},"content":"        }","lastModifiedDate":"2023-01-18"},{"lineNumber":17,"author":{"gitId":"jiexuanc"},"content":"        this.begin \u003d begins[1];","lastModifiedDate":"2023-01-18"},{"lineNumber":18,"author":{"gitId":"jiexuanc"},"content":"        this.end \u003d ends[1];","lastModifiedDate":"2023-01-18"},{"lineNumber":19,"author":{"gitId":"jiexuanc"},"content":"    }","lastModifiedDate":"2023-01-17"},{"lineNumber":20,"author":{"gitId":"jiexuanc"},"content":"","lastModifiedDate":"2023-01-17"},{"lineNumber":21,"author":{"gitId":"jiexuanc"},"content":"    @Override","lastModifiedDate":"2023-01-17"},{"lineNumber":22,"author":{"gitId":"jiexuanc"},"content":"    public String getTypeIcon() {","lastModifiedDate":"2023-01-17"},{"lineNumber":23,"author":{"gitId":"jiexuanc"},"content":"        return \"E\";","lastModifiedDate":"2023-01-17"},{"lineNumber":24,"author":{"gitId":"jiexuanc"},"content":"    }","lastModifiedDate":"2023-01-17"},{"lineNumber":25,"author":{"gitId":"jiexuanc"},"content":"","lastModifiedDate":"2023-01-17"},{"lineNumber":26,"author":{"gitId":"jiexuanc"},"content":"    @Override","lastModifiedDate":"2023-01-17"},{"lineNumber":27,"author":{"gitId":"jiexuanc"},"content":"    public String toString() {","lastModifiedDate":"2023-01-17"},{"lineNumber":28,"author":{"gitId":"jiexuanc"},"content":"        return super.toString() + \"(from: \" + begin + \"to: \" + end + \")\";","lastModifiedDate":"2023-01-17"},{"lineNumber":29,"author":{"gitId":"jiexuanc"},"content":"    }","lastModifiedDate":"2023-01-17"},{"lineNumber":30,"author":{"gitId":"jiexuanc"},"content":"}","lastModifiedDate":"2023-01-17"}],"authorContributionMap":{"jiexuanc":30}},{"path":"src/main/java/Task.java","fileType":"java","lines":[{"lineNumber":1,"author":{"gitId":"jiexuanc"},"content":"// Class for each individual tasks.","lastModifiedDate":"2023-01-17"},{"lineNumber":2,"author":{"gitId":"jiexuanc"},"content":"","lastModifiedDate":"2023-01-17"},{"lineNumber":3,"author":{"gitId":"jiexuanc"},"content":"public class Task {","lastModifiedDate":"2023-01-17"},{"lineNumber":4,"author":{"gitId":"jiexuanc"},"content":"","lastModifiedDate":"2023-01-17"},{"lineNumber":5,"author":{"gitId":"jiexuanc"},"content":"    private String content;","lastModifiedDate":"2023-01-17"},{"lineNumber":6,"author":{"gitId":"jiexuanc"},"content":"    private boolean isDone \u003d false;","lastModifiedDate":"2023-01-17"},{"lineNumber":7,"author":{"gitId":"jiexuanc"},"content":"    public Task(String content) {","lastModifiedDate":"2023-01-17"},{"lineNumber":8,"author":{"gitId":"jiexuanc"},"content":"        this.content \u003d content;","lastModifiedDate":"2023-01-17"},{"lineNumber":9,"author":{"gitId":"jiexuanc"},"content":"    }","lastModifiedDate":"2023-01-17"},{"lineNumber":10,"author":{"gitId":"jiexuanc"},"content":"","lastModifiedDate":"2023-01-17"},{"lineNumber":11,"author":{"gitId":"jiexuanc"},"content":"    public String getStatusIcon() {","lastModifiedDate":"2023-01-17"},{"lineNumber":12,"author":{"gitId":"jiexuanc"},"content":"        return (isDone ? \"X\" : \" \");","lastModifiedDate":"2023-01-17"},{"lineNumber":13,"author":{"gitId":"jiexuanc"},"content":"    }","lastModifiedDate":"2023-01-17"},{"lineNumber":14,"author":{"gitId":"jiexuanc"},"content":"    public void markAsDone() {","lastModifiedDate":"2023-01-17"},{"lineNumber":15,"author":{"gitId":"jiexuanc"},"content":"        isDone \u003d true;","lastModifiedDate":"2023-01-17"},{"lineNumber":16,"author":{"gitId":"jiexuanc"},"content":"    }","lastModifiedDate":"2023-01-17"},{"lineNumber":17,"author":{"gitId":"jiexuanc"},"content":"","lastModifiedDate":"2023-01-17"},{"lineNumber":18,"author":{"gitId":"jiexuanc"},"content":"    public void markAsUndone() {","lastModifiedDate":"2023-01-17"},{"lineNumber":19,"author":{"gitId":"jiexuanc"},"content":"        isDone \u003d false;","lastModifiedDate":"2023-01-17"},{"lineNumber":20,"author":{"gitId":"jiexuanc"},"content":"    }","lastModifiedDate":"2023-01-17"},{"lineNumber":21,"author":{"gitId":"jiexuanc"},"content":"","lastModifiedDate":"2023-01-17"},{"lineNumber":22,"author":{"gitId":"jiexuanc"},"content":"    public String getTypeIcon() {","lastModifiedDate":"2023-01-17"},{"lineNumber":23,"author":{"gitId":"jiexuanc"},"content":"        return \" \";","lastModifiedDate":"2023-01-17"},{"lineNumber":24,"author":{"gitId":"jiexuanc"},"content":"    }","lastModifiedDate":"2023-01-17"},{"lineNumber":25,"author":{"gitId":"jiexuanc"},"content":"","lastModifiedDate":"2023-01-17"},{"lineNumber":26,"author":{"gitId":"jiexuanc"},"content":"    @Override","lastModifiedDate":"2023-01-17"},{"lineNumber":27,"author":{"gitId":"jiexuanc"},"content":"    public String toString() {","lastModifiedDate":"2023-01-17"},{"lineNumber":28,"author":{"gitId":"jiexuanc"},"content":"        return content;","lastModifiedDate":"2023-01-17"},{"lineNumber":29,"author":{"gitId":"jiexuanc"},"content":"    }","lastModifiedDate":"2023-01-17"},{"lineNumber":30,"author":{"gitId":"jiexuanc"},"content":"","lastModifiedDate":"2023-01-17"},{"lineNumber":31,"author":{"gitId":"jiexuanc"},"content":"    // Status and message","lastModifiedDate":"2023-01-17"},{"lineNumber":32,"author":{"gitId":"jiexuanc"},"content":"    public String fullMessage() {","lastModifiedDate":"2023-01-17"},{"lineNumber":33,"author":{"gitId":"jiexuanc"},"content":"        return String.format(\"[%s][%s] %s\", getTypeIcon(), getStatusIcon(), this);","lastModifiedDate":"2023-01-17"},{"lineNumber":34,"author":{"gitId":"jiexuanc"},"content":"    }","lastModifiedDate":"2023-01-17"},{"lineNumber":35,"author":{"gitId":"jiexuanc"},"content":"","lastModifiedDate":"2023-01-17"},{"lineNumber":36,"author":{"gitId":"jiexuanc"},"content":"","lastModifiedDate":"2023-01-17"},{"lineNumber":37,"author":{"gitId":"jiexuanc"},"content":"}","lastModifiedDate":"2023-01-17"}],"authorContributionMap":{"jiexuanc":37}},{"path":"src/main/java/ToDos.java","fileType":"java","lines":[{"lineNumber":1,"author":{"gitId":"jiexuanc"},"content":"public class ToDos extends Task {","lastModifiedDate":"2023-01-17"},{"lineNumber":2,"author":{"gitId":"jiexuanc"},"content":"","lastModifiedDate":"2023-01-17"},{"lineNumber":3,"author":{"gitId":"jiexuanc"},"content":"    public ToDos(String content) throws DukeException {","lastModifiedDate":"2023-01-18"},{"lineNumber":4,"author":{"gitId":"jiexuanc"},"content":"        super(content);","lastModifiedDate":"2023-01-17"},{"lineNumber":5,"author":{"gitId":"jiexuanc"},"content":"        if (content.isEmpty()) {","lastModifiedDate":"2023-01-18"},{"lineNumber":6,"author":{"gitId":"jiexuanc"},"content":"            throw new DukeException(\"OOPS!!! The description of a todo cannot be empty.\");","lastModifiedDate":"2023-01-18"},{"lineNumber":7,"author":{"gitId":"jiexuanc"},"content":"        }","lastModifiedDate":"2023-01-18"},{"lineNumber":8,"author":{"gitId":"jiexuanc"},"content":"    }","lastModifiedDate":"2023-01-17"},{"lineNumber":9,"author":{"gitId":"jiexuanc"},"content":"","lastModifiedDate":"2023-01-17"},{"lineNumber":10,"author":{"gitId":"jiexuanc"},"content":"    public String getTypeIcon() {","lastModifiedDate":"2023-01-17"},{"lineNumber":11,"author":{"gitId":"jiexuanc"},"content":"        return \"T\";","lastModifiedDate":"2023-01-17"},{"lineNumber":12,"author":{"gitId":"jiexuanc"},"content":"    }","lastModifiedDate":"2023-01-17"},{"lineNumber":13,"author":{"gitId":"jiexuanc"},"content":"","lastModifiedDate":"2023-01-17"},{"lineNumber":14,"author":{"gitId":"jiexuanc"},"content":"}","lastModifiedDate":"2023-01-17"}],"authorContributionMap":{"jiexuanc":14}},{"path":"text-ui-test/input.txt","fileType":"txt","lines":[{"lineNumber":1,"author":{"gitId":"jiexuanc"},"content":"todo borrow book","lastModifiedDate":"2023-01-18"},{"lineNumber":2,"author":{"gitId":"jiexuanc"},"content":"deadline return book /by Sunday","lastModifiedDate":"2023-01-18"},{"lineNumber":3,"author":{"gitId":"jiexuanc"},"content":"event project meeting /from Mon 2pm /to 4pm","lastModifiedDate":"2023-01-18"},{"lineNumber":4,"author":{"gitId":"jiexuanc"},"content":"event /from Mon 2pm /to 4pm","lastModifiedDate":"2023-01-18"},{"lineNumber":5,"author":{"gitId":"jiexuanc"},"content":"event project /since Mon 2pm /to 9pm","lastModifiedDate":"2023-01-18"},{"lineNumber":6,"author":{"gitId":"jiexuanc"},"content":"deadline return book /by","lastModifiedDate":"2023-01-18"},{"lineNumber":7,"author":{"gitId":"jiexuanc"},"content":"todo","lastModifiedDate":"2023-01-18"},{"lineNumber":8,"author":{"gitId":"jiexuanc"},"content":"mark 1","lastModifiedDate":"2023-01-18"},{"lineNumber":9,"author":{"gitId":"jiexuanc"},"content":"mark 2","lastModifiedDate":"2023-01-18"},{"lineNumber":10,"author":{"gitId":"jiexuanc"},"content":"unmark 1","lastModifiedDate":"2023-01-18"},{"lineNumber":11,"author":{"gitId":"jiexuanc"},"content":"list","lastModifiedDate":"2023-01-18"},{"lineNumber":12,"author":{"gitId":"jiexuanc"},"content":"todo run","lastModifiedDate":"2023-01-18"},{"lineNumber":13,"author":{"gitId":"jiexuanc"},"content":"delete 3","lastModifiedDate":"2023-01-18"},{"lineNumber":14,"author":{"gitId":"jiexuanc"},"content":"delete 5","lastModifiedDate":"2023-01-18"},{"lineNumber":15,"author":{"gitId":"jiexuanc"},"content":"list","lastModifiedDate":"2023-01-18"}],"authorContributionMap":{"jiexuanc":15}}]
