[{"path":"build.gradle","fileType":"gradle","lines":[{"lineNumber":1,"author":{"gitId":"-"},"content":"plugins {","lastModifiedDate":"2020-05-25"},{"lineNumber":2,"author":{"gitId":"-"},"content":"    id \u0027java\u0027","lastModifiedDate":"2020-05-25"},{"lineNumber":3,"author":{"gitId":"-"},"content":"    id \u0027application\u0027","lastModifiedDate":"2020-05-25"},{"lineNumber":4,"author":{"gitId":"joyngjr"},"content":"    id \u0027checkstyle\u0027","lastModifiedDate":"2023-01-24"},{"lineNumber":5,"author":{"gitId":"-"},"content":"    id \u0027com.github.johnrengelman.shadow\u0027 version \u00275.1.0\u0027","lastModifiedDate":"2020-05-25"},{"lineNumber":6,"author":{"gitId":"-"},"content":"}","lastModifiedDate":"2020-05-25"},{"lineNumber":7,"author":{"gitId":"-"},"content":"","lastModifiedDate":"2020-05-25"},{"lineNumber":8,"author":{"gitId":"-"},"content":"repositories {","lastModifiedDate":"2020-05-25"},{"lineNumber":9,"author":{"gitId":"-"},"content":"    mavenCentral()","lastModifiedDate":"2020-05-25"},{"lineNumber":10,"author":{"gitId":"-"},"content":"}","lastModifiedDate":"2020-05-25"},{"lineNumber":11,"author":{"gitId":"-"},"content":"","lastModifiedDate":"2020-05-25"},{"lineNumber":12,"author":{"gitId":"-"},"content":"dependencies {","lastModifiedDate":"2020-05-25"},{"lineNumber":13,"author":{"gitId":"joyngjr"},"content":"    String javaFxVersion \u003d \u002711\u0027","lastModifiedDate":"2023-01-24"},{"lineNumber":14,"author":{"gitId":"joyngjr"},"content":"","lastModifiedDate":"2023-01-24"},{"lineNumber":15,"author":{"gitId":"-"},"content":"    testImplementation group: \u0027org.junit.jupiter\u0027, name: \u0027junit-jupiter-api\u0027, version: \u00275.5.0\u0027","lastModifiedDate":"2020-05-25"},{"lineNumber":16,"author":{"gitId":"-"},"content":"    testRuntimeOnly group: \u0027org.junit.jupiter\u0027, name: \u0027junit-jupiter-engine\u0027, version: \u00275.5.0\u0027","lastModifiedDate":"2020-05-25"},{"lineNumber":17,"author":{"gitId":"joyngjr"},"content":"","lastModifiedDate":"2023-01-24"},{"lineNumber":18,"author":{"gitId":"joyngjr"},"content":"    implementation group: \u0027org.openjfx\u0027, name: \u0027javafx-base\u0027, version: javaFxVersion, classifier: \u0027win\u0027","lastModifiedDate":"2023-01-24"},{"lineNumber":19,"author":{"gitId":"joyngjr"},"content":"    implementation group: \u0027org.openjfx\u0027, name: \u0027javafx-base\u0027, version: javaFxVersion, classifier: \u0027mac\u0027","lastModifiedDate":"2023-01-24"},{"lineNumber":20,"author":{"gitId":"joyngjr"},"content":"    implementation group: \u0027org.openjfx\u0027, name: \u0027javafx-base\u0027, version: javaFxVersion, classifier: \u0027linux\u0027","lastModifiedDate":"2023-01-24"},{"lineNumber":21,"author":{"gitId":"joyngjr"},"content":"    implementation group: \u0027org.openjfx\u0027, name: \u0027javafx-controls\u0027, version: javaFxVersion, classifier: \u0027win\u0027","lastModifiedDate":"2023-01-24"},{"lineNumber":22,"author":{"gitId":"joyngjr"},"content":"    implementation group: \u0027org.openjfx\u0027, name: \u0027javafx-controls\u0027, version: javaFxVersion, classifier: \u0027mac\u0027","lastModifiedDate":"2023-01-24"},{"lineNumber":23,"author":{"gitId":"joyngjr"},"content":"    implementation group: \u0027org.openjfx\u0027, name: \u0027javafx-controls\u0027, version: javaFxVersion, classifier: \u0027linux\u0027","lastModifiedDate":"2023-01-24"},{"lineNumber":24,"author":{"gitId":"joyngjr"},"content":"    implementation group: \u0027org.openjfx\u0027, name: \u0027javafx-fxml\u0027, version: javaFxVersion, classifier: \u0027win\u0027","lastModifiedDate":"2023-01-24"},{"lineNumber":25,"author":{"gitId":"joyngjr"},"content":"    implementation group: \u0027org.openjfx\u0027, name: \u0027javafx-fxml\u0027, version: javaFxVersion, classifier: \u0027mac\u0027","lastModifiedDate":"2023-01-24"},{"lineNumber":26,"author":{"gitId":"joyngjr"},"content":"    implementation group: \u0027org.openjfx\u0027, name: \u0027javafx-fxml\u0027, version: javaFxVersion, classifier: \u0027linux\u0027","lastModifiedDate":"2023-01-24"},{"lineNumber":27,"author":{"gitId":"joyngjr"},"content":"    implementation group: \u0027org.openjfx\u0027, name: \u0027javafx-graphics\u0027, version: javaFxVersion, classifier: \u0027win\u0027","lastModifiedDate":"2023-01-24"},{"lineNumber":28,"author":{"gitId":"joyngjr"},"content":"    implementation group: \u0027org.openjfx\u0027, name: \u0027javafx-graphics\u0027, version: javaFxVersion, classifier: \u0027mac\u0027","lastModifiedDate":"2023-01-24"},{"lineNumber":29,"author":{"gitId":"joyngjr"},"content":"    implementation group: \u0027org.openjfx\u0027, name: \u0027javafx-graphics\u0027, version: javaFxVersion, classifier: \u0027linux\u0027","lastModifiedDate":"2023-01-24"},{"lineNumber":30,"author":{"gitId":"-"},"content":"}","lastModifiedDate":"2020-05-25"},{"lineNumber":31,"author":{"gitId":"-"},"content":"","lastModifiedDate":"2020-05-25"},{"lineNumber":32,"author":{"gitId":"-"},"content":"test {","lastModifiedDate":"2020-05-25"},{"lineNumber":33,"author":{"gitId":"-"},"content":"    useJUnitPlatform()","lastModifiedDate":"2020-05-25"},{"lineNumber":34,"author":{"gitId":"-"},"content":"","lastModifiedDate":"2020-05-25"},{"lineNumber":35,"author":{"gitId":"-"},"content":"    testLogging {","lastModifiedDate":"2020-05-25"},{"lineNumber":36,"author":{"gitId":"-"},"content":"        events \"passed\", \"skipped\", \"failed\"","lastModifiedDate":"2020-05-25"},{"lineNumber":37,"author":{"gitId":"-"},"content":"","lastModifiedDate":"2020-05-25"},{"lineNumber":38,"author":{"gitId":"-"},"content":"        showExceptions true","lastModifiedDate":"2020-05-25"},{"lineNumber":39,"author":{"gitId":"-"},"content":"        exceptionFormat \"full\"","lastModifiedDate":"2020-05-25"},{"lineNumber":40,"author":{"gitId":"-"},"content":"        showCauses true","lastModifiedDate":"2020-05-25"},{"lineNumber":41,"author":{"gitId":"-"},"content":"        showStackTraces true","lastModifiedDate":"2020-05-25"},{"lineNumber":42,"author":{"gitId":"-"},"content":"        showStandardStreams \u003d false","lastModifiedDate":"2020-05-25"},{"lineNumber":43,"author":{"gitId":"-"},"content":"    }","lastModifiedDate":"2020-05-25"},{"lineNumber":44,"author":{"gitId":"-"},"content":"}","lastModifiedDate":"2020-05-25"},{"lineNumber":45,"author":{"gitId":"-"},"content":"","lastModifiedDate":"2020-05-25"},{"lineNumber":46,"author":{"gitId":"-"},"content":"application {","lastModifiedDate":"2020-05-25"},{"lineNumber":47,"author":{"gitId":"-"},"content":"    mainClassName \u003d \"seedu.duke.Duke\"","lastModifiedDate":"2020-05-25"},{"lineNumber":48,"author":{"gitId":"-"},"content":"}","lastModifiedDate":"2020-05-25"},{"lineNumber":49,"author":{"gitId":"-"},"content":"","lastModifiedDate":"2020-05-25"},{"lineNumber":50,"author":{"gitId":"-"},"content":"shadowJar {","lastModifiedDate":"2020-05-25"},{"lineNumber":51,"author":{"gitId":"-"},"content":"    archiveBaseName \u003d \"duke\"","lastModifiedDate":"2020-05-25"},{"lineNumber":52,"author":{"gitId":"-"},"content":"    archiveClassifier \u003d null","lastModifiedDate":"2020-05-25"},{"lineNumber":53,"author":{"gitId":"-"},"content":"}","lastModifiedDate":"2020-05-25"},{"lineNumber":54,"author":{"gitId":"-"},"content":"","lastModifiedDate":"2020-05-25"},{"lineNumber":55,"author":{"gitId":"-"},"content":"run{","lastModifiedDate":"2020-05-25"},{"lineNumber":56,"author":{"gitId":"-"},"content":"    standardInput \u003d System.in","lastModifiedDate":"2020-05-25"},{"lineNumber":57,"author":{"gitId":"-"},"content":"}","lastModifiedDate":"2020-05-25"}],"authorContributionMap":{"-":41,"joyngjr":16}},{"path":"data/duke.txt","fileType":"txt","lines":[{"lineNumber":1,"author":{"gitId":"joyngjr"},"content":"B: There are no missions!","lastModifiedDate":"2023-01-26"}],"authorContributionMap":{"joyngjr":1}},{"path":"src/main/java/drivers/Parser.java","fileType":"java","lines":[{"lineNumber":1,"author":{"gitId":"joyngjr"},"content":"package drivers;","lastModifiedDate":"2023-01-25"},{"lineNumber":2,"author":{"gitId":"joyngjr"},"content":"","lastModifiedDate":"2023-01-25"},{"lineNumber":3,"author":{"gitId":"joyngjr"},"content":"import support.Commands;","lastModifiedDate":"2023-01-25"},{"lineNumber":4,"author":{"gitId":"joyngjr"},"content":"import support.DukeException;","lastModifiedDate":"2023-01-25"},{"lineNumber":5,"author":{"gitId":"joyngjr"},"content":"import support.Instructions;","lastModifiedDate":"2023-01-26"},{"lineNumber":6,"author":{"gitId":"joyngjr"},"content":"","lastModifiedDate":"2023-01-25"},{"lineNumber":7,"author":{"gitId":"joyngjr"},"content":"import task.Deadline;","lastModifiedDate":"2023-01-25"},{"lineNumber":8,"author":{"gitId":"joyngjr"},"content":"import task.Event;","lastModifiedDate":"2023-01-25"},{"lineNumber":9,"author":{"gitId":"joyngjr"},"content":"import task.TaskList;","lastModifiedDate":"2023-01-25"},{"lineNumber":10,"author":{"gitId":"joyngjr"},"content":"import task.Todo;","lastModifiedDate":"2023-01-25"},{"lineNumber":11,"author":{"gitId":"joyngjr"},"content":"","lastModifiedDate":"2023-01-24"},{"lineNumber":12,"author":{"gitId":"joyngjr"},"content":"import java.time.format.DateTimeParseException;","lastModifiedDate":"2023-01-24"},{"lineNumber":13,"author":{"gitId":"joyngjr"},"content":"","lastModifiedDate":"2023-01-24"},{"lineNumber":14,"author":{"gitId":"joyngjr"},"content":"/**","lastModifiedDate":"2023-01-25"},{"lineNumber":15,"author":{"gitId":"joyngjr"},"content":" * Mechanism that interprets command given by user.","lastModifiedDate":"2023-01-25"},{"lineNumber":16,"author":{"gitId":"joyngjr"},"content":" */","lastModifiedDate":"2023-01-25"},{"lineNumber":17,"author":{"gitId":"joyngjr"},"content":"","lastModifiedDate":"2023-01-25"},{"lineNumber":18,"author":{"gitId":"joyngjr"},"content":"public class Parser {","lastModifiedDate":"2023-01-24"},{"lineNumber":19,"author":{"gitId":"joyngjr"},"content":"","lastModifiedDate":"2023-01-24"},{"lineNumber":20,"author":{"gitId":"joyngjr"},"content":"    // default constructor","lastModifiedDate":"2023-01-24"},{"lineNumber":21,"author":{"gitId":"joyngjr"},"content":"","lastModifiedDate":"2023-01-25"},{"lineNumber":22,"author":{"gitId":"joyngjr"},"content":"","lastModifiedDate":"2023-01-25"},{"lineNumber":23,"author":{"gitId":"joyngjr"},"content":"    /**","lastModifiedDate":"2023-01-25"},{"lineNumber":24,"author":{"gitId":"joyngjr"},"content":"     * Returns a boolean value to indicate if program should continue expecting inputs.","lastModifiedDate":"2023-01-25"},{"lineNumber":25,"author":{"gitId":"joyngjr"},"content":"     * Executes command given.","lastModifiedDate":"2023-01-25"},{"lineNumber":26,"author":{"gitId":"joyngjr"},"content":"     *","lastModifiedDate":"2023-01-25"},{"lineNumber":27,"author":{"gitId":"joyngjr"},"content":"     * @param userinput string to be read as command for execution","lastModifiedDate":"2023-01-25"},{"lineNumber":28,"author":{"gitId":"joyngjr"},"content":"     * @param l reference to record of list of tasks","lastModifiedDate":"2023-01-25"},{"lineNumber":29,"author":{"gitId":"joyngjr"},"content":"     * @return whether program should continue","lastModifiedDate":"2023-01-25"},{"lineNumber":30,"author":{"gitId":"joyngjr"},"content":"     */","lastModifiedDate":"2023-01-25"},{"lineNumber":31,"author":{"gitId":"joyngjr"},"content":"    public boolean continueCommand(String userinput, TaskList l) {","lastModifiedDate":"2023-01-25"},{"lineNumber":32,"author":{"gitId":"joyngjr"},"content":"        try {","lastModifiedDate":"2023-01-24"},{"lineNumber":33,"author":{"gitId":"joyngjr"},"content":"            String[] parts \u003d userinput.split(\" \");","lastModifiedDate":"2023-01-24"},{"lineNumber":34,"author":{"gitId":"joyngjr"},"content":"            Commands command \u003d Commands.valueOf(parts[0]);","lastModifiedDate":"2023-01-24"},{"lineNumber":35,"author":{"gitId":"joyngjr"},"content":"","lastModifiedDate":"2023-01-24"},{"lineNumber":36,"author":{"gitId":"joyngjr"},"content":"            switch (command) {","lastModifiedDate":"2023-01-24"},{"lineNumber":37,"author":{"gitId":"joyngjr"},"content":"            case bye:","lastModifiedDate":"2023-01-24"},{"lineNumber":38,"author":{"gitId":"joyngjr"},"content":"                System.out.println(\"Roger. Agent Bond signing off ~\");","lastModifiedDate":"2023-01-24"},{"lineNumber":39,"author":{"gitId":"joyngjr"},"content":"                return false;","lastModifiedDate":"2023-01-24"},{"lineNumber":40,"author":{"gitId":"joyngjr"},"content":"","lastModifiedDate":"2023-01-24"},{"lineNumber":41,"author":{"gitId":"joyngjr"},"content":"            case missions:","lastModifiedDate":"2023-01-24"},{"lineNumber":42,"author":{"gitId":"joyngjr"},"content":"                System.out.println(l.print());","lastModifiedDate":"2023-01-24"},{"lineNumber":43,"author":{"gitId":"joyngjr"},"content":"                return true;","lastModifiedDate":"2023-01-24"},{"lineNumber":44,"author":{"gitId":"joyngjr"},"content":"","lastModifiedDate":"2023-01-24"},{"lineNumber":45,"author":{"gitId":"joyngjr"},"content":"            case unmark:","lastModifiedDate":"2023-01-24"},{"lineNumber":46,"author":{"gitId":"joyngjr"},"content":"                l.unmark(Integer.parseInt(parts[1]));","lastModifiedDate":"2023-01-24"},{"lineNumber":47,"author":{"gitId":"joyngjr"},"content":"                return true;","lastModifiedDate":"2023-01-24"},{"lineNumber":48,"author":{"gitId":"joyngjr"},"content":"","lastModifiedDate":"2023-01-24"},{"lineNumber":49,"author":{"gitId":"joyngjr"},"content":"            case mark:","lastModifiedDate":"2023-01-24"},{"lineNumber":50,"author":{"gitId":"joyngjr"},"content":"                l.mark(Integer.parseInt(parts[1]));","lastModifiedDate":"2023-01-24"},{"lineNumber":51,"author":{"gitId":"joyngjr"},"content":"                return true;","lastModifiedDate":"2023-01-24"},{"lineNumber":52,"author":{"gitId":"joyngjr"},"content":"","lastModifiedDate":"2023-01-24"},{"lineNumber":53,"author":{"gitId":"joyngjr"},"content":"            case todo:","lastModifiedDate":"2023-01-24"},{"lineNumber":54,"author":{"gitId":"joyngjr"},"content":"                l.add(new Todo(userinput.substring(5)));","lastModifiedDate":"2023-01-24"},{"lineNumber":55,"author":{"gitId":"joyngjr"},"content":"                return true;","lastModifiedDate":"2023-01-24"},{"lineNumber":56,"author":{"gitId":"joyngjr"},"content":"","lastModifiedDate":"2023-01-24"},{"lineNumber":57,"author":{"gitId":"joyngjr"},"content":"            case deadline:","lastModifiedDate":"2023-01-24"},{"lineNumber":58,"author":{"gitId":"joyngjr"},"content":"                parts \u003d userinput.split(\"/\");","lastModifiedDate":"2023-01-24"},{"lineNumber":59,"author":{"gitId":"joyngjr"},"content":"                if (parts.length !\u003d 2) {","lastModifiedDate":"2023-01-24"},{"lineNumber":60,"author":{"gitId":"joyngjr"},"content":"                    throw new DukeException(\"Please enter valid end date.\");","lastModifiedDate":"2023-01-24"},{"lineNumber":61,"author":{"gitId":"joyngjr"},"content":"                }","lastModifiedDate":"2023-01-24"},{"lineNumber":62,"author":{"gitId":"joyngjr"},"content":"                l.add(new Deadline(parts[0], parts[1]));","lastModifiedDate":"2023-01-24"},{"lineNumber":63,"author":{"gitId":"joyngjr"},"content":"                return true;","lastModifiedDate":"2023-01-24"},{"lineNumber":64,"author":{"gitId":"joyngjr"},"content":"","lastModifiedDate":"2023-01-24"},{"lineNumber":65,"author":{"gitId":"joyngjr"},"content":"            case event:","lastModifiedDate":"2023-01-24"},{"lineNumber":66,"author":{"gitId":"joyngjr"},"content":"                parts \u003d userinput.split(\"/\");","lastModifiedDate":"2023-01-24"},{"lineNumber":67,"author":{"gitId":"joyngjr"},"content":"                if (parts.length !\u003d 3) {","lastModifiedDate":"2023-01-24"},{"lineNumber":68,"author":{"gitId":"joyngjr"},"content":"                    throw new DukeException(\"Please enter valid start and end dates.\");","lastModifiedDate":"2023-01-24"},{"lineNumber":69,"author":{"gitId":"joyngjr"},"content":"                }","lastModifiedDate":"2023-01-24"},{"lineNumber":70,"author":{"gitId":"joyngjr"},"content":"                l.add(new Event(parts[0], parts[1], parts[2]));","lastModifiedDate":"2023-01-24"},{"lineNumber":71,"author":{"gitId":"joyngjr"},"content":"                return true;","lastModifiedDate":"2023-01-24"},{"lineNumber":72,"author":{"gitId":"joyngjr"},"content":"","lastModifiedDate":"2023-01-24"},{"lineNumber":73,"author":{"gitId":"joyngjr"},"content":"            case delete:","lastModifiedDate":"2023-01-24"},{"lineNumber":74,"author":{"gitId":"joyngjr"},"content":"                l.delete(Integer.parseInt(parts[1]));","lastModifiedDate":"2023-01-24"},{"lineNumber":75,"author":{"gitId":"joyngjr"},"content":"                return true;","lastModifiedDate":"2023-01-24"},{"lineNumber":76,"author":{"gitId":"joyngjr"},"content":"","lastModifiedDate":"2023-01-24"},{"lineNumber":77,"author":{"gitId":"joyngjr"},"content":"            case find:","lastModifiedDate":"2023-01-25"},{"lineNumber":78,"author":{"gitId":"joyngjr"},"content":"                l.find(parts[1]);","lastModifiedDate":"2023-01-25"},{"lineNumber":79,"author":{"gitId":"joyngjr"},"content":"                return true;","lastModifiedDate":"2023-01-25"},{"lineNumber":80,"author":{"gitId":"joyngjr"},"content":"","lastModifiedDate":"2023-01-25"},{"lineNumber":81,"author":{"gitId":"joyngjr"},"content":"            case help:","lastModifiedDate":"2023-01-26"},{"lineNumber":82,"author":{"gitId":"joyngjr"},"content":"                System.out.println(\"B: \" + Instructions.generate());","lastModifiedDate":"2023-01-26"},{"lineNumber":83,"author":{"gitId":"joyngjr"},"content":"                return true;","lastModifiedDate":"2023-01-26"},{"lineNumber":84,"author":{"gitId":"joyngjr"},"content":"","lastModifiedDate":"2023-01-26"},{"lineNumber":85,"author":{"gitId":"joyngjr"},"content":"            default:","lastModifiedDate":"2023-01-24"},{"lineNumber":86,"author":{"gitId":"joyngjr"},"content":"                System.out.println(\"Something has gone wrong!\");","lastModifiedDate":"2023-01-24"},{"lineNumber":87,"author":{"gitId":"joyngjr"},"content":"                return false;","lastModifiedDate":"2023-01-24"},{"lineNumber":88,"author":{"gitId":"joyngjr"},"content":"","lastModifiedDate":"2023-01-25"},{"lineNumber":89,"author":{"gitId":"joyngjr"},"content":"            }","lastModifiedDate":"2023-01-24"},{"lineNumber":90,"author":{"gitId":"joyngjr"},"content":"        } catch (DukeException e) {","lastModifiedDate":"2023-01-24"},{"lineNumber":91,"author":{"gitId":"joyngjr"},"content":"            System.out.println(\"B: \" + e.getMessage());","lastModifiedDate":"2023-01-26"},{"lineNumber":92,"author":{"gitId":"joyngjr"},"content":"        } catch (DateTimeParseException e) {","lastModifiedDate":"2023-01-24"},{"lineNumber":93,"author":{"gitId":"joyngjr"},"content":"            System.out.println(\"B: Please enter a valid date format\");","lastModifiedDate":"2023-01-26"},{"lineNumber":94,"author":{"gitId":"joyngjr"},"content":"        } catch (IndexOutOfBoundsException e) {","lastModifiedDate":"2023-01-24"},{"lineNumber":95,"author":{"gitId":"joyngjr"},"content":"            System.out.println(\"B: Please key in a valid command. Enter \u0027help\u0027 for instructions.\");","lastModifiedDate":"2023-01-26"},{"lineNumber":96,"author":{"gitId":"joyngjr"},"content":"        } catch (NumberFormatException e) {","lastModifiedDate":"2023-01-24"},{"lineNumber":97,"author":{"gitId":"joyngjr"},"content":"            System.out.println(\"B: Please key in an integer number\");","lastModifiedDate":"2023-01-26"},{"lineNumber":98,"author":{"gitId":"joyngjr"},"content":"        } catch (IllegalArgumentException e) {","lastModifiedDate":"2023-01-26"},{"lineNumber":99,"author":{"gitId":"joyngjr"},"content":"            System.out.println(\"B: Command not recognised. Please re-try\");","lastModifiedDate":"2023-01-26"},{"lineNumber":100,"author":{"gitId":"joyngjr"},"content":"        }","lastModifiedDate":"2023-01-24"},{"lineNumber":101,"author":{"gitId":"joyngjr"},"content":"        return true;","lastModifiedDate":"2023-01-24"},{"lineNumber":102,"author":{"gitId":"joyngjr"},"content":"    }","lastModifiedDate":"2023-01-24"},{"lineNumber":103,"author":{"gitId":"joyngjr"},"content":"}","lastModifiedDate":"2023-01-24"}],"authorContributionMap":{"joyngjr":103}},{"path":"src/main/java/drivers/Ui.java","fileType":"java","lines":[{"lineNumber":1,"author":{"gitId":"joyngjr"},"content":"package drivers;","lastModifiedDate":"2023-01-25"},{"lineNumber":2,"author":{"gitId":"joyngjr"},"content":"","lastModifiedDate":"2023-01-25"},{"lineNumber":3,"author":{"gitId":"joyngjr"},"content":"import support.Instructions;","lastModifiedDate":"2023-01-26"},{"lineNumber":4,"author":{"gitId":"joyngjr"},"content":"import task.TaskList;","lastModifiedDate":"2023-01-25"},{"lineNumber":5,"author":{"gitId":"joyngjr"},"content":"","lastModifiedDate":"2023-01-24"},{"lineNumber":6,"author":{"gitId":"joyngjr"},"content":"import java.util.Scanner;","lastModifiedDate":"2023-01-24"},{"lineNumber":7,"author":{"gitId":"joyngjr"},"content":"","lastModifiedDate":"2023-01-24"},{"lineNumber":8,"author":{"gitId":"joyngjr"},"content":"/**","lastModifiedDate":"2023-01-25"},{"lineNumber":9,"author":{"gitId":"joyngjr"},"content":" * Main program user sees and interacts with.","lastModifiedDate":"2023-01-25"},{"lineNumber":10,"author":{"gitId":"joyngjr"},"content":" */","lastModifiedDate":"2023-01-25"},{"lineNumber":11,"author":{"gitId":"joyngjr"},"content":"public class Ui {","lastModifiedDate":"2023-01-24"},{"lineNumber":12,"author":{"gitId":"joyngjr"},"content":"    private Scanner sc \u003d new Scanner(System.in);","lastModifiedDate":"2023-01-24"},{"lineNumber":13,"author":{"gitId":"joyngjr"},"content":"    private Parser parser\u003d new Parser();","lastModifiedDate":"2023-01-24"},{"lineNumber":14,"author":{"gitId":"joyngjr"},"content":"","lastModifiedDate":"2023-01-24"},{"lineNumber":15,"author":{"gitId":"joyngjr"},"content":"    public Ui() {","lastModifiedDate":"2023-01-24"},{"lineNumber":16,"author":{"gitId":"joyngjr"},"content":"        System.out.println(\"Echo! I\u0027m Bond.\");","lastModifiedDate":"2023-01-24"},{"lineNumber":17,"author":{"gitId":"joyngjr"},"content":"        System.out.println(\"---------------\");","lastModifiedDate":"2023-01-26"},{"lineNumber":18,"author":{"gitId":"joyngjr"},"content":"        System.out.println(Instructions.generate());","lastModifiedDate":"2023-01-26"},{"lineNumber":19,"author":{"gitId":"joyngjr"},"content":"    }","lastModifiedDate":"2023-01-24"},{"lineNumber":20,"author":{"gitId":"joyngjr"},"content":"","lastModifiedDate":"2023-01-24"},{"lineNumber":21,"author":{"gitId":"joyngjr"},"content":"    /**","lastModifiedDate":"2023-01-25"},{"lineNumber":22,"author":{"gitId":"joyngjr"},"content":"     * Continues to prompt user for inputs until it receives command to stop.","lastModifiedDate":"2023-01-25"},{"lineNumber":23,"author":{"gitId":"joyngjr"},"content":"     *","lastModifiedDate":"2023-01-25"},{"lineNumber":24,"author":{"gitId":"joyngjr"},"content":"     * @param l reference to a record of list of tasks","lastModifiedDate":"2023-01-25"},{"lineNumber":25,"author":{"gitId":"joyngjr"},"content":"     */","lastModifiedDate":"2023-01-25"},{"lineNumber":26,"author":{"gitId":"joyngjr"},"content":"    public void nextMission(TaskList l) {","lastModifiedDate":"2023-01-24"},{"lineNumber":27,"author":{"gitId":"joyngjr"},"content":"        boolean check \u003d true;","lastModifiedDate":"2023-01-24"},{"lineNumber":28,"author":{"gitId":"joyngjr"},"content":"","lastModifiedDate":"2023-01-24"},{"lineNumber":29,"author":{"gitId":"joyngjr"},"content":"        while (check) {","lastModifiedDate":"2023-01-24"},{"lineNumber":30,"author":{"gitId":"joyngjr"},"content":"            System.out.println(\"\\n----- Awaiting command -----\");","lastModifiedDate":"2023-01-26"},{"lineNumber":31,"author":{"gitId":"joyngjr"},"content":"            check \u003d this.parser.continueCommand(sc.nextLine(), l);","lastModifiedDate":"2023-01-25"},{"lineNumber":32,"author":{"gitId":"joyngjr"},"content":"        }","lastModifiedDate":"2023-01-24"},{"lineNumber":33,"author":{"gitId":"joyngjr"},"content":"    }","lastModifiedDate":"2023-01-24"},{"lineNumber":34,"author":{"gitId":"joyngjr"},"content":"}","lastModifiedDate":"2023-01-24"}],"authorContributionMap":{"joyngjr":34}},{"path":"src/main/java/duke/Duke.java","fileType":"java","lines":[{"lineNumber":1,"author":{"gitId":"joyngjr"},"content":"package duke;","lastModifiedDate":"2023-01-24"},{"lineNumber":2,"author":{"gitId":"joyngjr"},"content":"","lastModifiedDate":"2023-01-24"},{"lineNumber":3,"author":{"gitId":"joyngjr"},"content":"import drivers.Ui;","lastModifiedDate":"2023-01-25"},{"lineNumber":4,"author":{"gitId":"joyngjr"},"content":"","lastModifiedDate":"2023-01-25"},{"lineNumber":5,"author":{"gitId":"joyngjr"},"content":"import support.Storage;","lastModifiedDate":"2023-01-25"},{"lineNumber":6,"author":{"gitId":"joyngjr"},"content":"","lastModifiedDate":"2023-01-25"},{"lineNumber":7,"author":{"gitId":"joyngjr"},"content":"import task.TaskList;","lastModifiedDate":"2023-01-25"},{"lineNumber":8,"author":{"gitId":"joyngjr"},"content":"","lastModifiedDate":"2023-01-25"},{"lineNumber":9,"author":{"gitId":"joyngjr"},"content":"/**","lastModifiedDate":"2023-01-25"},{"lineNumber":10,"author":{"gitId":"joyngjr"},"content":" * Contains main method and starts the program.","lastModifiedDate":"2023-01-25"},{"lineNumber":11,"author":{"gitId":"joyngjr"},"content":" */","lastModifiedDate":"2023-01-25"},{"lineNumber":12,"author":{"gitId":"-"},"content":"public class Duke {","lastModifiedDate":"2019-07-29"},{"lineNumber":13,"author":{"gitId":"joyngjr"},"content":"    private Storage storage;","lastModifiedDate":"2023-01-24"},{"lineNumber":14,"author":{"gitId":"joyngjr"},"content":"    private TaskList tasks;","lastModifiedDate":"2023-01-24"},{"lineNumber":15,"author":{"gitId":"joyngjr"},"content":"    private Ui ui;","lastModifiedDate":"2023-01-24"},{"lineNumber":16,"author":{"gitId":"joyngjr"},"content":"","lastModifiedDate":"2023-01-16"},{"lineNumber":17,"author":{"gitId":"joyngjr"},"content":"    /**","lastModifiedDate":"2023-01-25"},{"lineNumber":18,"author":{"gitId":"joyngjr"},"content":"     * Initialise objects needed for the program.","lastModifiedDate":"2023-01-25"},{"lineNumber":19,"author":{"gitId":"joyngjr"},"content":"     */","lastModifiedDate":"2023-01-25"},{"lineNumber":20,"author":{"gitId":"joyngjr"},"content":"    public Duke() {","lastModifiedDate":"2023-01-24"},{"lineNumber":21,"author":{"gitId":"joyngjr"},"content":"        this.ui \u003d new Ui();","lastModifiedDate":"2023-01-24"},{"lineNumber":22,"author":{"gitId":"joyngjr"},"content":"        this.storage \u003d new Storage();","lastModifiedDate":"2023-01-24"},{"lineNumber":23,"author":{"gitId":"joyngjr"},"content":"        this.tasks \u003d new TaskList();","lastModifiedDate":"2023-01-24"},{"lineNumber":24,"author":{"gitId":"joyngjr"},"content":"    }","lastModifiedDate":"2023-01-17"},{"lineNumber":25,"author":{"gitId":"joyngjr"},"content":"","lastModifiedDate":"2023-01-25"},{"lineNumber":26,"author":{"gitId":"joyngjr"},"content":"    /**","lastModifiedDate":"2023-01-25"},{"lineNumber":27,"author":{"gitId":"joyngjr"},"content":"     * Starts program and stores data into log after done.","lastModifiedDate":"2023-01-25"},{"lineNumber":28,"author":{"gitId":"joyngjr"},"content":"     */","lastModifiedDate":"2023-01-25"},{"lineNumber":29,"author":{"gitId":"joyngjr"},"content":"    public void run() {","lastModifiedDate":"2023-01-24"},{"lineNumber":30,"author":{"gitId":"joyngjr"},"content":"        this.ui.nextMission(this.tasks);","lastModifiedDate":"2023-01-24"},{"lineNumber":31,"author":{"gitId":"joyngjr"},"content":"        this.storage.update(tasks.print());","lastModifiedDate":"2023-01-24"},{"lineNumber":32,"author":{"gitId":"joyngjr"},"content":"    }","lastModifiedDate":"2023-01-17"},{"lineNumber":33,"author":{"gitId":"joyngjr"},"content":"","lastModifiedDate":"2023-01-16"},{"lineNumber":34,"author":{"gitId":"joyngjr"},"content":"    public static void main(String[] args) {","lastModifiedDate":"2023-01-24"},{"lineNumber":35,"author":{"gitId":"joyngjr"},"content":"        new Duke().run();","lastModifiedDate":"2023-01-24"},{"lineNumber":36,"author":{"gitId":"joyngjr"},"content":"    }","lastModifiedDate":"2023-01-23"},{"lineNumber":37,"author":{"gitId":"-"},"content":"}","lastModifiedDate":"2019-07-29"}],"authorContributionMap":{"-":2,"joyngjr":35}},{"path":"src/main/java/support/Commands.java","fileType":"java","lines":[{"lineNumber":1,"author":{"gitId":"joyngjr"},"content":"package support;","lastModifiedDate":"2023-01-25"},{"lineNumber":2,"author":{"gitId":"joyngjr"},"content":"public enum Commands {","lastModifiedDate":"2023-01-17"},{"lineNumber":3,"author":{"gitId":"joyngjr"},"content":"    bye, missions, unmark, mark, todo, deadline, event, delete, find, help","lastModifiedDate":"2023-01-26"},{"lineNumber":4,"author":{"gitId":"joyngjr"},"content":"}","lastModifiedDate":"2023-01-17"}],"authorContributionMap":{"joyngjr":4}},{"path":"src/main/java/support/DukeException.java","fileType":"java","lines":[{"lineNumber":1,"author":{"gitId":"joyngjr"},"content":"package support;","lastModifiedDate":"2023-01-25"},{"lineNumber":2,"author":{"gitId":"joyngjr"},"content":"","lastModifiedDate":"2023-01-24"},{"lineNumber":3,"author":{"gitId":"joyngjr"},"content":"/**","lastModifiedDate":"2023-01-25"},{"lineNumber":4,"author":{"gitId":"joyngjr"},"content":" * Custom exception for when user keys in correct command but wrong number of arguments.","lastModifiedDate":"2023-01-25"},{"lineNumber":5,"author":{"gitId":"joyngjr"},"content":" */","lastModifiedDate":"2023-01-25"},{"lineNumber":6,"author":{"gitId":"joyngjr"},"content":"public class DukeException extends Exception {","lastModifiedDate":"2023-01-17"},{"lineNumber":7,"author":{"gitId":"joyngjr"},"content":"    public DukeException(String message) {","lastModifiedDate":"2023-01-17"},{"lineNumber":8,"author":{"gitId":"joyngjr"},"content":"        super(message);","lastModifiedDate":"2023-01-17"},{"lineNumber":9,"author":{"gitId":"joyngjr"},"content":"    }","lastModifiedDate":"2023-01-17"},{"lineNumber":10,"author":{"gitId":"joyngjr"},"content":"}","lastModifiedDate":"2023-01-17"}],"authorContributionMap":{"joyngjr":10}},{"path":"src/main/java/support/Instructions.java","fileType":"java","lines":[{"lineNumber":1,"author":{"gitId":"joyngjr"},"content":"package support;","lastModifiedDate":"2023-01-26"},{"lineNumber":2,"author":{"gitId":"joyngjr"},"content":"","lastModifiedDate":"2023-01-26"},{"lineNumber":3,"author":{"gitId":"joyngjr"},"content":"public class Instructions {","lastModifiedDate":"2023-01-26"},{"lineNumber":4,"author":{"gitId":"joyngjr"},"content":"","lastModifiedDate":"2023-01-26"},{"lineNumber":5,"author":{"gitId":"joyngjr"},"content":"    /**","lastModifiedDate":"2023-01-26"},{"lineNumber":6,"author":{"gitId":"joyngjr"},"content":"     * Prints a user guide when requested.","lastModifiedDate":"2023-01-26"},{"lineNumber":7,"author":{"gitId":"joyngjr"},"content":"     * @return String representing user guide","lastModifiedDate":"2023-01-26"},{"lineNumber":8,"author":{"gitId":"joyngjr"},"content":"     */","lastModifiedDate":"2023-01-26"},{"lineNumber":9,"author":{"gitId":"joyngjr"},"content":"    public static String generate() {","lastModifiedDate":"2023-01-26"},{"lineNumber":10,"author":{"gitId":"joyngjr"},"content":"        return \"Here is a list of commands that you may use:\\n\"","lastModifiedDate":"2023-01-26"},{"lineNumber":11,"author":{"gitId":"joyngjr"},"content":"                + \"todo \u003ctask\u003e - creates a new task\\n\"","lastModifiedDate":"2023-01-26"},{"lineNumber":12,"author":{"gitId":"joyngjr"},"content":"                + \"deadline \u003ctask\u003e /\u003cyyyy-mm-dd\u003e - creates a task with an end date\\n\"","lastModifiedDate":"2023-01-26"},{"lineNumber":13,"author":{"gitId":"joyngjr"},"content":"                + \"event \u003ctask\u003e /\u003cyyyy-mm-dd\u003e /\u003cyyyy-mm-dd\u003e - creates a task with start and end date\\n\"","lastModifiedDate":"2023-01-26"},{"lineNumber":14,"author":{"gitId":"joyngjr"},"content":"                + \"mark/unmark \u003cint\u003e - change status of task\\n\"","lastModifiedDate":"2023-01-26"},{"lineNumber":15,"author":{"gitId":"joyngjr"},"content":"                + \"delete \u003cint\u003e - deletes a task in the list\\n\"","lastModifiedDate":"2023-01-26"},{"lineNumber":16,"author":{"gitId":"joyngjr"},"content":"                + \"find \u003cword\u003e - returns tasks in list which matches word\\n\"","lastModifiedDate":"2023-01-26"},{"lineNumber":17,"author":{"gitId":"joyngjr"},"content":"                + \"missions - prints out a todo list of existing tasks\\n\"","lastModifiedDate":"2023-01-26"},{"lineNumber":18,"author":{"gitId":"joyngjr"},"content":"                + \"help - prints out this list of commmands\\n\"","lastModifiedDate":"2023-01-26"},{"lineNumber":19,"author":{"gitId":"joyngjr"},"content":"                + \"bye - to close program\\n\";","lastModifiedDate":"2023-01-26"},{"lineNumber":20,"author":{"gitId":"joyngjr"},"content":"    }","lastModifiedDate":"2023-01-26"},{"lineNumber":21,"author":{"gitId":"joyngjr"},"content":"}","lastModifiedDate":"2023-01-26"}],"authorContributionMap":{"joyngjr":21}},{"path":"src/main/java/support/Storage.java","fileType":"java","lines":[{"lineNumber":1,"author":{"gitId":"joyngjr"},"content":"package support;","lastModifiedDate":"2023-01-25"},{"lineNumber":2,"author":{"gitId":"joyngjr"},"content":"","lastModifiedDate":"2023-01-24"},{"lineNumber":3,"author":{"gitId":"joyngjr"},"content":"import java.io.File;","lastModifiedDate":"2023-01-24"},{"lineNumber":4,"author":{"gitId":"joyngjr"},"content":"","lastModifiedDate":"2023-01-25"},{"lineNumber":5,"author":{"gitId":"joyngjr"},"content":"import java.io.FileWriter;","lastModifiedDate":"2023-01-24"},{"lineNumber":6,"author":{"gitId":"joyngjr"},"content":"","lastModifiedDate":"2023-01-25"},{"lineNumber":7,"author":{"gitId":"joyngjr"},"content":"import java.io.IOException;","lastModifiedDate":"2023-01-24"},{"lineNumber":8,"author":{"gitId":"joyngjr"},"content":"","lastModifiedDate":"2023-01-24"},{"lineNumber":9,"author":{"gitId":"joyngjr"},"content":"/**","lastModifiedDate":"2023-01-25"},{"lineNumber":10,"author":{"gitId":"joyngjr"},"content":" * Represents a database.","lastModifiedDate":"2023-01-25"},{"lineNumber":11,"author":{"gitId":"joyngjr"},"content":" */","lastModifiedDate":"2023-01-25"},{"lineNumber":12,"author":{"gitId":"joyngjr"},"content":"public class Storage {","lastModifiedDate":"2023-01-24"},{"lineNumber":13,"author":{"gitId":"joyngjr"},"content":"    private File file;","lastModifiedDate":"2023-01-24"},{"lineNumber":14,"author":{"gitId":"joyngjr"},"content":"","lastModifiedDate":"2023-01-24"},{"lineNumber":15,"author":{"gitId":"joyngjr"},"content":"    /**","lastModifiedDate":"2023-01-25"},{"lineNumber":16,"author":{"gitId":"joyngjr"},"content":"     * Creates a directory data, and file duke.txt if it does not exist.","lastModifiedDate":"2023-01-25"},{"lineNumber":17,"author":{"gitId":"joyngjr"},"content":"     */","lastModifiedDate":"2023-01-25"},{"lineNumber":18,"author":{"gitId":"joyngjr"},"content":"    public Storage() {","lastModifiedDate":"2023-01-24"},{"lineNumber":19,"author":{"gitId":"joyngjr"},"content":"        try {","lastModifiedDate":"2023-01-24"},{"lineNumber":20,"author":{"gitId":"joyngjr"},"content":"            this.file \u003d new File(\"./\" + \"data/duke.txt\");","lastModifiedDate":"2023-01-24"},{"lineNumber":21,"author":{"gitId":"joyngjr"},"content":"            file.createNewFile();","lastModifiedDate":"2023-01-24"},{"lineNumber":22,"author":{"gitId":"joyngjr"},"content":"","lastModifiedDate":"2023-01-24"},{"lineNumber":23,"author":{"gitId":"joyngjr"},"content":"        } catch (IOException e) {","lastModifiedDate":"2023-01-24"},{"lineNumber":24,"author":{"gitId":"joyngjr"},"content":"            e.getStackTrace();","lastModifiedDate":"2023-01-24"},{"lineNumber":25,"author":{"gitId":"joyngjr"},"content":"        }","lastModifiedDate":"2023-01-24"},{"lineNumber":26,"author":{"gitId":"joyngjr"},"content":"    }","lastModifiedDate":"2023-01-24"},{"lineNumber":27,"author":{"gitId":"joyngjr"},"content":"","lastModifiedDate":"2023-01-24"},{"lineNumber":28,"author":{"gitId":"joyngjr"},"content":"    /**","lastModifiedDate":"2023-01-25"},{"lineNumber":29,"author":{"gitId":"joyngjr"},"content":"     * Writes data to file after program finishes execution.","lastModifiedDate":"2023-01-25"},{"lineNumber":30,"author":{"gitId":"joyngjr"},"content":"     * @param s data to be written","lastModifiedDate":"2023-01-25"},{"lineNumber":31,"author":{"gitId":"joyngjr"},"content":"     */","lastModifiedDate":"2023-01-25"},{"lineNumber":32,"author":{"gitId":"joyngjr"},"content":"    public void update(String s) {","lastModifiedDate":"2023-01-24"},{"lineNumber":33,"author":{"gitId":"joyngjr"},"content":"        try {","lastModifiedDate":"2023-01-24"},{"lineNumber":34,"author":{"gitId":"joyngjr"},"content":"            FileWriter fw \u003d new FileWriter(this.file);","lastModifiedDate":"2023-01-24"},{"lineNumber":35,"author":{"gitId":"joyngjr"},"content":"            fw.write(s);","lastModifiedDate":"2023-01-24"},{"lineNumber":36,"author":{"gitId":"joyngjr"},"content":"            fw.close();","lastModifiedDate":"2023-01-24"},{"lineNumber":37,"author":{"gitId":"joyngjr"},"content":"        } catch (IOException e) {","lastModifiedDate":"2023-01-24"},{"lineNumber":38,"author":{"gitId":"joyngjr"},"content":"            e.getStackTrace();","lastModifiedDate":"2023-01-24"},{"lineNumber":39,"author":{"gitId":"joyngjr"},"content":"        }","lastModifiedDate":"2023-01-24"},{"lineNumber":40,"author":{"gitId":"joyngjr"},"content":"    }","lastModifiedDate":"2023-01-24"},{"lineNumber":41,"author":{"gitId":"joyngjr"},"content":"}","lastModifiedDate":"2023-01-24"}],"authorContributionMap":{"joyngjr":41}},{"path":"src/main/java/task/Deadline.java","fileType":"java","lines":[{"lineNumber":1,"author":{"gitId":"joyngjr"},"content":"package task;","lastModifiedDate":"2023-01-25"},{"lineNumber":2,"author":{"gitId":"joyngjr"},"content":"","lastModifiedDate":"2023-01-24"},{"lineNumber":3,"author":{"gitId":"joyngjr"},"content":"import java.time.LocalDate;","lastModifiedDate":"2023-01-23"},{"lineNumber":4,"author":{"gitId":"joyngjr"},"content":"public class Deadline extends Task {","lastModifiedDate":"2023-01-16"},{"lineNumber":5,"author":{"gitId":"joyngjr"},"content":"    private LocalDate date;","lastModifiedDate":"2023-01-23"},{"lineNumber":6,"author":{"gitId":"joyngjr"},"content":"","lastModifiedDate":"2023-01-16"},{"lineNumber":7,"author":{"gitId":"joyngjr"},"content":"    public Deadline(String instruction, String date) {","lastModifiedDate":"2023-01-16"},{"lineNumber":8,"author":{"gitId":"joyngjr"},"content":"        super(instruction.substring(9));","lastModifiedDate":"2023-01-17"},{"lineNumber":9,"author":{"gitId":"joyngjr"},"content":"        this.date \u003d LocalDate.parse(date);","lastModifiedDate":"2023-01-23"},{"lineNumber":10,"author":{"gitId":"joyngjr"},"content":"    }","lastModifiedDate":"2023-01-16"},{"lineNumber":11,"author":{"gitId":"joyngjr"},"content":"","lastModifiedDate":"2023-01-16"},{"lineNumber":12,"author":{"gitId":"joyngjr"},"content":"    @Override","lastModifiedDate":"2023-01-16"},{"lineNumber":13,"author":{"gitId":"joyngjr"},"content":"    public String toString() {","lastModifiedDate":"2023-01-16"},{"lineNumber":14,"author":{"gitId":"joyngjr"},"content":"        return \"[D]\" + super.toString() + \" (by: \" + this.date.getMonth() + \" \"","lastModifiedDate":"2023-01-23"},{"lineNumber":15,"author":{"gitId":"joyngjr"},"content":"                + this.date.getDayOfMonth() + \", \" + this.date.getYear() + \")\";","lastModifiedDate":"2023-01-23"},{"lineNumber":16,"author":{"gitId":"joyngjr"},"content":"    }","lastModifiedDate":"2023-01-16"},{"lineNumber":17,"author":{"gitId":"joyngjr"},"content":"}","lastModifiedDate":"2023-01-16"}],"authorContributionMap":{"joyngjr":17}},{"path":"src/main/java/task/Event.java","fileType":"java","lines":[{"lineNumber":1,"author":{"gitId":"joyngjr"},"content":"package task;","lastModifiedDate":"2023-01-25"},{"lineNumber":2,"author":{"gitId":"joyngjr"},"content":"","lastModifiedDate":"2023-01-24"},{"lineNumber":3,"author":{"gitId":"joyngjr"},"content":"import java.time.LocalDate;","lastModifiedDate":"2023-01-23"},{"lineNumber":4,"author":{"gitId":"joyngjr"},"content":"public class Event extends Task {","lastModifiedDate":"2023-01-16"},{"lineNumber":5,"author":{"gitId":"joyngjr"},"content":"    private LocalDate start;","lastModifiedDate":"2023-01-23"},{"lineNumber":6,"author":{"gitId":"joyngjr"},"content":"    private LocalDate end;","lastModifiedDate":"2023-01-23"},{"lineNumber":7,"author":{"gitId":"joyngjr"},"content":"","lastModifiedDate":"2023-01-16"},{"lineNumber":8,"author":{"gitId":"joyngjr"},"content":"    public Event(String instruction, String start, String end) {","lastModifiedDate":"2023-01-17"},{"lineNumber":9,"author":{"gitId":"joyngjr"},"content":"        super(instruction.substring(6));","lastModifiedDate":"2023-01-25"},{"lineNumber":10,"author":{"gitId":"joyngjr"},"content":"        this.start \u003d LocalDate.parse(start.trim());","lastModifiedDate":"2023-01-23"},{"lineNumber":11,"author":{"gitId":"joyngjr"},"content":"        this.end \u003d LocalDate.parse(end);","lastModifiedDate":"2023-01-23"},{"lineNumber":12,"author":{"gitId":"joyngjr"},"content":"    }","lastModifiedDate":"2023-01-16"},{"lineNumber":13,"author":{"gitId":"joyngjr"},"content":"","lastModifiedDate":"2023-01-16"},{"lineNumber":14,"author":{"gitId":"joyngjr"},"content":"    @Override","lastModifiedDate":"2023-01-16"},{"lineNumber":15,"author":{"gitId":"joyngjr"},"content":"    public String toString() {","lastModifiedDate":"2023-01-16"},{"lineNumber":16,"author":{"gitId":"joyngjr"},"content":"        return \"[E]\" + super.toString() +","lastModifiedDate":"2023-01-23"},{"lineNumber":17,"author":{"gitId":"joyngjr"},"content":"                \" (from: \" + this.start.getMonth() + \" \" + this.start.getDayOfMonth() + \", \" + this.start.getYear() +","lastModifiedDate":"2023-01-23"},{"lineNumber":18,"author":{"gitId":"joyngjr"},"content":"                \" to: \" + this.end.getMonth() + \" \" + this.end.getDayOfMonth() + \", \" + this.end.getYear() + \")\";","lastModifiedDate":"2023-01-23"},{"lineNumber":19,"author":{"gitId":"joyngjr"},"content":"    }","lastModifiedDate":"2023-01-16"},{"lineNumber":20,"author":{"gitId":"joyngjr"},"content":"}","lastModifiedDate":"2023-01-16"}],"authorContributionMap":{"joyngjr":20}},{"path":"src/main/java/task/Task.java","fileType":"java","lines":[{"lineNumber":1,"author":{"gitId":"joyngjr"},"content":"package task;","lastModifiedDate":"2023-01-25"},{"lineNumber":2,"author":{"gitId":"joyngjr"},"content":"","lastModifiedDate":"2023-01-24"},{"lineNumber":3,"author":{"gitId":"joyngjr"},"content":"/**","lastModifiedDate":"2023-01-25"},{"lineNumber":4,"author":{"gitId":"joyngjr"},"content":" * Represents an entry in the to-do list","lastModifiedDate":"2023-01-25"},{"lineNumber":5,"author":{"gitId":"joyngjr"},"content":" */","lastModifiedDate":"2023-01-25"},{"lineNumber":6,"author":{"gitId":"joyngjr"},"content":"public class Task {","lastModifiedDate":"2023-01-16"},{"lineNumber":7,"author":{"gitId":"joyngjr"},"content":"    private String instruction;","lastModifiedDate":"2023-01-25"},{"lineNumber":8,"author":{"gitId":"joyngjr"},"content":"    private boolean status;","lastModifiedDate":"2023-01-16"},{"lineNumber":9,"author":{"gitId":"joyngjr"},"content":"","lastModifiedDate":"2023-01-16"},{"lineNumber":10,"author":{"gitId":"joyngjr"},"content":"    public Task(String instruction) {","lastModifiedDate":"2023-01-16"},{"lineNumber":11,"author":{"gitId":"joyngjr"},"content":"        this.instruction \u003d instruction;","lastModifiedDate":"2023-01-16"},{"lineNumber":12,"author":{"gitId":"joyngjr"},"content":"        this.status \u003d false;","lastModifiedDate":"2023-01-16"},{"lineNumber":13,"author":{"gitId":"joyngjr"},"content":"    }","lastModifiedDate":"2023-01-16"},{"lineNumber":14,"author":{"gitId":"joyngjr"},"content":"","lastModifiedDate":"2023-01-16"},{"lineNumber":15,"author":{"gitId":"joyngjr"},"content":"    /**","lastModifiedDate":"2023-01-25"},{"lineNumber":16,"author":{"gitId":"joyngjr"},"content":"     * Marks entry as completed and prompts user if action is redundant.","lastModifiedDate":"2023-01-25"},{"lineNumber":17,"author":{"gitId":"joyngjr"},"content":"     */","lastModifiedDate":"2023-01-25"},{"lineNumber":18,"author":{"gitId":"joyngjr"},"content":"    public void setComplete() {","lastModifiedDate":"2023-01-25"},{"lineNumber":19,"author":{"gitId":"joyngjr"},"content":"","lastModifiedDate":"2023-01-25"},{"lineNumber":20,"author":{"gitId":"joyngjr"},"content":"        if (this.status) {","lastModifiedDate":"2023-01-17"},{"lineNumber":21,"author":{"gitId":"joyngjr"},"content":"            System.out.println(\"Mission is already completed.\");","lastModifiedDate":"2023-01-17"},{"lineNumber":22,"author":{"gitId":"joyngjr"},"content":"            return;","lastModifiedDate":"2023-01-17"},{"lineNumber":23,"author":{"gitId":"joyngjr"},"content":"        }","lastModifiedDate":"2023-01-17"},{"lineNumber":24,"author":{"gitId":"joyngjr"},"content":"        this.status \u003d true;","lastModifiedDate":"2023-01-16"},{"lineNumber":25,"author":{"gitId":"joyngjr"},"content":"        System.out.println(\"Mission Completed!\\n\" + this);","lastModifiedDate":"2023-01-16"},{"lineNumber":26,"author":{"gitId":"joyngjr"},"content":"    }","lastModifiedDate":"2023-01-16"},{"lineNumber":27,"author":{"gitId":"joyngjr"},"content":"","lastModifiedDate":"2023-01-16"},{"lineNumber":28,"author":{"gitId":"joyngjr"},"content":"","lastModifiedDate":"2023-01-25"},{"lineNumber":29,"author":{"gitId":"joyngjr"},"content":"    /**","lastModifiedDate":"2023-01-25"},{"lineNumber":30,"author":{"gitId":"joyngjr"},"content":"     * Marks entry as incomplete and prompts user if action is redundant.","lastModifiedDate":"2023-01-25"},{"lineNumber":31,"author":{"gitId":"joyngjr"},"content":"     */","lastModifiedDate":"2023-01-25"},{"lineNumber":32,"author":{"gitId":"joyngjr"},"content":"    public void setIncomplete() {","lastModifiedDate":"2023-01-25"},{"lineNumber":33,"author":{"gitId":"joyngjr"},"content":"        if (!this.status) {","lastModifiedDate":"2023-01-17"},{"lineNumber":34,"author":{"gitId":"joyngjr"},"content":"            System.out.println(\"Mission is originally incomplete.\");","lastModifiedDate":"2023-01-24"},{"lineNumber":35,"author":{"gitId":"joyngjr"},"content":"            return;","lastModifiedDate":"2023-01-24"},{"lineNumber":36,"author":{"gitId":"joyngjr"},"content":"        }","lastModifiedDate":"2023-01-17"},{"lineNumber":37,"author":{"gitId":"joyngjr"},"content":"        this.status \u003d false;","lastModifiedDate":"2023-01-16"},{"lineNumber":38,"author":{"gitId":"joyngjr"},"content":"        System.out.println(\"Mission Re-initialised\\n\" + this);","lastModifiedDate":"2023-01-16"},{"lineNumber":39,"author":{"gitId":"joyngjr"},"content":"    }","lastModifiedDate":"2023-01-16"},{"lineNumber":40,"author":{"gitId":"joyngjr"},"content":"","lastModifiedDate":"2023-01-16"},{"lineNumber":41,"author":{"gitId":"joyngjr"},"content":"    /**","lastModifiedDate":"2023-01-25"},{"lineNumber":42,"author":{"gitId":"joyngjr"},"content":"     * Checks if the current task matches the user\u0027s request","lastModifiedDate":"2023-01-25"},{"lineNumber":43,"author":{"gitId":"joyngjr"},"content":"     * @param s keyword searching for","lastModifiedDate":"2023-01-25"},{"lineNumber":44,"author":{"gitId":"joyngjr"},"content":"     * @return boolean value indicating if this task should be printed","lastModifiedDate":"2023-01-25"},{"lineNumber":45,"author":{"gitId":"joyngjr"},"content":"     */","lastModifiedDate":"2023-01-25"},{"lineNumber":46,"author":{"gitId":"joyngjr"},"content":"    public boolean contains(String s) {","lastModifiedDate":"2023-01-25"},{"lineNumber":47,"author":{"gitId":"joyngjr"},"content":"        return instruction.contains(s);","lastModifiedDate":"2023-01-25"},{"lineNumber":48,"author":{"gitId":"joyngjr"},"content":"    }","lastModifiedDate":"2023-01-25"},{"lineNumber":49,"author":{"gitId":"joyngjr"},"content":"    @Override","lastModifiedDate":"2023-01-16"},{"lineNumber":50,"author":{"gitId":"joyngjr"},"content":"    public String toString() {","lastModifiedDate":"2023-01-16"},{"lineNumber":51,"author":{"gitId":"joyngjr"},"content":"        if (status) {","lastModifiedDate":"2023-01-16"},{"lineNumber":52,"author":{"gitId":"joyngjr"},"content":"            return \"[X] \" + instruction;","lastModifiedDate":"2023-01-16"},{"lineNumber":53,"author":{"gitId":"joyngjr"},"content":"        }","lastModifiedDate":"2023-01-16"},{"lineNumber":54,"author":{"gitId":"joyngjr"},"content":"        return \"[ ] \" + instruction;","lastModifiedDate":"2023-01-16"},{"lineNumber":55,"author":{"gitId":"joyngjr"},"content":"    }","lastModifiedDate":"2023-01-16"},{"lineNumber":56,"author":{"gitId":"joyngjr"},"content":"}","lastModifiedDate":"2023-01-16"}],"authorContributionMap":{"joyngjr":56}},{"path":"src/main/java/task/TaskList.java","fileType":"java","lines":[{"lineNumber":1,"author":{"gitId":"joyngjr"},"content":"package task;","lastModifiedDate":"2023-01-25"},{"lineNumber":2,"author":{"gitId":"joyngjr"},"content":"","lastModifiedDate":"2023-01-24"},{"lineNumber":3,"author":{"gitId":"joyngjr"},"content":"import java.util.ArrayList;","lastModifiedDate":"2023-01-24"},{"lineNumber":4,"author":{"gitId":"joyngjr"},"content":"","lastModifiedDate":"2023-01-24"},{"lineNumber":5,"author":{"gitId":"joyngjr"},"content":"/**","lastModifiedDate":"2023-01-25"},{"lineNumber":6,"author":{"gitId":"joyngjr"},"content":" * Abstraction for data structure and operations used to maintain to do list.","lastModifiedDate":"2023-01-25"},{"lineNumber":7,"author":{"gitId":"joyngjr"},"content":" */","lastModifiedDate":"2023-01-25"},{"lineNumber":8,"author":{"gitId":"joyngjr"},"content":"public class TaskList {","lastModifiedDate":"2023-01-24"},{"lineNumber":9,"author":{"gitId":"joyngjr"},"content":"    private ArrayList\u003cTask\u003e records \u003d new ArrayList\u003c\u003e();","lastModifiedDate":"2023-01-25"},{"lineNumber":10,"author":{"gitId":"joyngjr"},"content":"","lastModifiedDate":"2023-01-24"},{"lineNumber":11,"author":{"gitId":"joyngjr"},"content":"    // default constructor","lastModifiedDate":"2023-01-24"},{"lineNumber":12,"author":{"gitId":"joyngjr"},"content":"    public void add(Task task) {","lastModifiedDate":"2023-01-24"},{"lineNumber":13,"author":{"gitId":"joyngjr"},"content":"        records.add(task);","lastModifiedDate":"2023-01-24"},{"lineNumber":14,"author":{"gitId":"joyngjr"},"content":"        System.out.println(\"B: \" + task.toString() + \"has been added\");","lastModifiedDate":"2023-01-26"},{"lineNumber":15,"author":{"gitId":"joyngjr"},"content":"    }","lastModifiedDate":"2023-01-24"},{"lineNumber":16,"author":{"gitId":"joyngjr"},"content":"","lastModifiedDate":"2023-01-24"},{"lineNumber":17,"author":{"gitId":"joyngjr"},"content":"    public void delete(int x) {","lastModifiedDate":"2023-01-24"},{"lineNumber":18,"author":{"gitId":"joyngjr"},"content":"        Task temp \u003d records.remove(x-1);","lastModifiedDate":"2023-01-26"},{"lineNumber":19,"author":{"gitId":"joyngjr"},"content":"        System.out.println(\"B: \" + temp.toString() + \"has been removed\");","lastModifiedDate":"2023-01-26"},{"lineNumber":20,"author":{"gitId":"joyngjr"},"content":"    }","lastModifiedDate":"2023-01-24"},{"lineNumber":21,"author":{"gitId":"joyngjr"},"content":"","lastModifiedDate":"2023-01-24"},{"lineNumber":22,"author":{"gitId":"joyngjr"},"content":"    public String print() {","lastModifiedDate":"2023-01-24"},{"lineNumber":23,"author":{"gitId":"joyngjr"},"content":"        String s \u003d \"\";","lastModifiedDate":"2023-01-24"},{"lineNumber":24,"author":{"gitId":"joyngjr"},"content":"        int n \u003d this.records.size();","lastModifiedDate":"2023-01-24"},{"lineNumber":25,"author":{"gitId":"joyngjr"},"content":"","lastModifiedDate":"2023-01-24"},{"lineNumber":26,"author":{"gitId":"joyngjr"},"content":"        if (n \u003d\u003d 0) {","lastModifiedDate":"2023-01-26"},{"lineNumber":27,"author":{"gitId":"joyngjr"},"content":"            return \"B: There are no missions!\";","lastModifiedDate":"2023-01-26"},{"lineNumber":28,"author":{"gitId":"joyngjr"},"content":"        }","lastModifiedDate":"2023-01-26"},{"lineNumber":29,"author":{"gitId":"joyngjr"},"content":"","lastModifiedDate":"2023-01-26"},{"lineNumber":30,"author":{"gitId":"joyngjr"},"content":"        for (int i \u003d 0; i \u003c n; i++) {","lastModifiedDate":"2023-01-24"},{"lineNumber":31,"author":{"gitId":"joyngjr"},"content":"            if (i !\u003d n - 1) {","lastModifiedDate":"2023-01-24"},{"lineNumber":32,"author":{"gitId":"joyngjr"},"content":"                s \u003d s + (i + 1) + \". \" + records.get(i).toString() + \"\\n\";","lastModifiedDate":"2023-01-24"},{"lineNumber":33,"author":{"gitId":"joyngjr"},"content":"            } else {","lastModifiedDate":"2023-01-24"},{"lineNumber":34,"author":{"gitId":"joyngjr"},"content":"                s \u003d s + (i + 1) + \". \" + records.get(i).toString();","lastModifiedDate":"2023-01-24"},{"lineNumber":35,"author":{"gitId":"joyngjr"},"content":"            }","lastModifiedDate":"2023-01-24"},{"lineNumber":36,"author":{"gitId":"joyngjr"},"content":"        }","lastModifiedDate":"2023-01-24"},{"lineNumber":37,"author":{"gitId":"joyngjr"},"content":"","lastModifiedDate":"2023-01-24"},{"lineNumber":38,"author":{"gitId":"joyngjr"},"content":"        return s;","lastModifiedDate":"2023-01-24"},{"lineNumber":39,"author":{"gitId":"joyngjr"},"content":"    }","lastModifiedDate":"2023-01-24"},{"lineNumber":40,"author":{"gitId":"joyngjr"},"content":"","lastModifiedDate":"2023-01-24"},{"lineNumber":41,"author":{"gitId":"joyngjr"},"content":"    public void mark(int x) {","lastModifiedDate":"2023-01-24"},{"lineNumber":42,"author":{"gitId":"joyngjr"},"content":"        records.get(x-1).setComplete();","lastModifiedDate":"2023-01-25"},{"lineNumber":43,"author":{"gitId":"joyngjr"},"content":"    }","lastModifiedDate":"2023-01-24"},{"lineNumber":44,"author":{"gitId":"joyngjr"},"content":"","lastModifiedDate":"2023-01-24"},{"lineNumber":45,"author":{"gitId":"joyngjr"},"content":"    public void unmark(int x) {","lastModifiedDate":"2023-01-24"},{"lineNumber":46,"author":{"gitId":"joyngjr"},"content":"        records.get(x-1).setIncomplete();","lastModifiedDate":"2023-01-25"},{"lineNumber":47,"author":{"gitId":"joyngjr"},"content":"    }","lastModifiedDate":"2023-01-24"},{"lineNumber":48,"author":{"gitId":"joyngjr"},"content":"","lastModifiedDate":"2023-01-24"},{"lineNumber":49,"author":{"gitId":"joyngjr"},"content":"    public int size() {","lastModifiedDate":"2023-01-24"},{"lineNumber":50,"author":{"gitId":"joyngjr"},"content":"        return this.records.size();","lastModifiedDate":"2023-01-24"},{"lineNumber":51,"author":{"gitId":"joyngjr"},"content":"    }","lastModifiedDate":"2023-01-24"},{"lineNumber":52,"author":{"gitId":"joyngjr"},"content":"","lastModifiedDate":"2023-01-25"},{"lineNumber":53,"author":{"gitId":"joyngjr"},"content":"    /**","lastModifiedDate":"2023-01-25"},{"lineNumber":54,"author":{"gitId":"joyngjr"},"content":"     * Finds and prints out missions that contain the keyword specified by user.","lastModifiedDate":"2023-01-25"},{"lineNumber":55,"author":{"gitId":"joyngjr"},"content":"     * @param s keyword that user inputs","lastModifiedDate":"2023-01-25"},{"lineNumber":56,"author":{"gitId":"joyngjr"},"content":"     */","lastModifiedDate":"2023-01-25"},{"lineNumber":57,"author":{"gitId":"joyngjr"},"content":"    public void find(String s) {","lastModifiedDate":"2023-01-25"},{"lineNumber":58,"author":{"gitId":"joyngjr"},"content":"        System.out.println(\"B: \" + \"These are what I found:\");","lastModifiedDate":"2023-01-26"},{"lineNumber":59,"author":{"gitId":"joyngjr"},"content":"","lastModifiedDate":"2023-01-25"},{"lineNumber":60,"author":{"gitId":"joyngjr"},"content":"        int x \u003d 1;","lastModifiedDate":"2023-01-25"},{"lineNumber":61,"author":{"gitId":"joyngjr"},"content":"        int n \u003d this.records.size();","lastModifiedDate":"2023-01-25"},{"lineNumber":62,"author":{"gitId":"joyngjr"},"content":"","lastModifiedDate":"2023-01-25"},{"lineNumber":63,"author":{"gitId":"joyngjr"},"content":"        for (int i \u003d 0; i \u003c n; i++) {","lastModifiedDate":"2023-01-25"},{"lineNumber":64,"author":{"gitId":"joyngjr"},"content":"            if (this.records.get(i).contains(s)) {","lastModifiedDate":"2023-01-25"},{"lineNumber":65,"author":{"gitId":"joyngjr"},"content":"                System.out.println(x + \". \" + this.records.get(i).toString());","lastModifiedDate":"2023-01-25"},{"lineNumber":66,"author":{"gitId":"joyngjr"},"content":"                x++;","lastModifiedDate":"2023-01-25"},{"lineNumber":67,"author":{"gitId":"joyngjr"},"content":"            }","lastModifiedDate":"2023-01-25"},{"lineNumber":68,"author":{"gitId":"joyngjr"},"content":"        }","lastModifiedDate":"2023-01-25"},{"lineNumber":69,"author":{"gitId":"joyngjr"},"content":"","lastModifiedDate":"2023-01-25"},{"lineNumber":70,"author":{"gitId":"joyngjr"},"content":"        if (x \u003d\u003d 1) {","lastModifiedDate":"2023-01-25"},{"lineNumber":71,"author":{"gitId":"joyngjr"},"content":"            System.out.println(\"B: \" + \"No missions contain this keyword.\");","lastModifiedDate":"2023-01-26"},{"lineNumber":72,"author":{"gitId":"joyngjr"},"content":"        }","lastModifiedDate":"2023-01-25"},{"lineNumber":73,"author":{"gitId":"joyngjr"},"content":"    }","lastModifiedDate":"2023-01-25"},{"lineNumber":74,"author":{"gitId":"joyngjr"},"content":"}","lastModifiedDate":"2023-01-24"}],"authorContributionMap":{"joyngjr":74}},{"path":"src/main/java/task/Todo.java","fileType":"java","lines":[{"lineNumber":1,"author":{"gitId":"joyngjr"},"content":"package task;","lastModifiedDate":"2023-01-25"},{"lineNumber":2,"author":{"gitId":"joyngjr"},"content":"","lastModifiedDate":"2023-01-24"},{"lineNumber":3,"author":{"gitId":"joyngjr"},"content":"public class Todo extends Task {","lastModifiedDate":"2023-01-16"},{"lineNumber":4,"author":{"gitId":"joyngjr"},"content":"","lastModifiedDate":"2023-01-16"},{"lineNumber":5,"author":{"gitId":"joyngjr"},"content":"    public Todo(String instruction) {","lastModifiedDate":"2023-01-16"},{"lineNumber":6,"author":{"gitId":"joyngjr"},"content":"        super(instruction);","lastModifiedDate":"2023-01-16"},{"lineNumber":7,"author":{"gitId":"joyngjr"},"content":"    }","lastModifiedDate":"2023-01-16"},{"lineNumber":8,"author":{"gitId":"joyngjr"},"content":"","lastModifiedDate":"2023-01-16"},{"lineNumber":9,"author":{"gitId":"joyngjr"},"content":"    @Override","lastModifiedDate":"2023-01-16"},{"lineNumber":10,"author":{"gitId":"joyngjr"},"content":"    public String toString() {","lastModifiedDate":"2023-01-16"},{"lineNumber":11,"author":{"gitId":"joyngjr"},"content":"        return \"[T]\" + super.toString();","lastModifiedDate":"2023-01-16"},{"lineNumber":12,"author":{"gitId":"joyngjr"},"content":"    }","lastModifiedDate":"2023-01-16"},{"lineNumber":13,"author":{"gitId":"joyngjr"},"content":"}","lastModifiedDate":"2023-01-16"}],"authorContributionMap":{"joyngjr":13}},{"path":"src/test/java/task/DeadlineTest.java","fileType":"java","lines":[{"lineNumber":1,"author":{"gitId":"joyngjr"},"content":"package task;","lastModifiedDate":"2023-01-25"},{"lineNumber":2,"author":{"gitId":"joyngjr"},"content":"","lastModifiedDate":"2023-01-25"},{"lineNumber":3,"author":{"gitId":"joyngjr"},"content":"import org.junit.jupiter.api.Test;","lastModifiedDate":"2023-01-25"},{"lineNumber":4,"author":{"gitId":"joyngjr"},"content":"import task.Deadline;","lastModifiedDate":"2023-01-25"},{"lineNumber":5,"author":{"gitId":"joyngjr"},"content":"","lastModifiedDate":"2023-01-25"},{"lineNumber":6,"author":{"gitId":"joyngjr"},"content":"import static org.junit.jupiter.api.Assertions.assertEquals;","lastModifiedDate":"2023-01-25"},{"lineNumber":7,"author":{"gitId":"joyngjr"},"content":"","lastModifiedDate":"2023-01-25"},{"lineNumber":8,"author":{"gitId":"joyngjr"},"content":"public class DeadlineTest {","lastModifiedDate":"2023-01-25"},{"lineNumber":9,"author":{"gitId":"joyngjr"},"content":"    @Test","lastModifiedDate":"2023-01-25"},{"lineNumber":10,"author":{"gitId":"joyngjr"},"content":"    public void toString_task_string() {","lastModifiedDate":"2023-01-25"},{"lineNumber":11,"author":{"gitId":"joyngjr"},"content":"        assertEquals(\"[D][ ] assignment (by: JULY 17, 2022)\",","lastModifiedDate":"2023-01-25"},{"lineNumber":12,"author":{"gitId":"joyngjr"},"content":"                new Deadline(\"deadline assignment\", \"2022-07-17\").toString());","lastModifiedDate":"2023-01-25"},{"lineNumber":13,"author":{"gitId":"joyngjr"},"content":"    }","lastModifiedDate":"2023-01-25"},{"lineNumber":14,"author":{"gitId":"joyngjr"},"content":"}","lastModifiedDate":"2023-01-25"}],"authorContributionMap":{"joyngjr":14}},{"path":"src/test/java/task/EventTest.java","fileType":"java","lines":[{"lineNumber":1,"author":{"gitId":"joyngjr"},"content":"package task;","lastModifiedDate":"2023-01-25"},{"lineNumber":2,"author":{"gitId":"joyngjr"},"content":"","lastModifiedDate":"2023-01-25"},{"lineNumber":3,"author":{"gitId":"joyngjr"},"content":"import org.junit.jupiter.api.Test;","lastModifiedDate":"2023-01-25"},{"lineNumber":4,"author":{"gitId":"joyngjr"},"content":"import task.Event;","lastModifiedDate":"2023-01-25"},{"lineNumber":5,"author":{"gitId":"joyngjr"},"content":"","lastModifiedDate":"2023-01-25"},{"lineNumber":6,"author":{"gitId":"joyngjr"},"content":"import static org.junit.jupiter.api.Assertions.assertEquals;","lastModifiedDate":"2023-01-25"},{"lineNumber":7,"author":{"gitId":"joyngjr"},"content":"","lastModifiedDate":"2023-01-25"},{"lineNumber":8,"author":{"gitId":"joyngjr"},"content":"public class EventTest {","lastModifiedDate":"2023-01-25"},{"lineNumber":9,"author":{"gitId":"joyngjr"},"content":"    @Test","lastModifiedDate":"2023-01-25"},{"lineNumber":10,"author":{"gitId":"joyngjr"},"content":"    public void toString_task_string() {","lastModifiedDate":"2023-01-25"},{"lineNumber":11,"author":{"gitId":"joyngjr"},"content":"        assertEquals(\"[E][ ] christmas (from: DECEMBER 24, 2022 to: DECEMBER 25, 2022)\",","lastModifiedDate":"2023-01-25"},{"lineNumber":12,"author":{"gitId":"joyngjr"},"content":"                new Event(\"event christmas\", \"2022-12-24\", \"2022-12-25\").toString());","lastModifiedDate":"2023-01-25"},{"lineNumber":13,"author":{"gitId":"joyngjr"},"content":"    }","lastModifiedDate":"2023-01-25"},{"lineNumber":14,"author":{"gitId":"joyngjr"},"content":"}","lastModifiedDate":"2023-01-25"}],"authorContributionMap":{"joyngjr":14}},{"path":"src/test/java/task/TodoTest.java","fileType":"java","lines":[{"lineNumber":1,"author":{"gitId":"joyngjr"},"content":"package task;","lastModifiedDate":"2023-01-25"},{"lineNumber":2,"author":{"gitId":"joyngjr"},"content":"","lastModifiedDate":"2023-01-25"},{"lineNumber":3,"author":{"gitId":"joyngjr"},"content":"import org.junit.jupiter.api.Test;","lastModifiedDate":"2023-01-25"},{"lineNumber":4,"author":{"gitId":"joyngjr"},"content":"","lastModifiedDate":"2023-01-25"},{"lineNumber":5,"author":{"gitId":"joyngjr"},"content":"import static org.junit.jupiter.api.Assertions.assertEquals;","lastModifiedDate":"2023-01-25"},{"lineNumber":6,"author":{"gitId":"joyngjr"},"content":"","lastModifiedDate":"2023-01-25"},{"lineNumber":7,"author":{"gitId":"joyngjr"},"content":"public class TodoTest {","lastModifiedDate":"2023-01-25"},{"lineNumber":8,"author":{"gitId":"joyngjr"},"content":"    @Test","lastModifiedDate":"2023-01-25"},{"lineNumber":9,"author":{"gitId":"joyngjr"},"content":"    public void toString_task_string() {","lastModifiedDate":"2023-01-25"},{"lineNumber":10,"author":{"gitId":"joyngjr"},"content":"        assertEquals(\"[T][ ] get book from library\", new Todo(\"get book from library\").toString());","lastModifiedDate":"2023-01-25"},{"lineNumber":11,"author":{"gitId":"joyngjr"},"content":"    }","lastModifiedDate":"2023-01-25"},{"lineNumber":12,"author":{"gitId":"joyngjr"},"content":"","lastModifiedDate":"2023-01-25"},{"lineNumber":13,"author":{"gitId":"joyngjr"},"content":"}","lastModifiedDate":"2023-01-25"}],"authorContributionMap":{"joyngjr":13}},{"path":"text-ui-test/input.txt","fileType":"txt","lines":[{"lineNumber":1,"author":{"gitId":"joyngjr"},"content":"todo borrow book","lastModifiedDate":"2023-01-17"},{"lineNumber":2,"author":{"gitId":"joyngjr"},"content":"missions","lastModifiedDate":"2023-01-17"},{"lineNumber":3,"author":{"gitId":"joyngjr"},"content":"deadline return book /by Sunday","lastModifiedDate":"2023-01-17"},{"lineNumber":4,"author":{"gitId":"joyngjr"},"content":"event project meeting /from Mon 2pm /to 4pm","lastModifiedDate":"2023-01-17"},{"lineNumber":5,"author":{"gitId":"joyngjr"},"content":"deadline do homework /by no idea :-p","lastModifiedDate":"2023-01-17"},{"lineNumber":6,"author":{"gitId":"joyngjr"},"content":"bye","lastModifiedDate":"2023-01-17"}],"authorContributionMap":{"joyngjr":6}}]
