{"authorDailyContributionsMap":{"joyngjr":[{"date":"2023-01-16","commitResults":[{"hash":"5a78b68740b056c8d4ee142d30e592a1f2e8bcb9","messageTitle":"Edit Duke.java","messageBody":"","tags":["Level-1"],"fileTypesAndContributionMap":{"java":{"insertions":12,"deletions":6}}},{"hash":"56baca829ad57721803b906f97a54e6418cc2507","messageTitle":"Add records tracker","messageBody":"","tags":["Level-2"],"fileTypesAndContributionMap":{"java":{"insertions":11,"deletions":1}}},{"hash":"f11dc379f66177688128353b71172fdf5ffe6068","messageTitle":"Add Task.java","messageBody":"","tags":["Level-3"],"fileTypesAndContributionMap":{"java":{"insertions":59,"deletions":14}}},{"hash":"9d9c03c821c50d87934ab5495de8a5603a1bd008","messageTitle":"Add Deadline.java, Event.java, Todo.java","messageBody":"","tags":["Level-4"],"fileTypesAndContributionMap":{"java":{"insertions":68,"deletions":3}}}]},{"date":"2023-01-17","commitResults":[{"hash":"6fc20f22f6ccbb99d53f23eb5a8b74237dd461e7","messageTitle":"Add testing files","messageBody":"","tags":["A-TextUiTesting"],"fileTypesAndContributionMap":{"txt":{"insertions":6,"deletions":0},"java":{"insertions":3,"deletions":3}}},{"hash":"4b3959f25eb58ede600aaa2093e109f89ffae2d6","messageTitle":"Add exception handling","messageBody":"","tags":["Level-5"],"fileTypesAndContributionMap":{"java":{"insertions":80,"deletions":53}}},{"hash":"365c0c5d1f5de2c6df0f09cfacc86e33cc570d8c","messageTitle":"Support deletion","messageBody":"","tags":["Level-6"],"fileTypesAndContributionMap":{"java":{"insertions":22,"deletions":11}}},{"hash":"c0bc3678e31fb21f298a4184811ecbbe7b834fdf","messageTitle":"Add Commands.java","messageBody":"","tags":["A-Enums"],"fileTypesAndContributionMap":{"java":{"insertions":16,"deletions":10}}}]},{"date":"2023-01-23","commitResults":[{"hash":"42733b8616d8da3eb5bbde08f087a68c5cc71c2d","messageTitle":"Add data/duke.txt","messageBody":"","tags":["Level-7"],"fileTypesAndContributionMap":{"txt":{"insertions":2,"deletions":0},"java":{"insertions":39,"deletions":3}}},{"hash":"5c90a8d25310de27e2bac9e00433fb792759066f","messageTitle":"Change String to LocalDate","messageBody":"","tags":["Level-8"],"fileTypesAndContributionMap":{"java":{"insertions":14,"deletions":8}}}]},{"date":"2023-01-24","commitResults":[{"hash":"1eb48b36dea9a772ad9dd02126e068c8a463ed79","messageTitle":"Add more classes for OOP","messageBody":"","tags":["A-MoreOOP"],"fileTypesAndContributionMap":{"txt":{"insertions":2,"deletions":2},"java":{"insertions":172,"deletions":132}}},{"hash":"5eb234f561ac2bd97dc26c916ed98fb26a9d20a5","messageTitle":"Move to package duke","messageBody":"","tags":["A-Packages"],"fileTypesAndContributionMap":{"txt":{"insertions":1,"deletions":2},"java":{"insertions":22,"deletions":0}}},{"hash":"9f18ad7ed79815e50c80e1587d7cc34bc462982a","messageTitle":"Edit gradle set-up","messageBody":"","tags":["A-Gradle"],"fileTypesAndContributionMap":{"gradle":{"insertions":16,"deletions":0}}}]},{"date":"2023-01-25","commitResults":[{"hash":"b1fa658fe65d015affecfaf3931dfc26533fe222","messageTitle":"Add JUnit tests","messageBody":"","tags":["A-Jar","A-JUnit"],"fileTypesAndContributionMap":{"txt":{"insertions":0,"deletions":1},"java":{"insertions":66,"deletions":11}}},{"hash":"d4990cb4624bba61c404eda8a22dd9bddc786813","messageTitle":"Add javadoc for classes and methods","messageBody":"","tags":["A-JavaDoc"],"fileTypesAndContributionMap":{"java":{"insertions":56,"deletions":2}}},{"hash":"c576b0087801ebde81e5056ee8864e41831a0b19","messageTitle":"Modify files to follow coding standards","messageBody":"","tags":["A-CodingStandard"],"fileTypesAndContributionMap":{"txt":{"insertions":1,"deletions":0},"java":{"insertions":48,"deletions":43}}},{"hash":"8f9e798725935082253b24a2c94ab811a60bee81","messageTitle":"Add find functionality","messageBody":"","tags":["Level-9"],"fileTypesAndContributionMap":{"txt":{"insertions":2,"deletions":0},"java":{"insertions":36,"deletions":2}}}]},{"date":"2023-01-26","commitResults":[{"hash":"4d397aa68c0d99d9df1e6d23ef39b26eebfabbeb","messageTitle":"Resolve bugs \u0026 improve UI","messageBody":"","fileTypesAndContributionMap":{"txt":{"insertions":1,"deletions":2},"java":{"insertions":52,"deletions":17}}}]},{"date":"2023-01-31","commitResults":[{"hash":"e419360dcdad127684fbd75f0ad7e0783a96b406","messageTitle":"Add minimal GUI","messageBody":"","fileTypesAndContributionMap":{"gradle":{"insertions":6,"deletions":0},"fxml":{"insertions":35,"deletions":0},"java":{"insertions":226,"deletions":61}}}]},{"date":"2023-02-03","commitResults":[{"hash":"b911861462ed73123573ce64011e0e92af83e6a3","messageTitle":"Add introduction greeting","messageBody":"","tags":["Level-10"],"fileTypesAndContributionMap":{"java":{"insertions":3,"deletions":0}}}]},{"date":"2023-02-07","commitResults":[{"hash":"2b5e3cd2d745b5a8904270542afaf7b6d6984e96","messageTitle":"Fix data storage issues.","messageBody":"","fileTypesAndContributionMap":{"txt":{"insertions":0,"deletions":1},"java":{"insertions":176,"deletions":15}}},{"hash":"9bc4a0c95fac3ac3bae93887e172bdf225742a44","messageTitle":"Edit style issues with checkstyle","messageBody":"","tags":["A-CheckStyle"],"fileTypesAndContributionMap":{"gradle":{"insertions":4,"deletions":0},"java":{"insertions":94,"deletions":72}}},{"hash":"988fae51e574d6de871251d81c1ffa7e66a543cf","messageTitle":"Edit closing mechanism for GUI","messageBody":"Lack closing mechanism as users can continue to key in commands after\nterminating keyword.\n\nContinued inputs can cause unintended bugs.\n\nLet\u0027s make the GUI close itself after detecting the closing command.\n\nClosing the system automatically is safer than waiting for users to\nclose the application.\n","fileTypesAndContributionMap":{"java":{"insertions":5,"deletions":0}}}]}]},"authorFileTypeContributionMap":{"joyngjr":{"java":825,"md":0,"fxml":35,"sh":0,"bat":0,"gradle":26,"txt":6}},"authorContributionVariance":{"joyngjr":14938.243},"authorDisplayNameMap":{"joyngjr":"CS2103T-W13-3 JOY ..G RU"}}
