{"authorDailyContributionsMap":{"kalarisng":[{"date":"2023-01-20","commitResults":[{"hash":"fa718465c422666e478078e40b85e240398498d5","messageTitle":"Level-1","messageBody":"","tags":["Level-1"],"fileTypesAndContributionMap":{"java":{"insertions":15,"deletions":0}}}]},{"date":"2023-01-21","commitResults":[{"hash":"d226f18e2aa6966569b4fa689456db8849ec5d30","messageTitle":"Level-2","messageBody":"","tags":["Level-2"],"fileTypesAndContributionMap":{"java":{"insertions":14,"deletions":4}}}]}]},"authorFileTypeContributionMap":{"kalarisng":{"java":25,"md":0,"fxml":0,"sh":0,"bat":0,"gradle":0,"txt":0}},"authorContributionVariance":{"kalarisng":47.555557},"authorDisplayNameMap":{"kalarisng":"KALA..SHAN"}}
