{"authorDailyContributionsMap":{"DerenC":[{"date":"2023-01-26","commitResults":[{"hash":"5b4ad5194b464568616324f452e7caa2e3e95f78","messageTitle":"Finish Level-1","messageBody":"","tags":["Level-1"],"fileTypesAndContributionMap":{"java":{"insertions":37,"deletions":6}}},{"hash":"1986f7ca780aa0dee1dfeb0142fb3cc7808ca787","messageTitle":"Finish Level-2","messageBody":"","tags":["Level-2"],"fileTypesAndContributionMap":{"java":{"insertions":31,"deletions":12}}},{"hash":"2543b854ab10ddfcb7803bc26cd5100451632962","messageTitle":"Change the chatbot\u0027s name from Duke to Wessy","messageBody":"","fileTypesAndContributionMap":{"java":{"insertions":1,"deletions":1}}},{"hash":"fb308729abdb1b1a7d92f00a63538f43720ac176","messageTitle":"Improve the chatbot\u0027s opening message","messageBody":"","fileTypesAndContributionMap":{"java":{"insertions":6,"deletions":2}}}]},{"date":"2023-01-27","commitResults":[{"hash":"fc5d2f915fd1a0324da9a9e2245e89369a6cf83e","messageTitle":"Increase indentation to improve the appearance of the displayed message","messageBody":"","fileTypesAndContributionMap":{"java":{"insertions":7,"deletions":7}}},{"hash":"fe4110b58f8f08168577a413cd830560a5035afe","messageTitle":"Create \u0027Task\u0027 class","messageBody":"","fileTypesAndContributionMap":{"java":{"insertions":22,"deletions":0}}}]},{"date":"2023-01-28","commitResults":[{"hash":"c1d02c0a7808d62e3c0db702d5d371eeaedc4294","messageTitle":"Finish Level-3","messageBody":"","tags":["Level-3"],"fileTypesAndContributionMap":{"java":{"insertions":59,"deletions":22}}}]},{"date":"2023-01-30","commitResults":[{"hash":"f2b385fe9d75e6c234710d2cd1d7cdbd56d00a7e","messageTitle":"Finish Level-4","messageBody":"","fileTypesAndContributionMap":{"java":{"insertions":115,"deletions":14}}},{"hash":"17205ad76dc4d3286d75c89a20ef058c53bf2ad9","messageTitle":"Clear up unused add functions","messageBody":"","tags":["Level-4"],"fileTypesAndContributionMap":{"java":{"insertions":0,"deletions":10}}}]},{"date":"2023-01-31","commitResults":[{"hash":"d444660a3b099c9fba7846130628a64da47b9c22","messageTitle":"Finish Level-5","messageBody":"","tags":["Level-5"],"fileTypesAndContributionMap":{"java":{"insertions":191,"deletions":52},"bat":{"insertions":1,"deletions":1},"sh":{"insertions":1,"deletions":1}}},{"hash":"ba548a7c4dffe970e33d9e32280f3dda52098ea2","messageTitle":"Modify EXPECTED.TXT \u0026 input.txt","messageBody":"","tags":["A-TextUiTesting"],"fileTypesAndContributionMap":{"txt":{"insertions":11,"deletions":0}}},{"hash":"6ef46598f61f076cb996efe5c57667cfbc8cfd68","messageTitle":"Finish Level-6","messageBody":"","tags":["Level-6"],"fileTypesAndContributionMap":{"txt":{"insertions":2,"deletions":0},"java":{"insertions":45,"deletions":28}}},{"hash":"6b4ecc817cefe99aa3d5cb0d1cd4b71c8c513139","messageTitle":"Use enumerations instead of strings in Wessy (main driver) class","messageBody":"","tags":["A-Enums"],"fileTypesAndContributionMap":{"java":{"insertions":72,"deletions":44}}},{"hash":"da15bb823601a6b6c1c7976e4920b29f31bdf50f","messageTitle":"Complete checkstyle based on CS2030\u0027s standard","messageBody":"","fileTypesAndContributionMap":{"java":{"insertions":63,"deletions":28}}}]},{"date":"2023-02-02","commitResults":[{"hash":"9cca35cc3110528fe2c8c7cc16d4f74d4bad3b1b","messageTitle":"Finish Level-7","messageBody":"","fileTypesAndContributionMap":{"txt":{"insertions":3,"deletions":0},"java":{"insertions":135,"deletions":32}}}]},{"date":"2023-02-03","commitResults":[{"hash":"43e8e9987ba25e3e75f0b2132195eba1e5121e52","messageTitle":"Finish Level-8","messageBody":"","fileTypesAndContributionMap":{"java":{"insertions":91,"deletions":16}}}]},{"date":"2023-02-05","commitResults":[{"hash":"388ae95f038475f4dd167eca1a5cb318b8eab9d6","messageTitle":"Initial setup of Gradle","messageBody":"","tags":["A-Gradle"],"fileTypesAndContributionMap":{"gradle":{"insertions":1,"deletions":0},"java":{"insertions":2,"deletions":2}}}]},{"date":"2023-02-09","commitResults":[{"hash":"4a61459fa4dcbe8f00bd761521a0b17d1de0e1e0","messageTitle":"Finish A-MoreOOP","messageBody":"","fileTypesAndContributionMap":{"gradle":{"insertions":0,"deletions":1},"java":{"insertions":795,"deletions":426}}}]}]},"authorFileTypeContributionMap":{"DerenC":{"java":976,"md":0,"fxml":0,"sh":1,"bat":1,"gradle":0,"txt":16}},"authorContributionVariance":{"DerenC":59165.1},"authorDisplayNameMap":{"DerenC":"CS2103T-T15-3 CHEN..EREN"}}
