{"authorDailyContributionsMap":{"Dangabit":[{"date":"2023-01-15","commitResults":[{"hash":"f6fe595f3e4aa50a8b260005a3779c24d7dcbf42","messageTitle":"Implemented Greet, Echo, Quit","messageBody":"","tags":["Level-1"],"fileTypesAndContributionMap":{"java":{"insertions":29,"deletions":10}}},{"hash":"c1e216aad2c5a40f57ff153f7eb2e4b9cf08ef7e","messageTitle":"Implemented Add, List","messageBody":"","tags":["Level-2"],"fileTypesAndContributionMap":{"java":{"insertions":42,"deletions":7}}},{"hash":"659d514b58844c60986e0818659a964329b42ae3","messageTitle":"Implements Mark as Done","messageBody":"","tags":["Level-3","A-Classes"],"fileTypesAndContributionMap":{"java":{"insertions":119,"deletions":19}}},{"hash":"24e33bee07025f54b837952022568fb80a3d53d9","messageTitle":"Implement ToDo, Event, Deadline","messageBody":"","tags":["Level-4","A-Inheritance"],"fileTypesAndContributionMap":{"java":{"insertions":94,"deletions":18}}}]},{"date":"2023-01-16","commitResults":[{"hash":"1458eb19e2db1ab59b8854c86171cf6770894aaf","messageTitle":"Implement Automated Text UI Testing","messageBody":"","tags":["A-TextUiTesting"],"fileTypesAndContributionMap":{"txt":{"insertions":12,"deletions":0},"bat":{"insertions":2,"deletions":2},"sh":{"insertions":1,"deletions":1}}},{"hash":"1b9c30eaf09e9fd5f552b253e43c9cb1087c785d","messageTitle":"Implement Error Handling","messageBody":"There are several problems when the user input some invalid data.\n\nKiraException will handle all the exception caused by this software.\nCurrently, the exceptions checked are invalid-index when marking or\nunmarking, invalid command and storage out-of-bounds.\n\nError when parsing user input will be dealt with when Parser is\nimplemented.\n","tags":["Level-5","A-Exceptions"],"fileTypesAndContributionMap":{"txt":{"insertions":1,"deletions":0},"java":{"insertions":76,"deletions":62}}},{"hash":"db6e332a9889995733585603bc1ab9c8d0392488","messageTitle":"Implement Delete","messageBody":"KiraBot can now delete tasks from the list. Furthermore, the list is now\nexpandable. The limit exception has been removed.\n","tags":["Level-6","A-Collections"],"fileTypesAndContributionMap":{"txt":{"insertions":2,"deletions":0},"java":{"insertions":41,"deletions":21}}},{"hash":"f0ca844cc45adf12664da0dd9932b73ae90471a0","messageTitle":"Use Enums","messageBody":"","tags":["A-Enums"],"fileTypesAndContributionMap":{"java":{"insertions":52,"deletions":46}}}]},{"date":"2023-01-22","commitResults":[{"hash":"eb6a46225b6e9e9a45a59888afe3374073e943ec","messageTitle":"Implement save function","messageBody":"The bot requires a saving function to save the session of the user.\n\nSaving is done at every command. The save file is in csv for easy\nparsing and loading.\n","tags":["Level-7"],"fileTypesAndContributionMap":{"java":{"insertions":46,"deletions":1}}},{"hash":"ed8f22fa5b491c9a29d4cc10953bee8e49ddf2b5","messageTitle":"Implement loading function","messageBody":"When the bot starts up, it should read the save file, if any, and load\nthe state of the database.\n\nKiraBot now reads the file and load in the saved state of the task list.\nFurther changes are made to change the format of the delimiters to allow\nfor commas in task description.\n","fileTypesAndContributionMap":{"java":{"insertions":62,"deletions":8}}}]},{"date":"2023-01-23","commitResults":[{"hash":"bfb7c304aa17cba5c0b7a8ddd4a0f9031560124d","messageTitle":"Change to DateTime for tasks","messageBody":"Currently, all relevant tasks with a date is stored as String. Now, a\nspecific format is required to save the dates and time for the tasks.\n\nAdditionally, a new command TODAY is implemented to retrieve all tasks\nthat are within the time frame of today.\n","tags":["Level-8"],"fileTypesAndContributionMap":{"txt":{"insertions":3,"deletions":2},"java":{"insertions":88,"deletions":14}}},{"hash":"09e1017d9a2539b6e98d312ab19b43eee3a229e0","messageTitle":"Refactor code to include more OOP and packages","messageBody":"Currently, there is no organisation for the different java files and no\ndedicated class for each logic abstraction.\n\nMore classes have been implemented to separate the logic and taskList no\nlonger return formatted strings for each method as it is not the job.\nFurthermore, Parser will manage all of the error during parsing of the\ncommands.\n","tags":["A-Packages","A-MoreOOP"],"fileTypesAndContributionMap":{"java":{"insertions":472,"deletions":286}}}]},{"date":"2023-01-25","commitResults":[{"hash":"b2fede1172df8c174fd91e9238df5dce7fa3aaa1","messageTitle":"Automate with Gradle, add JUnit tests","messageBody":"","tags":["A-JUnit","A-Gradle"],"fileTypesAndContributionMap":{"gradle":{"insertions":2,"deletions":2},"java":{"insertions":111,"deletions":0}}},{"hash":"929eae126517fa2df307414260609c1a2400c31d","messageTitle":"Fix corrupted file load","messageBody":"","fileTypesAndContributionMap":{"java":{"insertions":15,"deletions":0}}},{"hash":"6ef1069a458e0e62f4b95a198bdc791fab64a4ed","messageTitle":"Remove redundent codes","messageBody":"","tags":["A-Jar"],"fileTypesAndContributionMap":{"java":{"insertions":2,"deletions":10}}}]},{"date":"2023-01-26","commitResults":[{"hash":"188e13eac0ecf78c82d27dd02c7cd3b18c30831c","messageTitle":"Refactor commands and write JavaDocs","messageBody":"","tags":["A-JavaDoc"],"fileTypesAndContributionMap":{"java":{"insertions":517,"deletions":93}}},{"hash":"10147dc2274e76f4212e62ea4c9cbdfed5f1f767","messageTitle":"Tweak code to comply with standard","messageBody":"","tags":["A-CodingStandard"],"fileTypesAndContributionMap":{"java":{"insertions":70,"deletions":58}}},{"hash":"0485ea49029c3a23f3597c6ee23a723ddd86fd47","messageTitle":"Implement find function","messageBody":"With a lot of tasks, users might have a hard time finding some specific\ntask.\n\nTherefore, a find command has been implemented for the user to use a\nparticular keyword to find all the tasks matching it.\n","tags":["Level-9"],"fileTypesAndContributionMap":{"java":{"insertions":93,"deletions":6}}}]},{"date":"2023-01-30","commitResults":[{"hash":"f786a85f75a2d9d8e4df85ac746392d60ef7833a","messageTitle":"Update README.md","messageBody":"","fileTypesAndContributionMap":{"md":{"insertions":40,"deletions":24}}}]},{"date":"2023-01-31","commitResults":[{"hash":"4df795d402aaf204cc8f67601028cacaec369923","messageTitle":"Fix style according to Checkstyle","messageBody":"","tags":["A-CheckStyle"],"fileTypesAndContributionMap":{"gradle":{"insertions":5,"deletions":0},"java":{"insertions":142,"deletions":99}}}]},{"date":"2023-02-01","commitResults":[{"hash":"5f9bf3418a8beeb2b5de7efe50a95752cc2d0c08","messageTitle":"Setup GUI","messageBody":"","fileTypesAndContributionMap":{"gradle":{"insertions":16,"deletions":1},"fxml":{"insertions":35,"deletions":0},"java":{"insertions":227,"deletions":17},"md":{"insertions":2,"deletions":2}}}]},{"date":"2023-02-03","commitResults":[{"hash":"1badeee3497e0d8115fd80ee5ca238972b19158e","messageTitle":"Improve GUI functionality","messageBody":"","tags":["Level-10"],"fileTypesAndContributionMap":{"fxml":{"insertions":38,"deletions":23},"java":{"insertions":27,"deletions":13}}},{"hash":"2447ce68214261a46293a425eaec7e8b0038dabb","messageTitle":"Fix style error","messageBody":"","fileTypesAndContributionMap":{"java":{"insertions":0,"deletions":1}}}]}]},"authorFileTypeContributionMap":{"Dangabit":{"java":1543,"md":34,"fxml":50,"sh":1,"bat":2,"gradle":22,"txt":16}},"authorContributionVariance":{"Dangabit":61801.234},"authorDisplayNameMap":{"Dangabit":"CS2103T-T13-1 GOH ..ERIC"}}
