{"authorDailyContributionsMap":{"jweeyh":[{"date":"2023-01-18","commitResults":[{"hash":"f8ea90d14bc894010bf5564fb9ffc012c6dd2ba0","messageTitle":"Level 1","messageBody":"","tags":["Level-2","Level-1"],"fileTypesAndContributionMap":{"java":{"insertions":35,"deletions":0}}}]},{"date":"2023-01-19","commitResults":[{"hash":"c623edd00ad31707deb481dd8b986e8e7916c3db","messageTitle":"created list function","messageBody":"","fileTypesAndContributionMap":{"java":{"insertions":37,"deletions":3}}},{"hash":"85620ea5deb5df9a68d09aa3fcad2f0f5ce4fea3","messageTitle":"Added markings","messageBody":"","tags":["Level-3"],"fileTypesAndContributionMap":{"java":{"insertions":62,"deletions":6}}},{"hash":"51113531c76d31f1880c285053d712f962d5a650","messageTitle":"Created todo, deadline, event","messageBody":"","tags":["Level-4"],"fileTypesAndContributionMap":{"java":{"insertions":68,"deletions":5}}},{"hash":"39cfca17a8d61bd967db8c9e8e7d274137ed42b5","messageTitle":"Added exceptions and delete","messageBody":"","tags":["Level-6","Level-5"],"fileTypesAndContributionMap":{"txt":{"insertions":1,"deletions":0},"java":{"insertions":59,"deletions":13}}}]},{"date":"2023-01-24","commitResults":[{"hash":"55262295b6d2cebebe509bb5ce1829344a58a96a","messageTitle":"Add save function to local data","messageBody":"","tags":["Level-7"],"fileTypesAndContributionMap":{"java":{"insertions":89,"deletions":41}}},{"hash":"ee4cfdb8d672ff09b1f174d734b771384729bbed","messageTitle":"Change date from String type to LocalDate type","messageBody":"","tags":["Level-8"],"fileTypesAndContributionMap":{"java":{"insertions":21,"deletions":8}}}]},{"date":"2023-01-25","commitResults":[{"hash":"2da0ff6616d504bdc366136d1a98a9488d57a661","messageTitle":"Create more classes to abstract out common objects","messageBody":"","tags":["A-Packages","A-MoreOOP"],"fileTypesAndContributionMap":{"java":{"insertions":351,"deletions":120},"bat":{"insertions":1,"deletions":1},"md":{"insertions":2,"deletions":2}}}]},{"date":"2023-01-26","commitResults":[{"hash":"c10ec6d43e51b8085026e560c098cf042388aca2","messageTitle":"Add Gradle","messageBody":"","tags":["A-Gradle"],"fileTypesAndContributionMap":{"gradle":{"insertions":2,"deletions":1},"java":{"insertions":61,"deletions":49},"bat":{"insertions":1,"deletions":1},"md":{"insertions":2,"deletions":2}}},{"hash":"a06dae75abb110c0bcbd3ab588671e11088359a4","messageTitle":"Add JUnit tests for Parser and Task","messageBody":"","tags":["A-Jar","A-JUnit"],"fileTypesAndContributionMap":{"java":{"insertions":14,"deletions":2}}},{"hash":"47466497b4f30bb1629c6bb5f88c7673d4dcac56","messageTitle":"Create find function that checks if stored tasks have a given input substring","messageBody":"","tags":["Level-9"],"fileTypesAndContributionMap":{"java":{"insertions":139,"deletions":26}}},{"hash":"ad4e08be68192966091394a7bc9a3b7cdb340ba3","messageTitle":"Add JavaDocs documentation for commands, tasks and parser","messageBody":"","tags":["A-JavaDoc"],"fileTypesAndContributionMap":{"java":{"insertions":127,"deletions":21}}},{"hash":"a35dadca22cb7b52b101a98362859e45b9e799ff","messageTitle":"Check that code complies to coding standard","messageBody":"","tags":["A-CodingStandard"],"fileTypesAndContributionMap":{"java":{"insertions":3,"deletions":3}}},{"hash":"aa5c4f67bc513871d3137147a658d272dd427ddb","messageTitle":"Check that code complies to coding standard","messageBody":"","fileTypesAndContributionMap":{"java":{"insertions":2,"deletions":2}}}]},{"date":"2023-02-02","commitResults":[{"hash":"efa145e2ab94b7aecd3a3acb35bcc40027b1b35d","messageTitle":"Update README.md","messageBody":"","fileTypesAndContributionMap":{"md":{"insertions":32,"deletions":12}}}]},{"date":"2023-02-06","commitResults":[{"hash":"ea29af03b5d4c4b714e856e70c455db4e9b5a233","messageTitle":"Add Gui","messageBody":"","tags":["Level-10"],"fileTypesAndContributionMap":{"gradle":{"insertions":19,"deletions":1},"java":{"insertions":256,"deletions":74}}}]},{"date":"2023-02-07","commitResults":[{"hash":"15666f3ff03f49b00ccc3ea9d9a2041ee87df8cb","messageTitle":"Add Assert to SaveList in Storage","messageBody":"","tags":["A-Assertions"],"fileTypesAndContributionMap":{"gradle":{"insertions":1,"deletions":1},"java":{"insertions":7,"deletions":7}}}]},{"date":"2023-02-10","commitResults":[{"hash":"344e92a16b79fab7c40b0fa25a59a458920498cd","messageTitle":"Change Parser to fit the coding standards","messageBody":"","fileTypesAndContributionMap":{"java":{"insertions":42,"deletions":23}}}]},{"date":"2023-02-11","commitResults":[{"hash":"5a4e3cc52594d41ae29c85e22fb9af9c159027d7","messageTitle":"Change Ui to fit the coding standards","messageBody":"There was text present that contained the default String drawing of Duke, which was relevant only in CLI, but has since become redundant with the new GUI.\n\nThis currently unused text is thus deleted in accordance with the coding standard to remove unused and outdated code.\n\nLet\u0027s try to find other instances in the code which could be simplified and refactored.\n","tags":["A-FullCommitMessage"],"fileTypesAndContributionMap":{"java":{"insertions":0,"deletions":5}}},{"hash":"ba7b68ca519f8b3ed2fc86d3fd43297c9c7655cb","messageTitle":"Add assert to the run function in Duke","messageBody":"At the start of the run function, it is important that the statements in the Ui are cleared so that previous commands would not be executed unintentionally.\n\nAn assert is thus placed after ui.clearStatements\n\nThis is done to confirm that the Ui statements have been cleared\n","fileTypesAndContributionMap":{"java":{"insertions":1,"deletions":23}}}]}]},"authorFileTypeContributionMap":{"jweeyh":{"java":906,"md":32,"fxml":0,"sh":0,"bat":1,"gradle":20,"txt":1}},"authorContributionVariance":{"jweeyh":17979.357},"authorDisplayNameMap":{"jweeyh":"CS2103T-T17-2 WEE ..THAN"}}
