[{"path":"src/main/java/Deadline.java","fileType":"java","lines":[{"lineNumber":1,"author":{"gitId":"CShuwen"},"content":"public class Deadline extends Task{","lastModifiedDate":"2023-01-19"},{"lineNumber":2,"author":{"gitId":"CShuwen"},"content":"    protected String by;","lastModifiedDate":"2023-01-19"},{"lineNumber":3,"author":{"gitId":"CShuwen"},"content":"","lastModifiedDate":"2023-01-19"},{"lineNumber":4,"author":{"gitId":"CShuwen"},"content":"    public Deadline(String description, String by){","lastModifiedDate":"2023-01-19"},{"lineNumber":5,"author":{"gitId":"CShuwen"},"content":"        super(description);","lastModifiedDate":"2023-01-19"},{"lineNumber":6,"author":{"gitId":"CShuwen"},"content":"        this.by \u003d by;","lastModifiedDate":"2023-01-19"},{"lineNumber":7,"author":{"gitId":"CShuwen"},"content":"    }","lastModifiedDate":"2023-01-19"},{"lineNumber":8,"author":{"gitId":"CShuwen"},"content":"","lastModifiedDate":"2023-01-19"},{"lineNumber":9,"author":{"gitId":"CShuwen"},"content":"    @Override","lastModifiedDate":"2023-01-19"},{"lineNumber":10,"author":{"gitId":"CShuwen"},"content":"    public String toString(){","lastModifiedDate":"2023-01-19"},{"lineNumber":11,"author":{"gitId":"CShuwen"},"content":"        return \"[D]\" + super.toString() + \"(\" + by + \")\";","lastModifiedDate":"2023-01-19"},{"lineNumber":12,"author":{"gitId":"CShuwen"},"content":"    }","lastModifiedDate":"2023-01-19"},{"lineNumber":13,"author":{"gitId":"CShuwen"},"content":"","lastModifiedDate":"2023-01-19"},{"lineNumber":14,"author":{"gitId":"CShuwen"},"content":"","lastModifiedDate":"2023-01-19"},{"lineNumber":15,"author":{"gitId":"CShuwen"},"content":"}","lastModifiedDate":"2023-01-19"}],"authorContributionMap":{"CShuwen":15}},{"path":"src/main/java/Duke.java","fileType":"java","lines":[{"lineNumber":1,"author":{"gitId":"CShuwen"},"content":"import java.util.ArrayList;","lastModifiedDate":"2023-01-18"},{"lineNumber":2,"author":{"gitId":"CShuwen"},"content":"import java.util.List;","lastModifiedDate":"2023-01-18"},{"lineNumber":3,"author":{"gitId":"CShuwen"},"content":"import java.util.Scanner;","lastModifiedDate":"2023-01-18"},{"lineNumber":4,"author":{"gitId":"CShuwen"},"content":"","lastModifiedDate":"2023-01-18"},{"lineNumber":5,"author":{"gitId":"-"},"content":"public class Duke {","lastModifiedDate":"2019-07-29"},{"lineNumber":6,"author":{"gitId":"-"},"content":"    public static void main(String[] args) {","lastModifiedDate":"2019-07-29"},{"lineNumber":7,"author":{"gitId":"CShuwen"},"content":"        String start_message \u003d \"Hello! I\u0027m Duke\\n\" +  \"What can I do for you?\";","lastModifiedDate":"2023-01-18"},{"lineNumber":8,"author":{"gitId":"CShuwen"},"content":"        System.out.println(start_message);","lastModifiedDate":"2023-01-18"},{"lineNumber":9,"author":{"gitId":"CShuwen"},"content":"        Scanner scanner \u003d new Scanner(System.in);","lastModifiedDate":"2023-01-18"},{"lineNumber":10,"author":{"gitId":"CShuwen"},"content":"        List\u003cTask\u003e list \u003d new ArrayList\u003cTask\u003e();","lastModifiedDate":"2023-01-18"},{"lineNumber":11,"author":{"gitId":"CShuwen"},"content":"        String s \u003d scanner.nextLine();","lastModifiedDate":"2023-01-18"},{"lineNumber":12,"author":{"gitId":"CShuwen"},"content":"        int i \u003d 1;","lastModifiedDate":"2023-01-18"},{"lineNumber":13,"author":{"gitId":"CShuwen"},"content":"","lastModifiedDate":"2023-01-18"},{"lineNumber":14,"author":{"gitId":"CShuwen"},"content":"        while (!s.equals(\"bye\")) {","lastModifiedDate":"2023-01-18"},{"lineNumber":15,"author":{"gitId":"CShuwen"},"content":"            Integer len \u003d s.length();","lastModifiedDate":"2023-01-18"},{"lineNumber":16,"author":{"gitId":"CShuwen"},"content":"            try {","lastModifiedDate":"2023-01-19"},{"lineNumber":17,"author":{"gitId":"CShuwen"},"content":"                if (s.equals(\"list\")) {","lastModifiedDate":"2023-01-18"},{"lineNumber":18,"author":{"gitId":"CShuwen"},"content":"                    if (list.size() \u003d\u003d 0){","lastModifiedDate":"2023-01-19"},{"lineNumber":19,"author":{"gitId":"CShuwen"},"content":"                        String err_msg \u003d \"You have not upload any task yet\";","lastModifiedDate":"2023-01-19"},{"lineNumber":20,"author":{"gitId":"CShuwen"},"content":"                        throw new DukeException(err_msg);","lastModifiedDate":"2023-01-19"},{"lineNumber":21,"author":{"gitId":"CShuwen"},"content":"                    }","lastModifiedDate":"2023-01-19"},{"lineNumber":22,"author":{"gitId":"CShuwen"},"content":"                    System.out.println(\"Here are the tasks in your list:\");","lastModifiedDate":"2023-01-18"},{"lineNumber":23,"author":{"gitId":"CShuwen"},"content":"                    i \u003d 1;","lastModifiedDate":"2023-01-18"},{"lineNumber":24,"author":{"gitId":"CShuwen"},"content":"                    for (Task task : list) {","lastModifiedDate":"2023-01-18"},{"lineNumber":25,"author":{"gitId":"CShuwen"},"content":"                        System.out.println(i + \". \" + task.toString());","lastModifiedDate":"2023-01-19"},{"lineNumber":26,"author":{"gitId":"CShuwen"},"content":"                        i++;","lastModifiedDate":"2023-01-18"},{"lineNumber":27,"author":{"gitId":"CShuwen"},"content":"                    }","lastModifiedDate":"2023-01-18"},{"lineNumber":28,"author":{"gitId":"CShuwen"},"content":"                } else if (len \u003e\u003d 8 \u0026\u0026 s.substring(0, 6).equals(\"delete\")) {","lastModifiedDate":"2023-01-19"},{"lineNumber":29,"author":{"gitId":"CShuwen"},"content":"                    try{","lastModifiedDate":"2023-01-19"},{"lineNumber":30,"author":{"gitId":"CShuwen"},"content":"                        Integer num \u003d Integer.parseInt(s.substring(7));","lastModifiedDate":"2023-01-19"},{"lineNumber":31,"author":{"gitId":"CShuwen"},"content":"                        Task curr_task \u003d list.get(num - 1);","lastModifiedDate":"2023-01-19"},{"lineNumber":32,"author":{"gitId":"CShuwen"},"content":"                        System.out.println(\"Noted. I\u0027ve removed this task: \\n  \" + curr_task.toString());","lastModifiedDate":"2023-01-19"},{"lineNumber":33,"author":{"gitId":"CShuwen"},"content":"                        list.remove(curr_task);","lastModifiedDate":"2023-01-19"},{"lineNumber":34,"author":{"gitId":"CShuwen"},"content":"                        System.out.println(\"Now you have \" + (list.size()) + \" tasks in the list\");","lastModifiedDate":"2023-01-19"},{"lineNumber":35,"author":{"gitId":"CShuwen"},"content":"                    } catch (IndexOutOfBoundsException err1){","lastModifiedDate":"2023-01-19"},{"lineNumber":36,"author":{"gitId":"CShuwen"},"content":"                        String err_msg \u003d \"☹ OOPS!!! Please the Task number that you have keyed in is invalid.\";","lastModifiedDate":"2023-01-19"},{"lineNumber":37,"author":{"gitId":"CShuwen"},"content":"                        System.out.println(err_msg);","lastModifiedDate":"2023-01-19"},{"lineNumber":38,"author":{"gitId":"CShuwen"},"content":"                    } catch (NumberFormatException err2) {","lastModifiedDate":"2023-01-19"},{"lineNumber":39,"author":{"gitId":"CShuwen"},"content":"                        String err_msg \u003d \"☹ OOPS!!! Please key in a valid Number.\";","lastModifiedDate":"2023-01-19"},{"lineNumber":40,"author":{"gitId":"CShuwen"},"content":"                        System.out.println(err_msg);","lastModifiedDate":"2023-01-19"},{"lineNumber":41,"author":{"gitId":"CShuwen"},"content":"                    }","lastModifiedDate":"2023-01-19"},{"lineNumber":42,"author":{"gitId":"CShuwen"},"content":"                } else if (len \u003e\u003d 6 \u0026\u0026 s.substring(0, 4).equals(\"mark\")) {","lastModifiedDate":"2023-01-18"},{"lineNumber":43,"author":{"gitId":"CShuwen"},"content":"                    try {","lastModifiedDate":"2023-01-19"},{"lineNumber":44,"author":{"gitId":"CShuwen"},"content":"                        Integer num \u003d Integer.parseInt(s.substring(5));","lastModifiedDate":"2023-01-18"},{"lineNumber":45,"author":{"gitId":"CShuwen"},"content":"                        Task curr_task \u003d list.get(num - 1);","lastModifiedDate":"2023-01-18"},{"lineNumber":46,"author":{"gitId":"CShuwen"},"content":"                        System.out.println(\"Nice! I\u0027ve marked this task as done\");","lastModifiedDate":"2023-01-19"},{"lineNumber":47,"author":{"gitId":"CShuwen"},"content":"                        curr_task.markAsDone();","lastModifiedDate":"2023-01-18"},{"lineNumber":48,"author":{"gitId":"CShuwen"},"content":"                        System.out.println(curr_task.getStatusIcon() + \" \" + curr_task.getDes());","lastModifiedDate":"2023-01-19"},{"lineNumber":49,"author":{"gitId":"CShuwen"},"content":"                    } catch (IndexOutOfBoundsException err1) {","lastModifiedDate":"2023-01-19"},{"lineNumber":50,"author":{"gitId":"CShuwen"},"content":"                        String err_msg \u003d \"☹ OOPS!!! Please the Task number that you have keyed in is invalid.\";","lastModifiedDate":"2023-01-19"},{"lineNumber":51,"author":{"gitId":"CShuwen"},"content":"                        System.out.println(err_msg);","lastModifiedDate":"2023-01-19"},{"lineNumber":52,"author":{"gitId":"CShuwen"},"content":"                    } catch (NumberFormatException err2) {","lastModifiedDate":"2023-01-19"},{"lineNumber":53,"author":{"gitId":"CShuwen"},"content":"                        String err_msg \u003d \"☹ OOPS!!! Please key in a valid Number.\";","lastModifiedDate":"2023-01-19"},{"lineNumber":54,"author":{"gitId":"CShuwen"},"content":"                        System.out.println(err_msg);","lastModifiedDate":"2023-01-19"},{"lineNumber":55,"author":{"gitId":"CShuwen"},"content":"                    }","lastModifiedDate":"2023-01-19"},{"lineNumber":56,"author":{"gitId":"CShuwen"},"content":"                }else if (len \u003e\u003d 8 \u0026\u0026 s.substring(0, 6).equals(\"unmark\")) {","lastModifiedDate":"2023-01-18"},{"lineNumber":57,"author":{"gitId":"CShuwen"},"content":"                    try{","lastModifiedDate":"2023-01-19"},{"lineNumber":58,"author":{"gitId":"CShuwen"},"content":"                        Integer num \u003d Integer.parseInt(s.substring(7));","lastModifiedDate":"2023-01-18"},{"lineNumber":59,"author":{"gitId":"CShuwen"},"content":"                        Task curr_task \u003d list.get(num - 1);","lastModifiedDate":"2023-01-18"},{"lineNumber":60,"author":{"gitId":"CShuwen"},"content":"                        System.out.println(\"OK, I\u0027ve marked this task as not done yet\");","lastModifiedDate":"2023-01-19"},{"lineNumber":61,"author":{"gitId":"CShuwen"},"content":"                        curr_task.unMark();","lastModifiedDate":"2023-01-18"},{"lineNumber":62,"author":{"gitId":"CShuwen"},"content":"                        System.out.println(curr_task.getStatusIcon() + \" \" + curr_task.getDes());","lastModifiedDate":"2023-01-19"},{"lineNumber":63,"author":{"gitId":"CShuwen"},"content":"                    } catch (IndexOutOfBoundsException err1){","lastModifiedDate":"2023-01-19"},{"lineNumber":64,"author":{"gitId":"CShuwen"},"content":"                        String err_msg \u003d \"☹ OOPS!!! Please the Task number that you have keyed in is invalid.\";","lastModifiedDate":"2023-01-19"},{"lineNumber":65,"author":{"gitId":"CShuwen"},"content":"                        System.out.println(err_msg);","lastModifiedDate":"2023-01-19"},{"lineNumber":66,"author":{"gitId":"CShuwen"},"content":"                    } catch (NumberFormatException err2) {","lastModifiedDate":"2023-01-19"},{"lineNumber":67,"author":{"gitId":"CShuwen"},"content":"                        String err_msg \u003d \"☹ OOPS!!! Please key in a valid Number.\";","lastModifiedDate":"2023-01-19"},{"lineNumber":68,"author":{"gitId":"CShuwen"},"content":"                        System.out.println(err_msg);","lastModifiedDate":"2023-01-19"},{"lineNumber":69,"author":{"gitId":"CShuwen"},"content":"                    }","lastModifiedDate":"2023-01-19"},{"lineNumber":70,"author":{"gitId":"CShuwen"},"content":"                } else if (len \u003e\u003d 6 \u0026\u0026 s.substring(0, 4).equals(\"todo\")) {","lastModifiedDate":"2023-01-19"},{"lineNumber":71,"author":{"gitId":"CShuwen"},"content":"                    if (len \u003c\u003d 5) {","lastModifiedDate":"2023-01-19"},{"lineNumber":72,"author":{"gitId":"CShuwen"},"content":"                        String err_msg \u003d \"☹ OOPS!!! The description of a todo cannot be empty\";","lastModifiedDate":"2023-01-19"},{"lineNumber":73,"author":{"gitId":"CShuwen"},"content":"                        s \u003d scanner.nextLine();","lastModifiedDate":"2023-01-19"},{"lineNumber":74,"author":{"gitId":"CShuwen"},"content":"                        break;","lastModifiedDate":"2023-01-19"},{"lineNumber":75,"author":{"gitId":"CShuwen"},"content":"                    }","lastModifiedDate":"2023-01-19"},{"lineNumber":76,"author":{"gitId":"CShuwen"},"content":"                    System.out.println(\"Got it. I\u0027ve added this task:\");","lastModifiedDate":"2023-01-19"},{"lineNumber":77,"author":{"gitId":"CShuwen"},"content":"                    ToDos todo \u003d new ToDos(s.substring(5));","lastModifiedDate":"2023-01-19"},{"lineNumber":78,"author":{"gitId":"CShuwen"},"content":"                    list.add(todo);","lastModifiedDate":"2023-01-19"},{"lineNumber":79,"author":{"gitId":"CShuwen"},"content":"                    System.out.println(\"added: \" + todo);","lastModifiedDate":"2023-01-19"},{"lineNumber":80,"author":{"gitId":"CShuwen"},"content":"                    System.out.println(\"Now you have \" + list.size() + \" tasks in the list\");","lastModifiedDate":"2023-01-19"},{"lineNumber":81,"author":{"gitId":"CShuwen"},"content":"                } else if (len \u003e\u003d 10 \u0026\u0026 s.substring(0, 8).equals(\"deadline\")) {","lastModifiedDate":"2023-01-19"},{"lineNumber":82,"author":{"gitId":"CShuwen"},"content":"                    String[] ddl_str_arr \u003d s.split(\"/\");","lastModifiedDate":"2023-01-19"},{"lineNumber":83,"author":{"gitId":"CShuwen"},"content":"                    if (len \u003c\u003d 9 || ddl_str_arr.length \u003c\u003d 1) {","lastModifiedDate":"2023-01-19"},{"lineNumber":84,"author":{"gitId":"CShuwen"},"content":"                        String err_msg \u003d \"☹ OOPS!!! The description or date of a deadline cannot be empty\";","lastModifiedDate":"2023-01-19"},{"lineNumber":85,"author":{"gitId":"CShuwen"},"content":"                        throw new DukeException(err_msg);","lastModifiedDate":"2023-01-19"},{"lineNumber":86,"author":{"gitId":"CShuwen"},"content":"                    }","lastModifiedDate":"2023-01-19"},{"lineNumber":87,"author":{"gitId":"CShuwen"},"content":"                    System.out.println(\"Got it. I\u0027ve added this task\");","lastModifiedDate":"2023-01-19"},{"lineNumber":88,"author":{"gitId":"CShuwen"},"content":"                    Deadline deadline \u003d new Deadline(ddl_str_arr[0].substring(9), ddl_str_arr[1]);","lastModifiedDate":"2023-01-19"},{"lineNumber":89,"author":{"gitId":"CShuwen"},"content":"                    list.add(deadline);","lastModifiedDate":"2023-01-19"},{"lineNumber":90,"author":{"gitId":"CShuwen"},"content":"                    System.out.println(\"added: \" + deadline);","lastModifiedDate":"2023-01-19"},{"lineNumber":91,"author":{"gitId":"CShuwen"},"content":"                    System.out.println(\"Now you have \" + list.size() + \" tasks in the list\");","lastModifiedDate":"2023-01-19"},{"lineNumber":92,"author":{"gitId":"CShuwen"},"content":"                } else if (len \u003e\u003d 7 \u0026\u0026 s.substring(0, 5).equals(\"event\")) {","lastModifiedDate":"2023-01-19"},{"lineNumber":93,"author":{"gitId":"CShuwen"},"content":"                    String[] event_str_arr \u003d s.split(\"/\");","lastModifiedDate":"2023-01-19"},{"lineNumber":94,"author":{"gitId":"CShuwen"},"content":"                    if (len \u003c\u003d 9 || event_str_arr.length \u003c\u003d 2) {","lastModifiedDate":"2023-01-19"},{"lineNumber":95,"author":{"gitId":"CShuwen"},"content":"                        String err_msg \u003d \"☹ OOPS!!! The description or date of a event cannot be empty\";","lastModifiedDate":"2023-01-19"},{"lineNumber":96,"author":{"gitId":"CShuwen"},"content":"                        throw new DukeException(err_msg);","lastModifiedDate":"2023-01-19"},{"lineNumber":97,"author":{"gitId":"CShuwen"},"content":"                    }","lastModifiedDate":"2023-01-19"},{"lineNumber":98,"author":{"gitId":"CShuwen"},"content":"                    System.out.println(\"Got it. I\u0027ve added this task\");","lastModifiedDate":"2023-01-19"},{"lineNumber":99,"author":{"gitId":"CShuwen"},"content":"                    Event event \u003d new Event(event_str_arr[0].substring(6), event_str_arr[1] + event_str_arr[2]);","lastModifiedDate":"2023-01-19"},{"lineNumber":100,"author":{"gitId":"CShuwen"},"content":"                    list.add(event);","lastModifiedDate":"2023-01-19"},{"lineNumber":101,"author":{"gitId":"CShuwen"},"content":"                    System.out.println(\"added: \" + event);","lastModifiedDate":"2023-01-19"},{"lineNumber":102,"author":{"gitId":"CShuwen"},"content":"                    System.out.println(\"Now you have \" + list.size() + \" tasks in the list\");","lastModifiedDate":"2023-01-19"},{"lineNumber":103,"author":{"gitId":"CShuwen"},"content":"                } else {","lastModifiedDate":"2023-01-18"},{"lineNumber":104,"author":{"gitId":"CShuwen"},"content":"                    String err_msg \u003d \"☹ OOPS!!! I\u0027m sorry, but I don\u0027t know what that means\";","lastModifiedDate":"2023-01-19"},{"lineNumber":105,"author":{"gitId":"CShuwen"},"content":"                    throw new DukeException(err_msg);","lastModifiedDate":"2023-01-19"},{"lineNumber":106,"author":{"gitId":"CShuwen"},"content":"                }","lastModifiedDate":"2023-01-19"},{"lineNumber":107,"author":{"gitId":"CShuwen"},"content":"            } catch (DukeException e){","lastModifiedDate":"2023-01-19"},{"lineNumber":108,"author":{"gitId":"CShuwen"},"content":"                System.out.println(e);","lastModifiedDate":"2023-01-19"},{"lineNumber":109,"author":{"gitId":"CShuwen"},"content":"            }","lastModifiedDate":"2023-01-18"},{"lineNumber":110,"author":{"gitId":"CShuwen"},"content":"            s \u003d scanner.nextLine();","lastModifiedDate":"2023-01-18"},{"lineNumber":111,"author":{"gitId":"CShuwen"},"content":"        }","lastModifiedDate":"2023-01-18"},{"lineNumber":112,"author":{"gitId":"CShuwen"},"content":"        System.out.println(\"Bye. Hope to see you again soon!\");","lastModifiedDate":"2023-01-18"},{"lineNumber":113,"author":{"gitId":"-"},"content":"    }","lastModifiedDate":"2019-07-29"},{"lineNumber":114,"author":{"gitId":"-"},"content":"}","lastModifiedDate":"2019-07-29"}],"authorContributionMap":{"CShuwen":110,"-":4}},{"path":"src/main/java/DukeException.java","fileType":"java","lines":[{"lineNumber":1,"author":{"gitId":"CShuwen"},"content":"public class DukeException extends Exception{","lastModifiedDate":"2023-01-19"},{"lineNumber":2,"author":{"gitId":"CShuwen"},"content":"    public DukeException(String msg){","lastModifiedDate":"2023-01-19"},{"lineNumber":3,"author":{"gitId":"CShuwen"},"content":"        super(msg);","lastModifiedDate":"2023-01-19"},{"lineNumber":4,"author":{"gitId":"CShuwen"},"content":"    }","lastModifiedDate":"2023-01-19"},{"lineNumber":5,"author":{"gitId":"CShuwen"},"content":"","lastModifiedDate":"2023-01-19"},{"lineNumber":6,"author":{"gitId":"CShuwen"},"content":"    @Override","lastModifiedDate":"2023-01-19"},{"lineNumber":7,"author":{"gitId":"CShuwen"},"content":"    public String toString(){","lastModifiedDate":"2023-01-19"},{"lineNumber":8,"author":{"gitId":"CShuwen"},"content":"        return super.getMessage();","lastModifiedDate":"2023-01-19"},{"lineNumber":9,"author":{"gitId":"CShuwen"},"content":"    }","lastModifiedDate":"2023-01-19"},{"lineNumber":10,"author":{"gitId":"CShuwen"},"content":"}","lastModifiedDate":"2023-01-19"}],"authorContributionMap":{"CShuwen":10}},{"path":"src/main/java/Event.java","fileType":"java","lines":[{"lineNumber":1,"author":{"gitId":"CShuwen"},"content":"public class Event extends Task{","lastModifiedDate":"2023-01-19"},{"lineNumber":2,"author":{"gitId":"CShuwen"},"content":"    protected String duration;","lastModifiedDate":"2023-01-19"},{"lineNumber":3,"author":{"gitId":"CShuwen"},"content":"","lastModifiedDate":"2023-01-19"},{"lineNumber":4,"author":{"gitId":"CShuwen"},"content":"    public Event(String description, String duration){","lastModifiedDate":"2023-01-19"},{"lineNumber":5,"author":{"gitId":"CShuwen"},"content":"        super(description);","lastModifiedDate":"2023-01-19"},{"lineNumber":6,"author":{"gitId":"CShuwen"},"content":"        this.duration \u003d duration;","lastModifiedDate":"2023-01-19"},{"lineNumber":7,"author":{"gitId":"CShuwen"},"content":"    }","lastModifiedDate":"2023-01-19"},{"lineNumber":8,"author":{"gitId":"CShuwen"},"content":"","lastModifiedDate":"2023-01-19"},{"lineNumber":9,"author":{"gitId":"CShuwen"},"content":"    @Override","lastModifiedDate":"2023-01-19"},{"lineNumber":10,"author":{"gitId":"CShuwen"},"content":"    public String toString(){","lastModifiedDate":"2023-01-19"},{"lineNumber":11,"author":{"gitId":"CShuwen"},"content":"        return \"[E]\" + super.toString() + \"(\" + this.duration + \")\";","lastModifiedDate":"2023-01-19"},{"lineNumber":12,"author":{"gitId":"CShuwen"},"content":"    }","lastModifiedDate":"2023-01-19"},{"lineNumber":13,"author":{"gitId":"CShuwen"},"content":"}","lastModifiedDate":"2023-01-19"}],"authorContributionMap":{"CShuwen":13}},{"path":"src/main/java/Task.java","fileType":"java","lines":[{"lineNumber":1,"author":{"gitId":"CShuwen"},"content":"public class Task {","lastModifiedDate":"2023-01-18"},{"lineNumber":2,"author":{"gitId":"CShuwen"},"content":"    protected String description;","lastModifiedDate":"2023-01-18"},{"lineNumber":3,"author":{"gitId":"CShuwen"},"content":"    protected boolean isDone;","lastModifiedDate":"2023-01-18"},{"lineNumber":4,"author":{"gitId":"CShuwen"},"content":"","lastModifiedDate":"2023-01-18"},{"lineNumber":5,"author":{"gitId":"CShuwen"},"content":"    public Task(String description){","lastModifiedDate":"2023-01-18"},{"lineNumber":6,"author":{"gitId":"CShuwen"},"content":"        this.description \u003d description;","lastModifiedDate":"2023-01-18"},{"lineNumber":7,"author":{"gitId":"CShuwen"},"content":"        this.isDone \u003d false;","lastModifiedDate":"2023-01-18"},{"lineNumber":8,"author":{"gitId":"CShuwen"},"content":"    }","lastModifiedDate":"2023-01-18"},{"lineNumber":9,"author":{"gitId":"CShuwen"},"content":"","lastModifiedDate":"2023-01-18"},{"lineNumber":10,"author":{"gitId":"CShuwen"},"content":"    public String getDes(){","lastModifiedDate":"2023-01-18"},{"lineNumber":11,"author":{"gitId":"CShuwen"},"content":"        return description;","lastModifiedDate":"2023-01-18"},{"lineNumber":12,"author":{"gitId":"CShuwen"},"content":"    }","lastModifiedDate":"2023-01-18"},{"lineNumber":13,"author":{"gitId":"CShuwen"},"content":"","lastModifiedDate":"2023-01-18"},{"lineNumber":14,"author":{"gitId":"CShuwen"},"content":"    public String getStatusIcon(){","lastModifiedDate":"2023-01-18"},{"lineNumber":15,"author":{"gitId":"CShuwen"},"content":"        return (isDone? \"[X]\": \"[ ]\");","lastModifiedDate":"2023-01-18"},{"lineNumber":16,"author":{"gitId":"CShuwen"},"content":"    }","lastModifiedDate":"2023-01-18"},{"lineNumber":17,"author":{"gitId":"CShuwen"},"content":"    public void markAsDone(){","lastModifiedDate":"2023-01-18"},{"lineNumber":18,"author":{"gitId":"CShuwen"},"content":"        isDone \u003d true;","lastModifiedDate":"2023-01-18"},{"lineNumber":19,"author":{"gitId":"CShuwen"},"content":"    }","lastModifiedDate":"2023-01-18"},{"lineNumber":20,"author":{"gitId":"CShuwen"},"content":"    public void unMark(){","lastModifiedDate":"2023-01-18"},{"lineNumber":21,"author":{"gitId":"CShuwen"},"content":"        isDone \u003d false;","lastModifiedDate":"2023-01-18"},{"lineNumber":22,"author":{"gitId":"CShuwen"},"content":"    }","lastModifiedDate":"2023-01-18"},{"lineNumber":23,"author":{"gitId":"CShuwen"},"content":"","lastModifiedDate":"2023-01-19"},{"lineNumber":24,"author":{"gitId":"CShuwen"},"content":"    public String toString(){","lastModifiedDate":"2023-01-19"},{"lineNumber":25,"author":{"gitId":"CShuwen"},"content":"        return this.getStatusIcon() + \" \" + this.getDes();","lastModifiedDate":"2023-01-19"},{"lineNumber":26,"author":{"gitId":"CShuwen"},"content":"    }","lastModifiedDate":"2023-01-19"},{"lineNumber":27,"author":{"gitId":"CShuwen"},"content":"}","lastModifiedDate":"2023-01-18"}],"authorContributionMap":{"CShuwen":27}},{"path":"src/main/java/ToDos.java","fileType":"java","lines":[{"lineNumber":1,"author":{"gitId":"CShuwen"},"content":"public class ToDos extends Task{","lastModifiedDate":"2023-01-19"},{"lineNumber":2,"author":{"gitId":"CShuwen"},"content":"    protected String by;","lastModifiedDate":"2023-01-19"},{"lineNumber":3,"author":{"gitId":"CShuwen"},"content":"","lastModifiedDate":"2023-01-19"},{"lineNumber":4,"author":{"gitId":"CShuwen"},"content":"    public ToDos(String description){","lastModifiedDate":"2023-01-19"},{"lineNumber":5,"author":{"gitId":"CShuwen"},"content":"        super(description);","lastModifiedDate":"2023-01-19"},{"lineNumber":6,"author":{"gitId":"CShuwen"},"content":"    }","lastModifiedDate":"2023-01-19"},{"lineNumber":7,"author":{"gitId":"CShuwen"},"content":"","lastModifiedDate":"2023-01-19"},{"lineNumber":8,"author":{"gitId":"CShuwen"},"content":"    @Override","lastModifiedDate":"2023-01-19"},{"lineNumber":9,"author":{"gitId":"CShuwen"},"content":"    public String toString(){","lastModifiedDate":"2023-01-19"},{"lineNumber":10,"author":{"gitId":"CShuwen"},"content":"        return \"[T]\" + super.toString();","lastModifiedDate":"2023-01-19"},{"lineNumber":11,"author":{"gitId":"CShuwen"},"content":"    }","lastModifiedDate":"2023-01-19"},{"lineNumber":12,"author":{"gitId":"CShuwen"},"content":"}","lastModifiedDate":"2023-01-19"},{"lineNumber":13,"author":{"gitId":"CShuwen"},"content":"","lastModifiedDate":"2023-01-19"}],"authorContributionMap":{"CShuwen":13}},{"path":"text-ui-test/input.txt","fileType":"txt","lines":[{"lineNumber":1,"author":{"gitId":"CShuwen"},"content":"todo hello","lastModifiedDate":"2023-01-19"},{"lineNumber":2,"author":{"gitId":"CShuwen"},"content":"list","lastModifiedDate":"2023-01-19"}],"authorContributionMap":{"CShuwen":2}}]
