{"authorDailyContributionsMap":{"CShuwen":[{"date":"2023-01-18","commitResults":[{"hash":"e5719af3035fef78484c06bb17754ee15712a6a8","messageTitle":"Level1, greet, Echo and Exit","messageBody":"","tags":["Level-1"],"fileTypesAndContributionMap":{"java":{"insertions":11,"deletions":6}}},{"hash":"386b88b08af5dfcbd6c592389bc99eb70dfc5538","messageTitle":"Level2, add and list","messageBody":"","tags":["Level-2"],"fileTypesAndContributionMap":{"java":{"insertions":15,"deletions":2}}},{"hash":"8edba900cd3c2fdd767105a72ec2029f8b5ca1ba","messageTitle":"Level 3 Mark as Done","messageBody":"","tags":["Level-3"],"fileTypesAndContributionMap":{"java":{"insertions":45,"deletions":6}}}]},{"date":"2023-01-19","commitResults":[{"hash":"9f13c0b987ed5d59a48018d412254dd67cf10ae9","messageTitle":"Level 4 ToDos, Events, Deadlines","messageBody":"","tags":["Level-4"],"fileTypesAndContributionMap":{"java":{"insertions":67,"deletions":2}}},{"hash":"76a7943c62dd0b2a32122283fc4a6cba4390e761","messageTitle":"A-TextUiTesting","messageBody":"","fileTypesAndContributionMap":{"txt":{"insertions":1,"deletions":0}}},{"hash":"fabf021324dca11beeff30c58086d414bc264b68","messageTitle":"A-TextUiTesting","messageBody":"","fileTypesAndContributionMap":{"txt":{"insertions":1,"deletions":1}}},{"hash":"ad3178ebb1beb6d0cd0f8ea51a30286ebfa689f5","messageTitle":"A-TextUiTesting","messageBody":"","tags":["A-TextUiTesting"],"fileTypesAndContributionMap":{"txt":{"insertions":1,"deletions":0}}},{"hash":"8fb59c4059f667481b54c1874c94b55811106815","messageTitle":"Level5 Handle Errors","messageBody":"","tags":["Level-5"],"fileTypesAndContributionMap":{"java":{"insertions":84,"deletions":42}}},{"hash":"da95a38dacd68fab97247bb71be78ddabbc7c466","messageTitle":"Level6 Delete","messageBody":"","tags":["Level-8","Level-6"],"fileTypesAndContributionMap":{"java":{"insertions":24,"deletions":6}}}]},{"date":"2023-01-27","commitResults":[{"hash":"982b3282207572df96564fb776eca7905b8d3481","messageTitle":"Level 7 Create class database, allow tasks to be stored locally.","messageBody":"","tags":["Level-7"],"fileTypesAndContributionMap":{"java":{"insertions":180,"deletions":26}}}]},{"date":"2023-01-28","commitResults":[{"hash":"1547149675ea1107d1615ac1d5583bbb50aec439","messageTitle":"correct errors in printing responses","messageBody":"","fileTypesAndContributionMap":{"java":{"insertions":26,"deletions":16}}}]},{"date":"2023-01-29","commitResults":[{"hash":"f9ff348cfde18ebec2a9619aba7ef10886c68e2d","messageTitle":"level 7- update delete, mark and unmark after storing tasks data locally","messageBody":"","fileTypesAndContributionMap":{"java":{"insertions":93,"deletions":44}}}]},{"date":"2023-01-30","commitResults":[{"hash":"da5a107f834f65a6899cb9c10ec8de8adba84c72","messageTitle":"level 8 - change Dates and times","messageBody":"","fileTypesAndContributionMap":{"java":{"insertions":66,"deletions":29}}},{"hash":"db2e2e8a259a1921d21631c950daf7a642d8d737","messageTitle":"correct error: not able to detect empty deadline/event description","messageBody":"","fileTypesAndContributionMap":{"java":{"insertions":4,"deletions":2}}}]},{"date":"2023-01-31","commitResults":[{"hash":"4a930411c4e132a4ac9b4cde8280056410d2fbd9","messageTitle":"Improve OOP for DUKE","messageBody":"","tags":["A-MoreOOP"],"fileTypesAndContributionMap":{"java":{"insertions":213,"deletions":142}}},{"hash":"06bb12f11e6210c49743733115185b1024517776","messageTitle":"Refactor into Duke Package","messageBody":"","tags":["A-Packages"],"fileTypesAndContributionMap":{"java":{"insertions":32,"deletions":16},"bat":{"insertions":1,"deletions":1},"md":{"insertions":2,"deletions":2}}},{"hash":"9b209e24d00a0fc997248acc2878be9fef9106b8","messageTitle":"Use Gradle","messageBody":"","fileTypesAndContributionMap":{"gradle":{"insertions":2,"deletions":1},"java":{"insertions":16,"deletions":12},"bat":{"insertions":1,"deletions":1},"md":{"insertions":2,"deletions":2}}},{"hash":"37e284662cca195a987b7defa0340a7a36e54103","messageTitle":"JUnit Test implemented","messageBody":"","tags":["A-JUnit"],"fileTypesAndContributionMap":{"gradle":{"insertions":0,"deletions":1},"java":{"insertions":33,"deletions":0}}}]}]},"authorFileTypeContributionMap":{"CShuwen":{"java":565,"md":2,"fxml":0,"sh":0,"bat":1,"gradle":1,"txt":2}},"authorContributionVariance":{"CShuwen":14579.181},"authorDisplayNameMap":{"CShuwen":"CS2103T-W09-3 CHEN..UWEN"}}
