{"authorDailyContributionsMap":{"Acerizm":[{"date":"2023-01-20","commitResults":[{"hash":"fb8d150e35ffa74d5fa90dfbfb2e569e4563ed7d","messageTitle":"Added custom logo and basic chat feature as per requirements of of Level-1","messageBody":"","tags":["Level-1"],"fileTypesAndContributionMap":{"java":{"insertions":37,"deletions":10}}},{"hash":"746ae2bff894ced032e1ec4dcfe8307a3e91128c","messageTitle":"added list for printing out stuff","messageBody":"","fileTypesAndContributionMap":{"java":{"insertions":16,"deletions":3}}},{"hash":"c4558422d53e4ee319a7977f6da5e50df9f4f85e","messageTitle":"fixed bug for listing incorrect index","messageBody":"","tags":["Level-2"],"fileTypesAndContributionMap":{"java":{"insertions":1,"deletions":1}}},{"hash":"1e71903a1b442e6b580f4bb5c335907ecd13d8b3","messageTitle":"added Task class and added enums as well","messageBody":"","tags":["Level-3","A-Enums"],"fileTypesAndContributionMap":{"java":{"insertions":76,"deletions":11}}},{"hash":"3bf132393dc3bd058f65f246ba338f706cc01cbb","messageTitle":"added typeOfTasks as enums","messageBody":"","fileTypesAndContributionMap":{"java":{"insertions":90,"deletions":16}}},{"hash":"e8318f9d4f7f2946936ed67eebc8267b47f5aeb7","messageTitle":"refactoring code to support inheritance for tasks","messageBody":"","fileTypesAndContributionMap":{"java":{"insertions":152,"deletions":52}}},{"hash":"80229059b39db9aca6e196ce3e5b3ea1921b2baf","messageTitle":"fixed major bugs and output is showing correctly as manually tested without automated testing","messageBody":"","tags":["Level-4"],"fileTypesAndContributionMap":{"java":{"insertions":23,"deletions":10}}}]},{"date":"2023-01-24","commitResults":[{"hash":"321bd82be689ba09d2184d0943983e01ea23b76c","messageTitle":"tested testing using bat file","messageBody":"","tags":["A-TextUiTesting"],"fileTypesAndContributionMap":{"txt":{"insertions":1,"deletions":0}}},{"hash":"cf3757c80d2d8898a46b6f04d0c93f73e0070fbe","messageTitle":"added DukeException class with proper handling of error using custom exception class and methods. Refactored code to fit level 5.","messageBody":"","tags":["Level-5"],"fileTypesAndContributionMap":{"java":{"insertions":221,"deletions":104}}},{"hash":"5a1f3be7efd56e5a69b7baf5426d9fb7c1004d75","messageTitle":"added delete capability with custom error validation","messageBody":"","tags":["Level-6"],"fileTypesAndContributionMap":{"java":{"insertions":37,"deletions":3}}}]},{"date":"2023-01-29","commitResults":[{"hash":"fcfbbf40760f7a5add8d3079723275c6cdd84a8f","messageTitle":"add saving and loading data using .txt file","messageBody":"","fileTypesAndContributionMap":{"java":{"insertions":44,"deletions":8}}},{"hash":"85a3c50fac21ecd17eea71232260d54a1e8c6ca8","messageTitle":"add dates and times for events and deadlines","messageBody":"","fileTypesAndContributionMap":{"java":{"insertions":114,"deletions":20}}},{"hash":"4c087d57922e7ea573fa7a3060e24567ebebd776","messageTitle":"fix branching issue","messageBody":"","tags":["Level-8","Level-7"],"fileTypesAndContributionMap":{"java":{"insertions":0,"deletions":6}}},{"hash":"49f2a639e91f1188bd269f4ff7f5d9f26f49d5c2","messageTitle":"seperate logic into different classes","messageBody":"","fileTypesAndContributionMap":{"java":{"insertions":321,"deletions":278}}}]},{"date":"2023-01-30","commitResults":[{"hash":"6f7bfb837a65bbc539b7c18a4cf766eec57eb7ed","messageTitle":"reafctor code with multiple classes","messageBody":"","tags":["A-MoreOOP"],"fileTypesAndContributionMap":{"java":{"insertions":666,"deletions":334}}},{"hash":"e2772d1850cfe3f8d6ff5b04fc1af5a20500a736","messageTitle":"add packages and fix bugs related to marking and unmarking tasks","messageBody":"","tags":["A-Packages"],"fileTypesAndContributionMap":{"java":{"insertions":26,"deletions":11}}}]},{"date":"2023-02-02","commitResults":[{"hash":"c678578a00258c502c9b1055e2323ce4704eac8f","messageTitle":"add JUnit test folders and files for testing","messageBody":"","tags":["A-Jar","A-JUnit"],"fileTypesAndContributionMap":{"java":{"insertions":34,"deletions":0}}}]},{"date":"2023-02-03","commitResults":[{"hash":"c97b98ea415f39a41821919aeac6de70443df02a","messageTitle":"add JavaDocs for classes in \"actions\" package","messageBody":"","fileTypesAndContributionMap":{"java":{"insertions":119,"deletions":38}}},{"hash":"a1898c9eda8b696d6b1184ecdf19cb27b31c4398","messageTitle":"add JavaDocs for remaining classes in other packages.","messageBody":"","fileTypesAndContributionMap":{"java":{"insertions":328,"deletions":34}}},{"hash":"4e90b0807c9768d2c8314ec9682886c43c4dc13c","messageTitle":"add appropiate spacing between variables and function declaration to follow the Java coding standard","messageBody":"","tags":["A-CodingStandard"],"fileTypesAndContributionMap":{"java":{"insertions":74,"deletions":72}}},{"hash":"2611e7bf8eab2f1dfc5c7434716913f68d011240","messageTitle":"add find command that allows user to search for similar task based on description given","messageBody":"","fileTypesAndContributionMap":{"java":{"insertions":153,"deletions":15}}}]}]},"authorFileTypeContributionMap":{"Acerizm":{"java":1519,"md":0,"fxml":0,"sh":0,"bat":0,"gradle":0,"txt":1}},"authorContributionVariance":{"Acerizm":100104.805},"authorDisplayNameMap":{"Acerizm":"CS2103-F10-3 HAIQ..AFFI"}}
