{"authorDailyContributionsMap":{"Acerizm":[{"date":"2023-01-20","commitResults":[{"hash":"fb8d150e35ffa74d5fa90dfbfb2e569e4563ed7d","messageTitle":"Added custom logo and basic chat feature as per requirements of of Level-1","messageBody":"","tags":["Level-1"],"fileTypesAndContributionMap":{"java":{"insertions":37,"deletions":10}}},{"hash":"746ae2bff894ced032e1ec4dcfe8307a3e91128c","messageTitle":"added list for printing out stuff","messageBody":"","fileTypesAndContributionMap":{"java":{"insertions":16,"deletions":3}}},{"hash":"c4558422d53e4ee319a7977f6da5e50df9f4f85e","messageTitle":"fixed bug for listing incorrect index","messageBody":"","tags":["Level-2"],"fileTypesAndContributionMap":{"java":{"insertions":1,"deletions":1}}},{"hash":"1e71903a1b442e6b580f4bb5c335907ecd13d8b3","messageTitle":"added Task class and added enums as well","messageBody":"","tags":["Level-3","A-Enums"],"fileTypesAndContributionMap":{"java":{"insertions":76,"deletions":11}}},{"hash":"3bf132393dc3bd058f65f246ba338f706cc01cbb","messageTitle":"added typeOfTasks as enums","messageBody":"","fileTypesAndContributionMap":{"java":{"insertions":90,"deletions":16}}},{"hash":"e8318f9d4f7f2946936ed67eebc8267b47f5aeb7","messageTitle":"refactoring code to support inheritance for tasks","messageBody":"","fileTypesAndContributionMap":{"java":{"insertions":152,"deletions":52}}},{"hash":"80229059b39db9aca6e196ce3e5b3ea1921b2baf","messageTitle":"fixed major bugs and output is showing correctly as manually tested without automated testing","messageBody":"","tags":["Level-4"],"fileTypesAndContributionMap":{"java":{"insertions":23,"deletions":10}}}]},{"date":"2023-01-24","commitResults":[{"hash":"321bd82be689ba09d2184d0943983e01ea23b76c","messageTitle":"tested testing using bat file","messageBody":"","tags":["A-TextUiTesting"],"fileTypesAndContributionMap":{"txt":{"insertions":1,"deletions":0}}},{"hash":"cf3757c80d2d8898a46b6f04d0c93f73e0070fbe","messageTitle":"added DukeException class with proper handling of error using custom exception class and methods. Refactored code to fit level 5.","messageBody":"","tags":["Level-5"],"fileTypesAndContributionMap":{"java":{"insertions":221,"deletions":104}}},{"hash":"5a1f3be7efd56e5a69b7baf5426d9fb7c1004d75","messageTitle":"added delete capability with custom error validation","messageBody":"","tags":["Level-6"],"fileTypesAndContributionMap":{"java":{"insertions":37,"deletions":3}}}]}]},"authorFileTypeContributionMap":{"Acerizm":{"java":453,"md":0,"fxml":0,"sh":0,"bat":0,"gradle":0,"txt":1}},"authorContributionVariance":{"Acerizm":26646.0},"authorDisplayNameMap":{"Acerizm":"CS2103-F10-3 HAIQ..AFFI"}}
