{"authorDailyContributionsMap":{"YuanXun9834":[{"date":"2023-01-13","commitResults":[{"hash":"1a22bb6b4977e479857c51992e65f14e3c3f69dd","messageTitle":"Complete Level-1","messageBody":"","tags":["Level-1"],"fileTypesAndContributionMap":{"java":{"insertions":23,"deletions":0}}},{"hash":"b357f6adb4058474296c0b52f1f874d4e456a946","messageTitle":"Complete Level-2","messageBody":"","tags":["Level-2"],"fileTypesAndContributionMap":{"java":{"insertions":28,"deletions":6}}},{"hash":"e8c8fba64fa81de19b7441303e9153c8e3730447","messageTitle":"complete Level-3","messageBody":"","tags":["Level-3"],"fileTypesAndContributionMap":{"java":{"insertions":66,"deletions":14}}},{"hash":"38c57df551b119a48ea33af26000bbf9d6c24dfa","messageTitle":"Complete Level-4","messageBody":"","tags":["Level-4"],"fileTypesAndContributionMap":{"java":{"insertions":55,"deletions":2}}}]},{"date":"2023-01-15","commitResults":[{"hash":"070ae0490ee922ecd27e30ccefbe8f852e367a56","messageTitle":"Completed A-TextUiTesting","messageBody":"","tags":["A-TextUiTesting"],"fileTypesAndContributionMap":{"txt":{"insertions":9,"deletions":0}}}]},{"date":"2023-01-16","commitResults":[{"hash":"61431b754636deec77acc398ca010077b400da8f","messageTitle":"Completed A-Exceptions","messageBody":"","tags":["Level-5","A-Exceptions"],"fileTypesAndContributionMap":{"java":{"insertions":57,"deletions":17}}},{"hash":"e6c56e803663065db9bd1533b57162981ba3c10a","messageTitle":"Completed Level-6","messageBody":"","tags":["Level-6"],"fileTypesAndContributionMap":{"java":{"insertions":26,"deletions":10}}}]}]},"authorFileTypeContributionMap":{"YuanXun9834":{"java":205,"md":0,"fxml":0,"sh":0,"bat":0,"gradle":0,"txt":9}},"authorContributionVariance":{"YuanXun9834":6331.1875},"authorDisplayNameMap":{"YuanXun9834":"LIN .. XUN"}}
