{"authorDailyContributionsMap":{"chongweiguan":[{"date":"2023-01-18","commitResults":[{"hash":"e0b2b0ad7a06c9fe85fe16af039b9fec6b1ae2c7","messageTitle":"testing","messageBody":"","fileTypesAndContributionMap":{"java":{"insertions":3,"deletions":2}}},{"hash":"397b6156b5f56b02649189de983e483cdc8fc354","messageTitle":"this is another test","messageBody":"","fileTypesAndContributionMap":{"java":{"insertions":1,"deletions":1}}},{"hash":"bb3b698567df8446e0f6293226b83c3a978a4d06","messageTitle":"Level 1. Greet, Echo, Exit","messageBody":"","tags":["Level-1"],"fileTypesAndContributionMap":{"java":{"insertions":14,"deletions":1}}},{"hash":"bb5eb08ebe05875cf09945b7e67bce374bb7d3f6","messageTitle":"Level 2 complete","messageBody":"","tags":["Level-2"],"fileTypesAndContributionMap":{"java":{"insertions":7,"deletions":1}}},{"hash":"c50d6920843d49c0315e04b8a1eefe46702c5d21","messageTitle":"added Task.java and Level-3 completed","messageBody":"","tags":["Level-3"],"fileTypesAndContributionMap":{"java":{"insertions":34,"deletions":3}}}]},{"date":"2023-01-19","commitResults":[{"hash":"88fa1d16088f3be0259981f9510c9052bd93119e","messageTitle":"added Task.java and Level-4 completed","messageBody":"","tags":["Level-4"],"fileTypesAndContributionMap":{"java":{"insertions":117,"deletions":9}}},{"hash":"8cdf7067d6997307680ff01fd6e7b7ec8d59c84d","messageTitle":"Level-5 completed","messageBody":"","tags":["Level-5"],"fileTypesAndContributionMap":{"java":{"insertions":47,"deletions":26}}},{"hash":"c37ae7ccaad2db61fb6945651fb835b66ba8215e","messageTitle":"Level-6 completed","messageBody":"","tags":["Level-6"],"fileTypesAndContributionMap":{"java":{"insertions":13,"deletions":0}}},{"hash":"29d6b6fd12c49872c511e268a6cf25c2e6a338e3","messageTitle":"input.txt and expected.txt updated","messageBody":"","tags":["A-TextUiTesting"],"fileTypesAndContributionMap":{"txt":{"insertions":12,"deletions":0}}}]}]},"authorFileTypeContributionMap":{"chongweiguan":{"java":195,"md":0,"fxml":0,"sh":0,"bat":0,"gradle":0,"txt":12}},"authorContributionVariance":{"chongweiguan":6081.102},"authorDisplayNameMap":{"chongweiguan":"CHON..GUAN"}}
