{"authorDailyContributionsMap":{"dillongoh":[{"date":"2023-01-13","commitResults":[{"hash":"97a28a780f7846ae21570cc7598b22e298fd5ab6","messageTitle":"modified duke.java to greet, echo and exit","messageBody":"","tags":["Level-1"],"fileTypesAndContributionMap":{"java":{"insertions":22,"deletions":6}}},{"hash":"0a33e45eaa22cbced7cb461c3f735c264870b85b","messageTitle":"added Add and List features","messageBody":"","tags":["Level-2","A-Collections"],"fileTypesAndContributionMap":{"java":{"insertions":11,"deletions":4}}}]},{"date":"2023-01-16","commitResults":[{"hash":"4c759bdff11e44cb2368324c55142f02c607e9d5","messageTitle":"renamed bot to TunaBot and added Task object to manage tasks","messageBody":"","tags":["Level-3","A-Classes"],"fileTypesAndContributionMap":{"java":{"insertions":82,"deletions":33}}},{"hash":"055306ba291052a4449e052ceb8706bc7c706c78","messageTitle":"added support for tracking ToDo, Event and Deadline tasks.","messageBody":"","tags":["Level-4","A-Inheritance"],"fileTypesAndContributionMap":{"java":{"insertions":94,"deletions":10}}},{"hash":"cb38f98c23152dbb6b1419800dd43075a77ead77","messageTitle":"added support for testing using redirection technique","messageBody":"","tags":["A-TextUiTesting"],"fileTypesAndContributionMap":{"txt":{"insertions":12,"deletions":0},"bat":{"insertions":1,"deletions":1}}},{"hash":"fcd581c1d13d1c38bd5f8d9bf60f4c3d90bc5f8a","messageTitle":"modified runtest.sh to new bot name","messageBody":"","fileTypesAndContributionMap":{"sh":{"insertions":1,"deletions":1}}}]},{"date":"2023-01-17","commitResults":[{"hash":"73e06eb4c6dded0ceb6574a6fe77269a1cc1344a","messageTitle":"added support for error handling","messageBody":"","tags":["Level-5","A-Exceptions"],"fileTypesAndContributionMap":{"java":{"insertions":94,"deletions":53}}},{"hash":"3206e5031495ccb5eb42c202c44334350d5a62be","messageTitle":"updated Task.java, Deadline.java, Event.java","messageBody":"","fileTypesAndContributionMap":{"java":{"insertions":6,"deletions":6}}},{"hash":"08a1bff214a499e3812f20054b5c2bf6cdee49db","messageTitle":"updated EXPECTED.TXT and input.txt to test error handling","messageBody":"","fileTypesAndContributionMap":{"txt":{"insertions":17,"deletions":0}}},{"hash":"8f396ebcdef17a0051957baf47d5ce35499f80e9","messageTitle":"added support for deleting tasks","messageBody":"","tags":["Level-6"],"fileTypesAndContributionMap":{"java":{"insertions":16,"deletions":0}}},{"hash":"f68cc77c48658e7f10f3482b593745edaf358e6c","messageTitle":"modified input.txt to test delete","messageBody":"","fileTypesAndContributionMap":{"txt":{"insertions":3,"deletions":1}}}]},{"date":"2023-01-25","commitResults":[{"hash":"0fc5d632fd44b8202ef244f1010e2bac6682bcf0","messageTitle":"Add Save feature to maintain task list after TunaBot is closed","messageBody":"","tags":["Level-7"],"fileTypesAndContributionMap":{"java":{"insertions":86,"deletions":5}}},{"hash":"c88aa2b6315a31c915e94830519e096a9a8f497f","messageTitle":"Add support for LocalDateTime format in Deadline and Events","messageBody":"","tags":["Level-8"],"fileTypesAndContributionMap":{"java":{"insertions":25,"deletions":10}}}]},{"date":"2023-01-26","commitResults":[{"hash":"34698dba6e7b4845bc1dd378db9f56b000911647","messageTitle":"Fix bugs involving date and savng format","messageBody":"","fileTypesAndContributionMap":{"txt":{"insertions":3,"deletions":3},"java":{"insertions":7,"deletions":9}}}]}]},"authorFileTypeContributionMap":{"dillongoh":{"java":320,"md":0,"fxml":0,"sh":1,"bat":1,"gradle":0,"txt":31}},"authorContributionVariance":{"dillongoh":6015.3877},"authorDisplayNameMap":{"dillongoh":"CS2103T-T12-4 DILL.. WEE"}}
