{"authorDailyContributionsMap":{"dillongoh":[{"date":"2023-01-13","commitResults":[{"hash":"97a28a780f7846ae21570cc7598b22e298fd5ab6","messageTitle":"modified duke.java to greet, echo and exit","messageBody":"","tags":["Level-1"],"fileTypesAndContributionMap":{"java":{"insertions":22,"deletions":6}}},{"hash":"0a33e45eaa22cbced7cb461c3f735c264870b85b","messageTitle":"added Add and List features","messageBody":"","tags":["Level-2","A-Collections"],"fileTypesAndContributionMap":{"java":{"insertions":11,"deletions":4}}}]},{"date":"2023-01-16","commitResults":[{"hash":"4c759bdff11e44cb2368324c55142f02c607e9d5","messageTitle":"renamed bot to TunaBot and added Task object to manage tasks","messageBody":"","tags":["Level-3","A-Classes"],"fileTypesAndContributionMap":{"java":{"insertions":82,"deletions":33}}},{"hash":"055306ba291052a4449e052ceb8706bc7c706c78","messageTitle":"added support for tracking ToDo, Event and Deadline tasks.","messageBody":"","tags":["Level-4","A-Inheritance"],"fileTypesAndContributionMap":{"java":{"insertions":94,"deletions":10}}},{"hash":"cb38f98c23152dbb6b1419800dd43075a77ead77","messageTitle":"added support for testing using redirection technique","messageBody":"","tags":["A-TextUiTesting"],"fileTypesAndContributionMap":{"txt":{"insertions":12,"deletions":0},"bat":{"insertions":1,"deletions":1}}},{"hash":"fcd581c1d13d1c38bd5f8d9bf60f4c3d90bc5f8a","messageTitle":"modified runtest.sh to new bot name","messageBody":"","fileTypesAndContributionMap":{"sh":{"insertions":1,"deletions":1}}}]},{"date":"2023-01-17","commitResults":[{"hash":"73e06eb4c6dded0ceb6574a6fe77269a1cc1344a","messageTitle":"added support for error handling","messageBody":"","tags":["Level-5","A-Exceptions"],"fileTypesAndContributionMap":{"java":{"insertions":94,"deletions":53}}},{"hash":"3206e5031495ccb5eb42c202c44334350d5a62be","messageTitle":"updated Task.java, Deadline.java, Event.java","messageBody":"","fileTypesAndContributionMap":{"java":{"insertions":6,"deletions":6}}},{"hash":"08a1bff214a499e3812f20054b5c2bf6cdee49db","messageTitle":"updated EXPECTED.TXT and input.txt to test error handling","messageBody":"","fileTypesAndContributionMap":{"txt":{"insertions":17,"deletions":0}}},{"hash":"8f396ebcdef17a0051957baf47d5ce35499f80e9","messageTitle":"added support for deleting tasks","messageBody":"","tags":["Level-6"],"fileTypesAndContributionMap":{"java":{"insertions":16,"deletions":0}}},{"hash":"f68cc77c48658e7f10f3482b593745edaf358e6c","messageTitle":"modified input.txt to test delete","messageBody":"","fileTypesAndContributionMap":{"txt":{"insertions":3,"deletions":1}}}]},{"date":"2023-01-25","commitResults":[{"hash":"0fc5d632fd44b8202ef244f1010e2bac6682bcf0","messageTitle":"Add Save feature to maintain task list after TunaBot is closed","messageBody":"","tags":["Level-7"],"fileTypesAndContributionMap":{"java":{"insertions":86,"deletions":5}}},{"hash":"c88aa2b6315a31c915e94830519e096a9a8f497f","messageTitle":"Add support for LocalDateTime format in Deadline and Events","messageBody":"","tags":["Level-8"],"fileTypesAndContributionMap":{"java":{"insertions":25,"deletions":10}}}]},{"date":"2023-01-26","commitResults":[{"hash":"34698dba6e7b4845bc1dd378db9f56b000911647","messageTitle":"Fix bugs involving date and savng format","messageBody":"","fileTypesAndContributionMap":{"txt":{"insertions":3,"deletions":3},"java":{"insertions":7,"deletions":9}}},{"hash":"0293aa96a369b6321d068155a0d425e84e24406a","messageTitle":"Add Storage object to handle loading and saving tasks to file.","messageBody":"","fileTypesAndContributionMap":{"java":{"insertions":71,"deletions":49}}},{"hash":"8bb0bbf7bf5491161aa3514e608f473bc8a80627","messageTitle":"Add Parser class to handle input of commands","messageBody":"","fileTypesAndContributionMap":{"java":{"insertions":114,"deletions":115}}},{"hash":"fe43545397a8bede57630e96a672d1f95b62ed27","messageTitle":"Add UI class to handle interactions with user.","messageBody":"","fileTypesAndContributionMap":{"java":{"insertions":45,"deletions":14}}},{"hash":"4a9ae9e2ec1209fab12498a0fe919b12f578b8ce","messageTitle":"Add TaskList class to manage tasks, modify Parser, Storage and TunaBot to use TaskList","messageBody":"","tags":["A-MoreOOP"],"fileTypesAndContributionMap":{"java":{"insertions":30,"deletions":12}}},{"hash":"8144287c2a8dd5328ff070a81556b3d5a64c4b42","messageTitle":"Organize classes into packages","messageBody":"","tags":["A-Packages"],"fileTypesAndContributionMap":{"java":{"insertions":39,"deletions":9},"bat":{"insertions":1,"deletions":1}}},{"hash":"6f734cf314393bcd102f916233f9ab8e851f9ba9","messageTitle":"Add Checkstyle support","messageBody":"","tags":["A-Checkstyle"],"fileTypesAndContributionMap":{"gradle":{"insertions":5,"deletions":0},"java":{"insertions":0,"deletions":1}}},{"hash":"7c05ced83de6d0260a569505ad3d19cbb87ee70e","messageTitle":"Add JUnit Tests for Task and Deadline classes","messageBody":"","tags":["A-Jar","A-JUnit"],"fileTypesAndContributionMap":{"gradle":{"insertions":1,"deletions":0},"java":{"insertions":60,"deletions":1}}},{"hash":"aec46d66fadf9187a9d8b82586b6811ad3410359","messageTitle":"Add JavaDoc comments to the code","messageBody":"","tags":["A-JavaDoc"],"fileTypesAndContributionMap":{"java":{"insertions":215,"deletions":105}}},{"hash":"e5b0d23d124bdce9e0734617b22ee207db442dc2","messageTitle":"Fix code style to comply with coding standard","messageBody":"","tags":["A-CodingStandard","A-Coding-Standard"],"fileTypesAndContributionMap":{"java":{"insertions":135,"deletions":134}}},{"hash":"b84f442078060edb13e4acb32fb0c7b27f62c84d","messageTitle":"Add Find command to search for tasks","messageBody":"","tags":["Level-9"],"fileTypesAndContributionMap":{"gradle":{"insertions":2,"deletions":2},"java":{"insertions":125,"deletions":93}}}]},{"date":"2023-01-30","commitResults":[{"hash":"0f78fb7ba439c226292195a99eba56473523092f","messageTitle":"Add basic support for GUI using JavaFX","messageBody":"","fileTypesAndContributionMap":{"gradle":{"insertions":19,"deletions":1},"java":{"insertions":276,"deletions":55}}},{"hash":"308c825e2c1cba2be829a7a733833383392bb7f8","messageTitle":"Format string outputs","messageBody":"","fileTypesAndContributionMap":{"java":{"insertions":36,"deletions":46}}}]},{"date":"2023-02-04","commitResults":[{"hash":"1e9514d22b182127846758c59a64d179ca14eb3b","messageTitle":"Add Assertions","messageBody":"There are no use of assert to define assumptions about program state.\n\nAssertions ensure that assumptions about program state are met when certain code is run\n\nLet\u0027s add assertions to Parser.java and TunaBot.java to ensure the TaskList object was initialised properly\n","tags":["A-Assertions","!A-FullCommitMessage"],"fileTypesAndContributionMap":{"java":{"insertions":4,"deletions":1}}},{"hash":"c7c362c1fb7f2568103a402720b2426e379932ef","messageTitle":"Improve Code Quality","messageBody":"Code quality have not been reviewed in a long time.\n\nImproving code quality improves readability and understandability of the code\n\nLet\u0027s improve code quality by extracting some methods from long classes making use of SLAP.\n","tags":["A-CodeQuality"],"fileTypesAndContributionMap":{"java":{"insertions":140,"deletions":92}}},{"hash":"ea0b2d98bf4c775664bf8e5f20ad2cbcc4626c5a","messageTitle":"Fix Checkstyle errors","messageBody":"","fileTypesAndContributionMap":{"java":{"insertions":1,"deletions":0}}},{"hash":"d1bada7382709aebc1b58c02b178ecc3f3a64c96","messageTitle":"Add an update feature to support editing existing tasks","messageBody":"","tags":["BCD-Extension"],"fileTypesAndContributionMap":{"java":{"insertions":77,"deletions":2}}},{"hash":"02befcca945ef42081e550c3c54fec8dbbf34f19","messageTitle":"Fixed checkstyle errors and removed unused imports","messageBody":"","fileTypesAndContributionMap":{"java":{"insertions":4,"deletions":5}}}]},{"date":"2023-02-12","commitResults":[{"hash":"bac19fdd32354f5c0be50873f3f07eb0eee5889f","messageTitle":"Improve the GUI by adding a custom made profile picture for TunaBot and User and using FXML","messageBody":"","tags":["A-Personality","A-BetterGui"],"fileTypesAndContributionMap":{"gradle":{"insertions":9,"deletions":13},"fxml":{"insertions":35,"deletions":0},"java":{"insertions":132,"deletions":168}}},{"hash":"7d05df615a86de9f87d4d98da608743ef7e07e13","messageTitle":"Fix some formatting issues and GUI not showing entire task list","messageBody":"","fileTypesAndContributionMap":{"fxml":{"insertions":2,"deletions":2},"java":{"insertions":46,"deletions":40}}},{"hash":"88bfec941b2bd5cad2dd0be2aac2f87949e1e7c0","messageTitle":"Add Ui.png","messageBody":"","fileTypesAndContributionMap":{"fxml":{"insertions":1,"deletions":1}}},{"hash":"184d6bf8122b603914f63513b7194eaa836e6971","messageTitle":"Add User Guide","messageBody":"","tags":["A-UserGuide","A-Release"],"fileTypesAndContributionMap":{"md":{"insertions":32,"deletions":25}}}]},{"date":"2023-02-14","commitResults":[{"hash":"3d6465bad042ed79dd6fdc55e89290acf1e1edfa","messageTitle":"Update JavaDocs","messageBody":"","fileTypesAndContributionMap":{"java":{"insertions":0,"deletions":0}}},{"hash":"57b155c86b84b430978558700cef272822bce5c5","messageTitle":"Update JavaDocs and applied SLAP to some long methods","messageBody":"","fileTypesAndContributionMap":{"fxml":{"insertions":1,"deletions":1},"java":{"insertions":66,"deletions":32}}},{"hash":"0dddff5f51d726d062b801cb5a8690a310c8bc1c","messageTitle":"Remove unnecessary JavaDoc","messageBody":"","fileTypesAndContributionMap":{"java":{"insertions":1,"deletions":4}}}]}]},"authorFileTypeContributionMap":{"dillongoh":{"java":956,"md":32,"fxml":35,"sh":1,"bat":1,"gradle":25,"txt":31}},"authorContributionVariance":{"dillongoh":69413.32},"authorDisplayNameMap":{"dillongoh":"CS2103T-T12-4 DILL.. WEE"}}
