{"authorDailyContributionsMap":{"jishnu28":[{"date":"2023-01-18","commitResults":[{"hash":"4d76248606b454f64a74ecfbba7b3e52a19afd99","messageTitle":"Completed Level-1","messageBody":"","tags":["Level-1"],"fileTypesAndContributionMap":{"java":{"insertions":26,"deletions":1}}}]},{"date":"2023-01-19","commitResults":[{"hash":"c7a5e7eb228da12ddf04fdf74181c2279ee4a568","messageTitle":"Added Level-2 features","messageBody":"","tags":["Level-2"],"fileTypesAndContributionMap":{"java":{"insertions":34,"deletions":4}}},{"hash":"2f4323ccf1f430ef3f624a143ab326263acf9164","messageTitle":"Added Level-3 features","messageBody":"","tags":["Level-3"],"fileTypesAndContributionMap":{"java":{"insertions":53,"deletions":6}}},{"hash":"41abde8fe09f20c2cfe55983ee7336379692cdff","messageTitle":"Added Level-4 features","messageBody":"","tags":["Level-4"],"fileTypesAndContributionMap":{"java":{"insertions":83,"deletions":10}}},{"hash":"d048c576eae3cdd67e51d1e9cfa0a75ef42ef650","messageTitle":"Added A-TextUiTesting features","messageBody":"","tags":["A-TextUiTesting"],"fileTypesAndContributionMap":{"txt":{"insertions":8,"deletions":0}}}]},{"date":"2023-01-20","commitResults":[{"hash":"8f9431e67ff86f3cfab53888b19174bdfd584074","messageTitle":"Added Level-5 features","messageBody":"","tags":["Level-5"],"fileTypesAndContributionMap":{"java":{"insertions":82,"deletions":19}}},{"hash":"c54f62ca02dec37a280ed4f85836e2e2631a3cde","messageTitle":"Added Level-6 features","messageBody":"","tags":["Level-6"],"fileTypesAndContributionMap":{"java":{"insertions":30,"deletions":5}}}]},{"date":"2023-01-25","commitResults":[{"hash":"cb7baaccb5c2690d3304be0e70683952d4bf9b91","messageTitle":"Fix coding standard","messageBody":"","fileTypesAndContributionMap":{"java":{"insertions":69,"deletions":68}}},{"hash":"d8f8f94758000f1cda63a729ef93e6216aacef90","messageTitle":"Added header comments","messageBody":"","fileTypesAndContributionMap":{"java":{"insertions":99,"deletions":23}}}]},{"date":"2023-01-28","commitResults":[{"hash":"b8b07e8ec4e3a030935bdb7c8e6a94e99f5c8e6d","messageTitle":"Added Level-7 features","messageBody":"","tags":["mid-level-7","Level-7"],"fileTypesAndContributionMap":{"txt":{"insertions":5,"deletions":0},"java":{"insertions":145,"deletions":18}}},{"hash":"7a88935822917d6c90289849ed4e06c09da6f5e4","messageTitle":"Added Level-8 features","messageBody":"","fileTypesAndContributionMap":{"java":{"insertions":14,"deletions":2}}},{"hash":"8b5a2577b0af9ab9401455bb43442ee1a91e8b7c","messageTitle":"Added A-MoreOOP features","messageBody":"","tags":["A-MoreOOP"],"fileTypesAndContributionMap":{"txt":{"insertions":4,"deletions":4},"java":{"insertions":165,"deletions":126}}}]},{"date":"2023-01-29","commitResults":[{"hash":"cea35ec85c9cc405217aff177189ff20a58ec5c0","messageTitle":"Added A-Packages features","messageBody":"","tags":["A-Packages"],"fileTypesAndContributionMap":{"java":{"insertions":119,"deletions":36}}},{"hash":"ac4e387b6d41f8f15d69bb43193ddb51871adf3f","messageTitle":"Added A-Gradle features","messageBody":"","tags":["A-Gradle"],"fileTypesAndContributionMap":{"txt":{"insertions":1,"deletions":1}}},{"hash":"60166af1a862e44c2e0db1bd67063496e9c0a1ba","messageTitle":"Added A-JUnit features","messageBody":"","tags":["A-JUnit"],"fileTypesAndContributionMap":{"java":{"insertions":72,"deletions":0}}},{"hash":"8c31b87e3891a903776f0532b4a749dae99d26a5","messageTitle":"Added A-Jar features","messageBody":"","tags":["A-Jar"],"fileTypesAndContributionMap":{"gradle":{"insertions":1,"deletions":1}}}]},{"date":"2023-01-30","commitResults":[{"hash":"40dde7c8624f7e3bfb9aec15e80ac17e6e843533","messageTitle":"Add Level-9 feature to branch","messageBody":"","tags":["Level-9"],"fileTypesAndContributionMap":{"txt":{"insertions":1,"deletions":1},"java":{"insertions":39,"deletions":8}}}]},{"date":"2023-02-09","commitResults":[{"hash":"c7c30f98ae7c74699bb3af848e8550d748fb95ee","messageTitle":"Add Level-10 feature to branch","messageBody":"","tags":["Level-10","A-JavaDoc","A-CodingStandard"],"fileTypesAndContributionMap":{"gradle":{"insertions":15,"deletions":0},"txt":{"insertions":4,"deletions":2},"java":{"insertions":280,"deletions":135}}}]},{"date":"2023-02-11","commitResults":[{"hash":"076e4adeec5ff42db0a50d8576cb74489173b6bf","messageTitle":"Add A-Assertions features","messageBody":"","fileTypesAndContributionMap":{"java":{"insertions":3,"deletions":0}}},{"hash":"8bc7c207cf05e042066d7732cf3e56a8eb24e152","messageTitle":"Add A-CodeQuality features","messageBody":"","fileTypesAndContributionMap":{"txt":{"insertions":4,"deletions":0},"java":{"insertions":69,"deletions":59}}}]},{"date":"2023-02-12","commitResults":[{"hash":"1f4d215a2d200650b82564027e9dc272ef544da8","messageTitle":"Edit assert statements to improve debug message","messageBody":"","fileTypesAndContributionMap":{"java":{"insertions":4,"deletions":2}}},{"hash":"7f19e8f982568d8f5fcfa643236dcc123b0f9770","messageTitle":"Edit header comments for class descriptions to better describe the class","messageBody":"","fileTypesAndContributionMap":{"java":{"insertions":2,"deletions":2}}},{"hash":"4f79ff1fce73bc6fd386b150c53ef1fe2486db48","messageTitle":"Commands to create new tasks and mark them as complete or incomplete require full taskType and instruction to be specified in command","messageBody":"This makes the commands long-winded and difficult to type\n\nLet\u0027s provide new shorter aliases for the keywords for the following commands:\n* d -\u003e deadline\n* t -\u003e todo\n* e -\u003e event\n* m -\u003e mark\n* um -\u003e unmark\n* del -\u003e delete\n\nThis makes the commands easier to type\n","tags":["A-FullCommitMessage"],"fileTypesAndContributionMap":{"txt":{"insertions":2,"deletions":0},"java":{"insertions":44,"deletions":26}}},{"hash":"aaf06df3466b8e93e9b863ca8c296d6194d91a9d","messageTitle":"Add A-UserGuide specifications","messageBody":"","tags":["A-UserGuide","A-Jar0.3"],"fileTypesAndContributionMap":{"txt":{"insertions":2,"deletions":0},"md":{"insertions":115,"deletions":12}}},{"hash":"774eaf4a1fb7b10270e04206dae383b3060a758e","messageTitle":"Modify build.gradle to set Launcher class as entrypoint","messageBody":"","fileTypesAndContributionMap":{"gradle":{"insertions":1,"deletions":1}}},{"hash":"dcba9caf6ffd341cb34e8c9e45a6d7a361b41c36","messageTitle":"Add Exception management for delete command","messageBody":"","tags":["A-MoreErrorHandling"],"fileTypesAndContributionMap":{"java":{"insertions":8,"deletions":3}}}]},{"date":"2023-02-13","commitResults":[{"hash":"cc10093e4261f41be2f5649e883c6139fb5ee607","messageTitle":"Add A-Personality features and adjust GUI","messageBody":"","tags":["A-Personality"],"fileTypesAndContributionMap":{"txt":{"insertions":0,"deletions":1},"java":{"insertions":19,"deletions":28}}},{"hash":"1c536369d188ad561a1e819373f546dc7ee92755","messageTitle":"Edit userguide to include more information","messageBody":"","fileTypesAndContributionMap":{"md":{"insertions":15,"deletions":9}}}]}]},"authorFileTypeContributionMap":{"jishnu28":{"java":885,"md":121,"fxml":0,"sh":0,"bat":0,"gradle":16,"txt":22}},"authorContributionVariance":{"jishnu28":16251.213},"authorDisplayNameMap":{"jishnu28":"CS2103T-W11-1 THAN..ANDH"}}
