{"authorDailyContributionsMap":{"axmszr":[{"date":"2023-01-19","commitResults":[{"hash":"5f7cc70951691074a52b5a84e035e116af6c458b","messageTitle":"Added Level 1 functionality Changed name to Cbot (should I change the .java file name too?)","messageBody":"","tags":["Level-1"],"fileTypesAndContributionMap":{"java":{"insertions":30,"deletions":3}}},{"hash":"f7f7b791a73e59e6c1109a525dfb0220d12efe40","messageTitle":"Added Level 2 functionality ToDo class to maintain list Duke modified","messageBody":"","tags":["Level-2"],"fileTypesAndContributionMap":{"java":{"insertions":18,"deletions":2}}},{"hash":"1fa376cdb806e97728607ca46c46227cd9d02c9f","messageTitle":"Added Level 3 functionality Task class, as suggested by website Added some error catching and stuff for commands","messageBody":"","fileTypesAndContributionMap":{"java":{"insertions":142,"deletions":3}}},{"hash":"21b595a34e77b0cff90501ce89d4f81b9fb5fec5","messageTitle":"Renamed Duke.java (main class) to Cbot.java","messageBody":"","tags":["Level-3"],"fileTypesAndContributionMap":{"java":{"insertions":1,"deletions":1}}},{"hash":"95368497784b4f33b5bc38ebd19d4b012ff944bb","messageTitle":"Added Level 4 functionality Made Command an enum, and the corresponding changes to Cbot","messageBody":"","tags":["Level-4","A-Enums"],"fileTypesAndContributionMap":{"java":{"insertions":215,"deletions":59}}},{"hash":"616f6dbf2fcca360b3cbbcbb37a7ab2b00888cd6","messageTitle":"Added Level 5 functionality Already had some, just made the no-input case more explicit Didn\u0027t use exceptions","messageBody":"","tags":["Level-5"],"fileTypesAndContributionMap":{"java":{"insertions":33,"deletions":17}}},{"hash":"0794234429c12871e1168aec3f94045f24e24e24","messageTitle":"Added Level 6 functionality Not much change! Just added one Command and one in the switch","messageBody":"","fileTypesAndContributionMap":{"java":{"insertions":20,"deletions":0}}},{"hash":"fb8b6a03d238b18dd0c8b9ecf15da71dd534fa73","messageTitle":"Tried a bit of TextUITesting :P","messageBody":"","tags":["A-TextUITesting"],"fileTypesAndContributionMap":{"txt":{"insertions":1,"deletions":0},"java":{"insertions":1,"deletions":1},"bat":{"insertions":1,"deletions":1}}}]},{"date":"2023-01-21","commitResults":[{"hash":"9bf3f1dca450ae688b54a62adb1d298a46279e47","messageTitle":"Change tabs to spaces","messageBody":"","tags":["Level-6"],"fileTypesAndContributionMap":{"java":{"insertions":360,"deletions":360}}},{"hash":"3aa07c00f82234624b7d7fce391d76c82101e27d","messageTitle":"Test force-push tags","messageBody":"","tags":["Temp-Test"],"fileTypesAndContributionMap":{"txt":{"insertions":0,"deletions":0}}},{"hash":"ff64f3d392dcd43d010cb803835b03a9c7046275","messageTitle":"Remove TEMP TEST.txt","messageBody":"","fileTypesAndContributionMap":{"txt":{"insertions":0,"deletions":0}}}]},{"date":"2023-01-24","commitResults":[{"hash":"c42f2e0b3e2553dbf9f43058af842a05b01fbbf3","messageTitle":"Add Level 7 functionality","messageBody":"","tags":["Level-7"],"fileTypesAndContributionMap":{"txt":{"insertions":4,"deletions":0},"java":{"insertions":172,"deletions":14}}},{"hash":"69e37900056eeb0bdf9a6cd4cb486fe8530bded3","messageTitle":"Add Level 8 functionality Add Filter, Before, After and Sort commands","messageBody":"","tags":["Level-8"],"fileTypesAndContributionMap":{"java":{"insertions":280,"deletions":28}}},{"hash":"59af4fe5adee535937ff881f12470bb7bb21c46b","messageTitle":"Bugfixes from merge Add done/undone options to Filter","messageBody":"","fileTypesAndContributionMap":{"txt":{"insertions":4,"deletions":3},"java":{"insertions":22,"deletions":9}}}]},{"date":"2023-01-25","commitResults":[{"hash":"232297cf7a7c004fb27513b241dab960a54f8009","messageTitle":"Add a lot of OOP (UI, Parser, TimeStuff) Add custom exceptions","messageBody":"","tags":["A-MoreOOP"],"fileTypesAndContributionMap":{"txt":{"insertions":1,"deletions":1},"java":{"insertions":544,"deletions":424}}},{"hash":"a98fe9022c953c98fc00d487cc2d29daae36dbaf","messageTitle":"Organize into Packages, change too many methods to public Struggle a bit Clean up Command","messageBody":"","tags":["A-Packages"],"fileTypesAndContributionMap":{"txt":{"insertions":1,"deletions":5},"java":{"insertions":100,"deletions":85}}}]},{"date":"2023-01-26","commitResults":[{"hash":"08896890858dafd1360d9716e0a3688a4d77d1f3","messageTitle":"Move TaskList to cbot.task package Clean up import statements Parser: slightly modify task symbol use","messageBody":"","fileTypesAndContributionMap":{"txt":{"insertions":3,"deletions":1},"java":{"insertions":58,"deletions":41}}},{"hash":"c6b9124fbd631dadc4c700fbc2dd075b84e839e3","messageTitle":"Setup IntelliJ Modify slightly for Java 11 standards","messageBody":"","fileTypesAndContributionMap":{"java":{"insertions":15,"deletions":22}}},{"hash":"beee6aba93aad78a40137d8302328bd84d18cb40","messageTitle":"Rearrange packages","messageBody":"","fileTypesAndContributionMap":{"java":{"insertions":52,"deletions":101}}},{"hash":"a67af7be0c5928bc1d87e90607c77553902b7b79","messageTitle":"Rearrange packages","messageBody":"","fileTypesAndContributionMap":{"java":{"insertions":36,"deletions":0}}},{"hash":"92145fa86f1f0acfdd08d77ef86e8e05839a72a6","messageTitle":"Add TimeStuff","messageBody":"","fileTypesAndContributionMap":{"java":{"insertions":4,"deletions":4}}}]},{"date":"2023-01-27","commitResults":[{"hash":"5ea4fbafdba610d91568e377406b0715c0823e37","messageTitle":"Add Gradle stuff","messageBody":"","tags":["A-Gradle"],"fileTypesAndContributionMap":{"gradle":{"insertions":2,"deletions":2},"txt":{"insertions":3,"deletions":3}}},{"hash":"253a088adf7601a9535215dfc1a9c3011ca0c7ff","messageTitle":"Add JUnit tests Run JUnit tests with Gradle","messageBody":"","tags":["v0.1","A-Jar","A-JUnit"],"fileTypesAndContributionMap":{"txt":{"insertions":0,"deletions":3},"java":{"insertions":523,"deletions":13}}},{"hash":"7021a8b5868ae3ff37ecbd3c3f1e17be77d71add","messageTitle":"Add JavaDoc comments to (almost) all non-private classes and methods.","messageBody":"","fileTypesAndContributionMap":{"java":{"insertions":508,"deletions":56}}},{"hash":"f0d4bb7f2fe823791b2aea096fc91e59eca72828","messageTitle":"Add Level 9 functionality Add some QoL stuff by allowing not-all-lower case","messageBody":"","fileTypesAndContributionMap":{"java":{"insertions":27,"deletions":3}}},{"hash":"272a4da4954b47917b0c8b8c9d3dccde85162977","messageTitle":"Check Coding Standard - all seems good?","messageBody":"","fileTypesAndContributionMap":{"txt":{"insertions":3,"deletions":0}}},{"hash":"f4479dea7ea01aff892f0f16d967114f3f9baf1a","messageTitle":"Merge Level-9 and A-JavaDoc Resolve conflicts","messageBody":"","tags":["v0.2","Level-9","A-JavaDoc","A-CodingStandard"],"fileTypesAndContributionMap":{"java":{"insertions":12,"deletions":3}}},{"hash":"47889c0132938f20d24ec1a3d96aae513f1f9e2e","messageTitle":"Update TaskTest.java to test getDesc() Build new JAR hehe","messageBody":"","fileTypesAndContributionMap":{"java":{"insertions":5,"deletions":0}}},{"hash":"4da52de6d3cf36d8e7f0f56d223027981ca7ff8d","messageTitle":"Use CheckStyle with Gradle","messageBody":"","fileTypesAndContributionMap":{"gradle":{"insertions":5,"deletions":0},"txt":{"insertions":3,"deletions":0},"java":{"insertions":172,"deletions":159}}},{"hash":"bdeb33458c796dc8395edd26df4ef58509793b76","messageTitle":"Use var-args for Command, Deadline, Event, and Task constructors","messageBody":"","fileTypesAndContributionMap":{"java":{"insertions":36,"deletions":78}}}]},{"date":"2023-02-01","commitResults":[{"hash":"414d1e9d3311269a0bb6af610ff6439c7f502c88","messageTitle":"Add Level 10 functionality Add GUI classes and package Add resource images and fxml files","messageBody":"","fileTypesAndContributionMap":{"gradle":{"insertions":15,"deletions":0},"txt":{"insertions":4,"deletions":0},"fxml":{"insertions":51,"deletions":0},"java":{"insertions":329,"deletions":170},"md":{"insertions":2,"deletions":2}}},{"hash":"ccb9923b362d2e7cd5e2be9a74d60c2d9068c981","messageTitle":"Clean up for checkstyle Set Launcher as the main class Attempt to merge cleanly (I prefer the CLI one :()","messageBody":"","tags":["v0.3","Level-10","A-Varargs","A-CheckStyle"],"fileTypesAndContributionMap":{"gradle":{"insertions":1,"deletions":1},"txt":{"insertions":2,"deletions":2},"java":{"insertions":80,"deletions":29}}}]},{"date":"2023-02-02","commitResults":[{"hash":"b49ed515e9d9005205a2b5ccb207eff84ff32268","messageTitle":"Change Task class alphabetical sorting to ignore caps Try to fix CbotBox.fxml formatting but it\u0027s still ugly","messageBody":"","fileTypesAndContributionMap":{"fxml":{"insertions":2,"deletions":2},"java":{"insertions":1,"deletions":1}}}]},{"date":"2023-02-03","commitResults":[{"hash":"1d329882ed777927a317ebbe08978199510c65eb","messageTitle":"Change some boolean names to better follow the Java coding standard (as suggested by @Karen-Lam !)","messageBody":"","fileTypesAndContributionMap":{"java":{"insertions":14,"deletions":14}}},{"hash":"c2242a39d196541dcf8000c4bf7a8da00f3a6fdb","messageTitle":"Fix issue with text that is too long with TextFlow; Explicitly split DialogBox into UserBox and CbotBox; Thank you @hingen for the reference! Change BLANK to empty String","messageBody":"","fileTypesAndContributionMap":{"txt":{"insertions":1,"deletions":1},"fxml":{"insertions":26,"deletions":7},"java":{"insertions":65,"deletions":25}}},{"hash":"7b841d077c07d2697c9994d6ec2ffeab78259878","messageTitle":"Add // Fallthrough comments in Parser#filter(); TaskList: Change the name of the ArrayList from tdl to tasks.","messageBody":"","fileTypesAndContributionMap":{"java":{"insertions":31,"deletions":19}}}]},{"date":"2023-02-04","commitResults":[{"hash":"519f6c8755c59da333a505a0be6edd6d5a517c1f","messageTitle":"Add REMOVE Command (same as DELETE); Task: Rename yesDo() and noDO() to mark and unmark; Parser: Rename c to command; UI: Remove linebreak at the end of printMany.","messageBody":"","fileTypesAndContributionMap":{"java":{"insertions":41,"deletions":60}}},{"hash":"a4a87de2e20a9baa9aa4e5cb7e8ccfd7a677e87f","messageTitle":"Command: Re-add the linebreaks between enum values.","messageBody":"","fileTypesAndContributionMap":{"java":{"insertions":25,"deletions":0}}},{"hash":"4bfae3a6c96ae50b3c655c53cd30ebefeda81478","messageTitle":"CbotBox: Go back to Label instead of TextFlow/Text, since newline bug fixed.","messageBody":"","fileTypesAndContributionMap":{"fxml":{"insertions":7,"deletions":26},"java":{"insertions":4,"deletions":3}}}]}]},"authorFileTypeContributionMap":{"axmszr":{"java":2169,"md":2,"fxml":51,"sh":0,"bat":1,"gradle":22,"txt":7}},"authorContributionVariance":{"axmszr":181499.62},"authorDisplayNameMap":{"axmszr":"CS2103-W17-2 SAMU..GASU"}}
