{"authorDailyContributionsMap":{"Jiayan-Lim":[{"date":"2023-01-17","commitResults":[{"hash":"2a5adb802bdbc58558617762e8909a19f1c969c5","messageTitle":"Lvl1: Implement Greet, Echo, Exit","messageBody":"","tags":["Level-1"],"fileTypesAndContributionMap":{"java":{"insertions":32,"deletions":6}}},{"hash":"06aecd2ce31dba94403eeaf14fd2116e5d2de797","messageTitle":"Lvl2: Implement add, list","messageBody":"","tags":["Level-2"],"fileTypesAndContributionMap":{"java":{"insertions":21,"deletions":3}}},{"hash":"83410001b33ed7fdbd57af5ccbbc747d637f6553","messageTitle":"Lvl3: Implement mark, unmark","messageBody":"","tags":["Level-3"],"fileTypesAndContributionMap":{"java":{"insertions":70,"deletions":12}}},{"hash":"34ed4141633f4fe8108c6eae60505d9583b9a825","messageTitle":"Lvl4: Implement ToDos, Events, Deadlines","messageBody":"","tags":["Level-4"],"fileTypesAndContributionMap":{"java":{"insertions":68,"deletions":13}}}]},{"date":"2023-01-18","commitResults":[{"hash":"e1b43bc0da7e152ec2e05d11fc97e8e8011d1e0e","messageTitle":"A-TextUiTesting: Automated Text UI Testing","messageBody":"","tags":["A-TextUiTesting"],"fileTypesAndContributionMap":{"txt":{"insertions":9,"deletions":0},"java":{"insertions":2,"deletions":2}}},{"hash":"2b75ad855955bbfd8c635046e09322cd785c2b2e","messageTitle":"fixed error in list function","messageBody":"","fileTypesAndContributionMap":{"java":{"insertions":1,"deletions":1}}},{"hash":"ad0220a7a67d265ca3e137128d578c046fbf3564","messageTitle":"Lvl5: Handle error","messageBody":"","tags":["Level-5"],"fileTypesAndContributionMap":{"java":{"insertions":111,"deletions":40}}},{"hash":"b1d1159d2453715480166d49a0385d872b81bdab","messageTitle":"Lvl6: Implement delete","messageBody":"","tags":["Level-6"],"fileTypesAndContributionMap":{"java":{"insertions":33,"deletions":22}}}]},{"date":"2023-01-24","commitResults":[{"hash":"7083078169eb1d5fc08be218e2688b397f9fd1dd","messageTitle":"Duke class: save data in hard disk","messageBody":"Task are only save as variable in Duke class.\n\nSave data in hard disk can prevent data loss.\n\nSave the tasks in the hard disk automatically whenever the task list\nchanges. Load the data from the hard disk when Duke starts up.\n","tags":["Level-7"],"fileTypesAndContributionMap":{"txt":{"insertions":0,"deletions":0},"java":{"insertions":181,"deletions":54}}},{"hash":"974714b773954d60cba2e0dee11d16dd82328f79","messageTitle":"Add data and time to events.","messageBody":"Duke treats date and time as string.\n\nDuke should treat it as LocalDateTime class to perform in a more\nmeaningful ways.\n\nChange it from String class to LocalDateTime class.\n","tags":["Level-8"],"fileTypesAndContributionMap":{"java":{"insertions":33,"deletions":10}}},{"hash":"7b97c9dff3adc86f0f06642e2ed2c9005404e8e9","messageTitle":"Add Junit Test","messageBody":"","tags":["A-JUnit"],"fileTypesAndContributionMap":{"java":{"insertions":38,"deletions":2}}},{"hash":"204be00c9c74e1fc7e2131166fb84af7238a4023","messageTitle":"Use More OOP","messageBody":"All command are deal within Duke.java.\n\nBuild more meaningful class to push the design more towards the OOP\napproach.\n\nImplement additional 5 class(UI, Storage, Parser, TaskList).\n","tags":["A-MoreOOP"],"fileTypesAndContributionMap":{"java":{"insertions":491,"deletions":282}}},{"hash":"ed2af269610d96f15e088ee5f31e5545aa828023","messageTitle":"Organize into Packages","messageBody":"","tags":["A-Packages"],"fileTypesAndContributionMap":{"java":{"insertions":47,"deletions":0}}},{"hash":"e09a7429d66b7c3ac5cbffda179da966070849b4","messageTitle":"Mark,Unmark,Delete :Debug found error","messageBody":"it delete the wrong line and print out details of wrong line.\n\nFixed it by debugging it.\n","tags":["A-Jar"],"fileTypesAndContributionMap":{"java":{"insertions":6,"deletions":6}}}]},{"date":"2023-01-25","commitResults":[{"hash":"f05e483e3eaa784dd6cedb9f2a89a1863fe0d829","messageTitle":"Implement JavaDoc","messageBody":"","fileTypesAndContributionMap":{"java":{"insertions":296,"deletions":7}}},{"hash":"72ed2224de671d4e17b2256a898c5af7348c40f1","messageTitle":"Follow the Coding Standard","messageBody":"","fileTypesAndContributionMap":{"java":{"insertions":81,"deletions":86}}},{"hash":"f0ace84785b4a386f424ef98bc6479f50170db8f","messageTitle":"Implement Find","messageBody":"","fileTypesAndContributionMap":{"java":{"insertions":78,"deletions":0}}}]},{"date":"2023-01-31","commitResults":[{"hash":"4cf69ebae20f9b53fde27ef38af1c23b42d7c09d","messageTitle":"Update build.gradle for checkstyle","messageBody":"","fileTypesAndContributionMap":{"gradle":{"insertions":5,"deletions":0}}},{"hash":"820fa53bc84aefe2555b94477153af060c7d2a15","messageTitle":"Add GUI to Duke","messageBody":"","tags":["Level-10"],"fileTypesAndContributionMap":{"gradle":{"insertions":21,"deletions":0},"txt":{"insertions":0,"deletions":3},"fxml":{"insertions":46,"deletions":0},"java":{"insertions":260,"deletions":81}}}]},{"date":"2023-02-01","commitResults":[{"hash":"7000b292e67cba133bd806e3bfee44a6bc2f6f6c","messageTitle":"Update checkstyle","messageBody":"","tags":["v0.2"],"fileTypesAndContributionMap":{"java":{"insertions":108,"deletions":125}}}]},{"date":"2023-02-07","commitResults":[{"hash":"56b0a5a8e4942364342ab8e54b9e0f314541edcf","messageTitle":"Duke: Add welcoming message.","messageBody":"When the user first download the program, it won\u0027t show welcoming\nmessage to the screen and left it blank.\n\nNeed to print welcoming message to the screen otherwise user might think\nthat the program goes wrong.\n\nAdd a warm welcoming message.\n\nLet\u0027s update the duke program so that the welcoming message can be shown\nin GUI.\n","tags":["A-FullCommitMessage"],"fileTypesAndContributionMap":{"java":{"insertions":1,"deletions":0}}},{"hash":"a2a8d35ee764cba0f0fbeebfc48fda213f7fd25b","messageTitle":"Update the entry point for Duke program","messageBody":"","fileTypesAndContributionMap":{"gradle":{"insertions":16,"deletions":22}}},{"hash":"4e6f203d11a81302dbc5da90eb3fc0beb261b426","messageTitle":"Add assertion","messageBody":"","fileTypesAndContributionMap":{"java":{"insertions":14,"deletions":7}}},{"hash":"e0c3f0401518d2a11e12dafc4633fbc0c377689a","messageTitle":"Improve code quality","messageBody":"Within certain file, there are method with too long implementation and\nweak SLAP.\n\nCode needs to be read, understood, and modified by other developers\nlater on. Even if the author do not intend to pass the code to someone\nelse, code quality is still important because the author will become a\n\u0027stranger\u0027 to his/her own code someday.\n\nUse refactoring and guard clause to avoid improve readability.\n\nExamine the code and refactor to improve the code quality where\nnecessary.\n","fileTypesAndContributionMap":{"java":{"insertions":73,"deletions":126}}}]},{"date":"2023-02-11","commitResults":[{"hash":"ef765fe93ceb54aaf58435978543d7f5e50b64e8","messageTitle":"Detect scheduling anomalies of event","messageBody":"","tags":["BCD-Extension"],"fileTypesAndContributionMap":{"java":{"insertions":50,"deletions":10}}}]},{"date":"2023-02-14","commitResults":[{"hash":"eb1993338a773a16b63f48fffcc81d79c35c9465","messageTitle":"Shift classes to different packages","messageBody":"","fileTypesAndContributionMap":{"fxml":{"insertions":1,"deletions":1},"java":{"insertions":130,"deletions":42}}},{"hash":"1802fb3ce0df3f1a0520ac9f80b4b4670e8cbd31","messageTitle":"Find command: show printout message","messageBody":"If find command couldn\u0027t find any matched task, it don\u0027t show anything\non the screen.\n\nThis will mislead the user that the program is not working well or some\nerror happen.\n\nShow the message \"Couldn\u0027t find matched task\" to indicate that there is\nno matched task found.\n","fileTypesAndContributionMap":{"java":{"insertions":13,"deletions":0}}},{"hash":"5c120dec27694adad0a78c0ae626f530b349f991","messageTitle":"Improve code quality based on GitHub PR reviews","messageBody":"","fileTypesAndContributionMap":{"txt":{"insertions":1,"deletions":0},"java":{"insertions":103,"deletions":82}}},{"hash":"9ab6d75e54fe784c35cc2ed31654e6814a24ca74","messageTitle":"Add more automated tests","messageBody":"","tags":["A-moreTesting"],"fileTypesAndContributionMap":{"txt":{"insertions":1,"deletions":1},"java":{"insertions":172,"deletions":4}}}]}]},"authorFileTypeContributionMap":{"Jiayan-Lim":{"java":1500,"md":0,"fxml":46,"sh":0,"bat":0,"gradle":21,"txt":10}},"authorContributionVariance":{"Jiayan-Lim":58100.12},"authorDisplayNameMap":{"Jiayan-Lim":"CS2103T-W09-3 LIM .. YAN"}}
