{"authorDailyContributionsMap":{"ScorpiusSigma":[{"date":"2023-01-18","commitResults":[{"hash":"0cfee538c4b3316303f9356da0ff91f641056d29","messageTitle":"Level-1: Greet, Echo, Exit","messageBody":"","fileTypesAndContributionMap":{"java":{"insertions":32,"deletions":6}}},{"hash":"5bb54e3101f09228fafa5c68375d75a9fc3d852c","messageTitle":"Level-2: Add, List","messageBody":"","fileTypesAndContributionMap":{"java":{"insertions":22,"deletions":3}}},{"hash":"d3746dfd141d00aaaf8f444e56ea1f7702ac88b8","messageTitle":"[Removed] lower case and extra indent","messageBody":"","tags":["Level-1"],"fileTypesAndContributionMap":{"java":{"insertions":2,"deletions":2}}},{"hash":"cceea6061b23461ddbded75af6970eccab1e9732","messageTitle":"Level-2: Add, List","messageBody":"","fileTypesAndContributionMap":{"java":{"insertions":8,"deletions":1}}},{"hash":"ab6c3c8e1d8eea6298ed1d57b596f7b0f2a11a4c","messageTitle":"Level-2: Add, List","messageBody":"","fileTypesAndContributionMap":{"java":{"insertions":1,"deletions":1}}},{"hash":"94a8b0fd49b124957f968b71a19ab6233e64e452","messageTitle":"[Added] Echo to user input","messageBody":"","tags":["Level-2"],"fileTypesAndContributionMap":{"java":{"insertions":2,"deletions":1}}},{"hash":"c9b62e2bdaabab7f6104ab8693af0553c6d42ad0","messageTitle":"Level-3: Mark as Done","messageBody":"","fileTypesAndContributionMap":{"java":{"insertions":62,"deletions":5}}},{"hash":"8dec1ee4ceb167878132ee21732fb7c70d2382a5","messageTitle":"[Added] \\n after all print","messageBody":"","tags":["Level-3"],"fileTypesAndContributionMap":{"java":{"insertions":9,"deletions":4}}},{"hash":"4018d268995d70ed28b24166ec047473ae153736","messageTitle":"Level-4: ToDo, Event, Deadline","messageBody":"","tags":["Level-4"],"fileTypesAndContributionMap":{"java":{"insertions":111,"deletions":19}}},{"hash":"df6e352b48f7b80b459a39727724bec44716ba65","messageTitle":"A-TextUiTesting","messageBody":"","tags":["A-TextUiTesting"],"fileTypesAndContributionMap":{"txt":{"insertions":9,"deletions":0},"sh":{"insertions":9,"deletions":9}}},{"hash":"5f958bba9b1d4d4f5399b7a85481b7a7471da2f9","messageTitle":"[Added] DukeException","messageBody":"","fileTypesAndContributionMap":{"java":{"insertions":5,"deletions":0}}},{"hash":"177cfbff744dc5359b0e64b974074f6cc4debfdb","messageTitle":"Level-5: Handle Errors","messageBody":"","tags":["Level-5"],"fileTypesAndContributionMap":{"java":{"insertions":120,"deletions":65}}},{"hash":"f9be4263fec63dea2d2451e328c5cdfd05f65668","messageTitle":"Level-6: Delete","messageBody":"","tags":["Level-6"],"fileTypesAndContributionMap":{"java":{"insertions":27,"deletions":8}}}]},{"date":"2023-01-25","commitResults":[{"hash":"8c0c974835549365816880cfac6b7f1c87d17da7","messageTitle":"restructure app","messageBody":"","fileTypesAndContributionMap":{"java":{"insertions":289,"deletions":210},"sh":{"insertions":1,"deletions":1}}}]}]},"authorFileTypeContributionMap":{"ScorpiusSigma":{"java":368,"md":0,"fxml":0,"sh":9,"bat":0,"gradle":0,"txt":9}},"authorContributionVariance":{"ScorpiusSigma":35539.133},"authorDisplayNameMap":{"ScorpiusSigma":"CS2103T-T11-1 LENG..STIN"}}
