{"authorDailyContributionsMap":{"ScorpiusSigma":[{"date":"2023-01-18","commitResults":[{"hash":"0cfee538c4b3316303f9356da0ff91f641056d29","messageTitle":"Level-1: Greet, Echo, Exit","messageBody":"","fileTypesAndContributionMap":{"java":{"insertions":32,"deletions":6}}},{"hash":"5bb54e3101f09228fafa5c68375d75a9fc3d852c","messageTitle":"Level-2: Add, List","messageBody":"","fileTypesAndContributionMap":{"java":{"insertions":22,"deletions":3}}},{"hash":"d3746dfd141d00aaaf8f444e56ea1f7702ac88b8","messageTitle":"[Removed] lower case and extra indent","messageBody":"","tags":["Level-1"],"fileTypesAndContributionMap":{"java":{"insertions":2,"deletions":2}}},{"hash":"cceea6061b23461ddbded75af6970eccab1e9732","messageTitle":"Level-2: Add, List","messageBody":"","fileTypesAndContributionMap":{"java":{"insertions":8,"deletions":1}}},{"hash":"ab6c3c8e1d8eea6298ed1d57b596f7b0f2a11a4c","messageTitle":"Level-2: Add, List","messageBody":"","fileTypesAndContributionMap":{"java":{"insertions":1,"deletions":1}}},{"hash":"94a8b0fd49b124957f968b71a19ab6233e64e452","messageTitle":"[Added] Echo to user input","messageBody":"","tags":["Level-2"],"fileTypesAndContributionMap":{"java":{"insertions":2,"deletions":1}}},{"hash":"c9b62e2bdaabab7f6104ab8693af0553c6d42ad0","messageTitle":"Level-3: Mark as Done","messageBody":"","fileTypesAndContributionMap":{"java":{"insertions":62,"deletions":5}}},{"hash":"8dec1ee4ceb167878132ee21732fb7c70d2382a5","messageTitle":"[Added] \\n after all print","messageBody":"","tags":["Level-3"],"fileTypesAndContributionMap":{"java":{"insertions":9,"deletions":4}}},{"hash":"4018d268995d70ed28b24166ec047473ae153736","messageTitle":"Level-4: ToDo, Event, Deadline","messageBody":"","tags":["Level-4"],"fileTypesAndContributionMap":{"java":{"insertions":111,"deletions":19}}},{"hash":"df6e352b48f7b80b459a39727724bec44716ba65","messageTitle":"A-TextUiTesting","messageBody":"","tags":["A-TextUiTesting"],"fileTypesAndContributionMap":{"txt":{"insertions":9,"deletions":0},"sh":{"insertions":9,"deletions":9}}},{"hash":"5f958bba9b1d4d4f5399b7a85481b7a7471da2f9","messageTitle":"[Added] DukeException","messageBody":"","fileTypesAndContributionMap":{"java":{"insertions":5,"deletions":0}}},{"hash":"177cfbff744dc5359b0e64b974074f6cc4debfdb","messageTitle":"Level-5: Handle Errors","messageBody":"","tags":["Level-5"],"fileTypesAndContributionMap":{"java":{"insertions":120,"deletions":65}}},{"hash":"f9be4263fec63dea2d2451e328c5cdfd05f65668","messageTitle":"Level-6: Delete","messageBody":"","tags":["Level-6"],"fileTypesAndContributionMap":{"java":{"insertions":27,"deletions":8}}}]},{"date":"2023-01-25","commitResults":[{"hash":"8c0c974835549365816880cfac6b7f1c87d17da7","messageTitle":"restructure app","messageBody":"","fileTypesAndContributionMap":{"java":{"insertions":289,"deletions":210},"sh":{"insertions":1,"deletions":1}}},{"hash":"cb0bc942e5878ec5e51d5719db4d5804fced1481","messageTitle":"Move bye() out of handleRequest() to  main()","messageBody":"","fileTypesAndContributionMap":{"java":{"insertions":0,"deletions":1}}},{"hash":"6198072cf15899482d4244bae06d01b0f60d002c","messageTitle":"Add request class","messageBody":"","tags":["A-Enums"],"fileTypesAndContributionMap":{"java":{"insertions":21,"deletions":4}}},{"hash":"b79b5bf820926d856b556ee3be1beecd52e08ec9","messageTitle":"Move request to request package folder","messageBody":"","fileTypesAndContributionMap":{"java":{"insertions":1,"deletions":0}}},{"hash":"e97536ec58ee328319dc2ae72541a7e810dba8af","messageTitle":"Request class: remove import CommandAPDU","messageBody":"","fileTypesAndContributionMap":{"java":{"insertions":0,"deletions":1}}},{"hash":"c9fab461c25d602b78303dd8b804736646b99e3f","messageTitle":"Edit typo from unwrwap() to unwrap()","messageBody":"","fileTypesAndContributionMap":{"java":{"insertions":1,"deletions":1}}},{"hash":"430b9db8499f8b2185ebbad8cf121a9e78ebbf27","messageTitle":"Add ToDoRequest class","messageBody":"","fileTypesAndContributionMap":{"java":{"insertions":34,"deletions":0}}},{"hash":"3ce5e2b39447fa93c809abd6941179d726ca44a7","messageTitle":"Request class: change values to value","messageBody":"","fileTypesAndContributionMap":{"java":{"insertions":6,"deletions":3}}},{"hash":"9decc66f5f01c339eb9ad694ae773964e05b1cb0","messageTitle":"Add RequestException","messageBody":"","fileTypesAndContributionMap":{"java":{"insertions":8,"deletions":0}}},{"hash":"1c069dbef7c4fb2740223a817fcae26c44f9ad23","messageTitle":"Request: change checkRequestRequirment return void","messageBody":"","fileTypesAndContributionMap":{"java":{"insertions":2,"deletions":4}}},{"hash":"d8a38cadeba68becf88cab82e0d9d0f571627bac","messageTitle":"Add EventRequest","messageBody":"","fileTypesAndContributionMap":{"java":{"insertions":52,"deletions":0}}},{"hash":"1d5f85aaddc98d91737dd3e63bbd1070854debd0","messageTitle":"Add Deadline Request class","messageBody":"","fileTypesAndContributionMap":{"java":{"insertions":41,"deletions":1}}},{"hash":"36bdbb0f036a1e9387dd55bc2303a39990b1eb16","messageTitle":"Add Database class and DatabaseException class","messageBody":"","fileTypesAndContributionMap":{"java":{"insertions":54,"deletions":0}}},{"hash":"359fc285b4e6aa9793755f5b5e1b45dfa578db11","messageTitle":"Refactor code base","messageBody":"","fileTypesAndContributionMap":{"java":{"insertions":172,"deletions":200}}},{"hash":"5ed27794675a9a7bfb53dc5ec6047ed51f541ff8","messageTitle":"Duke class: Add print to functions","messageBody":"","fileTypesAndContributionMap":{"java":{"insertions":22,"deletions":3}}},{"hash":"5d8b2ea5960d82558f72998139cfc56bd9e190f9","messageTitle":"Database class: Remove prints","messageBody":"","fileTypesAndContributionMap":{"java":{"insertions":1,"deletions":9}}},{"hash":"9eed3d0fc5306aca8e3a0426481ac6fa940d89bc","messageTitle":"ToDoRequest class: Join returned description","messageBody":"","fileTypesAndContributionMap":{"java":{"insertions":2,"deletions":1}}},{"hash":"95e283c35a81bb648e5af69b543c32d4e1138c76","messageTitle":"Duke class: Remove getUserInput function","messageBody":"","fileTypesAndContributionMap":{"java":{"insertions":1,"deletions":8}}}]},{"date":"2023-01-26","commitResults":[{"hash":"1a7b955aa660abfbdd8de7833de467988bf204ca","messageTitle":"Database class: Add loadFromFile Method","messageBody":"","fileTypesAndContributionMap":{"java":{"insertions":71,"deletions":1}}}]},{"date":"2023-01-28","commitResults":[{"hash":"4e733f1557db2adc78badd45541799e81c287dc9","messageTitle":"Database class: change method name, remove generic","messageBody":"","fileTypesAndContributionMap":{"java":{"insertions":17,"deletions":16}}},{"hash":"21a42dc4e20bd699a6a230f98a07d1d99a75f75b","messageTitle":"Task subclasses: add getter for attributes","messageBody":"","fileTypesAndContributionMap":{"java":{"insertions":20,"deletions":0}}},{"hash":"fea47aefabc59905904511e3fa3e99705505e39e","messageTitle":"Database class: add loadFromFile and updateFile","messageBody":"","fileTypesAndContributionMap":{"java":{"insertions":88,"deletions":37}}},{"hash":"176cf979d79759ced3cbd774c6d8af4edc8ecb84","messageTitle":"Database class: remove updateFile and add close()","messageBody":"close method will handle the updating of database when the program ends\n","fileTypesAndContributionMap":{"java":{"insertions":4,"deletions":2}}},{"hash":"9333b6d1adabf3f9034615f975661cdff26fe52b","messageTitle":"Duke class: add taskDB.close() to bye()","messageBody":"","fileTypesAndContributionMap":{"java":{"insertions":5,"deletions":3}}},{"hash":"3ec03b5fd5e194fb77c7bf16b916a29609da200a","messageTitle":"Database class: move private methods to the bottom","messageBody":"","tags":["level-7"],"fileTypesAndContributionMap":{"java":{"insertions":47,"deletions":47}}},{"hash":"6bc1c111b0d8a6f47fd7c06229adb1ac64c33060","messageTitle":"add DukeDateTimeFormatter class","messageBody":"","fileTypesAndContributionMap":{"java":{"insertions":31,"deletions":0}}},{"hash":"dd6cd1bf2ecaa845418ea21a6f2aa197acd3d02c","messageTitle":"Deadline and Event Request class: format datetime","messageBody":"","tags":["level-8"],"fileTypesAndContributionMap":{"java":{"insertions":9,"deletions":0}}}]},{"date":"2023-01-29","commitResults":[{"hash":"bb0c0ecdb700f2af5fa46a1d4509181bec1445b0","messageTitle":"Storage class: rename Database to Storage","messageBody":"Storage class now handles the deserialisation, deserialisation, loading and unloading of data from file only\n","fileTypesAndContributionMap":{"java":{"insertions":51,"deletions":83}}},{"hash":"17c4f3865e8c856f6c14630d4bb875edfb25b357","messageTitle":"Add Ui class to handle user I/O","messageBody":"","fileTypesAndContributionMap":{"java":{"insertions":65,"deletions":0}}},{"hash":"10641040ac98cd1916a32df6e132fe82dce5d006","messageTitle":"Add TaskList an inheritance of ArrayList\u003cTask\u003e","messageBody":"","fileTypesAndContributionMap":{"java":{"insertions":45,"deletions":0}}},{"hash":"ad7ec2e4b164f8a5df32e4c5f61276f4946f5e33","messageTitle":"Change DatabaseException to StorageException","messageBody":"","fileTypesAndContributionMap":{"java":{"insertions":8,"deletions":8}}},{"hash":"dcd793121b0f2ba79f9b0a001410e43346c53522","messageTitle":"change RequestException to CommandException","messageBody":"","fileTypesAndContributionMap":{"java":{"insertions":8,"deletions":8}}},{"hash":"a900b5d4122ad9d1e306a1615cc16e17a1bce3cb","messageTitle":"Change Request to Command","messageBody":"","fileTypesAndContributionMap":{"java":{"insertions":82,"deletions":0}}},{"hash":"53103656209d5651f3b8658b3e28c6a46b0626c1","messageTitle":"Command class: add abstract method execute","messageBody":"","fileTypesAndContributionMap":{"java":{"insertions":1,"deletions":0}}},{"hash":"3a28c1b3c3c18b2f50ef0cd9287003ea192bd151","messageTitle":"add subclasses of Commands","messageBody":"","fileTypesAndContributionMap":{"java":{"insertions":339,"deletions":0}}},{"hash":"4aeb11d5f658cde2583b0270ee8ce139b4196fa1","messageTitle":"Remove request package","messageBody":"","fileTypesAndContributionMap":{"java":{"insertions":0,"deletions":209}}},{"hash":"d95bfa8713afec46a784c61cc4db5a7a4d5cbd1c","messageTitle":"Add parser to make sense of the commands","messageBody":"","fileTypesAndContributionMap":{"java":{"insertions":46,"deletions":0}}},{"hash":"8e11ea739850dcbbe16395e8bef55bf762911fbf","messageTitle":"Refactor Duke to extract out closely related code as classes","messageBody":"","fileTypesAndContributionMap":{"java":{"insertions":30,"deletions":178}}},{"hash":"431d49f36f15ac3ac1f479bcfc8ce58f96333fa8","messageTitle":"Edit input of text-ui-test/input.txt","messageBody":"","tags":["A-MoreOOP"],"fileTypesAndContributionMap":{"txt":{"insertions":4,"deletions":4}}},{"hash":"1e515360e39f9b92034173b43335333984d408ae","messageTitle":"Created parser package","messageBody":"","tags":["A-Packages"],"fileTypesAndContributionMap":{"txt":{"insertions":9,"deletions":0},"java":{"insertions":19,"deletions":9}}},{"hash":"54f2851ef58d8c0b7e692458f37de813dd5338e1","messageTitle":"Duke class: remove loop label","messageBody":"","fileTypesAndContributionMap":{"java":{"insertions":1,"deletions":1}}},{"hash":"417919b51ccd351ea97287e464d9f3c411387bed","messageTitle":"Setup Gradle","messageBody":"","tags":["A-Gradle"],"fileTypesAndContributionMap":{"gradle":{"insertions":7,"deletions":1}}},{"hash":"9948c03cc39669fc0e398836718b44c8be8f535e","messageTitle":"Rename task package to tasks package","messageBody":"","fileTypesAndContributionMap":{"java":{"insertions":4,"deletions":4}}},{"hash":"5b2de3a4d5fabb768debbccf90c37b2c5651ac72","messageTitle":"Edit task package import to tasks package","messageBody":"","fileTypesAndContributionMap":{"java":{"insertions":17,"deletions":16}}},{"hash":"7738ef6528bb8f85c8e3630c1b2b22b10c37074d","messageTitle":"Add JUnit test for Deadline, Event and Todo","messageBody":"","tags":["A-JUnit"],"fileTypesAndContributionMap":{"java":{"insertions":87,"deletions":0}}},{"hash":"c94a43094ffdd7da02a6387f1aa24cf7b7ead035","messageTitle":"Fix NullPointerException when calling execute","messageBody":"","fileTypesAndContributionMap":{"java":{"insertions":22,"deletions":29}}},{"hash":"5f562c640ca66896a3cceb01c6be626ed05de790","messageTitle":"Edit build.gradle to include mainClassName\u003d\"Duke\"","messageBody":"","tags":["v0.1","A-Jar"],"fileTypesAndContributionMap":{"gradle":{"insertions":1,"deletions":0}}},{"hash":"a970df59af7461f3172d0d4d5727d09fa7c2fe4d","messageTitle":"Clean up by arranging the method orders","messageBody":"","fileTypesAndContributionMap":{"java":{"insertions":75,"deletions":70}}},{"hash":"6f9d79af7f1721e044c192f13ced18a6a4a49cce","messageTitle":"Duke class: documentation","messageBody":"","fileTypesAndContributionMap":{"java":{"insertions":38,"deletions":0}}},{"hash":"1c77a5d857cf76387c69b7425baafa2214d38ab5","messageTitle":"Duke class: documentation added period","messageBody":"","fileTypesAndContributionMap":{"java":{"insertions":4,"deletions":4}}},{"hash":"e6b7f7bbefefdc65d9f69f6aca45858297e758a4","messageTitle":"Duke class: Fix indentation","messageBody":"","fileTypesAndContributionMap":{"java":{"insertions":63,"deletions":63}}},{"hash":"d5439a0e3693531445e1c89b07b2a0dc442bc591","messageTitle":"Ui class: Documentation","messageBody":"","fileTypesAndContributionMap":{"java":{"insertions":71,"deletions":2}}},{"hash":"f592eebb563546283f0ef805b4c198ccef7590b0","messageTitle":"Todo class: Documentation","messageBody":"","fileTypesAndContributionMap":{"java":{"insertions":16,"deletions":1}}},{"hash":"bbfbe5b1408454c6193631a65a346339bcb4bab2","messageTitle":"Duke class: remove @return on constructor doc","messageBody":"","fileTypesAndContributionMap":{"java":{"insertions":0,"deletions":1}}},{"hash":"4b7b84eb30c51c89bb423658b0bd88b0213cef67","messageTitle":"Todo class: edit toString documentation","messageBody":"","fileTypesAndContributionMap":{"java":{"insertions":1,"deletions":1}}},{"hash":"e562f39e9478c08a2dab0186bd8c2a1e7841e7a1","messageTitle":"Task class: documentation","messageBody":"","fileTypesAndContributionMap":{"java":{"insertions":40,"deletions":0}}},{"hash":"2c0beed6d635e53d67af1568f5286e89bfd1e535","messageTitle":"Event class: documentation","messageBody":"","fileTypesAndContributionMap":{"java":{"insertions":27,"deletions":0}}},{"hash":"881ffc26625ca671fb8fa3d9c79714cc04a37f5c","messageTitle":"Deadline class: documentation","messageBody":"","fileTypesAndContributionMap":{"java":{"insertions":21,"deletions":0}}},{"hash":"290b1646c58b8e9cd8fae3614e2f580b8be123dd","messageTitle":"TaskList class: documentation","messageBody":"","fileTypesAndContributionMap":{"java":{"insertions":45,"deletions":3}}},{"hash":"bd93c3ca7acfc016b17c7ec5879c0af68073db26","messageTitle":"Storage class: documentation","messageBody":"","fileTypesAndContributionMap":{"java":{"insertions":42,"deletions":3}}},{"hash":"7dc89d212c42ef28900d4960e90b50de1ceda17f","messageTitle":"Parser class: documentation","messageBody":"","fileTypesAndContributionMap":{"java":{"insertions":11,"deletions":2}}},{"hash":"37e60ad2742024e9c49d8f837ca9c9cc3b67b9d6","messageTitle":"Parser class: added s","messageBody":"","fileTypesAndContributionMap":{"java":{"insertions":1,"deletions":1}}},{"hash":"c6d20daafcbd656b73d7baa776c52a9d7f903600","messageTitle":"DateTimeParser class: documentation","messageBody":"","fileTypesAndContributionMap":{"java":{"insertions":18,"deletions":1}}},{"hash":"81515d35dc72b765539264d7a03c40e0df3bccb0","messageTitle":"Documented DukeException and it\u0027s subclasses","messageBody":"","fileTypesAndContributionMap":{"java":{"insertions":48,"deletions":0}}},{"hash":"74faf9fd9738c80c17e7ce24cdbae343ee54e0bb","messageTitle":"Document classes in command package","messageBody":"","fileTypesAndContributionMap":{"java":{"insertions":232,"deletions":35}}},{"hash":"d675f3543d108bb1cc92630302d286ebdd790a78","messageTitle":"Remove argument when instantiating ExitCommand","messageBody":"","tags":["A-JavaDoc"],"fileTypesAndContributionMap":{"java":{"insertions":1,"deletions":1}}},{"hash":"2e55156eb2bfde33f4dacd8e7917c332e101bead","messageTitle":"Duke class: removed @return","messageBody":"","fileTypesAndContributionMap":{"java":{"insertions":0,"deletions":6}}},{"hash":"37bee1df4c9d1e746b7613eef0c7f1dd22492989","messageTitle":"Edit to checkstyle standard except indentation","messageBody":"","fileTypesAndContributionMap":{"java":{"insertions":161,"deletions":249}}},{"hash":"ed28a4530c7c0b48d483a95d9fec9a4c46463f1c","messageTitle":"Add find command","messageBody":"","fileTypesAndContributionMap":{"java":{"insertions":88,"deletions":33}}}]}]},"authorFileTypeContributionMap":{"ScorpiusSigma":{"java":1543,"md":0,"fxml":0,"sh":9,"bat":0,"gradle":7,"txt":18}},"authorContributionVariance":{"ScorpiusSigma":503081.2},"authorDisplayNameMap":{"ScorpiusSigma":"CS2103T-T11-1 LENG..STIN"}}
