{"authorDailyContributionsMap":{"slackernoob":[{"date":"2023-01-17","commitResults":[{"hash":"0703fcd29ad05acc7b63043dd4e4d74aa5180da3","messageTitle":"added Level-1: Greet, Echo, Exit","messageBody":"","tags":["Level-1"],"fileTypesAndContributionMap":{"java":{"insertions":35,"deletions":6}}}]},{"date":"2023-01-18","commitResults":[{"hash":"13901b588ccab8815b6fa2fa34f31148b19a0e96","messageTitle":"Level-2: Add, List","messageBody":"","tags":["Level-2"],"fileTypesAndContributionMap":{"java":{"insertions":26,"deletions":13}}},{"hash":"60b58defed72b30de75baee08b783de6161acb4b","messageTitle":"added Level-3: Mark as Done","messageBody":"","tags":["Level-3"],"fileTypesAndContributionMap":{"java":{"insertions":40,"deletions":2}}},{"hash":"2dac9dcc8bc36f36750136460d15b7a69cfd8b55","messageTitle":"added Level-4: ToDo, Event, Deadline","messageBody":"","tags":["Level-4"],"fileTypesAndContributionMap":{"java":{"insertions":97,"deletions":13}}}]}]},"authorFileTypeContributionMap":{"slackernoob":{"java":170,"md":0,"fxml":0,"sh":0,"bat":0,"gradle":0,"txt":0}},"authorContributionVariance":{"slackernoob":4865.222},"authorDisplayNameMap":{"slackernoob":"MAX .. JUN"}}
