{"authorDailyContributionsMap":{"Irminrics":[{"date":"2023-01-14","commitResults":[{"hash":"94d540b1c550aa8fa6f28341673d657659cae344","messageTitle":"The birth of Singaporean Dude","messageBody":"","tags":["Level-1","A-Personality"],"fileTypesAndContributionMap":{"java":{"insertions":39,"deletions":10}}}]},{"date":"2023-01-15","commitResults":[{"hash":"5e67f24ce1b61903cc5f8d529a596636f677b7f1","messageTitle":"Level-1 - Formatting the dude","messageBody":"","fileTypesAndContributionMap":{"java":{"insertions":21,"deletions":11}}},{"hash":"cfe4672ed2e7d390039e665f4bda0651fe031a63","messageTitle":"Level-1 - Formatting the dude 2","messageBody":"","fileTypesAndContributionMap":{"java":{"insertions":5,"deletions":2}}},{"hash":"0556052e92443840fe549361ab57d2137c50266c","messageTitle":"List has been added to Dude\u0027s inventory","messageBody":"","tags":["Level-2"],"fileTypesAndContributionMap":{"java":{"insertions":20,"deletions":3}}},{"hash":"1fbb633cb9023c3542ceeb558c705de42704f55c","messageTitle":"Mark Level-3","messageBody":"","tags":["Level-3"],"fileTypesAndContributionMap":{"java":{"insertions":81,"deletions":12}}},{"hash":"94b11825fa84db584fbbcfa5fb1733d50da12bb9","messageTitle":"Dude has introduced 3 events to the list","messageBody":"","tags":["Level-4"],"fileTypesAndContributionMap":{"java":{"insertions":83,"deletions":15}}},{"hash":"ffab20e430c6c1bb6d469b243ce689da539a743b","messageTitle":"Dude cannot mark with 0 task","messageBody":"","fileTypesAndContributionMap":{"java":{"insertions":2,"deletions":2}}},{"hash":"f2dff3a8e2a965d7bef524e6d6972e311e697bd7","messageTitle":"Dude obtained the power of automated testing","messageBody":"","tags":["A-TextUiTesting"],"fileTypesAndContributionMap":{"txt":{"insertions":13,"deletions":0},"bat":{"insertions":1,"deletions":1}}},{"hash":"f98a1b31c9e526e73f9845ad9c7915512db1d9f1","messageTitle":"Dude loves longer dotted lines and exception handling!","messageBody":"","tags":["Level-5"],"fileTypesAndContributionMap":{"txt":{"insertions":3,"deletions":0},"java":{"insertions":46,"deletions":25}}},{"hash":"4b771c2d33b695053e8afd67462fee0104ec357c","messageTitle":"Dude has mastered the art of deletion","messageBody":"","tags":["Level-6"],"fileTypesAndContributionMap":{"txt":{"insertions":3,"deletions":0},"java":{"insertions":24,"deletions":5}}},{"hash":"d94a585800765cd6991548844ea5a9644718aa1d","messageTitle":"Dude has obtained enumerations","messageBody":"","tags":["A-Enums"],"fileTypesAndContributionMap":{"java":{"insertions":10,"deletions":7}}}]},{"date":"2023-01-18","commitResults":[{"hash":"9a4137fc5a249b5aa4f3d241920cf9103bc6c383","messageTitle":"Change Dude\u0027s structure","messageBody":"","fileTypesAndContributionMap":{"java":{"insertions":23,"deletions":18}}},{"hash":"cb3c8de37aac85dc0bca701a10f8a24a15835f66","messageTitle":"Dude has mastered the art of using file storage","messageBody":"","fileTypesAndContributionMap":{"java":{"insertions":124,"deletions":18}}},{"hash":"477edb7ad709e8bf9c1237b8f473a5964083b2ec","messageTitle":"Cleaning up dude\u0027s output format","messageBody":"","fileTypesAndContributionMap":{"java":{"insertions":1,"deletions":1}}},{"hash":"1c22dacdbebec64204b8d7a9496bbabec627ac81","messageTitle":"Added validation to Dude\u0027s deletion task","messageBody":"","fileTypesAndContributionMap":{"java":{"insertions":1,"deletions":0}}},{"hash":"76e0a6c64a96efcfa463dcee68ad1fbcffdaaa02","messageTitle":"Dude is using LocalDateTime for task details","messageBody":"","fileTypesAndContributionMap":{"java":{"insertions":14,"deletions":8}}},{"hash":"bd944109341db383ae377971c23d98c123a078e1","messageTitle":"Dude has resolved merge conflict  for branch-Level-8 into master","messageBody":"","tags":["Level-8"],"fileTypesAndContributionMap":{"java":{"insertions":8,"deletions":5}}},{"hash":"cd7a0bf64c8ae470369d805b8fd26996b41402dd","messageTitle":"Dude fixed file write and read after merging with LocalDateTime type.","messageBody":"","fileTypesAndContributionMap":{"java":{"insertions":5,"deletions":3}}},{"hash":"b5b67cc8669c09ba4c13dc4f50d01e359092323c","messageTitle":"Dude underwent major update for the sake of OOP. He is now lacking validations for commands and will be fixed soon.","messageBody":"","tags":["A-MoreOOP"],"fileTypesAndContributionMap":{"java":{"insertions":413,"deletions":205},"bat":{"insertions":1,"deletions":1}}},{"hash":"a734e3e7715dea29bb494a06c7aa9f1f000a14d6","messageTitle":"Removing Dude\u0027s unnecessary files and packaging","messageBody":"","tags":["A-Packages"],"fileTypesAndContributionMap":{"java":{"insertions":29,"deletions":36}}}]},{"date":"2023-01-19","commitResults":[{"hash":"b3a52d98c791a5ccd83888c7b6d9bb0c0358dd3b","messageTitle":"Dude fixed his annoying warnings","messageBody":"","fileTypesAndContributionMap":{"gradle":{"insertions":2,"deletions":2},"java":{"insertions":20,"deletions":30}}},{"hash":"7d1999b6c9d9f4583e50dc31d52a5079d5d4c931","messageTitle":"Dude combined other dude exceptions into one single custom exception","messageBody":"","fileTypesAndContributionMap":{"java":{"insertions":7,"deletions":10}}},{"hash":"0e171d1ac1d26513a732a1e93a28d9a9cb4840ee","messageTitle":"Bug fix for typo in Dude\u0027s custom exception","messageBody":"","fileTypesAndContributionMap":{"java":{"insertions":2,"deletions":2}}}]},{"date":"2023-01-24","commitResults":[{"hash":"f5e00de5030af389b76f84a85dd85f6b274f63cf","messageTitle":"Add validation to commands","messageBody":"","fileTypesAndContributionMap":{"java":{"insertions":88,"deletions":13}}},{"hash":"1433d1baaae5b44c7e2c02ee1ae468ca850295a7","messageTitle":"Add JUnit test for tasks","messageBody":"","tags":["A-JUnit"],"fileTypesAndContributionMap":{"java":{"insertions":135,"deletions":0}}},{"hash":"51b81116f8a13fe754af81260e361cdd53da25ca","messageTitle":"Add invalid command validation","messageBody":"","fileTypesAndContributionMap":{"java":{"insertions":11,"deletions":4}}},{"hash":"7b181e84e057c618388afd1428327abe26b01ece","messageTitle":"Add JavaDoc comments to the code","messageBody":"","fileTypesAndContributionMap":{"java":{"insertions":248,"deletions":4}}}]},{"date":"2023-01-25","commitResults":[{"hash":"b007642bdf61cf5f91532314c2b930d75b3972aa","messageTitle":" Tweak the code to comply with a coding standard","messageBody":"","fileTypesAndContributionMap":{"java":{"insertions":92,"deletions":92}}},{"hash":"bf12db87a271675778510325730ce6877b837fc8","messageTitle":"Add find command","messageBody":"","fileTypesAndContributionMap":{"java":{"insertions":54,"deletions":1}}},{"hash":"d49c12c3cd28808b4d8806f8666784df7fbaa464","messageTitle":"Fix merge conflict code to comply with a coding standard","messageBody":"","fileTypesAndContributionMap":{"java":{"insertions":13,"deletions":13}}},{"hash":"1019089b4549ba4b7edc96d3a044484ec8d54fb4","messageTitle":"Fix merge conflict with Level-9","messageBody":"","fileTypesAndContributionMap":{"java":{"insertions":100,"deletions":6}}},{"hash":"944c67c84119bed43f42b2e19d9659342a2265ca","messageTitle":"Fix merge conflict with Level 9","messageBody":"Fix the change in method name from removeTaskCount to decreaseTaskCount\n","fileTypesAndContributionMap":{"java":{"insertions":1,"deletions":1}}},{"hash":"1cd55a002ea541a435e9bf172e624584d13d87b3","messageTitle":"Fix commands validation for deadline and event","messageBody":"","fileTypesAndContributionMap":{"java":{"insertions":2,"deletions":2}}},{"hash":"7d16c564447936729b0144f2b04ce2379f9772d6","messageTitle":"Fix scanner issue and pathing for runtest.bat","messageBody":"","fileTypesAndContributionMap":{"java":{"insertions":3,"deletions":6},"bat":{"insertions":3,"deletions":2}}}]},{"date":"2023-01-31","commitResults":[{"hash":"d31fdacd5d75e1c53e1d62d4a3dd81eff95a1b09","messageTitle":"Update README.md","messageBody":"","fileTypesAndContributionMap":{"md":{"insertions":33,"deletions":24}}},{"hash":"746882911a65bcbaf4144829cd5da4e885a857be","messageTitle":"Add and use checkStyle to detect coding style violations","messageBody":"","tags":["A-CheckStyle"],"fileTypesAndContributionMap":{"gradle":{"insertions":5,"deletions":0},"java":{"insertions":193,"deletions":132}}},{"hash":"3bae6e9eff3b84707ce7bfd9c6f9c8836d9233a4","messageTitle":"Use checkStyle to detect coding style violations","messageBody":"","fileTypesAndContributionMap":{"java":{"insertions":27,"deletions":11}}},{"hash":"b708eda3c9a85d9cd1fefa202a01929550d395b8","messageTitle":"Add program loading error message","messageBody":"","fileTypesAndContributionMap":{"java":{"insertions":8,"deletions":1}}},{"hash":"4d7ba5b0c707474a8cb12f3d18a058e7fe6f0201","messageTitle":"Fix unmark error and checkstyle issues","messageBody":"","fileTypesAndContributionMap":{"java":{"insertions":45,"deletions":37}}},{"hash":"717c1771138f811d5d5e1c84503c78b8e3b2d522","messageTitle":"Add a GUI to Dude using the JavaFX technology","messageBody":"","fileTypesAndContributionMap":{"gradle":{"insertions":15,"deletions":0},"fxml":{"insertions":45,"deletions":0},"java":{"insertions":264,"deletions":84}}}]},{"date":"2023-02-01","commitResults":[{"hash":"f36db3168b9c6c5edd2f5acdb1b27f5ef06b5eab","messageTitle":"Add custom user icon, chat borders and command to exit the program","messageBody":"","fileTypesAndContributionMap":{"fxml":{"insertions":5,"deletions":2},"java":{"insertions":15,"deletions":10}}}]},{"date":"2023-02-02","commitResults":[{"hash":"a351cdcb97245152d05e4a6c6cd8b6dea20f4760","messageTitle":"Change find command to check for multiple keywords","messageBody":"","fileTypesAndContributionMap":{"fxml":{"insertions":3,"deletions":3},"java":{"insertions":13,"deletions":8}}}]},{"date":"2023-02-04","commitResults":[{"hash":"437869cf45a37b8921fdaf83363eafc25f25789c","messageTitle":"Fix issue with JavaFX label ellipse","messageBody":"","fileTypesAndContributionMap":{"fxml":{"insertions":1,"deletions":4}}}]},{"date":"2023-02-06","commitResults":[{"hash":"ff92a35cbcea634591a610d80aa8daa6fe82be35","messageTitle":"Fix width of dialog box","messageBody":"","fileTypesAndContributionMap":{"fxml":{"insertions":1,"deletions":1}}},{"hash":"80d63571194ad6dd840badb61283144785fe1be1","messageTitle":"Add assertions","messageBody":"Dude has no assertions\n\nAssertions are used to define assumptions about the program state so that the runtime can verify them.\n\nLet\u0027s add assertions to check for functions preconditions/parameter\n\nThis ensures that the inputs for functions are validated and ensured for correctness\n","tags":["A-FullCommitMessage"],"fileTypesAndContributionMap":{"gradle":{"insertions":1,"deletions":0},"java":{"insertions":6,"deletions":1}}},{"hash":"bdc5797e70765a48b9beb0aac77b8728d1022f34","messageTitle":"Improve Code Quality","messageBody":"Dude has no usage of guard clause\n\nGuard clause helps to keep the main/happy path unindented\n\nLet\u0027s add guard clause to the execute function in MarkCommand and UnmarkCommand\n\nThis deals with unusual conditions as soon as they are detected so that\nthe reader does not have to remember them for long\n","tags":["A-CodeQuality"],"fileTypesAndContributionMap":{"java":{"insertions":14,"deletions":17}}}]},{"date":"2023-02-07","commitResults":[{"hash":"5276a5a6a7958e19ff6fff61c4120c1c27603448","messageTitle":"Add undo feature","messageBody":"Users of Dude are unable to undo their previous command.\n\nThis is a quality of life feature which allows them to undo mistakes.\n\nLet\u0027s add a feature which saves the previous state of task list for the\nusers to undo upon a new command.\n","fileTypesAndContributionMap":{"java":{"insertions":192,"deletions":57}}}]},{"date":"2023-02-12","commitResults":[{"hash":"c7cf6ee4f9dbb72a76eb15cfb206d8a3d4db79d5","messageTitle":"Fix exit command","messageBody":"","tags":["A-BetterGui"],"fileTypesAndContributionMap":{"java":{"insertions":1,"deletions":1}}},{"hash":"d70cceecb8ed3281db72459f17d61763d8295317","messageTitle":"Fix data validation bug for deadline and event","messageBody":"","fileTypesAndContributionMap":{"java":{"insertions":7,"deletions":2}}},{"hash":"20927263094ad021d1cd2b5985a80d8a21dcc5c4","messageTitle":"Add a user guide","messageBody":"","tags":["A-UserGuide"],"fileTypesAndContributionMap":{"md":{"insertions":98,"deletions":15}}},{"hash":"dd2dbd6248d7f327adb33ed35c14da7323f5296b","messageTitle":"Fix checkstyle violations","messageBody":"","fileTypesAndContributionMap":{"java":{"insertions":4,"deletions":3}}},{"hash":"8e049369f6a034a339567c2b5d6b0be0000abcab","messageTitle":"Change main class name for application in build.gradle","messageBody":"","fileTypesAndContributionMap":{"gradle":{"insertions":1,"deletions":1}}},{"hash":"3680f715dfc6da2ef8de8dfdcf961ebea684a59f","messageTitle":"Fix javadocs coding standard raised by nus-se bot","messageBody":"","fileTypesAndContributionMap":{"java":{"insertions":4,"deletions":4}}}]}]},"authorFileTypeContributionMap":{"Irminrics":{"java":1503,"md":122,"fxml":45,"sh":0,"bat":3,"gradle":23,"txt":19}},"authorContributionVariance":{"Irminrics":61025.57},"authorDisplayNameMap":{"Irminrics":"CS2103-W16-3 ANG ..KANG"}}
