{"authorDailyContributionsMap":{"4ndrelim":[{"date":"2023-01-19","commitResults":[{"hash":"c91e371dd00f24b0bc24680f351ada9f16d15a83","messageTitle":"Implement greet, echo, and exit functionalities","messageBody":"","tags":["Level-1"],"fileTypesAndContributionMap":{"java":{"insertions":14,"deletions":6}}},{"hash":"28c465814d78b002431c5903af847d1c4c287b39","messageTitle":"Add helper method to format user input","messageBody":"","fileTypesAndContributionMap":{"java":{"insertions":8,"deletions":1}}},{"hash":"6a50ec3f41f7a49aec59dc4cf14eb5311c421edc","messageTitle":"Create Task class and TaskList class to manage all tasks","messageBody":"","fileTypesAndContributionMap":{"java":{"insertions":43,"deletions":2}}},{"hash":"31e39d21c4e35d3b6db3621da5df4d83b1f7e65e","messageTitle":"Fix numbering when displaying list of tasks","messageBody":"","tags":["Level-2"],"fileTypesAndContributionMap":{"java":{"insertions":1,"deletions":1}}},{"hash":"cfc64a02d1ab7e749f3429262474ab33e9502ae1","messageTitle":"Implement marking/unmarking of tasks and formatting tasks\u0027 status","messageBody":"","fileTypesAndContributionMap":{"java":{"insertions":15,"deletions":1}}},{"hash":"99028d5b220d546ef733094a81111883829ba1a1","messageTitle":"Implement toggle methods of tasks","messageBody":"","fileTypesAndContributionMap":{"java":{"insertions":19,"deletions":1}}},{"hash":"a639240192e44d4968c8d801f5f41ed04fbbb85b","messageTitle":"Complete marking and unmarking functionality","messageBody":"","tags":["Level-3"],"fileTypesAndContributionMap":{"java":{"insertions":26,"deletions":13}}},{"hash":"4b64eb562a77e037105faff2153021bb469f0a05","messageTitle":"Refactor code for farmatting and collapsing print statements","messageBody":"","fileTypesAndContributionMap":{"java":{"insertions":8,"deletions":16}}},{"hash":"ac6cdf370a7000cd9ecb2dd7f7b9798fb61ba38f","messageTitle":"make code consistent in extracting task number for mark/unmark","messageBody":"","fileTypesAndContributionMap":{"java":{"insertions":4,"deletions":3}}},{"hash":"9fbf5075d1e97f3bc170ea341e2bf28381d99ebb","messageTitle":"Implement event, todo, deadline subclasses and creation (sub) tasks","messageBody":"","fileTypesAndContributionMap":{"java":{"insertions":55,"deletions":1}}},{"hash":"82e4135fc6ea1724f80d9983c368cfe1ebd07ece","messageTitle":"Update icon status whenever a task is added","messageBody":"","tags":["Level-4"],"fileTypesAndContributionMap":{"java":{"insertions":2,"deletions":2}}},{"hash":"bf6a457205b44576d4b5426196c89b3ceb288a31","messageTitle":"add testing and expected output","messageBody":"","tags":["A-TextUiTesting"],"fileTypesAndContributionMap":{"txt":{"insertions":17,"deletions":0}}},{"hash":"2af3c24eaae0a87ea6242ad6dfbbbd40ab30b170","messageTitle":"Added exception for unknown commands and exception for missing todo description","messageBody":"","tags":["Level-5"],"fileTypesAndContributionMap":{"java":{"insertions":72,"deletions":39}}},{"hash":"2c2e0eb21f3a2e30d5cbee7cdebd481c57ec080f","messageTitle":"Implement delete methosd for tasks","messageBody":"","tags":["Level-6"],"fileTypesAndContributionMap":{"txt":{"insertions":5,"deletions":2},"java":{"insertions":12,"deletions":1}}}]},{"date":"2023-01-21","commitResults":[{"hash":"fcd3c3fd0e0d0717d5e2d20b789db9c242ad168b","messageTitle":"Add span class to format responses","messageBody":"","fileTypesAndContributionMap":{"java":{"insertions":20,"deletions":11}}},{"hash":"ddfe7bc498f0163a3a18b39c3e69e55fddfaa8ab","messageTitle":"Fix bug in the format of error msg and test","messageBody":"","fileTypesAndContributionMap":{"txt":{"insertions":2,"deletions":0},"java":{"insertions":2,"deletions":2}}}]},{"date":"2023-01-22","commitResults":[{"hash":"2bfcfeb41a7b69b2854dfd0025079a001616ee9b","messageTitle":"Add error handling for the other events","messageBody":"","fileTypesAndContributionMap":{"java":{"insertions":79,"deletions":30}}},{"hash":"bbe84e81a39045552953af7b06bd3903107fcf30","messageTitle":"Refactor code to use enum and clean code","messageBody":"","tags":["A-Enums"],"fileTypesAndContributionMap":{"java":{"insertions":89,"deletions":49}}}]},{"date":"2023-01-23","commitResults":[{"hash":"9f15cdee0505d6b2fe797609627d665ea8dc3156","messageTitle":"Add file mangement system","messageBody":"","fileTypesAndContributionMap":{"java":{"insertions":28,"deletions":2}}},{"hash":"7bf7c72ff0f0fdb18f787fa99cdaed6274d3a1ed","messageTitle":"Complete save and load data features","messageBody":"","fileTypesAndContributionMap":{"txt":{"insertions":10,"deletions":0},"java":{"insertions":90,"deletions":8}}},{"hash":"0eef5b15648113410e9a604ea59a7648a197e7ad","messageTitle":"Clean code and ignore saved output during testing","messageBody":"","fileTypesAndContributionMap":{"java":{"insertions":2,"deletions":2},"sh":{"insertions":6,"deletions":0}}},{"hash":"5f2f2b7c5e08797b7f72cdae03d84428e9d8dd9a","messageTitle":"Refactor code to store dates as LocalDate objects","messageBody":"","fileTypesAndContributionMap":{"java":{"insertions":43,"deletions":15}}},{"hash":"7ccaeeb8548778a96721ae02ab69b57f0be76290","messageTitle":"Implement feature to get all activities on a given date","messageBody":"","fileTypesAndContributionMap":{"java":{"insertions":58,"deletions":13}}}]},{"date":"2023-01-24","commitResults":[{"hash":"14fc457ca49d03f893afd76b3efc047e41c41b60","messageTitle":"Remove unnecessary exception class","messageBody":"","fileTypesAndContributionMap":{"java":{"insertions":13,"deletions":26}}},{"hash":"86a240b9b620c6daf1896c830084dd4dcc32c00a","messageTitle":"Refactor code to include UI, Parser classes","messageBody":"","tags":["A-MoreOOP"],"fileTypesAndContributionMap":{"txt":{"insertions":1,"deletions":0},"java":{"insertions":326,"deletions":132}}},{"hash":"3d897220f38a50adfe43f52ddc681287b91839b9","messageTitle":"Move classes into respective packages","messageBody":"","tags":["A-Packages"],"fileTypesAndContributionMap":{"txt":{"insertions":0,"deletions":1},"java":{"insertions":80,"deletions":172},"sh":{"insertions":2,"deletions":2}}}]},{"date":"2023-01-26","commitResults":[{"hash":"4f5c06ede10bfcadd6118b8fd617d1a750d0e65e","messageTitle":"Add JUnit tests to test commands and tasks","messageBody":"","tags":["A-JUnit"],"fileTypesAndContributionMap":{"gradle":{"insertions":0,"deletions":10},"java":{"insertions":164,"deletions":0}}},{"hash":"7ed10fa4497cf4c10e9804068710609c78396e4f","messageTitle":"Configure for JAR file","messageBody":"","tags":["A-Jar"],"fileTypesAndContributionMap":{"gradle":{"insertions":1,"deletions":1},"txt":{"insertions":1,"deletions":1}}}]},{"date":"2023-01-27","commitResults":[{"hash":"7bb10b122af0a2b5e128b96df708695d6a995052","messageTitle":"Add javadocs for all methods and improve variable naming","messageBody":"","fileTypesAndContributionMap":{"java":{"insertions":297,"deletions":4}}},{"hash":"afb15105458b20026489b63943f8763ad3d890b8","messageTitle":"Align to coding standard","messageBody":"","fileTypesAndContributionMap":{"java":{"insertions":84,"deletions":46}}},{"hash":"dc6cbee80f011628324f3fabf6acd96dea0fc20f","messageTitle":"Implement find task feature","messageBody":"","fileTypesAndContributionMap":{"java":{"insertions":32,"deletions":1}}}]},{"date":"2023-02-02","commitResults":[{"hash":"70831d89f5fe3bf64e18016266c087d3121013af","messageTitle":"Set up checkstyle with Gradle","messageBody":"","fileTypesAndContributionMap":{"gradle":{"insertions":6,"deletions":0},"java":{"insertions":22,"deletions":23}}}]},{"date":"2023-02-03","commitResults":[{"hash":"08571be1c350073e2395c60455460d2a9be2f4c1","messageTitle":"Further improve coding style","messageBody":"","fileTypesAndContributionMap":{"java":{"insertions":32,"deletions":24}}},{"hash":"fe360f710f648efaf228c3f0f703c0fe187a4387","messageTitle":"Adhere to coding style","messageBody":"","fileTypesAndContributionMap":{"java":{"insertions":9,"deletions":9}}},{"hash":"bddcad2c96065d544b8eafac1e25de5ccec0fd5c","messageTitle":"Fix remaining coding standard violations","messageBody":"","fileTypesAndContributionMap":{"java":{"insertions":142,"deletions":136}}}]},{"date":"2023-02-05","commitResults":[{"hash":"d5ea05e189167b09ba6487fcefea0edc85281ed4","messageTitle":"Add gui","messageBody":"","fileTypesAndContributionMap":{"gradle":{"insertions":15,"deletions":0},"fxml":{"insertions":35,"deletions":0},"java":{"insertions":246,"deletions":84}}}]},{"date":"2023-02-06","commitResults":[{"hash":"4e21ea2315316e7af4202bf9a318fd1179039e18","messageTitle":"Complete gui","messageBody":"","fileTypesAndContributionMap":{"fxml":{"insertions":9,"deletions":3},"java":{"insertions":31,"deletions":53}}},{"hash":"22ee5bf6c1529d7086930feb066c8ad15d5e346e","messageTitle":"Pass all style checks","messageBody":"","fileTypesAndContributionMap":{"java":{"insertions":6,"deletions":9}}},{"hash":"5f2a0899e597dc9e23fd031886ff56000df4d037","messageTitle":"Shift files","messageBody":"","fileTypesAndContributionMap":{"fxml":{"insertions":1,"deletions":1},"java":{"insertions":4,"deletions":25}}}]},{"date":"2023-02-12","commitResults":[{"hash":"694f545e296db20ea0d0693201d71902dd977d00","messageTitle":"Configure build for gradle","messageBody":"","fileTypesAndContributionMap":{"gradle":{"insertions":1,"deletions":1}}},{"hash":"c005fc4238a89601b7be774c1e36538355a63b19","messageTitle":"Separate the handling for each command into individual classes","messageBody":"The user\u0027s input needs to be parsed and the program will subsequently\nexecute the methods corresponding to the command identified.\n\nCombining the parsing and the execution of different commands in one\nmethod makes it long and cluttered.\n\nHence, the code segment for each command is extracted and placed into\nseparate methods in their respective classes.\n","tags":["A-FullCommitMessage"],"fileTypesAndContributionMap":{"java":{"insertions":225,"deletions":137}}}]},{"date":"2023-02-13","commitResults":[{"hash":"6e711a906d137d0de89d3e84e6ef76982ce6e438","messageTitle":"Use assert statements to catch bugs","messageBody":"","fileTypesAndContributionMap":{"java":{"insertions":2,"deletions":1}}},{"hash":"ca56d46fc274839774e1d02ec82bcccad8094b30","messageTitle":"Add assert statements to TaskList class","messageBody":"Some operations of TaskList class like toggleMark, delete require a\ntask number to execute.\n\nMultiple assertions are added to this class to ensure the task number\nsupplied as argument is valid. Otherwise, it should have been handled\nprior to the method call.\n","fileTypesAndContributionMap":{"java":{"insertions":6,"deletions":0}}},{"hash":"a4668cc649be58959c16e2b6cb6eab9e93af60d7","messageTitle":"Abide by coding standard","messageBody":"","fileTypesAndContributionMap":{"java":{"insertions":134,"deletions":39}}},{"hash":"37c6dbe2cff6f49b1f0c8cfc35d38f7f6687ac3e","messageTitle":"Fix bug when invalid date is provided","messageBody":"","fileTypesAndContributionMap":{"java":{"insertions":10,"deletions":1}}}]},{"date":"2023-02-14","commitResults":[{"hash":"33027586757e4078bfe8d275ec5293ba57ed686f","messageTitle":"Implement get reminders feature","messageBody":"","fileTypesAndContributionMap":{"txt":{"insertions":6,"deletions":1},"java":{"insertions":107,"deletions":3}}}]},{"date":"2023-02-15","commitResults":[{"hash":"a8bde7613a4fc15f1f217b79119832ce21190166","messageTitle":"Improve gui and display","messageBody":"","tags":["A-BetterGui"],"fileTypesAndContributionMap":{"fxml":{"insertions":1,"deletions":1},"java":{"insertions":15,"deletions":5}}}]},{"date":"2023-02-16","commitResults":[{"hash":"c476e62a894812d3ef7a2a69b79eb61a40695880","messageTitle":"Add user guide","messageBody":"","fileTypesAndContributionMap":{"txt":{"insertions":4,"deletions":4},"md":{"insertions":262,"deletions":11}}},{"hash":"dec38fab9d6a27dc7f1f53cc54669452b9b2a0e6","messageTitle":"Resize chat window and update picture","messageBody":"","tags":["A-UserGuide"],"fileTypesAndContributionMap":{"fxml":{"insertions":5,"deletions":5}}}]}]},"authorFileTypeContributionMap":{"4ndrelim":{"java":1548,"md":254,"fxml":41,"sh":8,"bat":0,"gradle":22,"txt":41}},"authorContributionVariance":{"4ndrelim":32839.348},"authorDisplayNameMap":{"4ndrelim":"CS2103T-T17-2 ANDR..IKAI"}}
