{"authorDailyContributionsMap":{"igezt":[{"date":"2023-01-16","commitResults":[{"hash":"4d8bd3f870f882c5deff7a4b5332f19eab858072","messageTitle":"Level-1","messageBody":"","tags":["Level-1"],"fileTypesAndContributionMap":{"java":{"insertions":27,"deletions":0}}},{"hash":"bc36fc2cb25d37a547c120953139e1a90b6cd828","messageTitle":"Level-2","messageBody":"","tags":["Level-2"],"fileTypesAndContributionMap":{"java":{"insertions":75,"deletions":22}}},{"hash":"e671c532d34bb03543fa57edb8e11ce45f2d1bd9","messageTitle":"Level-3","messageBody":"","tags":["Level-3"],"fileTypesAndContributionMap":{"java":{"insertions":89,"deletions":7}}}]},{"date":"2023-01-17","commitResults":[{"hash":"df8db9e1e72087f2eb3c78c6385eb507e844ed7c","messageTitle":"Level-4","messageBody":"","tags":["Level-6","Level-4"],"fileTypesAndContributionMap":{"java":{"insertions":219,"deletions":45}}},{"hash":"af6819a0965b2ba036f3b5f8e9c65a08c0cc7253","messageTitle":"A-TextUiTesting","messageBody":"","tags":["A-TextUiTesting"],"fileTypesAndContributionMap":{"txt":{"insertions":6,"deletions":0}}},{"hash":"b55434e7cfff7001048648644e35b852d4971b6f","messageTitle":"Level-5","messageBody":"","tags":["Level-5"],"fileTypesAndContributionMap":{"java":{"insertions":156,"deletions":49}}},{"hash":"6cc36f14c7f355596697961d894b62ceb237709b","messageTitle":"Level-6","messageBody":"","tags":["A-Enums"],"fileTypesAndContributionMap":{"java":{"insertions":26,"deletions":3}}}]},{"date":"2023-01-19","commitResults":[{"hash":"7cdb253f7e05d6c1912a13716ac4f31aee2becb0","messageTitle":"A-TextUiTesting","messageBody":"","fileTypesAndContributionMap":{"java":{"insertions":2,"deletions":2}}}]},{"date":"2023-01-27","commitResults":[{"hash":"d5193138a67298ae068c9fa87bdc57743a72552f","messageTitle":"Level-7","messageBody":"","fileTypesAndContributionMap":{"txt":{"insertions":5,"deletions":0},"java":{"insertions":186,"deletions":36}}}]},{"date":"2023-01-28","commitResults":[{"hash":"4a3cde8311dec75e660c800d015b56738c5e7bab","messageTitle":"Level-8","messageBody":"","fileTypesAndContributionMap":{"java":{"insertions":71,"deletions":31}}},{"hash":"ad5c1528abd94b877e74eb3b7280afa31f6a1976","messageTitle":"Amend merge conflict for Level-7 and Level-8","messageBody":"","fileTypesAndContributionMap":{"txt":{"insertions":3,"deletions":5},"java":{"insertions":48,"deletions":98}}},{"hash":"e3d84382013dff987520e76f40f42bdda547205c","messageTitle":"Amend imports","messageBody":"","fileTypesAndContributionMap":{"java":{"insertions":0,"deletions":4}}}]},{"date":"2023-01-31","commitResults":[{"hash":"9ccac38ffee79a6fd44179381e44aa38fbe9217c","messageTitle":"A-MoreOOP","messageBody":"","fileTypesAndContributionMap":{"txt":{"insertions":3,"deletions":3},"java":{"insertions":649,"deletions":71},"bat":{"insertions":2,"deletions":2},"sh":{"insertions":1,"deletions":1},"md":{"insertions":2,"deletions":2}}},{"hash":"a34a6dce1d710df0b3a6dfad88453101c03bf399","messageTitle":"A-Packages","messageBody":"","fileTypesAndContributionMap":{"java":{"insertions":0,"deletions":0}}}]}]},"authorFileTypeContributionMap":{"igezt":{"java":1242,"md":2,"fxml":0,"sh":1,"bat":2,"gradle":0,"txt":9}},"authorContributionVariance":{"igezt":40153.695},"authorDisplayNameMap":{"igezt":"CS2103T-F12-3 PIER..HENG"}}
