[{"path":"src/main/java/Duke.java","fileType":"java","lines":[{"lineNumber":1,"author":{"gitId":"dawg420"},"content":"import java.util.Scanner;","lastModifiedDate":"2023-01-20"},{"lineNumber":2,"author":{"gitId":"dawg420"},"content":"import java.util.ArrayList;","lastModifiedDate":"2023-01-20"},{"lineNumber":3,"author":{"gitId":"dawg420"},"content":"","lastModifiedDate":"2023-01-20"},{"lineNumber":4,"author":{"gitId":"-"},"content":"public class Duke {","lastModifiedDate":"2019-07-29"},{"lineNumber":5,"author":{"gitId":"dawg420"},"content":"","lastModifiedDate":"2023-01-20"},{"lineNumber":6,"author":{"gitId":"dawg420"},"content":"    public static class Task {","lastModifiedDate":"2023-01-20"},{"lineNumber":7,"author":{"gitId":"dawg420"},"content":"        protected String description;","lastModifiedDate":"2023-01-20"},{"lineNumber":8,"author":{"gitId":"dawg420"},"content":"        protected boolean isDone;","lastModifiedDate":"2023-01-20"},{"lineNumber":9,"author":{"gitId":"dawg420"},"content":"","lastModifiedDate":"2023-01-20"},{"lineNumber":10,"author":{"gitId":"dawg420"},"content":"        public Task(String description) {","lastModifiedDate":"2023-01-20"},{"lineNumber":11,"author":{"gitId":"dawg420"},"content":"            this.description \u003d description;","lastModifiedDate":"2023-01-20"},{"lineNumber":12,"author":{"gitId":"dawg420"},"content":"            this.isDone \u003d false;","lastModifiedDate":"2023-01-20"},{"lineNumber":13,"author":{"gitId":"dawg420"},"content":"        }","lastModifiedDate":"2023-01-20"},{"lineNumber":14,"author":{"gitId":"dawg420"},"content":"","lastModifiedDate":"2023-01-20"},{"lineNumber":15,"author":{"gitId":"dawg420"},"content":"        public String getStatusIcon() {","lastModifiedDate":"2023-01-20"},{"lineNumber":16,"author":{"gitId":"dawg420"},"content":"            return (isDone ? \"X\" : \" \");","lastModifiedDate":"2023-01-20"},{"lineNumber":17,"author":{"gitId":"dawg420"},"content":"        }","lastModifiedDate":"2023-01-20"},{"lineNumber":18,"author":{"gitId":"dawg420"},"content":"","lastModifiedDate":"2023-01-20"},{"lineNumber":19,"author":{"gitId":"dawg420"},"content":"        public void markDone() {","lastModifiedDate":"2023-01-20"},{"lineNumber":20,"author":{"gitId":"dawg420"},"content":"            this.isDone \u003d true;","lastModifiedDate":"2023-01-20"},{"lineNumber":21,"author":{"gitId":"dawg420"},"content":"        }","lastModifiedDate":"2023-01-20"},{"lineNumber":22,"author":{"gitId":"dawg420"},"content":"","lastModifiedDate":"2023-01-20"},{"lineNumber":23,"author":{"gitId":"dawg420"},"content":"        public void markUndone() {","lastModifiedDate":"2023-01-20"},{"lineNumber":24,"author":{"gitId":"dawg420"},"content":"            this.isDone \u003d false;","lastModifiedDate":"2023-01-20"},{"lineNumber":25,"author":{"gitId":"dawg420"},"content":"        }","lastModifiedDate":"2023-01-20"},{"lineNumber":26,"author":{"gitId":"dawg420"},"content":"","lastModifiedDate":"2023-01-20"},{"lineNumber":27,"author":{"gitId":"dawg420"},"content":"        @Override","lastModifiedDate":"2023-01-20"},{"lineNumber":28,"author":{"gitId":"dawg420"},"content":"        public String toString() {","lastModifiedDate":"2023-01-20"},{"lineNumber":29,"author":{"gitId":"dawg420"},"content":"            return (\"[\" + this.getStatusIcon() + \"] \" + this.description);","lastModifiedDate":"2023-01-20"},{"lineNumber":30,"author":{"gitId":"dawg420"},"content":"        }","lastModifiedDate":"2023-01-20"},{"lineNumber":31,"author":{"gitId":"dawg420"},"content":"    }","lastModifiedDate":"2023-01-20"},{"lineNumber":32,"author":{"gitId":"dawg420"},"content":"","lastModifiedDate":"2023-01-20"},{"lineNumber":33,"author":{"gitId":"dawg420"},"content":"    public static class Todo extends Task {","lastModifiedDate":"2023-01-21"},{"lineNumber":34,"author":{"gitId":"dawg420"},"content":"        public Todo(String description) {","lastModifiedDate":"2023-01-21"},{"lineNumber":35,"author":{"gitId":"dawg420"},"content":"            super(description);","lastModifiedDate":"2023-01-21"},{"lineNumber":36,"author":{"gitId":"dawg420"},"content":"        }","lastModifiedDate":"2023-01-21"},{"lineNumber":37,"author":{"gitId":"dawg420"},"content":"","lastModifiedDate":"2023-01-21"},{"lineNumber":38,"author":{"gitId":"dawg420"},"content":"        @Override","lastModifiedDate":"2023-01-21"},{"lineNumber":39,"author":{"gitId":"dawg420"},"content":"        public String toString() {","lastModifiedDate":"2023-01-21"},{"lineNumber":40,"author":{"gitId":"dawg420"},"content":"            return \"[T]\" + super.toString();","lastModifiedDate":"2023-01-21"},{"lineNumber":41,"author":{"gitId":"dawg420"},"content":"        }","lastModifiedDate":"2023-01-21"},{"lineNumber":42,"author":{"gitId":"dawg420"},"content":"    }","lastModifiedDate":"2023-01-21"},{"lineNumber":43,"author":{"gitId":"dawg420"},"content":"","lastModifiedDate":"2023-01-21"},{"lineNumber":44,"author":{"gitId":"dawg420"},"content":"    public static class Deadline extends Task {","lastModifiedDate":"2023-01-21"},{"lineNumber":45,"author":{"gitId":"dawg420"},"content":"        protected String by;","lastModifiedDate":"2023-01-21"},{"lineNumber":46,"author":{"gitId":"dawg420"},"content":"","lastModifiedDate":"2023-01-21"},{"lineNumber":47,"author":{"gitId":"dawg420"},"content":"        public Deadline(String description, String by) {","lastModifiedDate":"2023-01-21"},{"lineNumber":48,"author":{"gitId":"dawg420"},"content":"            super(description);","lastModifiedDate":"2023-01-21"},{"lineNumber":49,"author":{"gitId":"dawg420"},"content":"            this.by \u003d by;","lastModifiedDate":"2023-01-21"},{"lineNumber":50,"author":{"gitId":"dawg420"},"content":"        }","lastModifiedDate":"2023-01-21"},{"lineNumber":51,"author":{"gitId":"dawg420"},"content":"","lastModifiedDate":"2023-01-21"},{"lineNumber":52,"author":{"gitId":"dawg420"},"content":"        @Override","lastModifiedDate":"2023-01-21"},{"lineNumber":53,"author":{"gitId":"dawg420"},"content":"        public String toString() {","lastModifiedDate":"2023-01-21"},{"lineNumber":54,"author":{"gitId":"dawg420"},"content":"            return \"[D]\" + super.toString() + \" (by: \" + by + \")\";","lastModifiedDate":"2023-01-21"},{"lineNumber":55,"author":{"gitId":"dawg420"},"content":"        }","lastModifiedDate":"2023-01-21"},{"lineNumber":56,"author":{"gitId":"dawg420"},"content":"    }","lastModifiedDate":"2023-01-21"},{"lineNumber":57,"author":{"gitId":"dawg420"},"content":"","lastModifiedDate":"2023-01-21"},{"lineNumber":58,"author":{"gitId":"dawg420"},"content":"    public static class Event extends Task {","lastModifiedDate":"2023-01-21"},{"lineNumber":59,"author":{"gitId":"dawg420"},"content":"        protected String from;","lastModifiedDate":"2023-01-21"},{"lineNumber":60,"author":{"gitId":"dawg420"},"content":"        protected String to;","lastModifiedDate":"2023-01-21"},{"lineNumber":61,"author":{"gitId":"dawg420"},"content":"","lastModifiedDate":"2023-01-21"},{"lineNumber":62,"author":{"gitId":"dawg420"},"content":"        public Event(String description, String from, String to) {","lastModifiedDate":"2023-01-21"},{"lineNumber":63,"author":{"gitId":"dawg420"},"content":"            super(description);","lastModifiedDate":"2023-01-21"},{"lineNumber":64,"author":{"gitId":"dawg420"},"content":"            this.from \u003d from;","lastModifiedDate":"2023-01-21"},{"lineNumber":65,"author":{"gitId":"dawg420"},"content":"            this.to \u003d to;","lastModifiedDate":"2023-01-21"},{"lineNumber":66,"author":{"gitId":"dawg420"},"content":"        }","lastModifiedDate":"2023-01-21"},{"lineNumber":67,"author":{"gitId":"dawg420"},"content":"","lastModifiedDate":"2023-01-21"},{"lineNumber":68,"author":{"gitId":"dawg420"},"content":"        @Override","lastModifiedDate":"2023-01-21"},{"lineNumber":69,"author":{"gitId":"dawg420"},"content":"        public String toString() {","lastModifiedDate":"2023-01-21"},{"lineNumber":70,"author":{"gitId":"dawg420"},"content":"            return \"[E]\" + super.toString() + \" (from: \" + from + \" to: \" + to + \")\";","lastModifiedDate":"2023-01-21"},{"lineNumber":71,"author":{"gitId":"dawg420"},"content":"        }","lastModifiedDate":"2023-01-21"},{"lineNumber":72,"author":{"gitId":"dawg420"},"content":"    }","lastModifiedDate":"2023-01-21"},{"lineNumber":73,"author":{"gitId":"dawg420"},"content":"","lastModifiedDate":"2023-01-21"},{"lineNumber":74,"author":{"gitId":"dawg420"},"content":"    public static class DukeException extends RuntimeException {","lastModifiedDate":"2023-01-21"},{"lineNumber":75,"author":{"gitId":"dawg420"},"content":"        public DukeException(String errorMessage, Throwable err) {","lastModifiedDate":"2023-01-21"},{"lineNumber":76,"author":{"gitId":"dawg420"},"content":"            super(errorMessage, err);","lastModifiedDate":"2023-01-21"},{"lineNumber":77,"author":{"gitId":"dawg420"},"content":"        }","lastModifiedDate":"2023-01-21"},{"lineNumber":78,"author":{"gitId":"dawg420"},"content":"    }","lastModifiedDate":"2023-01-21"},{"lineNumber":79,"author":{"gitId":"dawg420"},"content":"","lastModifiedDate":"2023-01-21"},{"lineNumber":80,"author":{"gitId":"-"},"content":"    public static void main(String[] args) {","lastModifiedDate":"2019-07-29"},{"lineNumber":81,"author":{"gitId":"-"},"content":"        String logo \u003d \" ____        _        \\n\"","lastModifiedDate":"2019-07-29"},{"lineNumber":82,"author":{"gitId":"-"},"content":"                + \"|  _ \\\\ _   _| | _____ \\n\"","lastModifiedDate":"2019-07-29"},{"lineNumber":83,"author":{"gitId":"-"},"content":"                + \"| | | | | | | |/ / _ \\\\\\n\"","lastModifiedDate":"2019-07-29"},{"lineNumber":84,"author":{"gitId":"-"},"content":"                + \"| |_| | |_| |   \u003c  __/\\n\"","lastModifiedDate":"2019-07-29"},{"lineNumber":85,"author":{"gitId":"-"},"content":"                + \"|____/ \\\\__,_|_|\\\\_\\\\___|\\n\";","lastModifiedDate":"2019-07-29"},{"lineNumber":86,"author":{"gitId":"-"},"content":"        System.out.println(\"Hello from\\n\" + logo);","lastModifiedDate":"2019-07-29"},{"lineNumber":87,"author":{"gitId":"dawg420"},"content":"        System.out.println(\"Hello! I\u0027m Duke\\nWhat can I do for you?\");","lastModifiedDate":"2023-01-20"},{"lineNumber":88,"author":{"gitId":"dawg420"},"content":"        ArrayList\u003cTask\u003e listOfThings \u003d new ArrayList\u003cTask\u003e();","lastModifiedDate":"2023-01-20"},{"lineNumber":89,"author":{"gitId":"dawg420"},"content":"        boolean loop \u003d true;","lastModifiedDate":"2023-01-20"},{"lineNumber":90,"author":{"gitId":"dawg420"},"content":"        while (loop) {","lastModifiedDate":"2023-01-20"},{"lineNumber":91,"author":{"gitId":"dawg420"},"content":"            Scanner echoScanner \u003d new Scanner(System.in);","lastModifiedDate":"2023-01-20"},{"lineNumber":92,"author":{"gitId":"dawg420"},"content":"            String msg \u003d echoScanner.nextLine();","lastModifiedDate":"2023-01-20"},{"lineNumber":93,"author":{"gitId":"dawg420"},"content":"            String firstWord \u003d \"\";","lastModifiedDate":"2023-01-20"},{"lineNumber":94,"author":{"gitId":"dawg420"},"content":"            Integer secondInt \u003d 0;","lastModifiedDate":"2023-01-20"},{"lineNumber":95,"author":{"gitId":"dawg420"},"content":"            String bye \u003d \"bye\";","lastModifiedDate":"2023-01-20"},{"lineNumber":96,"author":{"gitId":"dawg420"},"content":"            String showList \u003d \"list\";","lastModifiedDate":"2023-01-20"},{"lineNumber":97,"author":{"gitId":"dawg420"},"content":"            String byWhen \u003d \"\";","lastModifiedDate":"2023-01-21"},{"lineNumber":98,"author":{"gitId":"dawg420"},"content":"            String fromWhen \u003d \"\";","lastModifiedDate":"2023-01-21"},{"lineNumber":99,"author":{"gitId":"dawg420"},"content":"            String toWhen \u003d \"\";","lastModifiedDate":"2023-01-21"},{"lineNumber":100,"author":{"gitId":"dawg420"},"content":"            if (msg.contains(\"mark\")) {","lastModifiedDate":"2023-01-21"},{"lineNumber":101,"author":{"gitId":"dawg420"},"content":"                try {","lastModifiedDate":"2023-01-21"},{"lineNumber":102,"author":{"gitId":"dawg420"},"content":"                    firstWord \u003d msg.substring(0, msg.indexOf(\" \"));","lastModifiedDate":"2023-01-20"},{"lineNumber":103,"author":{"gitId":"dawg420"},"content":"                    secondInt \u003d Integer","lastModifiedDate":"2023-01-21"},{"lineNumber":104,"author":{"gitId":"dawg420"},"content":"                            .parseInt(msg.substring(msg.indexOf(\" \") + 1, msg.length()));","lastModifiedDate":"2023-01-21"},{"lineNumber":105,"author":{"gitId":"dawg420"},"content":"                    Task thisTask \u003d listOfThings.get(secondInt - 1);","lastModifiedDate":"2023-01-21"},{"lineNumber":106,"author":{"gitId":"dawg420"},"content":"                    thisTask.markDone();","lastModifiedDate":"2023-01-21"},{"lineNumber":107,"author":{"gitId":"dawg420"},"content":"                    listOfThings.set(secondInt - 1, thisTask);","lastModifiedDate":"2023-01-21"},{"lineNumber":108,"author":{"gitId":"dawg420"},"content":"                    System.out.println(\"Nice! I\u0027ve marked this task as done:\");","lastModifiedDate":"2023-01-21"},{"lineNumber":109,"author":{"gitId":"dawg420"},"content":"                    System.out.println(thisTask);","lastModifiedDate":"2023-01-21"},{"lineNumber":110,"author":{"gitId":"dawg420"},"content":"                } catch (Exception ex) {","lastModifiedDate":"2023-01-21"},{"lineNumber":111,"author":{"gitId":"dawg420"},"content":"                    System.err.println(\"Please indicate a valid task!\");","lastModifiedDate":"2023-01-21"},{"lineNumber":112,"author":{"gitId":"dawg420"},"content":"                }","lastModifiedDate":"2023-01-21"},{"lineNumber":113,"author":{"gitId":"dawg420"},"content":"            } else if (msg.contains(\"unmark\")) {","lastModifiedDate":"2023-01-21"},{"lineNumber":114,"author":{"gitId":"dawg420"},"content":"                try {","lastModifiedDate":"2023-01-20"},{"lineNumber":115,"author":{"gitId":"dawg420"},"content":"                    firstWord \u003d msg.substring(0, msg.indexOf(\" \"));","lastModifiedDate":"2023-01-21"},{"lineNumber":116,"author":{"gitId":"dawg420"},"content":"                    secondInt \u003d Integer","lastModifiedDate":"2023-01-20"},{"lineNumber":117,"author":{"gitId":"dawg420"},"content":"                            .parseInt(msg.substring(msg.indexOf(\" \") + 1, msg.length()));","lastModifiedDate":"2023-01-20"},{"lineNumber":118,"author":{"gitId":"dawg420"},"content":"                    Task thisTask \u003d listOfThings.get(secondInt - 1);","lastModifiedDate":"2023-01-21"},{"lineNumber":119,"author":{"gitId":"dawg420"},"content":"                    thisTask.markUndone();","lastModifiedDate":"2023-01-21"},{"lineNumber":120,"author":{"gitId":"dawg420"},"content":"                    listOfThings.set(secondInt - 1, thisTask);","lastModifiedDate":"2023-01-21"},{"lineNumber":121,"author":{"gitId":"dawg420"},"content":"                    System.out.println(\"OK, I\u0027ve marked this task as not done yet:\");","lastModifiedDate":"2023-01-21"},{"lineNumber":122,"author":{"gitId":"dawg420"},"content":"                    System.out.println(thisTask);","lastModifiedDate":"2023-01-21"},{"lineNumber":123,"author":{"gitId":"dawg420"},"content":"                } catch (Exception ex) {","lastModifiedDate":"2023-01-20"},{"lineNumber":124,"author":{"gitId":"dawg420"},"content":"                    System.err.println(\"Please indicate a valid task!\");","lastModifiedDate":"2023-01-21"},{"lineNumber":125,"author":{"gitId":"dawg420"},"content":"                }","lastModifiedDate":"2023-01-20"},{"lineNumber":126,"author":{"gitId":"dawg420"},"content":"            } else if (msg.contains(\"delete\")) {","lastModifiedDate":"2023-01-21"},{"lineNumber":127,"author":{"gitId":"dawg420"},"content":"                try {","lastModifiedDate":"2023-01-21"},{"lineNumber":128,"author":{"gitId":"dawg420"},"content":"                    secondInt \u003d Integer.parseInt(msg.substring(msg.indexOf(\" \") + 1, msg.length()));","lastModifiedDate":"2023-01-21"},{"lineNumber":129,"author":{"gitId":"dawg420"},"content":"                    System.out.println(\"Noted. I\u0027ve removed this task!\");","lastModifiedDate":"2023-01-21"},{"lineNumber":130,"author":{"gitId":"dawg420"},"content":"                    System.out.println(listOfThings.get(secondInt - 1));","lastModifiedDate":"2023-01-21"},{"lineNumber":131,"author":{"gitId":"dawg420"},"content":"                    listOfThings.remove(secondInt - 1);","lastModifiedDate":"2023-01-21"},{"lineNumber":132,"author":{"gitId":"dawg420"},"content":"                    System.out.println(\"Now you have \" + listOfThings.size() + \" tasks in the list.\");","lastModifiedDate":"2023-01-21"},{"lineNumber":133,"author":{"gitId":"dawg420"},"content":"                } catch (Exception ex) {","lastModifiedDate":"2023-01-21"},{"lineNumber":134,"author":{"gitId":"dawg420"},"content":"                    System.err.println(\"Please indicate a valid task to delete!\");","lastModifiedDate":"2023-01-21"},{"lineNumber":135,"author":{"gitId":"dawg420"},"content":"                }","lastModifiedDate":"2023-01-21"},{"lineNumber":136,"author":{"gitId":"dawg420"},"content":"            } else if (msg.contains(\"todo\")) {","lastModifiedDate":"2023-01-21"},{"lineNumber":137,"author":{"gitId":"dawg420"},"content":"                try {","lastModifiedDate":"2023-01-21"},{"lineNumber":138,"author":{"gitId":"dawg420"},"content":"                    firstWord \u003d msg.substring(msg.indexOf(\" \") + 1, msg.length());","lastModifiedDate":"2023-01-21"},{"lineNumber":139,"author":{"gitId":"dawg420"},"content":"                    Todo newTodo \u003d new Todo(firstWord);","lastModifiedDate":"2023-01-21"},{"lineNumber":140,"author":{"gitId":"dawg420"},"content":"                    listOfThings.add(newTodo);","lastModifiedDate":"2023-01-21"},{"lineNumber":141,"author":{"gitId":"dawg420"},"content":"                    System.out.println(\"Got it. I\u0027ve added this task:\");","lastModifiedDate":"2023-01-21"},{"lineNumber":142,"author":{"gitId":"dawg420"},"content":"                    System.out.println(newTodo);","lastModifiedDate":"2023-01-21"},{"lineNumber":143,"author":{"gitId":"dawg420"},"content":"                    System.out.println(\"Now you have \" + listOfThings.size() + \" tasks in the list.\");","lastModifiedDate":"2023-01-21"},{"lineNumber":144,"author":{"gitId":"dawg420"},"content":"                } catch (Exception ex) {","lastModifiedDate":"2023-01-21"},{"lineNumber":145,"author":{"gitId":"dawg420"},"content":"                    System.err.println(\"Whoops! The description of a todo cannot be empty!\");","lastModifiedDate":"2023-01-21"},{"lineNumber":146,"author":{"gitId":"dawg420"},"content":"                }","lastModifiedDate":"2023-01-21"},{"lineNumber":147,"author":{"gitId":"dawg420"},"content":"            } else if (msg.contains(\"deadline\")) {","lastModifiedDate":"2023-01-21"},{"lineNumber":148,"author":{"gitId":"dawg420"},"content":"                firstWord \u003d msg.substring(msg.indexOf(\" \") + 1, msg.indexOf(\"/by\") - 1);","lastModifiedDate":"2023-01-21"},{"lineNumber":149,"author":{"gitId":"dawg420"},"content":"                byWhen \u003d msg.substring(msg.indexOf(\"/by\") + 4, msg.length());","lastModifiedDate":"2023-01-21"},{"lineNumber":150,"author":{"gitId":"dawg420"},"content":"                Deadline newDeadline \u003d new Deadline(firstWord, byWhen);","lastModifiedDate":"2023-01-21"},{"lineNumber":151,"author":{"gitId":"dawg420"},"content":"                listOfThings.add(newDeadline);","lastModifiedDate":"2023-01-21"},{"lineNumber":152,"author":{"gitId":"dawg420"},"content":"                System.out.println(\"Got it. I\u0027ve added this task:\");","lastModifiedDate":"2023-01-21"},{"lineNumber":153,"author":{"gitId":"dawg420"},"content":"                System.out.println(newDeadline);","lastModifiedDate":"2023-01-21"},{"lineNumber":154,"author":{"gitId":"dawg420"},"content":"                System.out.println(\"Now you have \" + listOfThings.size() + \" tasks in the list.\");","lastModifiedDate":"2023-01-21"},{"lineNumber":155,"author":{"gitId":"dawg420"},"content":"            } else if (msg.contains(\"event\")) {","lastModifiedDate":"2023-01-21"},{"lineNumber":156,"author":{"gitId":"dawg420"},"content":"                firstWord \u003d msg.substring(msg.indexOf(\" \") + 1, msg.indexOf(\"/from\") - 1);","lastModifiedDate":"2023-01-21"},{"lineNumber":157,"author":{"gitId":"dawg420"},"content":"                fromWhen \u003d msg.substring(msg.indexOf(\"/from\") + 6, msg.indexOf(\"/to\") - 1);","lastModifiedDate":"2023-01-21"},{"lineNumber":158,"author":{"gitId":"dawg420"},"content":"                toWhen \u003d msg.substring(msg.indexOf(\"/to\") + 4, msg.length());","lastModifiedDate":"2023-01-21"},{"lineNumber":159,"author":{"gitId":"dawg420"},"content":"                Event newEvent \u003d new Event(firstWord, fromWhen, toWhen);","lastModifiedDate":"2023-01-21"},{"lineNumber":160,"author":{"gitId":"dawg420"},"content":"                listOfThings.add(newEvent);","lastModifiedDate":"2023-01-21"},{"lineNumber":161,"author":{"gitId":"dawg420"},"content":"                System.out.println(\"Got it. I\u0027ve added this task:\");","lastModifiedDate":"2023-01-21"},{"lineNumber":162,"author":{"gitId":"dawg420"},"content":"                System.out.println(newEvent);","lastModifiedDate":"2023-01-21"},{"lineNumber":163,"author":{"gitId":"dawg420"},"content":"                System.out.println(\"Now you have \" + listOfThings.size() + \" tasks in the list.\");","lastModifiedDate":"2023-01-21"},{"lineNumber":164,"author":{"gitId":"dawg420"},"content":"            } else if (bye.equalsIgnoreCase(msg)) {","lastModifiedDate":"2023-01-21"},{"lineNumber":165,"author":{"gitId":"dawg420"},"content":"                System.out.println(\"Bye. Hope to see you again soon!\");","lastModifiedDate":"2023-01-21"},{"lineNumber":166,"author":{"gitId":"dawg420"},"content":"                echoScanner.close();","lastModifiedDate":"2023-01-21"},{"lineNumber":167,"author":{"gitId":"dawg420"},"content":"                loop \u003d false;","lastModifiedDate":"2023-01-20"},{"lineNumber":168,"author":{"gitId":"dawg420"},"content":"            } else if (showList.equalsIgnoreCase(msg)) {","lastModifiedDate":"2023-01-20"},{"lineNumber":169,"author":{"gitId":"dawg420"},"content":"                for (int i \u003d 0; i \u003c listOfThings.size(); i++) {","lastModifiedDate":"2023-01-20"},{"lineNumber":170,"author":{"gitId":"dawg420"},"content":"                    System.out.println(i + 1 + \". \" + listOfThings.get(i));","lastModifiedDate":"2023-01-20"},{"lineNumber":171,"author":{"gitId":"dawg420"},"content":"                }","lastModifiedDate":"2023-01-20"},{"lineNumber":172,"author":{"gitId":"dawg420"},"content":"            } else {","lastModifiedDate":"2023-01-20"},{"lineNumber":173,"author":{"gitId":"dawg420"},"content":"                System.err.println(\"☹ OOPS!!! I\u0027m sorry, but I don\u0027t know what that means :-(\");","lastModifiedDate":"2023-01-21"},{"lineNumber":174,"author":{"gitId":"dawg420"},"content":"            }","lastModifiedDate":"2023-01-20"},{"lineNumber":175,"author":{"gitId":"dawg420"},"content":"        }","lastModifiedDate":"2023-01-20"},{"lineNumber":176,"author":{"gitId":"-"},"content":"    }","lastModifiedDate":"2019-07-29"},{"lineNumber":177,"author":{"gitId":"-"},"content":"}","lastModifiedDate":"2019-07-29"}],"authorContributionMap":{"dawg420":167,"-":10}},{"path":"text-ui-test/input.txt","fileType":"txt","lines":[{"lineNumber":1,"author":{"gitId":"dawg420"},"content":"todo 12","lastModifiedDate":"2023-01-21"}],"authorContributionMap":{"dawg420":1}}]
