[{"path":"src/main/java/Duke.java","fileType":"java","lines":[{"lineNumber":1,"author":{"gitId":"dawg420"},"content":"import java.util.Scanner;","lastModifiedDate":"2023-01-20"},{"lineNumber":2,"author":{"gitId":"dawg420"},"content":"import java.util.ArrayList;","lastModifiedDate":"2023-01-20"},{"lineNumber":3,"author":{"gitId":"dawg420"},"content":"","lastModifiedDate":"2023-01-20"},{"lineNumber":4,"author":{"gitId":"-"},"content":"public class Duke {","lastModifiedDate":"2019-07-29"},{"lineNumber":5,"author":{"gitId":"-"},"content":"    public static void main(String[] args) {","lastModifiedDate":"2019-07-29"},{"lineNumber":6,"author":{"gitId":"-"},"content":"        String logo \u003d \" ____        _        \\n\"","lastModifiedDate":"2019-07-29"},{"lineNumber":7,"author":{"gitId":"-"},"content":"                + \"|  _ \\\\ _   _| | _____ \\n\"","lastModifiedDate":"2019-07-29"},{"lineNumber":8,"author":{"gitId":"-"},"content":"                + \"| | | | | | | |/ / _ \\\\\\n\"","lastModifiedDate":"2019-07-29"},{"lineNumber":9,"author":{"gitId":"-"},"content":"                + \"| |_| | |_| |   \u003c  __/\\n\"","lastModifiedDate":"2019-07-29"},{"lineNumber":10,"author":{"gitId":"-"},"content":"                + \"|____/ \\\\__,_|_|\\\\_\\\\___|\\n\";","lastModifiedDate":"2019-07-29"},{"lineNumber":11,"author":{"gitId":"-"},"content":"        System.out.println(\"Hello from\\n\" + logo);","lastModifiedDate":"2019-07-29"},{"lineNumber":12,"author":{"gitId":"dawg420"},"content":"        System.out.println(\"Hello! I\u0027m Duke\\nWhat can I do for you?\");","lastModifiedDate":"2023-01-20"},{"lineNumber":13,"author":{"gitId":"dawg420"},"content":"        ArrayList\u003cString\u003e listOfThings \u003d new ArrayList\u003cString\u003e();","lastModifiedDate":"2023-01-20"},{"lineNumber":14,"author":{"gitId":"dawg420"},"content":"        boolean loop \u003d true;","lastModifiedDate":"2023-01-20"},{"lineNumber":15,"author":{"gitId":"dawg420"},"content":"        while (loop) {","lastModifiedDate":"2023-01-20"},{"lineNumber":16,"author":{"gitId":"dawg420"},"content":"            Scanner echoScanner \u003d new Scanner(System.in);","lastModifiedDate":"2023-01-20"},{"lineNumber":17,"author":{"gitId":"dawg420"},"content":"            String msg \u003d echoScanner.nextLine();","lastModifiedDate":"2023-01-20"},{"lineNumber":18,"author":{"gitId":"dawg420"},"content":"            String bye \u003d \"bye\";","lastModifiedDate":"2023-01-20"},{"lineNumber":19,"author":{"gitId":"dawg420"},"content":"            String showList \u003d \"list\";","lastModifiedDate":"2023-01-20"},{"lineNumber":20,"author":{"gitId":"dawg420"},"content":"            if (bye.equalsIgnoreCase(msg)) {","lastModifiedDate":"2023-01-20"},{"lineNumber":21,"author":{"gitId":"dawg420"},"content":"                System.out.println(\"Bye. Hope to see Byou again soon!\");","lastModifiedDate":"2023-01-20"},{"lineNumber":22,"author":{"gitId":"dawg420"},"content":"                loop \u003d false;","lastModifiedDate":"2023-01-20"},{"lineNumber":23,"author":{"gitId":"dawg420"},"content":"            } else if (showList.equalsIgnoreCase(msg)) {","lastModifiedDate":"2023-01-20"},{"lineNumber":24,"author":{"gitId":"dawg420"},"content":"                for (String s : listOfThings) {","lastModifiedDate":"2023-01-20"},{"lineNumber":25,"author":{"gitId":"dawg420"},"content":"                    System.out.println(s);","lastModifiedDate":"2023-01-20"},{"lineNumber":26,"author":{"gitId":"dawg420"},"content":"                }","lastModifiedDate":"2023-01-20"},{"lineNumber":27,"author":{"gitId":"dawg420"},"content":"            } else {","lastModifiedDate":"2023-01-20"},{"lineNumber":28,"author":{"gitId":"dawg420"},"content":"                listOfThings.add(msg);","lastModifiedDate":"2023-01-20"},{"lineNumber":29,"author":{"gitId":"dawg420"},"content":"                System.out.println(\"added \" + msg);","lastModifiedDate":"2023-01-20"},{"lineNumber":30,"author":{"gitId":"dawg420"},"content":"            }","lastModifiedDate":"2023-01-20"},{"lineNumber":31,"author":{"gitId":"dawg420"},"content":"        }","lastModifiedDate":"2023-01-20"},{"lineNumber":32,"author":{"gitId":"-"},"content":"    }","lastModifiedDate":"2019-07-29"},{"lineNumber":33,"author":{"gitId":"-"},"content":"}","lastModifiedDate":"2019-07-29"}],"authorContributionMap":{"dawg420":23,"-":10}}]
