{"authorDailyContributionsMap":{"dawg420":[{"date":"2023-01-20","commitResults":[{"hash":"4361a2aeef0bfd7e99699b6834e0db929bde4548","messageTitle":"Level 1: Added greet, echo, exit","messageBody":"","fileTypesAndContributionMap":{"java":{"insertions":16,"deletions":0}}},{"hash":"9741e49805e74df6bd5c63de8bd2777cc09de0b3","messageTitle":"Level 2: Added add, list","messageBody":"","fileTypesAndContributionMap":{"java":{"insertions":12,"deletions":5}}},{"hash":"21a2ef73549b445751bc7139291dd06f1e38a464","messageTitle":"Level 3: Added mark, unmark functions","messageBody":"","fileTypesAndContributionMap":{"java":{"insertions":58,"deletions":4}}}]},{"date":"2023-01-21","commitResults":[{"hash":"d0be4ee5d02d84c16dfd481f2dc1a6f864e1607d","messageTitle":"Level 4: Added Todos, Events, Deadlines","messageBody":"","fileTypesAndContributionMap":{"java":{"insertions":72,"deletions":4}}},{"hash":"63bd1a80fe923c90cb2c004c0afc9cdfede96e76","messageTitle":"Used i/o redirection technique to semi-automate the testing of Duke","messageBody":"","fileTypesAndContributionMap":{"txt":{"insertions":1,"deletions":0},"java":{"insertions":2,"deletions":4}}},{"hash":"74082535dc9adbb0929df6648bfb935945edf093","messageTitle":"Handles errors when the task to mark is invalid or outside of the list; when the task is not preceded by the type of the task; and when the todo field is empty","messageBody":"","fileTypesAndContributionMap":{"java":{"insertions":39,"deletions":23}}},{"hash":"d12569a068a80a3b6fc42eb5ec4a2cb4ccf044f3","messageTitle":"Added functionality to delete tasks","messageBody":"","fileTypesAndContributionMap":{"java":{"insertions":10,"deletions":2}}}]}]},"authorFileTypeContributionMap":{"dawg420":{"java":167,"md":0,"fxml":0,"sh":0,"bat":0,"gradle":0,"txt":1}},"authorContributionVariance":{"dawg420":2957.5557},"authorDisplayNameMap":{"dawg420":"CS2103T-T11-4 MA Y..CHEN"}}
