[{"path":"src/main/java/Deadline.java","fileType":"java","lines":[{"lineNumber":1,"author":{"gitId":"ChangGittyHub"},"content":"public class Deadline extends Task {","lastModifiedDate":"2023-01-20"},{"lineNumber":2,"author":{"gitId":"ChangGittyHub"},"content":"    private String dueDate;","lastModifiedDate":"2023-01-20"},{"lineNumber":3,"author":{"gitId":"ChangGittyHub"},"content":"","lastModifiedDate":"2023-01-20"},{"lineNumber":4,"author":{"gitId":"ChangGittyHub"},"content":"    public Deadline(String name, String dueDate) {","lastModifiedDate":"2023-01-20"},{"lineNumber":5,"author":{"gitId":"ChangGittyHub"},"content":"        super(name);","lastModifiedDate":"2023-01-20"},{"lineNumber":6,"author":{"gitId":"ChangGittyHub"},"content":"        this.dueDate \u003d dueDate;","lastModifiedDate":"2023-01-20"},{"lineNumber":7,"author":{"gitId":"ChangGittyHub"},"content":"    }","lastModifiedDate":"2023-01-20"},{"lineNumber":8,"author":{"gitId":"ChangGittyHub"},"content":"","lastModifiedDate":"2023-01-20"},{"lineNumber":9,"author":{"gitId":"ChangGittyHub"},"content":"    @Override","lastModifiedDate":"2023-01-20"},{"lineNumber":10,"author":{"gitId":"ChangGittyHub"},"content":"    public String toString() {","lastModifiedDate":"2023-01-20"},{"lineNumber":11,"author":{"gitId":"ChangGittyHub"},"content":"        return \"[D]\" + super.toString() + \"(\" + dueDate + \")\";","lastModifiedDate":"2023-01-20"},{"lineNumber":12,"author":{"gitId":"ChangGittyHub"},"content":"    }","lastModifiedDate":"2023-01-20"},{"lineNumber":13,"author":{"gitId":"ChangGittyHub"},"content":"}","lastModifiedDate":"2023-01-20"}],"authorContributionMap":{"ChangGittyHub":13}},{"path":"src/main/java/Duke.java","fileType":"java","lines":[{"lineNumber":1,"author":{"gitId":"ChangGittyHub"},"content":"import java.util.*;","lastModifiedDate":"2023-01-19"},{"lineNumber":2,"author":{"gitId":"-"},"content":"public class Duke {","lastModifiedDate":"2019-07-29"},{"lineNumber":3,"author":{"gitId":"ChangGittyHub"},"content":"    private Scanner sc;","lastModifiedDate":"2023-01-20"},{"lineNumber":4,"author":{"gitId":"ChangGittyHub"},"content":"","lastModifiedDate":"2023-01-19"},{"lineNumber":5,"author":{"gitId":"ChangGittyHub"},"content":"    public Duke(Scanner sc) {","lastModifiedDate":"2023-01-20"},{"lineNumber":6,"author":{"gitId":"ChangGittyHub"},"content":"        this.sc \u003d sc;","lastModifiedDate":"2023-01-20"},{"lineNumber":7,"author":{"gitId":"ChangGittyHub"},"content":"    }","lastModifiedDate":"2023-01-19"},{"lineNumber":8,"author":{"gitId":"ChangGittyHub"},"content":"    public void start(Tasklist list) throws DukeException {","lastModifiedDate":"2023-01-20"},{"lineNumber":9,"author":{"gitId":"ChangGittyHub"},"content":"        while(sc.hasNext()) {","lastModifiedDate":"2023-01-20"},{"lineNumber":10,"author":{"gitId":"ChangGittyHub"},"content":"            String input \u003d sc.nextLine();","lastModifiedDate":"2023-01-20"},{"lineNumber":11,"author":{"gitId":"ChangGittyHub"},"content":"            input \u003d input.trim();","lastModifiedDate":"2023-01-20"},{"lineNumber":12,"author":{"gitId":"ChangGittyHub"},"content":"            String[] separateInput \u003d input.split(\" \");","lastModifiedDate":"2023-01-20"},{"lineNumber":13,"author":{"gitId":"ChangGittyHub"},"content":"            String str \u003d separateInput[0];","lastModifiedDate":"2023-01-20"},{"lineNumber":14,"author":{"gitId":"ChangGittyHub"},"content":"            if(input.equals(\"bye\")) {","lastModifiedDate":"2023-01-20"},{"lineNumber":15,"author":{"gitId":"ChangGittyHub"},"content":"                System.out.println(\"Bye. Hope to see you again soon!\");","lastModifiedDate":"2023-01-19"},{"lineNumber":16,"author":{"gitId":"ChangGittyHub"},"content":"                sc.close();","lastModifiedDate":"2023-01-20"},{"lineNumber":17,"author":{"gitId":"ChangGittyHub"},"content":"                return;","lastModifiedDate":"2023-01-20"},{"lineNumber":18,"author":{"gitId":"ChangGittyHub"},"content":"            } else if(input.equals(\"list\")) {","lastModifiedDate":"2023-01-20"},{"lineNumber":19,"author":{"gitId":"ChangGittyHub"},"content":"                list.inString();","lastModifiedDate":"2023-01-20"},{"lineNumber":20,"author":{"gitId":"ChangGittyHub"},"content":"            } else if(input.contains(\"unmark\")) {","lastModifiedDate":"2023-01-20"},{"lineNumber":21,"author":{"gitId":"ChangGittyHub"},"content":"                String[] splitString \u003d input.split(\" \");","lastModifiedDate":"2023-01-20"},{"lineNumber":22,"author":{"gitId":"ChangGittyHub"},"content":"                int index \u003d Integer.parseInt(splitString[1]) - 1;","lastModifiedDate":"2023-01-20"},{"lineNumber":23,"author":{"gitId":"ChangGittyHub"},"content":"                list.unmarkTask(index);","lastModifiedDate":"2023-01-20"},{"lineNumber":24,"author":{"gitId":"ChangGittyHub"},"content":"            } else if(input.contains(\"mark\")) {","lastModifiedDate":"2023-01-20"},{"lineNumber":25,"author":{"gitId":"ChangGittyHub"},"content":"                String[] splitString \u003d input.split(\" \");","lastModifiedDate":"2023-01-20"},{"lineNumber":26,"author":{"gitId":"ChangGittyHub"},"content":"                int index \u003d Integer.parseInt(splitString[1]) - 1;","lastModifiedDate":"2023-01-20"},{"lineNumber":27,"author":{"gitId":"ChangGittyHub"},"content":"                list.markTaskAsDone(index);","lastModifiedDate":"2023-01-20"},{"lineNumber":28,"author":{"gitId":"ChangGittyHub"},"content":"            } else if(input.contains(\"delete\")) {","lastModifiedDate":"2023-01-20"},{"lineNumber":29,"author":{"gitId":"ChangGittyHub"},"content":"                String[] splitString \u003d input.split(\" \");","lastModifiedDate":"2023-01-20"},{"lineNumber":30,"author":{"gitId":"ChangGittyHub"},"content":"                int index \u003d Integer.parseInt(splitString[1]) - 1;","lastModifiedDate":"2023-01-20"},{"lineNumber":31,"author":{"gitId":"ChangGittyHub"},"content":"                list.deleteTask(index);","lastModifiedDate":"2023-01-20"},{"lineNumber":32,"author":{"gitId":"ChangGittyHub"},"content":"","lastModifiedDate":"2023-01-20"},{"lineNumber":33,"author":{"gitId":"ChangGittyHub"},"content":"            } else if(str.equals(\"todo\")) {","lastModifiedDate":"2023-01-20"},{"lineNumber":34,"author":{"gitId":"ChangGittyHub"},"content":"                int startIndex \u003d str.length();","lastModifiedDate":"2023-01-20"},{"lineNumber":35,"author":{"gitId":"ChangGittyHub"},"content":"                if(startIndex \u003e\u003d input.length()) {","lastModifiedDate":"2023-01-20"},{"lineNumber":36,"author":{"gitId":"ChangGittyHub"},"content":"                    throw new DukeException(\"☹ OOPS!!! The description of a todo cannot be empty.\");","lastModifiedDate":"2023-01-20"},{"lineNumber":37,"author":{"gitId":"ChangGittyHub"},"content":"                }","lastModifiedDate":"2023-01-20"},{"lineNumber":38,"author":{"gitId":"ChangGittyHub"},"content":"                String taskFullDetails \u003d input.substring(startIndex);","lastModifiedDate":"2023-01-20"},{"lineNumber":39,"author":{"gitId":"ChangGittyHub"},"content":"                Todo task \u003d new Todo(taskFullDetails);","lastModifiedDate":"2023-01-20"},{"lineNumber":40,"author":{"gitId":"ChangGittyHub"},"content":"                list.add(task);","lastModifiedDate":"2023-01-20"},{"lineNumber":41,"author":{"gitId":"ChangGittyHub"},"content":"                list.totalNumberOfTasks();","lastModifiedDate":"2023-01-20"},{"lineNumber":42,"author":{"gitId":"ChangGittyHub"},"content":"            } else if(str.equals(\"deadline\")){","lastModifiedDate":"2023-01-20"},{"lineNumber":43,"author":{"gitId":"ChangGittyHub"},"content":"                int startIndex \u003d str.length();","lastModifiedDate":"2023-01-20"},{"lineNumber":44,"author":{"gitId":"ChangGittyHub"},"content":"                if(startIndex \u003e\u003d input.length()) {","lastModifiedDate":"2023-01-20"},{"lineNumber":45,"author":{"gitId":"ChangGittyHub"},"content":"                    throw new DukeException(\"☹ OOPS!!! The description of a deadline cannot be empty.\");","lastModifiedDate":"2023-01-20"},{"lineNumber":46,"author":{"gitId":"ChangGittyHub"},"content":"                }","lastModifiedDate":"2023-01-20"},{"lineNumber":47,"author":{"gitId":"ChangGittyHub"},"content":"                int detailIndex\u003d input.lastIndexOf(\"deadline\");","lastModifiedDate":"2023-01-20"},{"lineNumber":48,"author":{"gitId":"ChangGittyHub"},"content":"                String taskFullDetails \u003d input.substring(detailIndex);","lastModifiedDate":"2023-01-20"},{"lineNumber":49,"author":{"gitId":"ChangGittyHub"},"content":"                String[] splitDetails \u003d taskFullDetails.split(\"/\");","lastModifiedDate":"2023-01-20"},{"lineNumber":50,"author":{"gitId":"ChangGittyHub"},"content":"                if(splitDetails.length \u003c 2) {","lastModifiedDate":"2023-01-20"},{"lineNumber":51,"author":{"gitId":"ChangGittyHub"},"content":"                    throw new DukeException(\"☹ OOPS!!! The deadline must be specified.\");","lastModifiedDate":"2023-01-20"},{"lineNumber":52,"author":{"gitId":"ChangGittyHub"},"content":"                }","lastModifiedDate":"2023-01-20"},{"lineNumber":53,"author":{"gitId":"ChangGittyHub"},"content":"                Deadline task \u003d new Deadline(splitDetails[0], splitDetails[1]);","lastModifiedDate":"2023-01-20"},{"lineNumber":54,"author":{"gitId":"ChangGittyHub"},"content":"                list.add(task);","lastModifiedDate":"2023-01-20"},{"lineNumber":55,"author":{"gitId":"ChangGittyHub"},"content":"                list.totalNumberOfTasks();","lastModifiedDate":"2023-01-20"},{"lineNumber":56,"author":{"gitId":"ChangGittyHub"},"content":"            } else if(str.equals(\"event\")) {","lastModifiedDate":"2023-01-20"},{"lineNumber":57,"author":{"gitId":"ChangGittyHub"},"content":"                int startIndex \u003d str.length();","lastModifiedDate":"2023-01-20"},{"lineNumber":58,"author":{"gitId":"ChangGittyHub"},"content":"                if(startIndex \u003e\u003d input.length()) {","lastModifiedDate":"2023-01-20"},{"lineNumber":59,"author":{"gitId":"ChangGittyHub"},"content":"                    throw new DukeException(\"☹ OOPS!!! The description of a event cannot be empty.\");","lastModifiedDate":"2023-01-20"},{"lineNumber":60,"author":{"gitId":"ChangGittyHub"},"content":"                }","lastModifiedDate":"2023-01-20"},{"lineNumber":61,"author":{"gitId":"ChangGittyHub"},"content":"                int detailIndex \u003d input.lastIndexOf(\"event\");","lastModifiedDate":"2023-01-20"},{"lineNumber":62,"author":{"gitId":"ChangGittyHub"},"content":"                String taskFullDetails \u003d input.substring(detailIndex);","lastModifiedDate":"2023-01-20"},{"lineNumber":63,"author":{"gitId":"ChangGittyHub"},"content":"                String[] splitDetails \u003d taskFullDetails.split(\"/\");","lastModifiedDate":"2023-01-20"},{"lineNumber":64,"author":{"gitId":"ChangGittyHub"},"content":"                if(splitDetails.length \u003c 3) {","lastModifiedDate":"2023-01-20"},{"lineNumber":65,"author":{"gitId":"ChangGittyHub"},"content":"                    throw new DukeException(\"☹ OOPS!!! The start and end both must be specified.\");","lastModifiedDate":"2023-01-20"},{"lineNumber":66,"author":{"gitId":"ChangGittyHub"},"content":"                }","lastModifiedDate":"2023-01-20"},{"lineNumber":67,"author":{"gitId":"ChangGittyHub"},"content":"                Event task \u003d new Event(splitDetails[0], splitDetails[1], splitDetails[2]);","lastModifiedDate":"2023-01-20"},{"lineNumber":68,"author":{"gitId":"ChangGittyHub"},"content":"                list.add(task);","lastModifiedDate":"2023-01-20"},{"lineNumber":69,"author":{"gitId":"ChangGittyHub"},"content":"                list.totalNumberOfTasks();","lastModifiedDate":"2023-01-20"},{"lineNumber":70,"author":{"gitId":"ChangGittyHub"},"content":"            } else {","lastModifiedDate":"2023-01-20"},{"lineNumber":71,"author":{"gitId":"ChangGittyHub"},"content":"                throw new DukeException(\"☹ OOPS!!! I\u0027m sorry,try again later!\");","lastModifiedDate":"2023-01-20"},{"lineNumber":72,"author":{"gitId":"ChangGittyHub"},"content":"            }","lastModifiedDate":"2023-01-19"},{"lineNumber":73,"author":{"gitId":"-"},"content":"        }","lastModifiedDate":"2019-07-29"},{"lineNumber":74,"author":{"gitId":"-"},"content":"    }","lastModifiedDate":"2019-07-29"},{"lineNumber":75,"author":{"gitId":"-"},"content":"    public static void main(String[] args) {","lastModifiedDate":"2023-01-20"},{"lineNumber":76,"author":{"gitId":"ChangGittyHub"},"content":"","lastModifiedDate":"2023-01-20"},{"lineNumber":77,"author":{"gitId":"ChangGittyHub"},"content":"        System.out.println(\"Hello! I\u0027m Duke What can I do for you?\");","lastModifiedDate":"2023-01-20"},{"lineNumber":78,"author":{"gitId":"ChangGittyHub"},"content":"","lastModifiedDate":"2023-01-20"},{"lineNumber":79,"author":{"gitId":"ChangGittyHub"},"content":"        Tasklist list \u003d new Tasklist();","lastModifiedDate":"2023-01-20"},{"lineNumber":80,"author":{"gitId":"ChangGittyHub"},"content":"        Scanner sc\u003d new Scanner(System.in);","lastModifiedDate":"2023-01-20"},{"lineNumber":81,"author":{"gitId":"ChangGittyHub"},"content":"        Duke duke \u003d new Duke(sc);","lastModifiedDate":"2023-01-20"},{"lineNumber":82,"author":{"gitId":"ChangGittyHub"},"content":"        try {","lastModifiedDate":"2023-01-20"},{"lineNumber":83,"author":{"gitId":"ChangGittyHub"},"content":"            duke.start(list);","lastModifiedDate":"2023-01-20"},{"lineNumber":84,"author":{"gitId":"ChangGittyHub"},"content":"        } catch(DukeException e) {","lastModifiedDate":"2023-01-20"},{"lineNumber":85,"author":{"gitId":"ChangGittyHub"},"content":"            System.out.println(e);","lastModifiedDate":"2023-01-20"},{"lineNumber":86,"author":{"gitId":"ChangGittyHub"},"content":"        }","lastModifiedDate":"2023-01-20"},{"lineNumber":87,"author":{"gitId":"-"},"content":"    }","lastModifiedDate":"2023-01-20"},{"lineNumber":88,"author":{"gitId":"-"},"content":"}","lastModifiedDate":"2023-01-20"}],"authorContributionMap":{"ChangGittyHub":82,"-":6}},{"path":"src/main/java/DukeException.java","fileType":"java","lines":[{"lineNumber":1,"author":{"gitId":"ChangGittyHub"},"content":"public class DukeException extends Exception{","lastModifiedDate":"2023-01-20"},{"lineNumber":2,"author":{"gitId":"ChangGittyHub"},"content":"    public DukeException(String str) {","lastModifiedDate":"2023-01-20"},{"lineNumber":3,"author":{"gitId":"ChangGittyHub"},"content":"        super(str);","lastModifiedDate":"2023-01-20"},{"lineNumber":4,"author":{"gitId":"ChangGittyHub"},"content":"    }","lastModifiedDate":"2023-01-20"},{"lineNumber":5,"author":{"gitId":"ChangGittyHub"},"content":"}","lastModifiedDate":"2023-01-20"}],"authorContributionMap":{"ChangGittyHub":5}},{"path":"src/main/java/Event.java","fileType":"java","lines":[{"lineNumber":1,"author":{"gitId":"ChangGittyHub"},"content":"public class Event extends Task{","lastModifiedDate":"2023-01-20"},{"lineNumber":2,"author":{"gitId":"ChangGittyHub"},"content":"    private String startDetails;","lastModifiedDate":"2023-01-20"},{"lineNumber":3,"author":{"gitId":"ChangGittyHub"},"content":"    private String endDetails;","lastModifiedDate":"2023-01-20"},{"lineNumber":4,"author":{"gitId":"ChangGittyHub"},"content":"","lastModifiedDate":"2023-01-20"},{"lineNumber":5,"author":{"gitId":"ChangGittyHub"},"content":"    public Event(String name, String start, String end) {","lastModifiedDate":"2023-01-20"},{"lineNumber":6,"author":{"gitId":"ChangGittyHub"},"content":"        super(name);","lastModifiedDate":"2023-01-20"},{"lineNumber":7,"author":{"gitId":"ChangGittyHub"},"content":"        this.startDetails \u003d start;","lastModifiedDate":"2023-01-20"},{"lineNumber":8,"author":{"gitId":"ChangGittyHub"},"content":"        this.endDetails \u003d end;","lastModifiedDate":"2023-01-20"},{"lineNumber":9,"author":{"gitId":"ChangGittyHub"},"content":"    }","lastModifiedDate":"2023-01-20"},{"lineNumber":10,"author":{"gitId":"ChangGittyHub"},"content":"    @Override","lastModifiedDate":"2023-01-20"},{"lineNumber":11,"author":{"gitId":"ChangGittyHub"},"content":"    public String toString() {","lastModifiedDate":"2023-01-20"},{"lineNumber":12,"author":{"gitId":"ChangGittyHub"},"content":"        return \"[E]\" + super.toString() + \"(\" + startDetails + \" : \" + endDetails + \")\";","lastModifiedDate":"2023-01-20"},{"lineNumber":13,"author":{"gitId":"ChangGittyHub"},"content":"    }","lastModifiedDate":"2023-01-20"},{"lineNumber":14,"author":{"gitId":"ChangGittyHub"},"content":"","lastModifiedDate":"2023-01-20"},{"lineNumber":15,"author":{"gitId":"ChangGittyHub"},"content":"","lastModifiedDate":"2023-01-20"},{"lineNumber":16,"author":{"gitId":"ChangGittyHub"},"content":"}","lastModifiedDate":"2023-01-20"}],"authorContributionMap":{"ChangGittyHub":16}},{"path":"src/main/java/Task.java","fileType":"java","lines":[{"lineNumber":1,"author":{"gitId":"ChangGittyHub"},"content":"public class Task {","lastModifiedDate":"2023-01-20"},{"lineNumber":2,"author":{"gitId":"ChangGittyHub"},"content":"    private boolean isMarked;","lastModifiedDate":"2023-01-20"},{"lineNumber":3,"author":{"gitId":"ChangGittyHub"},"content":"    private String name;","lastModifiedDate":"2023-01-20"},{"lineNumber":4,"author":{"gitId":"ChangGittyHub"},"content":"","lastModifiedDate":"2023-01-20"},{"lineNumber":5,"author":{"gitId":"ChangGittyHub"},"content":"    public Task(String name) {","lastModifiedDate":"2023-01-20"},{"lineNumber":6,"author":{"gitId":"ChangGittyHub"},"content":"        this.isMarked \u003d false;","lastModifiedDate":"2023-01-20"},{"lineNumber":7,"author":{"gitId":"ChangGittyHub"},"content":"        this.name \u003d name;","lastModifiedDate":"2023-01-20"},{"lineNumber":8,"author":{"gitId":"ChangGittyHub"},"content":"    }","lastModifiedDate":"2023-01-20"},{"lineNumber":9,"author":{"gitId":"ChangGittyHub"},"content":"","lastModifiedDate":"2023-01-20"},{"lineNumber":10,"author":{"gitId":"ChangGittyHub"},"content":"    public void markDone() {","lastModifiedDate":"2023-01-20"},{"lineNumber":11,"author":{"gitId":"ChangGittyHub"},"content":"        isMarked \u003d true;","lastModifiedDate":"2023-01-20"},{"lineNumber":12,"author":{"gitId":"ChangGittyHub"},"content":"    }","lastModifiedDate":"2023-01-20"},{"lineNumber":13,"author":{"gitId":"ChangGittyHub"},"content":"","lastModifiedDate":"2023-01-20"},{"lineNumber":14,"author":{"gitId":"ChangGittyHub"},"content":"    public void unmark() {","lastModifiedDate":"2023-01-20"},{"lineNumber":15,"author":{"gitId":"ChangGittyHub"},"content":"        isMarked \u003d false;","lastModifiedDate":"2023-01-20"},{"lineNumber":16,"author":{"gitId":"ChangGittyHub"},"content":"    }","lastModifiedDate":"2023-01-20"},{"lineNumber":17,"author":{"gitId":"ChangGittyHub"},"content":"","lastModifiedDate":"2023-01-20"},{"lineNumber":18,"author":{"gitId":"ChangGittyHub"},"content":"    public String getStatusICon() {","lastModifiedDate":"2023-01-20"},{"lineNumber":19,"author":{"gitId":"ChangGittyHub"},"content":"        return (isMarked ? \"X\" : \" \");","lastModifiedDate":"2023-01-20"},{"lineNumber":20,"author":{"gitId":"ChangGittyHub"},"content":"    }","lastModifiedDate":"2023-01-20"},{"lineNumber":21,"author":{"gitId":"ChangGittyHub"},"content":"","lastModifiedDate":"2023-01-20"},{"lineNumber":22,"author":{"gitId":"ChangGittyHub"},"content":"","lastModifiedDate":"2023-01-20"},{"lineNumber":23,"author":{"gitId":"ChangGittyHub"},"content":"    @Override","lastModifiedDate":"2023-01-20"},{"lineNumber":24,"author":{"gitId":"ChangGittyHub"},"content":"    public String toString() {","lastModifiedDate":"2023-01-20"},{"lineNumber":25,"author":{"gitId":"ChangGittyHub"},"content":"        return \"[\" + this.getStatusICon() + \"] \" + this.name;","lastModifiedDate":"2023-01-20"},{"lineNumber":26,"author":{"gitId":"ChangGittyHub"},"content":"    }","lastModifiedDate":"2023-01-20"},{"lineNumber":27,"author":{"gitId":"ChangGittyHub"},"content":"","lastModifiedDate":"2023-01-20"},{"lineNumber":28,"author":{"gitId":"ChangGittyHub"},"content":"}","lastModifiedDate":"2023-01-20"}],"authorContributionMap":{"ChangGittyHub":28}},{"path":"src/main/java/Tasklist.java","fileType":"java","lines":[{"lineNumber":1,"author":{"gitId":"ChangGittyHub"},"content":"import java.util.*;","lastModifiedDate":"2023-01-20"},{"lineNumber":2,"author":{"gitId":"ChangGittyHub"},"content":"public class Tasklist {","lastModifiedDate":"2023-01-20"},{"lineNumber":3,"author":{"gitId":"ChangGittyHub"},"content":"    private ArrayList\u003cTask\u003e list;","lastModifiedDate":"2023-01-20"},{"lineNumber":4,"author":{"gitId":"ChangGittyHub"},"content":"    public Tasklist() {","lastModifiedDate":"2023-01-20"},{"lineNumber":5,"author":{"gitId":"ChangGittyHub"},"content":"        this.list \u003d new ArrayList\u003c\u003e();","lastModifiedDate":"2023-01-20"},{"lineNumber":6,"author":{"gitId":"ChangGittyHub"},"content":"    }","lastModifiedDate":"2023-01-20"},{"lineNumber":7,"author":{"gitId":"ChangGittyHub"},"content":"    public void add(Task task) {","lastModifiedDate":"2023-01-20"},{"lineNumber":8,"author":{"gitId":"ChangGittyHub"},"content":"        this.list.add(task);","lastModifiedDate":"2023-01-20"},{"lineNumber":9,"author":{"gitId":"ChangGittyHub"},"content":"        System.out.println(\"Got it. I\u0027ve added this task:\\n \" + task.toString());","lastModifiedDate":"2023-01-20"},{"lineNumber":10,"author":{"gitId":"ChangGittyHub"},"content":"    }","lastModifiedDate":"2023-01-20"},{"lineNumber":11,"author":{"gitId":"ChangGittyHub"},"content":"    public void markTaskAsDone(int index) {","lastModifiedDate":"2023-01-20"},{"lineNumber":12,"author":{"gitId":"ChangGittyHub"},"content":"        this.list.get(index).markDone();","lastModifiedDate":"2023-01-20"},{"lineNumber":13,"author":{"gitId":"ChangGittyHub"},"content":"        System.out.println( \"Nice! I\u0027ve marked this task as done:\\n\"","lastModifiedDate":"2023-01-20"},{"lineNumber":14,"author":{"gitId":"ChangGittyHub"},"content":"                + list.get(index).toString());","lastModifiedDate":"2023-01-20"},{"lineNumber":15,"author":{"gitId":"ChangGittyHub"},"content":"    }","lastModifiedDate":"2023-01-20"},{"lineNumber":16,"author":{"gitId":"ChangGittyHub"},"content":"    public void unmarkTask(int index) {","lastModifiedDate":"2023-01-20"},{"lineNumber":17,"author":{"gitId":"ChangGittyHub"},"content":"        this.list.get(index).unmark();","lastModifiedDate":"2023-01-20"},{"lineNumber":18,"author":{"gitId":"ChangGittyHub"},"content":"        System.out.println( \"Nice! I\u0027ve marked this task as done:\\n\"","lastModifiedDate":"2023-01-20"},{"lineNumber":19,"author":{"gitId":"ChangGittyHub"},"content":"                + list.get(index).toString());","lastModifiedDate":"2023-01-20"},{"lineNumber":20,"author":{"gitId":"ChangGittyHub"},"content":"    }","lastModifiedDate":"2023-01-20"},{"lineNumber":21,"author":{"gitId":"ChangGittyHub"},"content":"","lastModifiedDate":"2023-01-20"},{"lineNumber":22,"author":{"gitId":"ChangGittyHub"},"content":"    public void deleteTask(int index) {","lastModifiedDate":"2023-01-20"},{"lineNumber":23,"author":{"gitId":"ChangGittyHub"},"content":"        this.list.remove(index);","lastModifiedDate":"2023-01-20"},{"lineNumber":24,"author":{"gitId":"ChangGittyHub"},"content":"        System.out.println(\"Noted. I\u0027ve removed this task:\\n\"","lastModifiedDate":"2023-01-20"},{"lineNumber":25,"author":{"gitId":"ChangGittyHub"},"content":"                + list.get(index).toString() );","lastModifiedDate":"2023-01-20"},{"lineNumber":26,"author":{"gitId":"ChangGittyHub"},"content":"        totalNumberOfTasks();","lastModifiedDate":"2023-01-20"},{"lineNumber":27,"author":{"gitId":"ChangGittyHub"},"content":"    }","lastModifiedDate":"2023-01-20"},{"lineNumber":28,"author":{"gitId":"ChangGittyHub"},"content":"    public void totalNumberOfTasks() {","lastModifiedDate":"2023-01-20"},{"lineNumber":29,"author":{"gitId":"ChangGittyHub"},"content":"        System.out.println(\"Now you have \" + this.list.size() + \" tasks in the list.\");","lastModifiedDate":"2023-01-20"},{"lineNumber":30,"author":{"gitId":"ChangGittyHub"},"content":"    }","lastModifiedDate":"2023-01-20"},{"lineNumber":31,"author":{"gitId":"ChangGittyHub"},"content":"","lastModifiedDate":"2023-01-20"},{"lineNumber":32,"author":{"gitId":"ChangGittyHub"},"content":"    public void inString() {","lastModifiedDate":"2023-01-20"},{"lineNumber":33,"author":{"gitId":"ChangGittyHub"},"content":"        System.out.println(\"Here are the tasks in your list:\\n\");","lastModifiedDate":"2023-01-20"},{"lineNumber":34,"author":{"gitId":"ChangGittyHub"},"content":"        for (int i \u003d 0; i \u003c this.list.size(); i++) {","lastModifiedDate":"2023-01-20"},{"lineNumber":35,"author":{"gitId":"ChangGittyHub"},"content":"            int index \u003d i + 1;","lastModifiedDate":"2023-01-20"},{"lineNumber":36,"author":{"gitId":"ChangGittyHub"},"content":"            System.out.println(index + \".\" + this.list.get(i).toString());","lastModifiedDate":"2023-01-20"},{"lineNumber":37,"author":{"gitId":"ChangGittyHub"},"content":"        }","lastModifiedDate":"2023-01-20"},{"lineNumber":38,"author":{"gitId":"ChangGittyHub"},"content":"    }","lastModifiedDate":"2023-01-20"},{"lineNumber":39,"author":{"gitId":"ChangGittyHub"},"content":"","lastModifiedDate":"2023-01-20"},{"lineNumber":40,"author":{"gitId":"ChangGittyHub"},"content":"}","lastModifiedDate":"2023-01-20"}],"authorContributionMap":{"ChangGittyHub":40}},{"path":"src/main/java/Todo.java","fileType":"java","lines":[{"lineNumber":1,"author":{"gitId":"ChangGittyHub"},"content":"public class Todo extends Task{","lastModifiedDate":"2023-01-20"},{"lineNumber":2,"author":{"gitId":"ChangGittyHub"},"content":"    public Todo(String name) {","lastModifiedDate":"2023-01-20"},{"lineNumber":3,"author":{"gitId":"ChangGittyHub"},"content":"        super(name);","lastModifiedDate":"2023-01-20"},{"lineNumber":4,"author":{"gitId":"ChangGittyHub"},"content":"    }","lastModifiedDate":"2023-01-20"},{"lineNumber":5,"author":{"gitId":"ChangGittyHub"},"content":"","lastModifiedDate":"2023-01-20"},{"lineNumber":6,"author":{"gitId":"ChangGittyHub"},"content":"    @Override","lastModifiedDate":"2023-01-20"},{"lineNumber":7,"author":{"gitId":"ChangGittyHub"},"content":"    public String toString() {","lastModifiedDate":"2023-01-20"},{"lineNumber":8,"author":{"gitId":"ChangGittyHub"},"content":"        return \"[T]\" + super.toString();","lastModifiedDate":"2023-01-20"},{"lineNumber":9,"author":{"gitId":"ChangGittyHub"},"content":"    }","lastModifiedDate":"2023-01-20"},{"lineNumber":10,"author":{"gitId":"ChangGittyHub"},"content":"}","lastModifiedDate":"2023-01-20"}],"authorContributionMap":{"ChangGittyHub":10}},{"path":"text-ui-test/input.txt","fileType":"txt","lines":[{"lineNumber":1,"author":{"gitId":"ChangGittyHub"},"content":"todo borrow book","lastModifiedDate":"2023-01-20"}],"authorContributionMap":{"ChangGittyHub":1}},{"path":"text-ui-test/runtest.sh","fileType":"sh","lines":[{"lineNumber":1,"author":{"gitId":"-"},"content":"#!/usr/bin/env bash","lastModifiedDate":"2020-05-25"},{"lineNumber":2,"author":{"gitId":"-"},"content":"","lastModifiedDate":"2020-05-25"},{"lineNumber":3,"author":{"gitId":"-"},"content":"# create bin directory if it doesn\u0027t exist","lastModifiedDate":"2020-05-25"},{"lineNumber":4,"author":{"gitId":"-"},"content":"if [ ! -d \"../bin\" ]","lastModifiedDate":"2020-05-25"},{"lineNumber":5,"author":{"gitId":"-"},"content":"then","lastModifiedDate":"2020-05-25"},{"lineNumber":6,"author":{"gitId":"-"},"content":"    mkdir ../bin","lastModifiedDate":"2020-05-25"},{"lineNumber":7,"author":{"gitId":"-"},"content":"fi","lastModifiedDate":"2020-05-25"},{"lineNumber":8,"author":{"gitId":"-"},"content":"","lastModifiedDate":"2020-05-25"},{"lineNumber":9,"author":{"gitId":"-"},"content":"# delete output from previous run","lastModifiedDate":"2020-05-25"},{"lineNumber":10,"author":{"gitId":"-"},"content":"if [ -e \"./ACTUAL.TXT\" ]","lastModifiedDate":"2020-05-25"},{"lineNumber":11,"author":{"gitId":"-"},"content":"then","lastModifiedDate":"2020-05-25"},{"lineNumber":12,"author":{"gitId":"-"},"content":"    rm ACTUAL.TXT","lastModifiedDate":"2020-05-25"},{"lineNumber":13,"author":{"gitId":"-"},"content":"fi","lastModifiedDate":"2020-05-25"},{"lineNumber":14,"author":{"gitId":"-"},"content":"","lastModifiedDate":"2020-05-25"},{"lineNumber":15,"author":{"gitId":"-"},"content":"# compile the code into the bin folder, terminates if error occurred","lastModifiedDate":"2020-05-25"},{"lineNumber":16,"author":{"gitId":"ChangGittyHub"},"content":"if ! javac -cp ../src/main/java/Duke.java -Xlint:none -d ../bin ../src/main/java/*.java","lastModifiedDate":"2023-01-20"},{"lineNumber":17,"author":{"gitId":"-"},"content":"then","lastModifiedDate":"2020-05-25"},{"lineNumber":18,"author":{"gitId":"-"},"content":"    echo \"********** BUILD FAILURE **********\"","lastModifiedDate":"2020-05-25"},{"lineNumber":19,"author":{"gitId":"-"},"content":"    exit 1","lastModifiedDate":"2020-05-25"},{"lineNumber":20,"author":{"gitId":"-"},"content":"fi","lastModifiedDate":"2020-05-25"},{"lineNumber":21,"author":{"gitId":"-"},"content":"","lastModifiedDate":"2020-05-25"},{"lineNumber":22,"author":{"gitId":"-"},"content":"# run the program, feed commands from input.txt file and redirect the output to the ACTUAL.TXT","lastModifiedDate":"2020-05-25"},{"lineNumber":23,"author":{"gitId":"ChangGittyHub"},"content":"java -classpath ../src/main/java/Duke.java  \u003c input.txt \u003e ACTUAL.TXT","lastModifiedDate":"2023-01-20"},{"lineNumber":24,"author":{"gitId":"-"},"content":"","lastModifiedDate":"2020-05-25"},{"lineNumber":25,"author":{"gitId":"-"},"content":"# convert to UNIX format","lastModifiedDate":"2020-05-25"},{"lineNumber":26,"author":{"gitId":"-"},"content":"cp EXPECTED.TXT EXPECTED-UNIX.TXT","lastModifiedDate":"2020-05-25"},{"lineNumber":27,"author":{"gitId":"-"},"content":"dos2unix ACTUAL.TXT EXPECTED-UNIX.TXT","lastModifiedDate":"2020-05-25"},{"lineNumber":28,"author":{"gitId":"-"},"content":"","lastModifiedDate":"2020-05-25"},{"lineNumber":29,"author":{"gitId":"-"},"content":"# compare the output to the expected output","lastModifiedDate":"2020-05-25"},{"lineNumber":30,"author":{"gitId":"-"},"content":"diff ACTUAL.TXT EXPECTED-UNIX.TXT","lastModifiedDate":"2020-05-25"},{"lineNumber":31,"author":{"gitId":"-"},"content":"if [ $? -eq 0 ]","lastModifiedDate":"2020-05-25"},{"lineNumber":32,"author":{"gitId":"-"},"content":"then","lastModifiedDate":"2020-05-25"},{"lineNumber":33,"author":{"gitId":"-"},"content":"    echo \"Test result: PASSED\"","lastModifiedDate":"2020-05-25"},{"lineNumber":34,"author":{"gitId":"-"},"content":"    exit 0","lastModifiedDate":"2020-05-25"},{"lineNumber":35,"author":{"gitId":"-"},"content":"else","lastModifiedDate":"2020-05-25"},{"lineNumber":36,"author":{"gitId":"-"},"content":"    echo \"Test result: FAILED\"","lastModifiedDate":"2020-05-25"},{"lineNumber":37,"author":{"gitId":"-"},"content":"    exit 1","lastModifiedDate":"2020-05-25"},{"lineNumber":38,"author":{"gitId":"-"},"content":"fi","lastModifiedDate":"2020-05-25"}],"authorContributionMap":{"ChangGittyHub":2,"-":36}}]
