{"authorDailyContributionsMap":{"ChangGittyHub":[{"date":"2023-01-19","commitResults":[{"hash":"24b37764d01d5f673c526cc0696d1541a19d324a","messageTitle":"Implement Level 1","messageBody":"","fileTypesAndContributionMap":{"java":{"insertions":19,"deletions":6}}},{"hash":"bd51a4427425373223f364608d47884a1bd476b5","messageTitle":"Implement Level 2","messageBody":"","fileTypesAndContributionMap":{"java":{"insertions":11,"deletions":3}}}]},{"date":"2023-01-20","commitResults":[{"hash":"5fab0702022cffde8c59aebcbe2da07634303c43","messageTitle":"Implement Level 3","messageBody":"","fileTypesAndContributionMap":{"java":{"insertions":46,"deletions":5}}},{"hash":"9c3046fa0977acdcdc625e7288d5fba333aadf78","messageTitle":"Updated Implement Level 3","messageBody":"","fileTypesAndContributionMap":{"java":{"insertions":43,"deletions":38}}},{"hash":"fed0cfdc4b6993bfccaae0ec08746f9cc306425d","messageTitle":"Implement Level 5","messageBody":"","fileTypesAndContributionMap":{"txt":{"insertions":1,"deletions":0},"java":{"insertions":78,"deletions":10},"sh":{"insertions":2,"deletions":2}}},{"hash":"56d2d7d25095a0e41bb9c6788411cb16e78af472","messageTitle":"Implement Level 5","messageBody":"","fileTypesAndContributionMap":{"java":{"insertions":74,"deletions":33}}},{"hash":"e922c822b339da60e7cdee1359fa922b84d6b474","messageTitle":"Implement Level 6","messageBody":"","fileTypesAndContributionMap":{"java":{"insertions":36,"deletions":22}}}]},{"date":"2023-02-11","commitResults":[{"hash":"55ffa225507e5584c9c67149bb0cf72d101937bd","messageTitle":"Implement Level-7","messageBody":"","fileTypesAndContributionMap":{"txt":{"insertions":4,"deletions":0},"java":{"insertions":510,"deletions":118},"bat":{"insertions":1,"deletions":1},"md":{"insertions":2,"deletions":2}}},{"hash":"d1c644326b63a240a52833f50e5c6d340ad81266","messageTitle":"Implement Level-8","messageBody":"","fileTypesAndContributionMap":{"java":{"insertions":3,"deletions":11}}},{"hash":"3a262848a167896a8a1a2b62eec9b3e2a163b52e","messageTitle":"A -MoreOOP","messageBody":"","fileTypesAndContributionMap":{"java":{"insertions":4,"deletions":1}}}]},{"date":"2023-02-13","commitResults":[{"hash":"04f35709fd1cd740334f830e631a4010b5fc1732","messageTitle":"Implement Level 8","messageBody":"","fileTypesAndContributionMap":{"java":{"insertions":17,"deletions":13}}}]},{"date":"2023-02-14","commitResults":[{"hash":"d98c9a13762c9eb461b07bd648de35942bf4b76e","messageTitle":"Add J-Unit","messageBody":"","tags":["v0.1"],"fileTypesAndContributionMap":{"txt":{"insertions":1,"deletions":4},"java":{"insertions":65,"deletions":0}}},{"hash":"277fb8c58bd9ca147149c29f7476204088451ddf","messageTitle":"Create a JAR file","messageBody":"","fileTypesAndContributionMap":{"gradle":{"insertions":14,"deletions":0}}},{"hash":"e2c79d858cebf8717283c22df8dc25fb88bbc417","messageTitle":"Add JavaDoc comments","messageBody":"","fileTypesAndContributionMap":{"java":{"insertions":369,"deletions":6}}},{"hash":"9142558d516322f71fde0ee33c819eb6ce38e955","messageTitle":"Tweak the code to comply with a coding standard","messageBody":"","fileTypesAndContributionMap":{"gradle":{"insertions":5,"deletions":0},"java":{"insertions":77,"deletions":63}}}]},{"date":"2023-02-15","commitResults":[{"hash":"c481fb7ab9c13474de40af634fdc48f46c6c466a","messageTitle":"Implement Level-9","messageBody":"","fileTypesAndContributionMap":{"txt":{"insertions":5,"deletions":1},"java":{"insertions":39,"deletions":0}}},{"hash":"5c8c5ea14f9608ee5e71ceda151c87baeb920e6a","messageTitle":"Bug fix from merging Import FindCommand","messageBody":"","fileTypesAndContributionMap":{"java":{"insertions":1,"deletions":0}}}]},{"date":"2023-02-16","commitResults":[{"hash":"869e410a6fc5b7e1847f4217c9b77f1dbc3cd5b2","messageTitle":"Add a GUI to Duke","messageBody":"","fileTypesAndContributionMap":{"gradle":{"insertions":1,"deletions":1},"txt":{"insertions":2,"deletions":5},"fxml":{"insertions":39,"deletions":0},"java":{"insertions":316,"deletions":67}}}]},{"date":"2023-02-17","commitResults":[{"hash":"3fe5223594f0a91887757de0b3109d29d61cda4f","messageTitle":"Improve code quality.","messageBody":"These are the edits I made,\n*Edit Javadoc.Ensure every Javaline starts with an asterisk.\n*Shorten lines with more than 150 characters.\n*Add meaningful names to task objects in my Parser class.\n*Change \u0027if\u0027 to \u0027else if\u0027 in Parser\n*Add new line to the end of the file.\n*Remove redundant code from old version.\n","fileTypesAndContributionMap":{"txt":{"insertions":4,"deletions":2},"java":{"insertions":182,"deletions":221}}},{"hash":"607ec1d255249e6a3324b8e82be8e3e15ab4b97d","messageTitle":"Add Assertions","messageBody":"Add assertions in these methods,\n* add(Task task) method - test that Task parameter is not\nnull.\n* markTaskAsDone(int index) method - test that index parameter is\nwithin the bounds of the list.\n* unmarkTask(int index) method -test that the index parameter is\nwithin the bounds of the list.\n* deleteTask(int index) method - test that the index parameter is\nwithin the bounds of the list.\n* getTask(int index) method - test that the index parameter is\nwithin the bounds of the list.\n","fileTypesAndContributionMap":{"java":{"insertions":5,"deletions":0}}}]},{"date":"2023-02-18","commitResults":[{"hash":"f7a2cf0fbfde280ba6b5d3add3a3dfaca208d084","messageTitle":"Implement Tagging function","messageBody":"","fileTypesAndContributionMap":{"txt":{"insertions":4,"deletions":4},"java":{"insertions":169,"deletions":66}}},{"hash":"11976bdb8428b9a577661815a016a15c4241fc6b","messageTitle":"Implement a delay upon exit to show exit reply","messageBody":"","fileTypesAndContributionMap":{"java":{"insertions":16,"deletions":0}}},{"hash":"ba573e39771302953714437b2b2229bff4709b1f","messageTitle":"Integrate Duuk\u0027s personality","messageBody":"","fileTypesAndContributionMap":{"txt":{"insertions":5,"deletions":2},"java":{"insertions":14,"deletions":14},"md":{"insertions":144,"deletions":0}}},{"hash":"00f8f830a0ab6846662bab7d311aeceef0d5626a","messageTitle":"Fix minor UI issue","messageBody":"","fileTypesAndContributionMap":{"txt":{"insertions":0,"deletions":2},"java":{"insertions":1,"deletions":1},"md":{"insertions":4,"deletions":3}}}]},{"date":"2023-02-20","commitResults":[{"hash":"194a89128a7cff5b575dce46f985e361aa56d153","messageTitle":"Add a User Guide","messageBody":"","tags":["v0.2","A-Release"],"fileTypesAndContributionMap":{"gradle":{"insertions":1,"deletions":1},"txt":{"insertions":6,"deletions":5},"fxml":{"insertions":6,"deletions":1},"java":{"insertions":64,"deletions":19},"md":{"insertions":151,"deletions":99}}}]}]},"authorFileTypeContributionMap":{"ChangGittyHub":{"java":1445,"md":198,"fxml":44,"sh":2,"bat":1,"gradle":20,"txt":7}},"authorContributionVariance":{"ChangGittyHub":34302.258},"authorDisplayNameMap":{"ChangGittyHub":"CS2103T-W15-2 DARR..IANG"}}
