{"authorDailyContributionsMap":{"mayuanxin1234":[{"date":"2023-01-16","commitResults":[{"hash":"0c46afb4fea10b447262cca67ca7a473ae6e4962","messageTitle":"Level-1","messageBody":"","tags":["Level-2"],"fileTypesAndContributionMap":{"java":{"insertions":11,"deletions":7}}}]},{"date":"2023-01-17","commitResults":[{"hash":"558991405690dfc8deec56ca312d17b01cb9ad96","messageTitle":"Level-2","messageBody":"","tags":["Level-3"],"fileTypesAndContributionMap":{"java":{"insertions":15,"deletions":2}}},{"hash":"c44437b911bd1b6600c7ce1faf5e0bccc374427a","messageTitle":"Level-3","messageBody":"","tags":["Level-4"],"fileTypesAndContributionMap":{"java":{"insertions":60,"deletions":9}}},{"hash":"4693ab64d0745c8fd864c0b7aa542938a869ea0c","messageTitle":"Level-4","messageBody":"","fileTypesAndContributionMap":{"java":{"insertions":134,"deletions":20}}},{"hash":"2ec42e3573672c919d60db4cb154285d4e23b006","messageTitle":"Level-4","messageBody":"","fileTypesAndContributionMap":{"txt":{"insertions":8,"deletions":0},"java":{"insertions":136,"deletions":20}}},{"hash":"0d310e334d3f9b648c17bf3b2b3f8a9165ea49d5","messageTitle":"Level-5","messageBody":"","tags":["A-TextUiTesting"],"fileTypesAndContributionMap":{"java":{"insertions":125,"deletions":106}}},{"hash":"b0654253a219f97dbd7d94f666947b27098b2e89","messageTitle":"Level-6","messageBody":"","tags":["A-Enums"],"fileTypesAndContributionMap":{"java":{"insertions":19,"deletions":8}}},{"hash":"f059a8db8d362a16de6ad3e6d89c2e8571b674e2","messageTitle":"A-Enums","messageBody":"","fileTypesAndContributionMap":{"java":{"insertions":13,"deletions":8}}}]},{"date":"2023-01-22","commitResults":[{"hash":"07b697dc15c609b214e7c0f50be00e3ee09acb19","messageTitle":"Add Save functionality Level-7","messageBody":"","tags":["Level-7"],"fileTypesAndContributionMap":{"java":{"insertions":68,"deletions":18}}},{"hash":"d67fe61ae3455c0d07602007ff8780e001f47f44","messageTitle":"Add Dates and TImes Level-8","messageBody":"","fileTypesAndContributionMap":{"java":{"insertions":36,"deletions":17}}},{"hash":"0ae43966ae91d52746cff39b9ff33831bbbe6426","messageTitle":"Add A-MoreOOP","messageBody":"","fileTypesAndContributionMap":{"txt":{"insertions":12,"deletions":2},"java":{"insertions":427,"deletions":155}}},{"hash":"c004482673c6022aabf7713c99c3fa70aa8d0a51","messageTitle":"Add A-Packages","messageBody":"","tags":["Level-8","A-Packages","A-MoreOOP"],"fileTypesAndContributionMap":{"java":{"insertions":79,"deletions":13}}},{"hash":"a87ed7bba20f2286e27b0438b8103831209027d0","messageTitle":"Add A-JUnit","messageBody":"","tags":["A-Jar","A-JUnit"],"fileTypesAndContributionMap":{"java":{"insertions":45,"deletions":3}}},{"hash":"f03fea4ea0b2ed3b99169cd9427d4b8e42244cfd","messageTitle":"Add A-JavaDoc","messageBody":"","tags":["A-JavaDoc"],"fileTypesAndContributionMap":{"java":{"insertions":175,"deletions":11}}},{"hash":"7035f322b7e073ba1d9de308cf2ce5d06f5d9d0c","messageTitle":"Add A-CodingStandard","messageBody":"","fileTypesAndContributionMap":{"java":{"insertions":228,"deletions":25}}},{"hash":"8573b70a59d583c32bf33fd35c0f3a375746d42a","messageTitle":"Add A-CodingStandard","messageBody":"","tags":["A-CodingStandard"],"fileTypesAndContributionMap":{"java":{"insertions":6,"deletions":72}}},{"hash":"1728988dbdfa284350694d2869a7d754c2bca514","messageTitle":"Add Level-9","messageBody":"","tags":["Level-9"],"fileTypesAndContributionMap":{"txt":{"insertions":1,"deletions":0},"java":{"insertions":51,"deletions":2}}}]},{"date":"2023-01-26","commitResults":[{"hash":"c90f82a61c55aec99f24b9defd6b18d2bcf259b0","messageTitle":"Merge branch \u0027branch-Level-8\u0027","messageBody":"# Conflicts:\n#\tsrc/main/java/Deadlines.java\n#\tsrc/main/java/Duke.java\n#\tsrc/main/java/Events.java\n","fileTypesAndContributionMap":{"java":{"insertions":0,"deletions":2}}},{"hash":"97a10f3e454d3770fdbdb60fd3fdc53b4791b096","messageTitle":"Fix stash","messageBody":"","fileTypesAndContributionMap":{"java":{"insertions":0,"deletions":4}}},{"hash":"da4ce3b75c0ab8e425f00b69900d16b33b6b0a83","messageTitle":"Revert \"Add Save functionality Level-7\"","messageBody":"","fileTypesAndContributionMap":{"java":{"insertions":1,"deletions":0}}}]}]},"authorFileTypeContributionMap":{"mayuanxin1234":{"java":906,"md":0,"fxml":0,"sh":0,"bat":0,"gradle":0,"txt":19}},"authorContributionVariance":{"mayuanxin1234":159026.39},"authorDisplayNameMap":{"mayuanxin1234":"CS2103T-T09-1 MA Y..NXIN"}}
