{"authorDailyContributionsMap":{"vsamarth":[{"date":"2023-01-19","commitResults":[{"hash":"d115b9cba536a6ec05ce4296c266f87db04074da","messageTitle":"Greet user with message","messageBody":"","tags":["Level-1"],"fileTypesAndContributionMap":{"java":{"insertions":43,"deletions":6}}},{"hash":"fd513b6a84c3a3949143b3bd9361a64c656b0fd4","messageTitle":"Allow user to add and list tasks","messageBody":"","tags":["Level-2","A-Enums"],"fileTypesAndContributionMap":{"java":{"insertions":112,"deletions":41}}},{"hash":"7dfe0a303f56eebc3c3b6de2dcbcf52c22663bf8","messageTitle":"Extract user interface logic","messageBody":"","fileTypesAndContributionMap":{"java":{"insertions":55,"deletions":0}}},{"hash":"3ad14532561a3773e3916bf91b38d71b7f3b2071","messageTitle":"Add support for deadlines and events","messageBody":"","tags":["Level-4"],"fileTypesAndContributionMap":{"java":{"insertions":138,"deletions":83}}},{"hash":"9af12e7b8b0b6b478efcff6239841c3bf35b1c6c","messageTitle":"Use strings for dates","messageBody":"","fileTypesAndContributionMap":{"java":{"insertions":7,"deletions":16}}},{"hash":"4f29ebc43e5595a818915736a9af8e7c491dad37","messageTitle":"Allow tasks to be marked completed","messageBody":"","tags":["Level-3"],"fileTypesAndContributionMap":{"java":{"insertions":22,"deletions":4}}},{"hash":"cb0984a3932604159611e8f87e9cfd62bd10daef","messageTitle":"Add UI Tests","messageBody":"","tags":["A-TextUiTesting"],"fileTypesAndContributionMap":{"txt":{"insertions":6,"deletions":0},"java":{"insertions":11,"deletions":0}}},{"hash":"2a1a238b4384e6bcc48192c5642184d16a134690","messageTitle":"Allow deleting tasks","messageBody":"","tags":["Level-6","Level-5","A-Collections"],"fileTypesAndContributionMap":{"java":{"insertions":11,"deletions":6}}}]},{"date":"2023-01-20","commitResults":[{"hash":"3b92e29042d584b8205d35dec737ddabcab6f5ca","messageTitle":"Move files into separate packages","messageBody":"","fileTypesAndContributionMap":{"java":{"insertions":364,"deletions":71},"sh":{"insertions":1,"deletions":1}}}]}]},"authorFileTypeContributionMap":{"vsamarth":{"java":546,"md":0,"fxml":0,"sh":1,"bat":0,"gradle":0,"txt":6}},"authorContributionVariance":{"vsamarth":47648.688},"authorDisplayNameMap":{"vsamarth":"SAMA..ERMA"}}
