{"authorDailyContributionsMap":{"sumhungyee":[{"date":"2023-01-19","commitResults":[{"hash":"ad9da7a34507608143edbddb43f7196526abaacf","messageTitle":"Added level 1","messageBody":"","tags":["level-1"],"fileTypesAndContributionMap":{"java":{"insertions":14,"deletions":7}}},{"hash":"3c1403f0cdae7a7525a8e6256948f3e83504dea8","messageTitle":"Added level 2","messageBody":"","tags":["level-2"],"fileTypesAndContributionMap":{"java":{"insertions":20,"deletions":2}}},{"hash":"c8f78ed8e809482890c19238d050240b12a56306","messageTitle":"Added level 3","messageBody":"","tags":["level-3"],"fileTypesAndContributionMap":{"java":{"insertions":40,"deletions":4}}},{"hash":"8e25cc04891d7d133a10348ce966b4f6ed02bfe2","messageTitle":"Added level 4","messageBody":"","tags":["level-4"],"fileTypesAndContributionMap":{"java":{"insertions":67,"deletions":5}}},{"hash":"91ab7ccfcd439066145970256f22895fefd9538d","messageTitle":"A-TextUiTesting","messageBody":"","tags":["A-TextUiTesting"],"fileTypesAndContributionMap":{"txt":{"insertions":2,"deletions":0},"java":{"insertions":3,"deletions":1}}},{"hash":"e8278f5b23d965884b79812173b1bb96a4219683","messageTitle":"level-5","messageBody":"","tags":["level-5"],"fileTypesAndContributionMap":{"java":{"insertions":117,"deletions":18}}},{"hash":"0c46fc21b4335164c5bddfe71001e51b80214ec7","messageTitle":"level-6","messageBody":"","tags":["level-6"],"fileTypesAndContributionMap":{"java":{"insertions":16,"deletions":0}}},{"hash":"d806350ce35f86df79a796e3b599392128a5d189","messageTitle":"level-6","messageBody":"","tags":["level-6.1"],"fileTypesAndContributionMap":{"java":{"insertions":10,"deletions":1}}}]},{"date":"2023-01-20","commitResults":[{"hash":"213b9a65c78090ea482f47e03dbb4d9eb449db08","messageTitle":"modofied level 6","messageBody":"","tags":["level-6.2"],"fileTypesAndContributionMap":{"java":{"insertions":62,"deletions":110}}}]},{"date":"2023-01-24","commitResults":[{"hash":"fc34788d256511ca42d0584538c03b0dacaf835c","messageTitle":"edit main class","messageBody":"","fileTypesAndContributionMap":{"java":{"insertions":5,"deletions":2}}}]},{"date":"2023-01-25","commitResults":[{"hash":"c35abd153f75c10f8bf91f33b326518dc2343d51","messageTitle":"add level-7","messageBody":"","fileTypesAndContributionMap":{"java":{"insertions":113,"deletions":11}}},{"hash":"a4cce1d252458bf828a10b0ea19f511c4d88f13d","messageTitle":"add level-8","messageBody":"","fileTypesAndContributionMap":{"java":{"insertions":21,"deletions":9}}},{"hash":"8fe5957a11e3833a862f82855860f7001315bd9a","messageTitle":"edit formatting of localdatetime","messageBody":"","fileTypesAndContributionMap":{"java":{"insertions":11,"deletions":6}}},{"hash":"9d1d21181e306a04d1abf8f6623b28a92232f42f","messageTitle":"edit level-7 printing","messageBody":"","fileTypesAndContributionMap":{"txt":{"insertions":0,"deletions":4},"java":{"insertions":26,"deletions":9}}},{"hash":"bfd38adfcd7471451afd39ed6f1eb98d6884c641","messageTitle":"add header comments","messageBody":"","fileTypesAndContributionMap":{"java":{"insertions":32,"deletions":0}}}]},{"date":"2023-01-28","commitResults":[{"hash":"4600a57c32a2ba0a0dd24846e74d4758f3353157","messageTitle":"add A-MoreOOP","messageBody":"","fileTypesAndContributionMap":{"txt":{"insertions":6,"deletions":0},"java":{"insertions":370,"deletions":169}}},{"hash":"4c0f6a1c96fee9b2c0ca6d3dcdceb43ee042ebec","messageTitle":"add A-MoreOOP","messageBody":"","fileTypesAndContributionMap":{"java":{"insertions":0,"deletions":14}}},{"hash":"13d1cabe99706c8ed06635d3738fe1ee93207fde","messageTitle":"add A-MoreOOP","messageBody":"","tags":["A-MoreOOP"],"fileTypesAndContributionMap":{"txt":{"insertions":3,"deletions":2},"java":{"insertions":205,"deletions":112}}},{"hash":"bb3909b12d723824d03a307bb51fbf4e4a3d37c6","messageTitle":"add A-Packages","messageBody":"","tags":["A-Packages"],"fileTypesAndContributionMap":{"txt":{"insertions":2,"deletions":2},"java":{"insertions":175,"deletions":54},"bat":{"insertions":2,"deletions":2},"sh":{"insertions":1,"deletions":1},"md":{"insertions":2,"deletions":2}}},{"hash":"5c6b1ea40badd12bd341203fbb4ca4a90ed93e05","messageTitle":"add A-Gradle","messageBody":"","fileTypesAndContributionMap":{"gradle":{"insertions":41,"deletions":0},"txt":{"insertions":1,"deletions":0},"bat":{"insertions":91,"deletions":0},"sh":{"insertions":0,"deletions":0}}},{"hash":"17f40da25985b92201617c3606fa45e38829cbc3","messageTitle":"add tests","messageBody":"","fileTypesAndContributionMap":{"java":{"insertions":2,"deletions":0}}},{"hash":"996d8dbefb8b2bd47f7f132ea581eaf9d09dad92","messageTitle":"add tests","messageBody":"","fileTypesAndContributionMap":{"gradle":{"insertions":9,"deletions":0},"java":{"insertions":5,"deletions":4}}},{"hash":"4952a2d81d0c6a74f379a251e83d1ec47736755e","messageTitle":"add A-JUnit","messageBody":"","fileTypesAndContributionMap":{"java":{"insertions":44,"deletions":4}}},{"hash":"058b7b302b41371b5b855f19ea08c8bdb842bcba","messageTitle":"add A-JUnit","messageBody":"","tags":["A-JUnit"],"fileTypesAndContributionMap":{"java":{"insertions":14,"deletions":1}}},{"hash":"03710cccf37974bc0d180920d007bf6684169047","messageTitle":"add","messageBody":"","tags":["A-Jar"],"fileTypesAndContributionMap":{"java":{"insertions":32,"deletions":1}}},{"hash":"b72bb53628a12cd612aedc9143b6ecd84000a959","messageTitle":"add A-JavaDoc","messageBody":"","tags":["A-JavaDoc"],"fileTypesAndContributionMap":{"java":{"insertions":150,"deletions":4}}},{"hash":"d48d8230c27a3c8af7e74e932ebdd529a99ca93d","messageTitle":"add A-JavaDoc","messageBody":"","fileTypesAndContributionMap":{"txt":{"insertions":1,"deletions":0},"java":{"insertions":63,"deletions":46}}},{"hash":"c67cdb327e94f56389af23dbe357f1bd83aa109a","messageTitle":"add A-JavaDoc","messageBody":"","tags":["A-CodingStandard"],"fileTypesAndContributionMap":{"java":{"insertions":33,"deletions":0}}},{"hash":"0704530454811ca110d25f72161d888982b85c50","messageTitle":"add level-9","messageBody":"","tags":["Level-9"],"fileTypesAndContributionMap":{"txt":{"insertions":1,"deletions":2},"java":{"insertions":57,"deletions":3}}}]},{"date":"2023-01-29","commitResults":[{"hash":"6dac3807fe60d68ea88b909dfc04dae32a34234e","messageTitle":"add A-JavaDoc","messageBody":"","fileTypesAndContributionMap":{"java":{"insertions":29,"deletions":4}}},{"hash":"d73059da4b1aa0e3ec9afb5e655d49083d9379b1","messageTitle":"add Level-9","messageBody":"","fileTypesAndContributionMap":{"java":{"insertions":22,"deletions":11}}},{"hash":"91231388b8ce9396855be091cfe3e59621b3bde7","messageTitle":"edit parser to accomodate for events","messageBody":"","fileTypesAndContributionMap":{"txt":{"insertions":3,"deletions":0},"java":{"insertions":36,"deletions":12}}},{"hash":"292992b26ee2091f15d2ecd48e658435f216db00","messageTitle":"add more exception handling","messageBody":"","fileTypesAndContributionMap":{"txt":{"insertions":4,"deletions":0},"java":{"insertions":10,"deletions":1}}},{"hash":"60ddcb5a23b4dfc834ce6476450128ab358353c8","messageTitle":"add more exceptions","messageBody":"","fileTypesAndContributionMap":{"txt":{"insertions":3,"deletions":2},"java":{"insertions":33,"deletions":12}}}]}]},"authorFileTypeContributionMap":{"sumhungyee":{"java":1200,"md":2,"fxml":0,"sh":1,"bat":2,"gradle":0,"txt":18}},"authorContributionVariance":{"sumhungyee":165552.22},"authorDisplayNameMap":{"sumhungyee":"CS2103-W17-2 SUM .. YEE"}}
