[{"path":"src/main/java/Deadline.java","fileType":"java","lines":[{"lineNumber":1,"author":{"gitId":"FireRadical22"},"content":"public class Deadline extends Task{","lastModifiedDate":"2023-01-17"},{"lineNumber":2,"author":{"gitId":"FireRadical22"},"content":"    protected String deadline;","lastModifiedDate":"2023-01-17"},{"lineNumber":3,"author":{"gitId":"FireRadical22"},"content":"","lastModifiedDate":"2023-01-17"},{"lineNumber":4,"author":{"gitId":"FireRadical22"},"content":"    public Deadline(String description, String deadline){","lastModifiedDate":"2023-01-17"},{"lineNumber":5,"author":{"gitId":"FireRadical22"},"content":"        super(description);","lastModifiedDate":"2023-01-17"},{"lineNumber":6,"author":{"gitId":"FireRadical22"},"content":"        this.deadline \u003d deadline;","lastModifiedDate":"2023-01-17"},{"lineNumber":7,"author":{"gitId":"FireRadical22"},"content":"    }","lastModifiedDate":"2023-01-17"},{"lineNumber":8,"author":{"gitId":"FireRadical22"},"content":"","lastModifiedDate":"2023-01-17"},{"lineNumber":9,"author":{"gitId":"FireRadical22"},"content":"    @Override","lastModifiedDate":"2023-01-17"},{"lineNumber":10,"author":{"gitId":"FireRadical22"},"content":"    public String toString(){","lastModifiedDate":"2023-01-17"},{"lineNumber":11,"author":{"gitId":"FireRadical22"},"content":"        return \"[D]\" + super.toString() + \"(by: \" + this.deadline + \")\";","lastModifiedDate":"2023-01-17"},{"lineNumber":12,"author":{"gitId":"FireRadical22"},"content":"    }","lastModifiedDate":"2023-01-17"},{"lineNumber":13,"author":{"gitId":"FireRadical22"},"content":"}","lastModifiedDate":"2023-01-17"}],"authorContributionMap":{"FireRadical22":13}},{"path":"src/main/java/Duke.java","fileType":"java","lines":[{"lineNumber":1,"author":{"gitId":"FireRadical22"},"content":"import java.util.ArrayList;","lastModifiedDate":"2023-01-18"},{"lineNumber":2,"author":{"gitId":"FireRadical22"},"content":"import java.util.Scanner;","lastModifiedDate":"2023-01-17"},{"lineNumber":3,"author":{"gitId":"FireRadical22"},"content":"import java.util.regex.*;","lastModifiedDate":"2023-01-17"},{"lineNumber":4,"author":{"gitId":"FireRadical22"},"content":"","lastModifiedDate":"2023-01-17"},{"lineNumber":5,"author":{"gitId":"-"},"content":"public class Duke {","lastModifiedDate":"2019-07-29"},{"lineNumber":6,"author":{"gitId":"FireRadical22"},"content":"    private static final int cap \u003d 100;","lastModifiedDate":"2023-01-18"},{"lineNumber":7,"author":{"gitId":"FireRadical22"},"content":"    private static ArrayList\u003cTask\u003e storage \u003d new ArrayList\u003c\u003e(cap);","lastModifiedDate":"2023-01-18"},{"lineNumber":8,"author":{"gitId":"FireRadical22"},"content":"    public static void main(String[] args) throws Exception {","lastModifiedDate":"2023-01-18"},{"lineNumber":9,"author":{"gitId":"-"},"content":"        String logo \u003d \" ____        _        \\n\"","lastModifiedDate":"2019-07-29"},{"lineNumber":10,"author":{"gitId":"-"},"content":"                + \"|  _ \\\\ _   _| | _____ \\n\"","lastModifiedDate":"2019-07-29"},{"lineNumber":11,"author":{"gitId":"-"},"content":"                + \"| | | | | | | |/ / _ \\\\\\n\"","lastModifiedDate":"2019-07-29"},{"lineNumber":12,"author":{"gitId":"-"},"content":"                + \"| |_| | |_| |   \u003c  __/\\n\"","lastModifiedDate":"2019-07-29"},{"lineNumber":13,"author":{"gitId":"-"},"content":"                + \"|____/ \\\\__,_|_|\\\\_\\\\___|\\n\";","lastModifiedDate":"2019-07-29"},{"lineNumber":14,"author":{"gitId":"-"},"content":"        System.out.println(\"Hello from\\n\" + logo);","lastModifiedDate":"2019-07-29"},{"lineNumber":15,"author":{"gitId":"FireRadical22"},"content":"","lastModifiedDate":"2023-01-17"},{"lineNumber":16,"author":{"gitId":"FireRadical22"},"content":"        String intro \u003d \"_____________________________________\\n\"","lastModifiedDate":"2023-01-17"},{"lineNumber":17,"author":{"gitId":"FireRadical22"},"content":"                + \"Hello! I\u0027m Duke\\n\"","lastModifiedDate":"2023-01-17"},{"lineNumber":18,"author":{"gitId":"FireRadical22"},"content":"                + \"What can I do for you?\\n\"","lastModifiedDate":"2023-01-17"},{"lineNumber":19,"author":{"gitId":"FireRadical22"},"content":"                + \"_____________________________________\\n\";","lastModifiedDate":"2023-01-17"},{"lineNumber":20,"author":{"gitId":"FireRadical22"},"content":"        System.out.println(intro);","lastModifiedDate":"2023-01-17"},{"lineNumber":21,"author":{"gitId":"FireRadical22"},"content":"","lastModifiedDate":"2023-01-17"},{"lineNumber":22,"author":{"gitId":"FireRadical22"},"content":"        Scanner sc \u003d new Scanner(System.in);","lastModifiedDate":"2023-01-17"},{"lineNumber":23,"author":{"gitId":"FireRadical22"},"content":"        String input;","lastModifiedDate":"2023-01-18"},{"lineNumber":24,"author":{"gitId":"FireRadical22"},"content":"","lastModifiedDate":"2023-01-17"},{"lineNumber":25,"author":{"gitId":"FireRadical22"},"content":"        while(true){","lastModifiedDate":"2023-01-17"},{"lineNumber":26,"author":{"gitId":"FireRadical22"},"content":"            try {","lastModifiedDate":"2023-01-18"},{"lineNumber":27,"author":{"gitId":"FireRadical22"},"content":"                input \u003d sc.nextLine();","lastModifiedDate":"2023-01-18"},{"lineNumber":28,"author":{"gitId":"FireRadical22"},"content":"                String lcInput \u003d input.toLowerCase();","lastModifiedDate":"2023-01-18"},{"lineNumber":29,"author":{"gitId":"FireRadical22"},"content":"                String[] inputs \u003d input.split(\" \");","lastModifiedDate":"2023-01-18"},{"lineNumber":30,"author":{"gitId":"FireRadical22"},"content":"                if (lcInput.contains(\"bye\")) {","lastModifiedDate":"2023-01-18"},{"lineNumber":31,"author":{"gitId":"FireRadical22"},"content":"                    if (inputs.length !\u003d 1) {","lastModifiedDate":"2023-01-18"},{"lineNumber":32,"author":{"gitId":"FireRadical22"},"content":"                        throw new DukeException(\"Command does not take in extra arguments!\");","lastModifiedDate":"2023-01-18"},{"lineNumber":33,"author":{"gitId":"FireRadical22"},"content":"                    } else {","lastModifiedDate":"2023-01-18"},{"lineNumber":34,"author":{"gitId":"FireRadical22"},"content":"                        bye();","lastModifiedDate":"2023-01-17"},{"lineNumber":35,"author":{"gitId":"FireRadical22"},"content":"                    }","lastModifiedDate":"2023-01-18"},{"lineNumber":36,"author":{"gitId":"FireRadical22"},"content":"                } else if (lcInput.contains(\"list\")) {","lastModifiedDate":"2023-01-18"},{"lineNumber":37,"author":{"gitId":"FireRadical22"},"content":"                    if (inputs.length !\u003d 1) {","lastModifiedDate":"2023-01-18"},{"lineNumber":38,"author":{"gitId":"FireRadical22"},"content":"                        throw new DukeException(\"Command does not take in extra arguments!\");","lastModifiedDate":"2023-01-18"},{"lineNumber":39,"author":{"gitId":"FireRadical22"},"content":"                    } else {","lastModifiedDate":"2023-01-18"},{"lineNumber":40,"author":{"gitId":"FireRadical22"},"content":"                        list();","lastModifiedDate":"2023-01-17"},{"lineNumber":41,"author":{"gitId":"FireRadical22"},"content":"                    }","lastModifiedDate":"2023-01-18"},{"lineNumber":42,"author":{"gitId":"FireRadical22"},"content":"                } else if (lcInput.contains(\"deadline\")) {","lastModifiedDate":"2023-01-18"},{"lineNumber":43,"author":{"gitId":"FireRadical22"},"content":"                    if (inputs.length \u003c\u003d 1) {","lastModifiedDate":"2023-01-18"},{"lineNumber":44,"author":{"gitId":"FireRadical22"},"content":"                        throw new DukeException(\"What is the deadline task????\");","lastModifiedDate":"2023-01-18"},{"lineNumber":45,"author":{"gitId":"FireRadical22"},"content":"                    } else if (!input.toLowerCase().contains(\"/by\")) {","lastModifiedDate":"2023-01-18"},{"lineNumber":46,"author":{"gitId":"FireRadical22"},"content":"                        throw new DukeException(\"Put in the deadline of your task Please!\");","lastModifiedDate":"2023-01-18"},{"lineNumber":47,"author":{"gitId":"FireRadical22"},"content":"                    } else {","lastModifiedDate":"2023-01-18"},{"lineNumber":48,"author":{"gitId":"FireRadical22"},"content":"                        deadline(input);","lastModifiedDate":"2023-01-17"},{"lineNumber":49,"author":{"gitId":"FireRadical22"},"content":"                    }","lastModifiedDate":"2023-01-18"},{"lineNumber":50,"author":{"gitId":"FireRadical22"},"content":"                } else if (lcInput.contains(\"todo\")) {","lastModifiedDate":"2023-01-18"},{"lineNumber":51,"author":{"gitId":"FireRadical22"},"content":"                    if (inputs.length \u003c\u003d 1) {","lastModifiedDate":"2023-01-18"},{"lineNumber":52,"author":{"gitId":"FireRadical22"},"content":"                        throw new DukeException(\"What is the todo task????\");","lastModifiedDate":"2023-01-18"},{"lineNumber":53,"author":{"gitId":"FireRadical22"},"content":"                    } else {","lastModifiedDate":"2023-01-18"},{"lineNumber":54,"author":{"gitId":"FireRadical22"},"content":"                        todo(input);","lastModifiedDate":"2023-01-17"},{"lineNumber":55,"author":{"gitId":"FireRadical22"},"content":"                    }","lastModifiedDate":"2023-01-18"},{"lineNumber":56,"author":{"gitId":"FireRadical22"},"content":"                } else if (lcInput.contains(\"event\")) {","lastModifiedDate":"2023-01-18"},{"lineNumber":57,"author":{"gitId":"FireRadical22"},"content":"                    if (!input.contains(\"/from\") \u0026\u0026 !input.contains(\"/to\")){","lastModifiedDate":"2023-01-18"},{"lineNumber":58,"author":{"gitId":"FireRadical22"},"content":"                        throw new DukeException(\"Period not specified!\");","lastModifiedDate":"2023-01-18"},{"lineNumber":59,"author":{"gitId":"FireRadical22"},"content":"                    } else if (inputs.length \u003c\u003d 1){","lastModifiedDate":"2023-01-18"},{"lineNumber":60,"author":{"gitId":"FireRadical22"},"content":"                        throw new DukeException(\"What is the event task????\");","lastModifiedDate":"2023-01-18"},{"lineNumber":61,"author":{"gitId":"FireRadical22"},"content":"                    }","lastModifiedDate":"2023-01-18"},{"lineNumber":62,"author":{"gitId":"FireRadical22"},"content":"                    events(input);","lastModifiedDate":"2023-01-17"},{"lineNumber":63,"author":{"gitId":"FireRadical22"},"content":"                } else {","lastModifiedDate":"2023-01-17"},{"lineNumber":64,"author":{"gitId":"FireRadical22"},"content":"                    if (Pattern.compile(\"\\\\D+.\\\\d+\").matcher(input).find()) {","lastModifiedDate":"2023-01-18"},{"lineNumber":65,"author":{"gitId":"FireRadical22"},"content":"                        int index \u003d Integer.parseInt(inputs[1]);","lastModifiedDate":"2023-01-18"},{"lineNumber":66,"author":{"gitId":"FireRadical22"},"content":"                        if (inputs[0].equals(\"mark\")) {","lastModifiedDate":"2023-01-18"},{"lineNumber":67,"author":{"gitId":"FireRadical22"},"content":"                            try {","lastModifiedDate":"2023-01-18"},{"lineNumber":68,"author":{"gitId":"FireRadical22"},"content":"                                storage.get(index - 1).markAsDone();","lastModifiedDate":"2023-01-18"},{"lineNumber":69,"author":{"gitId":"FireRadical22"},"content":"                                System.out.println(","lastModifiedDate":"2023-01-17"},{"lineNumber":70,"author":{"gitId":"FireRadical22"},"content":"                                        \"_____________________________________\\n\"","lastModifiedDate":"2023-01-17"},{"lineNumber":71,"author":{"gitId":"FireRadical22"},"content":"                                                + \"Nice! I\u0027ve marked this task as done\\n\"","lastModifiedDate":"2023-01-17"},{"lineNumber":72,"author":{"gitId":"FireRadical22"},"content":"                                                + \" \" + storage.get(index - 1).toString() + \"\\n\"","lastModifiedDate":"2023-01-18"},{"lineNumber":73,"author":{"gitId":"FireRadical22"},"content":"                                                + \"_____________________________________\\n\"","lastModifiedDate":"2023-01-17"},{"lineNumber":74,"author":{"gitId":"FireRadical22"},"content":"                                );","lastModifiedDate":"2023-01-17"},{"lineNumber":75,"author":{"gitId":"FireRadical22"},"content":"                            } catch (IndexOutOfBoundsException err){","lastModifiedDate":"2023-01-18"},{"lineNumber":76,"author":{"gitId":"FireRadical22"},"content":"                                throw new DukeException(\"Invalid index given!\");","lastModifiedDate":"2023-01-18"},{"lineNumber":77,"author":{"gitId":"FireRadical22"},"content":"                            }","lastModifiedDate":"2023-01-18"},{"lineNumber":78,"author":{"gitId":"FireRadical22"},"content":"                        } else if (inputs[0].equals(\"unmark\")) {","lastModifiedDate":"2023-01-18"},{"lineNumber":79,"author":{"gitId":"FireRadical22"},"content":"                            try {","lastModifiedDate":"2023-01-18"},{"lineNumber":80,"author":{"gitId":"FireRadical22"},"content":"                                storage.get(index - 1).unMark();","lastModifiedDate":"2023-01-18"},{"lineNumber":81,"author":{"gitId":"FireRadical22"},"content":"                                System.out.println(","lastModifiedDate":"2023-01-17"},{"lineNumber":82,"author":{"gitId":"FireRadical22"},"content":"                                        \"_____________________________________\\n\"","lastModifiedDate":"2023-01-17"},{"lineNumber":83,"author":{"gitId":"FireRadical22"},"content":"                                                + \"Ok, I\u0027ve marked this task as not done yet\\n\"","lastModifiedDate":"2023-01-17"},{"lineNumber":84,"author":{"gitId":"FireRadical22"},"content":"                                                + \" \" + storage.get(index - 1).toString() + \"\\n\"","lastModifiedDate":"2023-01-18"},{"lineNumber":85,"author":{"gitId":"FireRadical22"},"content":"                                                + \"_____________________________________\\n\"","lastModifiedDate":"2023-01-17"},{"lineNumber":86,"author":{"gitId":"FireRadical22"},"content":"                                );","lastModifiedDate":"2023-01-17"},{"lineNumber":87,"author":{"gitId":"FireRadical22"},"content":"                            } catch (IndexOutOfBoundsException err) {","lastModifiedDate":"2023-01-18"},{"lineNumber":88,"author":{"gitId":"FireRadical22"},"content":"                                throw new DukeException(\"Invalid index given!\");","lastModifiedDate":"2023-01-18"},{"lineNumber":89,"author":{"gitId":"FireRadical22"},"content":"                            }","lastModifiedDate":"2023-01-18"},{"lineNumber":90,"author":{"gitId":"FireRadical22"},"content":"                        } else if (inputs[0].equals(\"delete\")) {","lastModifiedDate":"2023-01-18"},{"lineNumber":91,"author":{"gitId":"FireRadical22"},"content":"                            try {","lastModifiedDate":"2023-01-18"},{"lineNumber":92,"author":{"gitId":"FireRadical22"},"content":"                                delete(index - 1);","lastModifiedDate":"2023-01-18"},{"lineNumber":93,"author":{"gitId":"FireRadical22"},"content":"                            } catch (IndexOutOfBoundsException err){","lastModifiedDate":"2023-01-18"},{"lineNumber":94,"author":{"gitId":"FireRadical22"},"content":"                                throw new DukeException(\"Invalid index given!\");","lastModifiedDate":"2023-01-18"},{"lineNumber":95,"author":{"gitId":"FireRadical22"},"content":"                            }","lastModifiedDate":"2023-01-18"},{"lineNumber":96,"author":{"gitId":"FireRadical22"},"content":"                        } else {","lastModifiedDate":"2023-01-18"},{"lineNumber":97,"author":{"gitId":"FireRadical22"},"content":"                            throw new DukeException(\"☹ OOPS!!! I\u0027m sorry, but I don\u0027t know what that means :-(\");","lastModifiedDate":"2023-01-18"},{"lineNumber":98,"author":{"gitId":"FireRadical22"},"content":"                        }","lastModifiedDate":"2023-01-17"},{"lineNumber":99,"author":{"gitId":"FireRadical22"},"content":"                    } else {","lastModifiedDate":"2023-01-17"},{"lineNumber":100,"author":{"gitId":"FireRadical22"},"content":"                        throw new DukeException(\"☹ OOPS!!! I\u0027m sorry, but I don\u0027t know what that means :-(\");","lastModifiedDate":"2023-01-18"},{"lineNumber":101,"author":{"gitId":"FireRadical22"},"content":"                    }","lastModifiedDate":"2023-01-18"},{"lineNumber":102,"author":{"gitId":"FireRadical22"},"content":"                }","lastModifiedDate":"2023-01-18"},{"lineNumber":103,"author":{"gitId":"FireRadical22"},"content":"            } catch (DukeException e){","lastModifiedDate":"2023-01-18"},{"lineNumber":104,"author":{"gitId":"FireRadical22"},"content":"                System.out.println(","lastModifiedDate":"2023-01-17"},{"lineNumber":105,"author":{"gitId":"FireRadical22"},"content":"                        \"_____________________________________\\n\"","lastModifiedDate":"2023-01-17"},{"lineNumber":106,"author":{"gitId":"FireRadical22"},"content":"                        + e.errorMessage + \"\\n\"","lastModifiedDate":"2023-01-18"},{"lineNumber":107,"author":{"gitId":"FireRadical22"},"content":"                        + \"_____________________________________\\n\"","lastModifiedDate":"2023-01-17"},{"lineNumber":108,"author":{"gitId":"FireRadical22"},"content":"                );","lastModifiedDate":"2023-01-17"},{"lineNumber":109,"author":{"gitId":"FireRadical22"},"content":"                continue;","lastModifiedDate":"2023-01-18"},{"lineNumber":110,"author":{"gitId":"FireRadical22"},"content":"            }","lastModifiedDate":"2023-01-17"},{"lineNumber":111,"author":{"gitId":"FireRadical22"},"content":"","lastModifiedDate":"2023-01-17"},{"lineNumber":112,"author":{"gitId":"FireRadical22"},"content":"        }","lastModifiedDate":"2023-01-17"},{"lineNumber":113,"author":{"gitId":"FireRadical22"},"content":"    }","lastModifiedDate":"2023-01-17"},{"lineNumber":114,"author":{"gitId":"FireRadical22"},"content":"","lastModifiedDate":"2023-01-17"},{"lineNumber":115,"author":{"gitId":"FireRadical22"},"content":"    private static void bye(){","lastModifiedDate":"2023-01-17"},{"lineNumber":116,"author":{"gitId":"FireRadical22"},"content":"        System.out.println(","lastModifiedDate":"2023-01-17"},{"lineNumber":117,"author":{"gitId":"FireRadical22"},"content":"                \"_____________________________________\\n\"","lastModifiedDate":"2023-01-17"},{"lineNumber":118,"author":{"gitId":"FireRadical22"},"content":"                        + \"Bye. Hope to see you again soon!\\n\"","lastModifiedDate":"2023-01-17"},{"lineNumber":119,"author":{"gitId":"FireRadical22"},"content":"                        + \"_____________________________________\\n\"","lastModifiedDate":"2023-01-17"},{"lineNumber":120,"author":{"gitId":"FireRadical22"},"content":"        );","lastModifiedDate":"2023-01-17"},{"lineNumber":121,"author":{"gitId":"FireRadical22"},"content":"        System.exit(0);","lastModifiedDate":"2023-01-17"},{"lineNumber":122,"author":{"gitId":"FireRadical22"},"content":"    }","lastModifiedDate":"2023-01-17"},{"lineNumber":123,"author":{"gitId":"FireRadical22"},"content":"","lastModifiedDate":"2023-01-17"},{"lineNumber":124,"author":{"gitId":"FireRadical22"},"content":"    private static void list(){","lastModifiedDate":"2023-01-17"},{"lineNumber":125,"author":{"gitId":"FireRadical22"},"content":"        System.out.println(\"_____________________________________\\n\");","lastModifiedDate":"2023-01-17"},{"lineNumber":126,"author":{"gitId":"FireRadical22"},"content":"        for (Task task: storage){","lastModifiedDate":"2023-01-18"},{"lineNumber":127,"author":{"gitId":"FireRadical22"},"content":"            System.out.println(","lastModifiedDate":"2023-01-17"},{"lineNumber":128,"author":{"gitId":"FireRadical22"},"content":"                    storage.indexOf(task) + \". \" + task.toString() + \"\\n\"","lastModifiedDate":"2023-01-18"},{"lineNumber":129,"author":{"gitId":"FireRadical22"},"content":"            );","lastModifiedDate":"2023-01-17"},{"lineNumber":130,"author":{"gitId":"FireRadical22"},"content":"        }","lastModifiedDate":"2023-01-17"},{"lineNumber":131,"author":{"gitId":"FireRadical22"},"content":"        System.out.println(\"_____________________________________\\n\");","lastModifiedDate":"2023-01-17"},{"lineNumber":132,"author":{"gitId":"-"},"content":"    }","lastModifiedDate":"2019-07-29"},{"lineNumber":133,"author":{"gitId":"FireRadical22"},"content":"","lastModifiedDate":"2023-01-17"},{"lineNumber":134,"author":{"gitId":"FireRadical22"},"content":"    private static void deadline(String rawInput){","lastModifiedDate":"2023-01-17"},{"lineNumber":135,"author":{"gitId":"FireRadical22"},"content":"        String desc \u003d rawInput.substring(","lastModifiedDate":"2023-01-17"},{"lineNumber":136,"author":{"gitId":"FireRadical22"},"content":"                rawInput.indexOf(\"deadline\") + \"deadline \".length(),","lastModifiedDate":"2023-01-17"},{"lineNumber":137,"author":{"gitId":"FireRadical22"},"content":"                rawInput.indexOf(\"/by\")","lastModifiedDate":"2023-01-17"},{"lineNumber":138,"author":{"gitId":"FireRadical22"},"content":"        );","lastModifiedDate":"2023-01-17"},{"lineNumber":139,"author":{"gitId":"FireRadical22"},"content":"","lastModifiedDate":"2023-01-17"},{"lineNumber":140,"author":{"gitId":"FireRadical22"},"content":"        String by \u003d rawInput.substring(","lastModifiedDate":"2023-01-17"},{"lineNumber":141,"author":{"gitId":"FireRadical22"},"content":"                rawInput.indexOf(\"/by\") + \"/by \".length()","lastModifiedDate":"2023-01-17"},{"lineNumber":142,"author":{"gitId":"FireRadical22"},"content":"        );","lastModifiedDate":"2023-01-17"},{"lineNumber":143,"author":{"gitId":"FireRadical22"},"content":"","lastModifiedDate":"2023-01-17"},{"lineNumber":144,"author":{"gitId":"FireRadical22"},"content":"        Task taskAdd \u003d new Deadline(desc, by);","lastModifiedDate":"2023-01-18"},{"lineNumber":145,"author":{"gitId":"FireRadical22"},"content":"        storage.add(taskAdd);","lastModifiedDate":"2023-01-18"},{"lineNumber":146,"author":{"gitId":"FireRadical22"},"content":"        System.out.println(\"_____________________________________\\n\"","lastModifiedDate":"2023-01-17"},{"lineNumber":147,"author":{"gitId":"FireRadical22"},"content":"                + \"Got it. I\u0027ve added this task:\\n\"","lastModifiedDate":"2023-01-17"},{"lineNumber":148,"author":{"gitId":"FireRadical22"},"content":"                + \" \" + taskAdd.toString() +\"\\n\"","lastModifiedDate":"2023-01-18"},{"lineNumber":149,"author":{"gitId":"FireRadical22"},"content":"                + taskCount() + \"\\n\"","lastModifiedDate":"2023-01-17"},{"lineNumber":150,"author":{"gitId":"FireRadical22"},"content":"                + \"_____________________________________\\n\"","lastModifiedDate":"2023-01-18"},{"lineNumber":151,"author":{"gitId":"FireRadical22"},"content":"        );","lastModifiedDate":"2023-01-17"},{"lineNumber":152,"author":{"gitId":"FireRadical22"},"content":"    }","lastModifiedDate":"2023-01-17"},{"lineNumber":153,"author":{"gitId":"FireRadical22"},"content":"","lastModifiedDate":"2023-01-17"},{"lineNumber":154,"author":{"gitId":"FireRadical22"},"content":"    private static void events(String rawInput){","lastModifiedDate":"2023-01-17"},{"lineNumber":155,"author":{"gitId":"FireRadical22"},"content":"        String desc \u003d rawInput.substring(","lastModifiedDate":"2023-01-17"},{"lineNumber":156,"author":{"gitId":"FireRadical22"},"content":"                rawInput.indexOf(\"events\") + \"events \".length(),","lastModifiedDate":"2023-01-17"},{"lineNumber":157,"author":{"gitId":"FireRadical22"},"content":"                rawInput.indexOf(\"/from\")","lastModifiedDate":"2023-01-17"},{"lineNumber":158,"author":{"gitId":"FireRadical22"},"content":"        );","lastModifiedDate":"2023-01-17"},{"lineNumber":159,"author":{"gitId":"FireRadical22"},"content":"","lastModifiedDate":"2023-01-17"},{"lineNumber":160,"author":{"gitId":"FireRadical22"},"content":"        String from \u003d rawInput.substring(","lastModifiedDate":"2023-01-17"},{"lineNumber":161,"author":{"gitId":"FireRadical22"},"content":"                rawInput.indexOf(\"/from\") + \"/from \".length(),","lastModifiedDate":"2023-01-17"},{"lineNumber":162,"author":{"gitId":"FireRadical22"},"content":"                rawInput.indexOf(\"/to\")","lastModifiedDate":"2023-01-17"},{"lineNumber":163,"author":{"gitId":"FireRadical22"},"content":"        );","lastModifiedDate":"2023-01-17"},{"lineNumber":164,"author":{"gitId":"FireRadical22"},"content":"","lastModifiedDate":"2023-01-17"},{"lineNumber":165,"author":{"gitId":"FireRadical22"},"content":"        String to \u003d rawInput.substring(","lastModifiedDate":"2023-01-17"},{"lineNumber":166,"author":{"gitId":"FireRadical22"},"content":"                rawInput.indexOf(\"/to\") + \"/to \".length()","lastModifiedDate":"2023-01-17"},{"lineNumber":167,"author":{"gitId":"FireRadical22"},"content":"        );","lastModifiedDate":"2023-01-17"},{"lineNumber":168,"author":{"gitId":"FireRadical22"},"content":"","lastModifiedDate":"2023-01-17"},{"lineNumber":169,"author":{"gitId":"FireRadical22"},"content":"        Task taskAdd \u003d new Events(desc, from, to);","lastModifiedDate":"2023-01-18"},{"lineNumber":170,"author":{"gitId":"FireRadical22"},"content":"        storage.add(taskAdd);","lastModifiedDate":"2023-01-18"},{"lineNumber":171,"author":{"gitId":"FireRadical22"},"content":"        System.out.println(\"_____________________________________\\n\"","lastModifiedDate":"2023-01-17"},{"lineNumber":172,"author":{"gitId":"FireRadical22"},"content":"                + \"Got it. I\u0027ve added this task:\\n\"","lastModifiedDate":"2023-01-17"},{"lineNumber":173,"author":{"gitId":"FireRadical22"},"content":"                + \" \" + taskAdd.toString() +\"\\n\"","lastModifiedDate":"2023-01-18"},{"lineNumber":174,"author":{"gitId":"FireRadical22"},"content":"                + taskCount() + \"\\n\"","lastModifiedDate":"2023-01-17"},{"lineNumber":175,"author":{"gitId":"FireRadical22"},"content":"                + \"_____________________________________\\n\"","lastModifiedDate":"2023-01-18"},{"lineNumber":176,"author":{"gitId":"FireRadical22"},"content":"        );","lastModifiedDate":"2023-01-17"},{"lineNumber":177,"author":{"gitId":"FireRadical22"},"content":"    }","lastModifiedDate":"2023-01-17"},{"lineNumber":178,"author":{"gitId":"FireRadical22"},"content":"","lastModifiedDate":"2023-01-17"},{"lineNumber":179,"author":{"gitId":"FireRadical22"},"content":"    private static void todo(String rawInput){","lastModifiedDate":"2023-01-17"},{"lineNumber":180,"author":{"gitId":"FireRadical22"},"content":"        String desc \u003d rawInput.substring(","lastModifiedDate":"2023-01-17"},{"lineNumber":181,"author":{"gitId":"FireRadical22"},"content":"                rawInput.indexOf(\"todo\") + \"todo \".length()","lastModifiedDate":"2023-01-17"},{"lineNumber":182,"author":{"gitId":"FireRadical22"},"content":"        );","lastModifiedDate":"2023-01-17"},{"lineNumber":183,"author":{"gitId":"FireRadical22"},"content":"","lastModifiedDate":"2023-01-17"},{"lineNumber":184,"author":{"gitId":"FireRadical22"},"content":"        Task taskAdd \u003d new ToDo(desc);","lastModifiedDate":"2023-01-18"},{"lineNumber":185,"author":{"gitId":"FireRadical22"},"content":"        storage.add(taskAdd);","lastModifiedDate":"2023-01-18"},{"lineNumber":186,"author":{"gitId":"FireRadical22"},"content":"        System.out.println(\"_____________________________________\\n\"","lastModifiedDate":"2023-01-17"},{"lineNumber":187,"author":{"gitId":"FireRadical22"},"content":"                + \"Got it. I\u0027ve added this task:\\n\"","lastModifiedDate":"2023-01-17"},{"lineNumber":188,"author":{"gitId":"FireRadical22"},"content":"                + \" \" + taskAdd.toString() +\"\\n\"","lastModifiedDate":"2023-01-18"},{"lineNumber":189,"author":{"gitId":"FireRadical22"},"content":"                + taskCount() + \"\\n\"","lastModifiedDate":"2023-01-17"},{"lineNumber":190,"author":{"gitId":"FireRadical22"},"content":"                + \"_____________________________________\\n\"","lastModifiedDate":"2023-01-18"},{"lineNumber":191,"author":{"gitId":"FireRadical22"},"content":"        );","lastModifiedDate":"2023-01-17"},{"lineNumber":192,"author":{"gitId":"FireRadical22"},"content":"    }","lastModifiedDate":"2023-01-17"},{"lineNumber":193,"author":{"gitId":"FireRadical22"},"content":"","lastModifiedDate":"2023-01-17"},{"lineNumber":194,"author":{"gitId":"FireRadical22"},"content":"    private static String taskCount(){","lastModifiedDate":"2023-01-17"},{"lineNumber":195,"author":{"gitId":"FireRadical22"},"content":"        int newCount \u003d storage.size();","lastModifiedDate":"2023-01-18"},{"lineNumber":196,"author":{"gitId":"FireRadical22"},"content":"        String task \u003d newCount \u003d\u003d 1 ? \" task\" : \" tasks\";","lastModifiedDate":"2023-01-17"},{"lineNumber":197,"author":{"gitId":"FireRadical22"},"content":"        return \"Now you have \" + newCount + task + \" in the list.\";","lastModifiedDate":"2023-01-17"},{"lineNumber":198,"author":{"gitId":"FireRadical22"},"content":"    }","lastModifiedDate":"2023-01-17"},{"lineNumber":199,"author":{"gitId":"FireRadical22"},"content":"","lastModifiedDate":"2023-01-18"},{"lineNumber":200,"author":{"gitId":"FireRadical22"},"content":"    private static void delete(int index){","lastModifiedDate":"2023-01-18"},{"lineNumber":201,"author":{"gitId":"FireRadical22"},"content":"        Task taskRemoved \u003d storage.remove(index);","lastModifiedDate":"2023-01-18"},{"lineNumber":202,"author":{"gitId":"FireRadical22"},"content":"        System.out.println(","lastModifiedDate":"2023-01-18"},{"lineNumber":203,"author":{"gitId":"FireRadical22"},"content":"                \"_____________________________________\\n\"","lastModifiedDate":"2023-01-18"},{"lineNumber":204,"author":{"gitId":"FireRadical22"},"content":"                +  \"Noted. I\u0027ve removed this task:\\n\"","lastModifiedDate":"2023-01-18"},{"lineNumber":205,"author":{"gitId":"FireRadical22"},"content":"                +  \" \" + taskRemoved.toString() + \"\\n\"","lastModifiedDate":"2023-01-18"},{"lineNumber":206,"author":{"gitId":"FireRadical22"},"content":"                + taskCount() + \"\\n\"","lastModifiedDate":"2023-01-18"},{"lineNumber":207,"author":{"gitId":"FireRadical22"},"content":"                + \"_____________________________________\\n\"","lastModifiedDate":"2023-01-18"},{"lineNumber":208,"author":{"gitId":"FireRadical22"},"content":"        );","lastModifiedDate":"2023-01-18"},{"lineNumber":209,"author":{"gitId":"-"},"content":"    }","lastModifiedDate":"2023-01-18"},{"lineNumber":210,"author":{"gitId":"-"},"content":"}","lastModifiedDate":"2019-07-29"},{"lineNumber":211,"author":{"gitId":"FireRadical22"},"content":"","lastModifiedDate":"2023-01-17"}],"authorContributionMap":{"-":10,"FireRadical22":201}},{"path":"src/main/java/DukeException.java","fileType":"java","lines":[{"lineNumber":1,"author":{"gitId":"FireRadical22"},"content":"public class DukeException extends Exception{","lastModifiedDate":"2023-01-18"},{"lineNumber":2,"author":{"gitId":"FireRadical22"},"content":"    protected String errorMessage;","lastModifiedDate":"2023-01-18"},{"lineNumber":3,"author":{"gitId":"FireRadical22"},"content":"","lastModifiedDate":"2023-01-18"},{"lineNumber":4,"author":{"gitId":"FireRadical22"},"content":"    public DukeException(String message){","lastModifiedDate":"2023-01-18"},{"lineNumber":5,"author":{"gitId":"FireRadical22"},"content":"        this.errorMessage \u003d message;","lastModifiedDate":"2023-01-18"},{"lineNumber":6,"author":{"gitId":"FireRadical22"},"content":"    }","lastModifiedDate":"2023-01-18"},{"lineNumber":7,"author":{"gitId":"FireRadical22"},"content":"}","lastModifiedDate":"2023-01-18"}],"authorContributionMap":{"FireRadical22":7}},{"path":"src/main/java/Events.java","fileType":"java","lines":[{"lineNumber":1,"author":{"gitId":"FireRadical22"},"content":"public class Events extends Task{","lastModifiedDate":"2023-01-17"},{"lineNumber":2,"author":{"gitId":"FireRadical22"},"content":"    protected String from;","lastModifiedDate":"2023-01-17"},{"lineNumber":3,"author":{"gitId":"FireRadical22"},"content":"    protected String to;","lastModifiedDate":"2023-01-17"},{"lineNumber":4,"author":{"gitId":"FireRadical22"},"content":"","lastModifiedDate":"2023-01-17"},{"lineNumber":5,"author":{"gitId":"FireRadical22"},"content":"    public Events(String description, String from, String to){","lastModifiedDate":"2023-01-17"},{"lineNumber":6,"author":{"gitId":"FireRadical22"},"content":"        super(description);","lastModifiedDate":"2023-01-17"},{"lineNumber":7,"author":{"gitId":"FireRadical22"},"content":"        this.from \u003d from;","lastModifiedDate":"2023-01-17"},{"lineNumber":8,"author":{"gitId":"FireRadical22"},"content":"        this.to \u003d to;","lastModifiedDate":"2023-01-17"},{"lineNumber":9,"author":{"gitId":"FireRadical22"},"content":"    }","lastModifiedDate":"2023-01-17"},{"lineNumber":10,"author":{"gitId":"FireRadical22"},"content":"","lastModifiedDate":"2023-01-17"},{"lineNumber":11,"author":{"gitId":"FireRadical22"},"content":"    @Override","lastModifiedDate":"2023-01-17"},{"lineNumber":12,"author":{"gitId":"FireRadical22"},"content":"    public String toString(){","lastModifiedDate":"2023-01-17"},{"lineNumber":13,"author":{"gitId":"FireRadical22"},"content":"        return \"[E]\" + super.toString() + \"(from: \" + this.from","lastModifiedDate":"2023-01-17"},{"lineNumber":14,"author":{"gitId":"FireRadical22"},"content":"                + \"to: \" + this.to + \")\";","lastModifiedDate":"2023-01-17"},{"lineNumber":15,"author":{"gitId":"FireRadical22"},"content":"    }","lastModifiedDate":"2023-01-17"},{"lineNumber":16,"author":{"gitId":"FireRadical22"},"content":"}","lastModifiedDate":"2023-01-17"}],"authorContributionMap":{"FireRadical22":16}},{"path":"src/main/java/Task.java","fileType":"java","lines":[{"lineNumber":1,"author":{"gitId":"FireRadical22"},"content":"public class Task {","lastModifiedDate":"2023-01-17"},{"lineNumber":2,"author":{"gitId":"FireRadical22"},"content":"    protected String description;","lastModifiedDate":"2023-01-17"},{"lineNumber":3,"author":{"gitId":"FireRadical22"},"content":"    protected boolean isDone;","lastModifiedDate":"2023-01-17"},{"lineNumber":4,"author":{"gitId":"FireRadical22"},"content":"","lastModifiedDate":"2023-01-17"},{"lineNumber":5,"author":{"gitId":"FireRadical22"},"content":"    public Task(String description) {","lastModifiedDate":"2023-01-17"},{"lineNumber":6,"author":{"gitId":"FireRadical22"},"content":"        this.description \u003d description;","lastModifiedDate":"2023-01-17"},{"lineNumber":7,"author":{"gitId":"FireRadical22"},"content":"        this.isDone \u003d false;","lastModifiedDate":"2023-01-17"},{"lineNumber":8,"author":{"gitId":"FireRadical22"},"content":"    }","lastModifiedDate":"2023-01-17"},{"lineNumber":9,"author":{"gitId":"FireRadical22"},"content":"","lastModifiedDate":"2023-01-17"},{"lineNumber":10,"author":{"gitId":"FireRadical22"},"content":"    private String getStatusIcon() {","lastModifiedDate":"2023-01-17"},{"lineNumber":11,"author":{"gitId":"FireRadical22"},"content":"        return (isDone ? \"X\" : \" \");","lastModifiedDate":"2023-01-17"},{"lineNumber":12,"author":{"gitId":"FireRadical22"},"content":"    }","lastModifiedDate":"2023-01-17"},{"lineNumber":13,"author":{"gitId":"FireRadical22"},"content":"","lastModifiedDate":"2023-01-17"},{"lineNumber":14,"author":{"gitId":"FireRadical22"},"content":"    public void markAsDone(){","lastModifiedDate":"2023-01-17"},{"lineNumber":15,"author":{"gitId":"FireRadical22"},"content":"        this.isDone \u003d true;","lastModifiedDate":"2023-01-17"},{"lineNumber":16,"author":{"gitId":"FireRadical22"},"content":"","lastModifiedDate":"2023-01-17"},{"lineNumber":17,"author":{"gitId":"FireRadical22"},"content":"    }","lastModifiedDate":"2023-01-17"},{"lineNumber":18,"author":{"gitId":"FireRadical22"},"content":"","lastModifiedDate":"2023-01-17"},{"lineNumber":19,"author":{"gitId":"FireRadical22"},"content":"    public void unMark(){","lastModifiedDate":"2023-01-17"},{"lineNumber":20,"author":{"gitId":"FireRadical22"},"content":"        this.isDone \u003d false;","lastModifiedDate":"2023-01-17"},{"lineNumber":21,"author":{"gitId":"FireRadical22"},"content":"    }","lastModifiedDate":"2023-01-17"},{"lineNumber":22,"author":{"gitId":"FireRadical22"},"content":"","lastModifiedDate":"2023-01-17"},{"lineNumber":23,"author":{"gitId":"FireRadical22"},"content":"    @Override","lastModifiedDate":"2023-01-17"},{"lineNumber":24,"author":{"gitId":"FireRadical22"},"content":"    public String toString(){","lastModifiedDate":"2023-01-17"},{"lineNumber":25,"author":{"gitId":"FireRadical22"},"content":"        String output \u003d \"[\" + getStatusIcon() + \"] \" + this.description;","lastModifiedDate":"2023-01-17"},{"lineNumber":26,"author":{"gitId":"FireRadical22"},"content":"        return output;","lastModifiedDate":"2023-01-17"},{"lineNumber":27,"author":{"gitId":"FireRadical22"},"content":"    }","lastModifiedDate":"2023-01-17"},{"lineNumber":28,"author":{"gitId":"FireRadical22"},"content":"}","lastModifiedDate":"2023-01-17"}],"authorContributionMap":{"FireRadical22":28}},{"path":"src/main/java/ToDo.java","fileType":"java","lines":[{"lineNumber":1,"author":{"gitId":"FireRadical22"},"content":"public class ToDo extends Task{","lastModifiedDate":"2023-01-17"},{"lineNumber":2,"author":{"gitId":"FireRadical22"},"content":"    public ToDo(String description){","lastModifiedDate":"2023-01-17"},{"lineNumber":3,"author":{"gitId":"FireRadical22"},"content":"        super(description);","lastModifiedDate":"2023-01-17"},{"lineNumber":4,"author":{"gitId":"FireRadical22"},"content":"        super.isDone \u003d false;","lastModifiedDate":"2023-01-17"},{"lineNumber":5,"author":{"gitId":"FireRadical22"},"content":"    }","lastModifiedDate":"2023-01-17"},{"lineNumber":6,"author":{"gitId":"FireRadical22"},"content":"","lastModifiedDate":"2023-01-17"},{"lineNumber":7,"author":{"gitId":"FireRadical22"},"content":"    @Override","lastModifiedDate":"2023-01-17"},{"lineNumber":8,"author":{"gitId":"FireRadical22"},"content":"    public String toString(){","lastModifiedDate":"2023-01-17"},{"lineNumber":9,"author":{"gitId":"FireRadical22"},"content":"        return \"[T]\" + super.toString();","lastModifiedDate":"2023-01-17"},{"lineNumber":10,"author":{"gitId":"FireRadical22"},"content":"    }","lastModifiedDate":"2023-01-17"},{"lineNumber":11,"author":{"gitId":"FireRadical22"},"content":"}","lastModifiedDate":"2023-01-17"}],"authorContributionMap":{"FireRadical22":11}},{"path":"text-ui-test/input.txt","fileType":"txt","lines":[{"lineNumber":1,"author":{"gitId":"FireRadical22"},"content":"deadline read book /by Sunday","lastModifiedDate":"2023-01-18"},{"lineNumber":2,"author":{"gitId":"FireRadical22"},"content":"events birthday /from 30th jan /to 30th jan","lastModifiedDate":"2023-01-18"},{"lineNumber":3,"author":{"gitId":"FireRadical22"},"content":"list","lastModifiedDate":"2023-01-18"},{"lineNumber":4,"author":{"gitId":"FireRadical22"},"content":"mark 1","lastModifiedDate":"2023-01-18"},{"lineNumber":5,"author":{"gitId":"FireRadical22"},"content":"mark 2","lastModifiedDate":"2023-01-18"},{"lineNumber":6,"author":{"gitId":"FireRadical22"},"content":"unmark 1","lastModifiedDate":"2023-01-18"},{"lineNumber":7,"author":{"gitId":"FireRadical22"},"content":"bye","lastModifiedDate":"2023-01-18"}],"authorContributionMap":{"FireRadical22":7}},{"path":"text-ui-test/runtest.bat","fileType":"bat","lines":[{"lineNumber":1,"author":{"gitId":"-"},"content":"@ECHO OFF","lastModifiedDate":"2020-05-25"},{"lineNumber":2,"author":{"gitId":"-"},"content":"","lastModifiedDate":"2020-05-25"},{"lineNumber":3,"author":{"gitId":"-"},"content":"REM create bin directory if it doesn\u0027t exist","lastModifiedDate":"2020-05-25"},{"lineNumber":4,"author":{"gitId":"-"},"content":"if not exist ..\\bin mkdir ..\\bin","lastModifiedDate":"2020-05-25"},{"lineNumber":5,"author":{"gitId":"-"},"content":"","lastModifiedDate":"2020-05-25"},{"lineNumber":6,"author":{"gitId":"-"},"content":"REM delete output from previous run","lastModifiedDate":"2020-05-25"},{"lineNumber":7,"author":{"gitId":"-"},"content":"if exist ACTUAL.TXT del ACTUAL.TXT","lastModifiedDate":"2020-08-25"},{"lineNumber":8,"author":{"gitId":"-"},"content":"","lastModifiedDate":"2020-05-25"},{"lineNumber":9,"author":{"gitId":"-"},"content":"REM compile the code into the bin folder","lastModifiedDate":"2020-05-25"},{"lineNumber":10,"author":{"gitId":"FireRadical22"},"content":"javac  -cp C:\\Users\\radic\\Documents\\GitHub\\ip\\src\\main\\java -Xlint:none -d C:\\Users\\radic\\Documents\\GitHub\\ip\\bin C:\\Users\\radic\\Documents\\GitHub\\ip\\src\\main\\java\\*.java","lastModifiedDate":"2023-01-18"},{"lineNumber":11,"author":{"gitId":"-"},"content":"IF ERRORLEVEL 1 (","lastModifiedDate":"2020-05-25"},{"lineNumber":12,"author":{"gitId":"-"},"content":"    echo ********** BUILD FAILURE **********","lastModifiedDate":"2020-05-25"},{"lineNumber":13,"author":{"gitId":"-"},"content":"    exit /b 1","lastModifiedDate":"2020-05-25"},{"lineNumber":14,"author":{"gitId":"-"},"content":")","lastModifiedDate":"2020-05-25"},{"lineNumber":15,"author":{"gitId":"-"},"content":"REM no error here, errorlevel \u003d\u003d 0","lastModifiedDate":"2020-05-25"},{"lineNumber":16,"author":{"gitId":"-"},"content":"","lastModifiedDate":"2020-05-25"},{"lineNumber":17,"author":{"gitId":"-"},"content":"REM run the program, feed commands from input.txt file and redirect the output to the ACTUAL.TXT","lastModifiedDate":"2020-05-25"},{"lineNumber":18,"author":{"gitId":"FireRadical22"},"content":"java -classpath C:\\Users\\radic\\Documents\\GitHub\\ip\\bin Duke \u003c input.txt \u003e ACTUAL.TXT","lastModifiedDate":"2023-01-18"},{"lineNumber":19,"author":{"gitId":"-"},"content":"","lastModifiedDate":"2020-05-25"},{"lineNumber":20,"author":{"gitId":"-"},"content":"REM compare the output to the expected output","lastModifiedDate":"2020-05-25"},{"lineNumber":21,"author":{"gitId":"-"},"content":"FC ACTUAL.TXT EXPECTED.TXT","lastModifiedDate":"2020-05-25"}],"authorContributionMap":{"-":19,"FireRadical22":2}}]
