{"authorDailyContributionsMap":{"panpannnnn":[{"date":"2023-01-17","commitResults":[{"hash":"4cfb0243eaec3ecccc58aee8fda3a9886b142a47","messageTitle":"Level-1","messageBody":"","tags":["Level-1"],"fileTypesAndContributionMap":{"java":{"insertions":16,"deletions":0}}},{"hash":"0a14b068b96053c46e484ac471b493c1e6386271","messageTitle":"Level-2","messageBody":"","tags":["Level-2"],"fileTypesAndContributionMap":{"java":{"insertions":24,"deletions":1}}},{"hash":"4bd152a740f6da8082c0009c70d1114c663d76c5","messageTitle":"Level-3","messageBody":"","tags":["Level-3"],"fileTypesAndContributionMap":{"java":{"insertions":34,"deletions":4}}}]},{"date":"2023-01-18","commitResults":[{"hash":"bff544edaf53450c65db0d15b0fa9280dbfd2691","messageTitle":"Level-4","messageBody":"","tags":["Level-4"],"fileTypesAndContributionMap":{"java":{"insertions":61,"deletions":2}}},{"hash":"106d17301ad8e0fbad0d0d4d8533962099fef251","messageTitle":"A-TextUiTesting","messageBody":"","tags":["A-TextUiTesting"],"fileTypesAndContributionMap":{"bat":{"insertions":2,"deletions":2}}},{"hash":"012520b4e2073b8d8fdf0ef3e10231c0e0e120a7","messageTitle":"Level-5","messageBody":"","tags":["Level-5"],"fileTypesAndContributionMap":{"txt":{"insertions":8,"deletions":0},"java":{"insertions":51,"deletions":34},"bat":{"insertions":3,"deletions":2}}},{"hash":"bacc588828968829fcbbce744a0e3aa1c489db66","messageTitle":"Level-6","messageBody":"","tags":["Level-6"],"fileTypesAndContributionMap":{"java":{"insertions":60,"deletions":18}}}]},{"date":"2023-01-26","commitResults":[{"hash":"39eb1965962a6717ee46b12a22f2e1a95e988b99","messageTitle":"Level-7","messageBody":"","tags":["Level-7"],"fileTypesAndContributionMap":{"txt":{"insertions":5,"deletions":0},"java":{"insertions":136,"deletions":13}}},{"hash":"c17b8113a3acfa6e80879d6f81b456bbeca08fc1","messageTitle":"Level-8","messageBody":"","tags":["Level-8"],"fileTypesAndContributionMap":{"txt":{"insertions":2,"deletions":2},"java":{"insertions":24,"deletions":12}}}]},{"date":"2023-01-27","commitResults":[{"hash":"13d4d0a3c2104431c4547df7b5b6b6d95b9dc791","messageTitle":"A-MoreOOP","messageBody":"","tags":["A-MoreOOP"],"fileTypesAndContributionMap":{"txt":{"insertions":5,"deletions":3},"java":{"insertions":180,"deletions":87}}},{"hash":"80b88970b0214f77bdcc923a5635cbe6c319d496","messageTitle":"A-Packages","messageBody":"","tags":["A-Packages"],"fileTypesAndContributionMap":{"java":{"insertions":20,"deletions":1}}}]},{"date":"2023-02-12","commitResults":[{"hash":"fadb26d02c2062c3950def2627dc788f9fd175c0","messageTitle":"A-Gradle","messageBody":"","tags":["A-Gradle"],"fileTypesAndContributionMap":{"gradle":{"insertions":1,"deletions":0},"txt":{"insertions":1,"deletions":1}}},{"hash":"d5702842061a8ca774d087ed25e19888975d5b16","messageTitle":"A-JUnit","messageBody":"","tags":["A-JUnit"],"fileTypesAndContributionMap":{"gradle":{"insertions":1,"deletions":1},"java":{"insertions":51,"deletions":0}}}]},{"date":"2023-02-13","commitResults":[{"hash":"b6e391c50e34c70b31eb5a399db8a9771fb9bef5","messageTitle":"A-Jar","messageBody":"","tags":["A-Jar"],"fileTypesAndContributionMap":{"txt":{"insertions":8,"deletions":3},"java":{"insertions":3,"deletions":3}}},{"hash":"a095553fed9a052de5ac3a6af4c9fe25735abfa8","messageTitle":"A-JavaDoc","messageBody":"","tags":["A-JavaDoc"],"fileTypesAndContributionMap":{"java":{"insertions":149,"deletions":1}}},{"hash":"9723cdb9f9dc4ec7222c9ede634fb95b61aa73d5","messageTitle":"Edit according to coding standards.","messageBody":"Storage: change boolean naming to convention\n\nDuke: improve SLAP of the start() method\nMethod was too long. Hence the implementation was split into different smaller methods.\n","tags":["A-FullCommitMessage","A-CodingStandard"],"fileTypesAndContributionMap":{"java":{"insertions":66,"deletions":47}}},{"hash":"be00e754dcfe8cec1cc8b5bd3421dc3dd696382c","messageTitle":"Level-9","messageBody":"Create find functionality\nDuke: create a new case for finding a task\nParser: create a new method to find keyword of the task\nTasklist: create new method to gather matching tasks\nUI: create a new method to display matching tasks\n","tags":["Level-9"],"fileTypesAndContributionMap":{"java":{"insertions":31,"deletions":0}}},{"hash":"76d804bb21dfc8c7ffcdc5f552c0758274047728","messageTitle":"A-CheckStyle Add checkstyle","messageBody":"","tags":["A-CheckStyle"],"fileTypesAndContributionMap":{"gradle":{"insertions":5,"deletions":1}}}]},{"date":"2023-02-16","commitResults":[{"hash":"79914ddfcdb897a7874b892adece180b3ef3cda8","messageTitle":"Revamp duke so that ui, list, storage and parser won\u0027t have to be passed in through the methods.","messageBody":"","fileTypesAndContributionMap":{"txt":{"insertions":1,"deletions":0},"java":{"insertions":43,"deletions":36}}},{"hash":"5f1c137ca1573396feffd9566406a28030827737","messageTitle":"Level-10","messageBody":"Add GUI to duke\nAdd a \u0027help\u0027 menu\nAdd a \u0027retrieve data\u0027 feature for users using the GUI to load previous tasks\n","tags":["Level-10","BDC-Extension"],"fileTypesAndContributionMap":{"gradle":{"insertions":19,"deletions":4},"txt":{"insertions":3,"deletions":8},"fxml":{"insertions":35,"deletions":0},"java":{"insertions":303,"deletions":83}}}]},{"date":"2023-02-17","commitResults":[{"hash":"a6900368a2bed557994fd885251efc850683c43b","messageTitle":"A-Assertions","messageBody":"Add assert feature to tasklist methods to document assumptions that should hold.\n","tags":["A-Assertions"],"fileTypesAndContributionMap":{"txt":{"insertions":1,"deletions":0},"java":{"insertions":7,"deletions":2}}},{"hash":"ecb2da333980439ba5ca9c06407bbf989473c04c","messageTitle":"A-CodeQuality","messageBody":"Add JavaDocs for each method and code comments.\nCheck for readability.\nConsolidate duplicate conditional fragments for Duke.java\n","tags":["A-CodeQuality"],"fileTypesAndContributionMap":{"java":{"insertions":113,"deletions":10}}},{"hash":"cbc5bcd04790ab21f06774d591e299686cf9ef7e","messageTitle":"BCD-Extension","messageBody":"Add the C-Help extension. Actually added in an earlier commit: see commit 5f1c137\n","tags":["BCD-Extension-Part2"],"fileTypesAndContributionMap":{"java":{"insertions":3,"deletions":0}}},{"hash":"259f155a89898f20da437657066dddf0d5d68d94","messageTitle":"Add credit for GUI design","messageBody":"","fileTypesAndContributionMap":{"java":{"insertions":1,"deletions":0}}},{"hash":"7ded73e7e08c4fa5454099bf5ec82f35ed9652c1","messageTitle":"A-Personality","messageBody":"Change Duke to panpan (my own nickname:P)\n","tags":["A-Personality"],"fileTypesAndContributionMap":{"java":{"insertions":4,"deletions":9}}},{"hash":"3452f3aaa84bb916e43d4bf6acee2131079b647d","messageTitle":"A-UserGuide","messageBody":"Update README.md with the new user guide\n","tags":["A-UserGuide"],"fileTypesAndContributionMap":{"txt":{"insertions":0,"deletions":4},"md":{"insertions":139,"deletions":12}}},{"hash":"bd4fbe12f024ecc371ba31f9e276212713226e34","messageTitle":"Rename archive base name to \u0027panpan\u0027 for release","messageBody":"","tags":["A-Release"],"fileTypesAndContributionMap":{"gradle":{"insertions":1,"deletions":1}}}]},{"date":"2023-02-21","commitResults":[{"hash":"de5d5fa5fd010d80f7d0b5b0901840962e19c7b8","messageTitle":"Update mainClassName for new release","messageBody":"","tags":["A-Release-2"],"fileTypesAndContributionMap":{"gradle":{"insertions":1,"deletions":1}}},{"hash":"bcfa290e92d02a80b41e94f04db1eb23a4370b91","messageTitle":"Update Storage handling of file not found exception","messageBody":"","tags":["A-Release-3"],"fileTypesAndContributionMap":{"txt":{"insertions":0,"deletions":0},"java":{"insertions":12,"deletions":10}}}]}]},"authorFileTypeContributionMap":{"panpannnnn":{"java":1030,"md":139,"fxml":35,"sh":0,"bat":2,"gradle":22,"txt":13}},"authorContributionVariance":{"panpannnnn":14251.3},"authorDisplayNameMap":{"panpannnnn":"CS2103T-W14-3 ANG ..ANDA"}}
