{"authorDailyContributionsMap":{"anunayajoshi":[{"date":"2023-01-19","commitResults":[{"hash":"cff6685c3c53826fb319135175ca8406d15f11f5","isMergeCommit":false,"messageTitle":"Level-1, included Greet, Echo and Exit","messageBody":"","tags":["Level-1"],"fileTypesAndContributionMap":{"java":{"insertions":21,"deletions":6}}}]},{"date":"2023-01-21","commitResults":[{"hash":"3c3620463d0d069c07f5918cd1c5bfd92bcf8b46","isMergeCommit":false,"messageTitle":"Level 2: Add, list","messageBody":"","tags":["Level-2"],"fileTypesAndContributionMap":{"java":{"insertions":53,"deletions":13}}},{"hash":"b434ccbf3e679d830ef40f4187ea213f39e63b4b","isMergeCommit":false,"messageTitle":"Mark as Done and A-Classes","messageBody":"","tags":["Level-3"],"fileTypesAndContributionMap":{"java":{"insertions":56,"deletions":10}}},{"hash":"bdf9370ba13ce5058a625e49f8c190440b5e35d4","isMergeCommit":false,"messageTitle":"Add Todos, Events, Deadlines","messageBody":"","tags":["Level-4"],"fileTypesAndContributionMap":{"java":{"insertions":77,"deletions":10}}},{"hash":"bfbea046605aac027a2c70579c078efa662b1744","isMergeCommit":false,"messageTitle":"Automated Text UI Testing","messageBody":"","tags":["A-TextUiTesting"],"fileTypesAndContributionMap":{"txt":{"insertions":1,"deletions":0}}},{"hash":"1933ec3c56fe06b5808c973a092b5fa7de64f927","isMergeCommit":false,"messageTitle":"Handle errors and A-Exceptions","messageBody":"","tags":["Level-5"],"fileTypesAndContributionMap":{"java":{"insertions":87,"deletions":43}}},{"hash":"89c7a9c9ed69eaed84fb490d4e25c8d41d17f2cf","isMergeCommit":false,"messageTitle":"Delete","messageBody":"","tags":["Level-6"],"fileTypesAndContributionMap":{"java":{"insertions":15,"deletions":0}}},{"hash":"eac4ecbbadde393ddafdd44c5ea02a6f111c7e68","isMergeCommit":false,"messageTitle":"Contain Error messages for events and deadlines","messageBody":"","fileTypesAndContributionMap":{"java":{"insertions":19,"deletions":7}}},{"hash":"4782b1c2a173dcc4719498d659b5e136c011c6c4","isMergeCommit":false,"messageTitle":"Include unit tests for deadline and lists","messageBody":"","fileTypesAndContributionMap":{"txt":{"insertions":4,"deletions":1}}},{"hash":"b70ae40b1325e5e03b6b3cb4efecc61e507080ad","isMergeCommit":true,"messageTitle":"Merge branch \u0027master\u0027 into feature1","messageBody":"","fileTypesAndContributionMap":{}},{"hash":"eb9bd897cef2188129043b97aac2d6f302d454cb","isMergeCommit":false,"messageTitle":"Include more unit tests","messageBody":"","fileTypesAndContributionMap":{"txt":{"insertions":4,"deletions":0}}}]},{"date":"2023-01-22","commitResults":[{"hash":"83f48c07bcffd2d8c7820c4c6b3fa469e6019f61","isMergeCommit":false,"messageTitle":"Save data to hard disk","messageBody":"","tags":["Level-7"],"fileTypesAndContributionMap":{"txt":{"insertions":6,"deletions":0},"java":{"insertions":119,"deletions":47}}},{"hash":"f198473fb845ae886d31100911deb66c72e1c536","isMergeCommit":false,"messageTitle":"Include Dates for deadlines","messageBody":"","fileTypesAndContributionMap":{"java":{"insertions":13,"deletions":5}}},{"hash":"5cbc220cc469c5cee8d94d80fef11f4ba69d64db","isMergeCommit":true,"messageTitle":"Solving merge conflicts","messageBody":"","tags":["Level-8"],"fileTypesAndContributionMap":{}},{"hash":"3d49a32fb66d12f427b9461466eea7587c1ae559","isMergeCommit":false,"messageTitle":"Fix bug of duke.txt date type","messageBody":"","fileTypesAndContributionMap":{"txt":{"insertions":1,"deletions":2}}}]},{"date":"2023-01-23","commitResults":[{"hash":"2b2f2f8e0734986d5bee9b60bad828a2accc2e3e","isMergeCommit":true,"messageTitle":"Merge remote-tracking branch \u0027origin/add-gradle-support\u0027","messageBody":"","fileTypesAndContributionMap":{}},{"hash":"12c4016b98704c94dd283a82648dcc9c3b9b1f2c","isMergeCommit":false,"messageTitle":"Use Gradle and fix duke.txt LocalDate parsing","messageBody":"","tags":["A-Gradle"],"fileTypesAndContributionMap":{"txt":{"insertions":1,"deletions":1}}},{"hash":"978cc3765826c6ae4f7c20acf16023ca2f893eef","isMergeCommit":false,"messageTitle":"Tasklist and Storage OOP Improvements","messageBody":"","fileTypesAndContributionMap":{"txt":{"insertions":3,"deletions":2},"java":{"insertions":167,"deletions":124}}},{"hash":"e1d2180de6dec22257dfe5b5ad13e0a2c5a088c7","isMergeCommit":false,"messageTitle":"A-MoreOOP","messageBody":"","tags":["A-MoreOOP"],"fileTypesAndContributionMap":{"java":{"insertions":160,"deletions":117}}},{"hash":"f00849390a232c8c02d3e7f9650b95aa1342cd09","isMergeCommit":false,"messageTitle":"Dividing classes into packages","messageBody":"","tags":["A-Packages"],"fileTypesAndContributionMap":{"txt":{"insertions":0,"deletions":2},"java":{"insertions":10,"deletions":4}}},{"hash":"fcf3453e5471e342dd8ad6abb1ef6485ca672aac","isMergeCommit":false,"messageTitle":"Add J-Unit Tests","messageBody":"","tags":["A-Jar","A-JUnit"],"fileTypesAndContributionMap":{"java":{"insertions":36,"deletions":2}}}]},{"date":"2023-01-24","commitResults":[{"hash":"ad7fac32fbdb2ee76b27f8684f785a0a4a81cd35","isMergeCommit":false,"messageTitle":"Add JavaDoc","messageBody":"","tags":["A-JavaDoc"],"fileTypesAndContributionMap":{"txt":{"insertions":1,"deletions":1},"java":{"insertions":93,"deletions":7}}},{"hash":"02b4c7d203b884dae70178ec33a2261d307c307f","isMergeCommit":false,"messageTitle":"A-CodingStandard","messageBody":"","fileTypesAndContributionMap":{"java":{"insertions":86,"deletions":74}}},{"hash":"08ab6d90f80d2fe7ff0e3c5eead42e285495ade9","isMergeCommit":false,"messageTitle":"Find","messageBody":"","fileTypesAndContributionMap":{"java":{"insertions":19,"deletions":0}}},{"hash":"e7a9e79d28028c76e243776fa1cf7a3d4c52d6a7","isMergeCommit":true,"messageTitle":"Merge branch \u0027branch-A-CodingStandard\u0027","messageBody":"","tags":["A-CodingStandard"],"fileTypesAndContributionMap":{}},{"hash":"ce245c3a598e59dfb3a6af2551bc6faebe10b39d","isMergeCommit":true,"messageTitle":"Resolving merge conflict","messageBody":"","tags":["Level-9"],"fileTypesAndContributionMap":{}}]},{"date":"2023-01-29","commitResults":[{"hash":"77629dca43905e405468b01656a135ca68a571cc","isMergeCommit":false,"messageTitle":"Update Javadocs","messageBody":"","fileTypesAndContributionMap":{"java":{"insertions":4,"deletions":0}}},{"hash":"4f7715742838408c2b11679fa0c830646455e138","isMergeCommit":true,"messageTitle":"Merge branch \u0027branch-A-JavaDoc\u0027","messageBody":"","fileTypesAndContributionMap":{}},{"hash":"ed7a0e71bc016bd8607aae115e9324592ce948f3","isMergeCommit":false,"messageTitle":"Add Checkstyle Config","messageBody":"","fileTypesAndContributionMap":{"gradle":{"insertions":5,"deletions":0},"java":{"insertions":3,"deletions":2}}},{"hash":"89b68b1454a71658e50e6e9fb2a5f6fe46840616","isMergeCommit":true,"messageTitle":"Merge branch \u0027branch-A-CheckStyle\u0027","messageBody":"","tags":["A-CheckStyle"],"fileTypesAndContributionMap":{}}]},{"date":"2023-01-31","commitResults":[{"hash":"9d2bbfc6fd2a9738069db5c8bd99606fb036e2ca","isMergeCommit":false,"messageTitle":"Provide GUI using JAVAFx","messageBody":"","fileTypesAndContributionMap":{"gradle":{"insertions":14,"deletions":0},"txt":{"insertions":4,"deletions":2},"fxml":{"insertions":35,"deletions":0},"java":{"insertions":239,"deletions":60}}},{"hash":"44501dcda56df69fdf4f1b8100272c9c224dbf28","isMergeCommit":true,"messageTitle":"Merge branch \u0027branch-Level-10\u0027","messageBody":"","tags":["Level-10"],"fileTypesAndContributionMap":{}}]},{"date":"2023-02-13","commitResults":[{"hash":"668f0c1a5860d5902a5735bea4ecf968984d10e0","isMergeCommit":false,"messageTitle":"Use Assertions","messageBody":"","tags":["A-Assertions"],"fileTypesAndContributionMap":{"gradle":{"insertions":1,"deletions":1},"txt":{"insertions":2,"deletions":2},"fxml":{"insertions":4,"deletions":3},"java":{"insertions":7,"deletions":3}}},{"hash":"288a3f98e81728b7d857d79d28aa6a7c4a3d8c66","isMergeCommit":false,"messageTitle":"Improve code quality","messageBody":"","tags":["A-CodeQuality"],"fileTypesAndContributionMap":{"java":{"insertions":23,"deletions":49}}},{"hash":"610dac590dd392869300fb8157d97c360a4852d1","isMergeCommit":true,"messageTitle":"Merge pull request #2 from anunayajoshi/branch-A-Assertions","messageBody":"branch-A-Assertions","fileTypesAndContributionMap":{}},{"hash":"d6dd405a42bf8e7b186448ff174025cddfdf4e93","isMergeCommit":true,"messageTitle":"Merge branch \u0027master\u0027 into branch-A-CodeQuality","messageBody":"","fileTypesAndContributionMap":{}},{"hash":"76011c19f43460f1b4b37f7771167599025f8a5b","isMergeCommit":true,"messageTitle":"Merge pull request #3 from anunayajoshi/branch-A-CodeQuality","messageBody":"Improve code quality","fileTypesAndContributionMap":{}},{"hash":"ef46d204a598a08436955e6b5149c435fb33f8e2","isMergeCommit":false,"messageTitle":"Add Friendlier Syntax","messageBody":"","tags":["C-FriendlierSyntax"],"fileTypesAndContributionMap":{"java":{"insertions":9,"deletions":0}}},{"hash":"528a826ca0069047f90ea22620b0d2c0429a58f4","isMergeCommit":false,"messageTitle":"Update UI Design to add padding","messageBody":"Included padding to the left of the Image dialogBox to make it look\ncleaner.\n","tags":["A-FullCommitMessage"],"fileTypesAndContributionMap":{"fxml":{"insertions":1,"deletions":1}}}]},{"date":"2023-02-15","commitResults":[{"hash":"d9a526c3e1896f9f815596461486fc95dfb6dfa0","isMergeCommit":false,"messageTitle":"C-FlexibleSyntax","messageBody":"","tags":["BCD-Extension"],"fileTypesAndContributionMap":{"java":{"insertions":1,"deletions":0}}},{"hash":"761f07a38b0e91cee8ca2e38a1d305733d5b628a","isMergeCommit":false,"messageTitle":"Fix DukeException Error Printing","messageBody":"There was an error of the error message being printed together with\nduke.dukeException.\n\nWhat had to be done was to use err.getMessage() to solve the issue\n","fileTypesAndContributionMap":{"java":{"insertions":1,"deletions":1}}},{"hash":"183674c9f5f744d4fbbe3d71177344b144319a6c","isMergeCommit":false,"messageTitle":"Better GUI","messageBody":"","tags":["A-BetterGUI"],"fileTypesAndContributionMap":{"fxml":{"insertions":1,"deletions":1}}},{"hash":"c80ea1f0af34ec8db6ebc218127bd941f2caee37","isMergeCommit":false,"messageTitle":"Personality","messageBody":"","tags":["A-Personality"],"fileTypesAndContributionMap":{"java":{"insertions":1,"deletions":1}}},{"hash":"51d9d7b8339fa5d0d3e5c773e097a80052bf4264","isMergeCommit":false,"messageTitle":"Add Ui.png","messageBody":"","fileTypesAndContributionMap":{"txt":{"insertions":1,"deletions":1},"java":{"insertions":1,"deletions":0}}},{"hash":"a4483f0d82db022ecc8f5f0a6a4c64e99cfb3419","isMergeCommit":false,"messageTitle":"Add User Guide","messageBody":"","tags":["A-UserGuide"],"fileTypesAndContributionMap":{"md":{"insertions":81,"deletions":13}}},{"hash":"573d62dbb481233b6b68aefdeeae9b08e2f53990","isMergeCommit":false,"messageTitle":"Fix Table Format","messageBody":"","fileTypesAndContributionMap":{"md":{"insertions":11,"deletions":11}}}]},{"date":"2023-02-17","commitResults":[{"hash":"940309ef21d6805c770110c10b5beaf6163ca5ef","isMergeCommit":false,"messageTitle":"Add new line spacing","messageBody":"","tags":["A-Release"],"fileTypesAndContributionMap":{"java":{"insertions":4,"deletions":4}}}]},{"date":"2023-02-21","commitResults":[{"hash":"54ff693c5a4dfa470012eeb36f57743c9047305a","isMergeCommit":false,"messageTitle":"Fix checkStyle","messageBody":"","tags":["A-FinalRelease"],"fileTypesAndContributionMap":{"txt":{"insertions":1,"deletions":1},"java":{"insertions":59,"deletions":2}}}]}]},"authorFileTypeContributionMap":{"anunayajoshi":{"java":800,"md":69,"fxml":36,"sh":0,"bat":0,"gradle":20,"txt":14}},"authorContributionVariance":{"anunayajoshi":17703.176},"authorDisplayNameMap":{"anunayajoshi":"CS2103T-T09-4 ANUN..OSHI"}}
