{"authorDailyContributionsMap":{"szejiancheng":[{"date":"2023-01-19","commitResults":[{"hash":"020a83819043e8130b9252a2b77ee7d8defd3cb7","messageTitle":"add DukeBehaviour.java and implement Level-1 functionality","messageBody":"","tags":["Level-1"],"fileTypesAndContributionMap":{"java":{"insertions":34,"deletions":6}}},{"hash":"276c7bdbb7cd8923309c7c9159f9b80cfc2ec8e4","messageTitle":"add Level-2 functionality","messageBody":"","tags":["Level-2"],"fileTypesAndContributionMap":{"java":{"insertions":20,"deletions":2}}},{"hash":"2162d577719c44e3e6bd6856304428ec0042d3d1","messageTitle":"add Task.java class, add Level-3 functionality","messageBody":"","tags":["Level-3"],"fileTypesAndContributionMap":{"java":{"insertions":49,"deletions":4}}},{"hash":"83a84b1ffb6908563b3de2c58d858729c4b6ed48","messageTitle":"Add task subclasses, more functionality to addTask method","messageBody":"","tags":["Level-4"],"fileTypesAndContributionMap":{"java":{"insertions":112,"deletions":13}}},{"hash":"53914166d16ac66ef89298ded9e3c4e5fd30cb81","messageTitle":"fix unnecessary whitespace using trim","messageBody":"","fileTypesAndContributionMap":{"java":{"insertions":4,"deletions":5}}},{"hash":"4b13a25f56e0a8013ed6ea97371cba219cf42dc7","messageTitle":"Add A-TextUiTesting, Add testcases in input.txt and expected return in EXPECTED.txt","messageBody":"","tags":["A-TextUiTesting","A-Enums"],"fileTypesAndContributionMap":{"txt":{"insertions":21,"deletions":0},"java":{"insertions":14,"deletions":12}}},{"hash":"3bfa1123a35e0ca37686570fb327227b250eb4aa","messageTitle":"Add exceptions to DukeBehaviour.java addTask methods, updated testcases to reflect new error messages in EXPECTED.txt and input.txt","messageBody":"","tags":["Level-5"],"fileTypesAndContributionMap":{"txt":{"insertions":2,"deletions":0},"java":{"insertions":29,"deletions":13}}},{"hash":"7e1c9d449b43c462022fa2eaf666a7340fabd4e0","messageTitle":"Add delete method to DukeBehaviour.java, updated testcases","messageBody":"","tags":["Level-6"],"fileTypesAndContributionMap":{"txt":{"insertions":2,"deletions":0},"java":{"insertions":35,"deletions":13}}},{"hash":"754f6769448e53600add4d0c076050469f36a266","messageTitle":"Add DukeBehaviour.java javadoc comments","messageBody":"","fileTypesAndContributionMap":{"java":{"insertions":64,"deletions":12}}}]}]},"authorFileTypeContributionMap":{"szejiancheng":{"java":287,"md":0,"fxml":0,"sh":0,"bat":0,"gradle":0,"txt":25}},"authorContributionVariance":{"szejiancheng":26590.531},"authorDisplayNameMap":{"szejiancheng":"SZE ..HENG"}}
