[{"path":"data/Duke.txt","fileType":"txt","lines":[{"lineNumber":1,"author":{"gitId":"seadragon2000341"},"content":"D | false | test  | 2023-12-12 18:00","lastModifiedDate":"2023-01-23"},{"lineNumber":2,"author":{"gitId":"seadragon2000341"},"content":"E | false | test  | 2023-12-12 18:00 | 2021-12-12 17:00","lastModifiedDate":"2023-01-23"}],"authorContributionMap":{"seadragon2000341":2}},{"path":"src/main/java/Deadline.java","fileType":"java","lines":[{"lineNumber":1,"author":{"gitId":"seadragon2000341"},"content":"import java.time.LocalDateTime;","lastModifiedDate":"2023-01-23"},{"lineNumber":2,"author":{"gitId":"seadragon2000341"},"content":"import java.time.format.DateTimeFormatter;","lastModifiedDate":"2023-01-23"},{"lineNumber":3,"author":{"gitId":"seadragon2000341"},"content":"import java.time.format.DateTimeParseException;","lastModifiedDate":"2023-01-23"},{"lineNumber":4,"author":{"gitId":"seadragon2000341"},"content":"","lastModifiedDate":"2023-01-23"},{"lineNumber":5,"author":{"gitId":"seadragon2000341"},"content":"public class Deadline extends Task {","lastModifiedDate":"2023-01-18"},{"lineNumber":6,"author":{"gitId":"seadragon2000341"},"content":"    //protected String deadline;","lastModifiedDate":"2023-01-23"},{"lineNumber":7,"author":{"gitId":"seadragon2000341"},"content":"    protected LocalDateTime deadline;","lastModifiedDate":"2023-01-23"},{"lineNumber":8,"author":{"gitId":"seadragon2000341"},"content":"","lastModifiedDate":"2023-01-23"},{"lineNumber":9,"author":{"gitId":"seadragon2000341"},"content":"","lastModifiedDate":"2023-01-18"},{"lineNumber":10,"author":{"gitId":"seadragon2000341"},"content":"    public Deadline(String description, String deadline, boolean isDone) {","lastModifiedDate":"2023-01-23"},{"lineNumber":11,"author":{"gitId":"seadragon2000341"},"content":"        super(description, isDone);","lastModifiedDate":"2023-01-23"},{"lineNumber":12,"author":{"gitId":"seadragon2000341"},"content":"        DateTimeFormatter formatter \u003d DateTimeFormatter.ofPattern(\"yyyy-MM-dd HH:mm\");","lastModifiedDate":"2023-01-23"},{"lineNumber":13,"author":{"gitId":"seadragon2000341"},"content":"        this.deadline \u003d LocalDateTime.parse(deadline, formatter);","lastModifiedDate":"2023-01-23"},{"lineNumber":14,"author":{"gitId":"seadragon2000341"},"content":"    }","lastModifiedDate":"2023-01-18"},{"lineNumber":15,"author":{"gitId":"seadragon2000341"},"content":"","lastModifiedDate":"2023-01-18"},{"lineNumber":16,"author":{"gitId":"seadragon2000341"},"content":"    @Override","lastModifiedDate":"2023-01-18"},{"lineNumber":17,"author":{"gitId":"seadragon2000341"},"content":"    public String toString() {","lastModifiedDate":"2023-01-18"},{"lineNumber":18,"author":{"gitId":"seadragon2000341"},"content":"        return \"[D]\" + super.toString() + \" (by:\" + this.deadline.format(DateTimeFormatter.ofPattern(\"MMM d yyyy h:mm a\")) + \")\";","lastModifiedDate":"2023-01-23"},{"lineNumber":19,"author":{"gitId":"seadragon2000341"},"content":"    }","lastModifiedDate":"2023-01-23"},{"lineNumber":20,"author":{"gitId":"seadragon2000341"},"content":"","lastModifiedDate":"2023-01-23"},{"lineNumber":21,"author":{"gitId":"seadragon2000341"},"content":"    @Override","lastModifiedDate":"2023-01-23"},{"lineNumber":22,"author":{"gitId":"seadragon2000341"},"content":"    public String parse() {","lastModifiedDate":"2023-01-23"},{"lineNumber":23,"author":{"gitId":"seadragon2000341"},"content":"        return \"D\" + \" | \" + super.parse() + \" | \" + this.deadline.format(DateTimeFormatter.ofPattern(\"yyyy-MM-dd HH:mm\"));","lastModifiedDate":"2023-01-23"},{"lineNumber":24,"author":{"gitId":"seadragon2000341"},"content":"    }","lastModifiedDate":"2023-01-18"},{"lineNumber":25,"author":{"gitId":"seadragon2000341"},"content":"}","lastModifiedDate":"2023-01-18"}],"authorContributionMap":{"seadragon2000341":25}},{"path":"src/main/java/Duke.java","fileType":"java","lines":[{"lineNumber":1,"author":{"gitId":"seadragon2000341"},"content":"import java.util.Scanner;","lastModifiedDate":"2023-01-16"},{"lineNumber":2,"author":{"gitId":"seadragon2000341"},"content":"import java.util.ArrayList;","lastModifiedDate":"2023-01-18"},{"lineNumber":3,"author":{"gitId":"seadragon2000341"},"content":"import java.io.File;","lastModifiedDate":"2023-01-23"},{"lineNumber":4,"author":{"gitId":"seadragon2000341"},"content":"import java.io.FileNotFoundException;","lastModifiedDate":"2023-01-23"},{"lineNumber":5,"author":{"gitId":"seadragon2000341"},"content":"import java.io.FileWriter;","lastModifiedDate":"2023-01-23"},{"lineNumber":6,"author":{"gitId":"seadragon2000341"},"content":"import java.io.IOException;","lastModifiedDate":"2023-01-23"},{"lineNumber":7,"author":{"gitId":"seadragon2000341"},"content":"","lastModifiedDate":"2023-01-18"},{"lineNumber":8,"author":{"gitId":"-"},"content":"public class Duke {","lastModifiedDate":"2019-07-29"},{"lineNumber":9,"author":{"gitId":"seadragon2000341"},"content":"    private static ArrayList\u003cTask\u003e list \u003d new ArrayList\u003cTask\u003e();","lastModifiedDate":"2023-01-18"},{"lineNumber":10,"author":{"gitId":"seadragon2000341"},"content":"    private static String[] spStg;","lastModifiedDate":"2023-01-23"},{"lineNumber":11,"author":{"gitId":"seadragon2000341"},"content":"","lastModifiedDate":"2023-01-16"},{"lineNumber":12,"author":{"gitId":"-"},"content":"    public static void main(String[] args) {","lastModifiedDate":"2019-07-29"},{"lineNumber":13,"author":{"gitId":"-"},"content":"        String logo \u003d \" ____        _        \\n\"","lastModifiedDate":"2019-07-29"},{"lineNumber":14,"author":{"gitId":"-"},"content":"                + \"|  _ \\\\ _   _| | _____ \\n\"","lastModifiedDate":"2019-07-29"},{"lineNumber":15,"author":{"gitId":"-"},"content":"                + \"| | | | | | | |/ / _ \\\\\\n\"","lastModifiedDate":"2019-07-29"},{"lineNumber":16,"author":{"gitId":"-"},"content":"                + \"| |_| | |_| |   \u003c  __/\\n\"","lastModifiedDate":"2019-07-29"},{"lineNumber":17,"author":{"gitId":"-"},"content":"                + \"|____/ \\\\__,_|_|\\\\_\\\\___|\\n\";","lastModifiedDate":"2019-07-29"},{"lineNumber":18,"author":{"gitId":"-"},"content":"        System.out.println(\"Hello from\\n\" + logo);","lastModifiedDate":"2019-07-29"},{"lineNumber":19,"author":{"gitId":"seadragon2000341"},"content":"        System.out.println(\"Hello! I\u0027m Duke\\nWhat can I do for you?\");","lastModifiedDate":"2023-01-16"},{"lineNumber":20,"author":{"gitId":"seadragon2000341"},"content":"","lastModifiedDate":"2023-01-23"},{"lineNumber":21,"author":{"gitId":"seadragon2000341"},"content":"        try {","lastModifiedDate":"2023-01-23"},{"lineNumber":22,"author":{"gitId":"seadragon2000341"},"content":"            loadFile();","lastModifiedDate":"2023-01-23"},{"lineNumber":23,"author":{"gitId":"seadragon2000341"},"content":"        } catch (Exception e) {","lastModifiedDate":"2023-01-23"},{"lineNumber":24,"author":{"gitId":"seadragon2000341"},"content":"            System.out.println(e.getMessage());","lastModifiedDate":"2023-01-23"},{"lineNumber":25,"author":{"gitId":"seadragon2000341"},"content":"        }","lastModifiedDate":"2023-01-23"},{"lineNumber":26,"author":{"gitId":"seadragon2000341"},"content":"        Scanner reader \u003d new Scanner(System.in);  // inside vs outside?","lastModifiedDate":"2023-01-18"},{"lineNumber":27,"author":{"gitId":"seadragon2000341"},"content":"","lastModifiedDate":"2023-01-16"},{"lineNumber":28,"author":{"gitId":"seadragon2000341"},"content":"        while(true) {","lastModifiedDate":"2023-01-16"},{"lineNumber":29,"author":{"gitId":"seadragon2000341"},"content":"            String s \u003d reader.nextLine();","lastModifiedDate":"2023-01-16"},{"lineNumber":30,"author":{"gitId":"seadragon2000341"},"content":"            spStg \u003d s.split(\" \", 2);","lastModifiedDate":"2023-01-23"},{"lineNumber":31,"author":{"gitId":"seadragon2000341"},"content":"            if(spStg[0].equals(\"bye\")) {","lastModifiedDate":"2023-01-16"},{"lineNumber":32,"author":{"gitId":"seadragon2000341"},"content":"                System.out.println(\"Bye. Hope to see you again soon!\");","lastModifiedDate":"2023-01-16"},{"lineNumber":33,"author":{"gitId":"seadragon2000341"},"content":"                break;","lastModifiedDate":"2023-01-16"},{"lineNumber":34,"author":{"gitId":"seadragon2000341"},"content":"            }","lastModifiedDate":"2023-01-16"},{"lineNumber":35,"author":{"gitId":"seadragon2000341"},"content":"","lastModifiedDate":"2023-01-16"},{"lineNumber":36,"author":{"gitId":"seadragon2000341"},"content":"            else if(spStg[0].equals(\"list\")) {","lastModifiedDate":"2023-01-16"},{"lineNumber":37,"author":{"gitId":"seadragon2000341"},"content":"                list();","lastModifiedDate":"2023-01-23"},{"lineNumber":38,"author":{"gitId":"seadragon2000341"},"content":"            }","lastModifiedDate":"2023-01-23"},{"lineNumber":39,"author":{"gitId":"seadragon2000341"},"content":"","lastModifiedDate":"2023-01-23"},{"lineNumber":40,"author":{"gitId":"seadragon2000341"},"content":"            else if(spStg[0].equals(\"delete\")) {","lastModifiedDate":"2023-01-23"},{"lineNumber":41,"author":{"gitId":"seadragon2000341"},"content":"               delete();","lastModifiedDate":"2023-01-23"},{"lineNumber":42,"author":{"gitId":"seadragon2000341"},"content":"            }","lastModifiedDate":"2023-01-23"},{"lineNumber":43,"author":{"gitId":"seadragon2000341"},"content":"","lastModifiedDate":"2023-01-23"},{"lineNumber":44,"author":{"gitId":"seadragon2000341"},"content":"            else if(spStg[0].equals(\"mark\")) {","lastModifiedDate":"2023-01-23"},{"lineNumber":45,"author":{"gitId":"seadragon2000341"},"content":"                mark();","lastModifiedDate":"2023-01-23"},{"lineNumber":46,"author":{"gitId":"seadragon2000341"},"content":"            }","lastModifiedDate":"2023-01-23"},{"lineNumber":47,"author":{"gitId":"seadragon2000341"},"content":"","lastModifiedDate":"2023-01-23"},{"lineNumber":48,"author":{"gitId":"seadragon2000341"},"content":"            else if(spStg[0].equals(\"unmark\")) {","lastModifiedDate":"2023-01-23"},{"lineNumber":49,"author":{"gitId":"seadragon2000341"},"content":"               unmark();","lastModifiedDate":"2023-01-23"},{"lineNumber":50,"author":{"gitId":"seadragon2000341"},"content":"            }","lastModifiedDate":"2023-01-23"},{"lineNumber":51,"author":{"gitId":"seadragon2000341"},"content":"","lastModifiedDate":"2023-01-23"},{"lineNumber":52,"author":{"gitId":"seadragon2000341"},"content":"            else {","lastModifiedDate":"2023-01-23"},{"lineNumber":53,"author":{"gitId":"seadragon2000341"},"content":"                String firstWord \u003d spStg[0];","lastModifiedDate":"2023-01-23"},{"lineNumber":54,"author":{"gitId":"seadragon2000341"},"content":"                if (firstWord.equals(\"todo\")) {","lastModifiedDate":"2023-01-23"},{"lineNumber":55,"author":{"gitId":"seadragon2000341"},"content":"                   addTodo();","lastModifiedDate":"2023-01-23"},{"lineNumber":56,"author":{"gitId":"seadragon2000341"},"content":"                }","lastModifiedDate":"2023-01-23"},{"lineNumber":57,"author":{"gitId":"seadragon2000341"},"content":"                else if (firstWord.equals(\"deadline\")) {","lastModifiedDate":"2023-01-23"},{"lineNumber":58,"author":{"gitId":"seadragon2000341"},"content":"                    addDeadline();","lastModifiedDate":"2023-01-23"},{"lineNumber":59,"author":{"gitId":"seadragon2000341"},"content":"                }","lastModifiedDate":"2023-01-23"},{"lineNumber":60,"author":{"gitId":"seadragon2000341"},"content":"","lastModifiedDate":"2023-01-23"},{"lineNumber":61,"author":{"gitId":"seadragon2000341"},"content":"                else if (firstWord.equals(\"event\")) {","lastModifiedDate":"2023-01-23"},{"lineNumber":62,"author":{"gitId":"seadragon2000341"},"content":"                    addEvent();","lastModifiedDate":"2023-01-23"},{"lineNumber":63,"author":{"gitId":"seadragon2000341"},"content":"                }","lastModifiedDate":"2023-01-23"},{"lineNumber":64,"author":{"gitId":"seadragon2000341"},"content":"                else {","lastModifiedDate":"2023-01-23"},{"lineNumber":65,"author":{"gitId":"seadragon2000341"},"content":"                    System.out.println(\"☹ OOPS!!! I\u0027m sorry, but I don\u0027t know what that means :-(\");","lastModifiedDate":"2023-01-23"},{"lineNumber":66,"author":{"gitId":"seadragon2000341"},"content":"                    continue;","lastModifiedDate":"2023-01-23"},{"lineNumber":67,"author":{"gitId":"seadragon2000341"},"content":"                }","lastModifiedDate":"2023-01-23"},{"lineNumber":68,"author":{"gitId":"seadragon2000341"},"content":"            }","lastModifiedDate":"2023-01-23"},{"lineNumber":69,"author":{"gitId":"seadragon2000341"},"content":"","lastModifiedDate":"2023-01-23"},{"lineNumber":70,"author":{"gitId":"seadragon2000341"},"content":"            try {","lastModifiedDate":"2023-01-23"},{"lineNumber":71,"author":{"gitId":"seadragon2000341"},"content":"                saveToFile();","lastModifiedDate":"2023-01-23"},{"lineNumber":72,"author":{"gitId":"seadragon2000341"},"content":"            } catch (Exception e) {","lastModifiedDate":"2023-01-23"},{"lineNumber":73,"author":{"gitId":"seadragon2000341"},"content":"                System.out.println(\"Something went wrong: \" + e.getMessage());","lastModifiedDate":"2023-01-23"},{"lineNumber":74,"author":{"gitId":"seadragon2000341"},"content":"            }","lastModifiedDate":"2023-01-23"},{"lineNumber":75,"author":{"gitId":"seadragon2000341"},"content":"","lastModifiedDate":"2023-01-23"},{"lineNumber":76,"author":{"gitId":"seadragon2000341"},"content":"        }","lastModifiedDate":"2023-01-23"},{"lineNumber":77,"author":{"gitId":"-"},"content":"    }","lastModifiedDate":"2023-01-23"},{"lineNumber":78,"author":{"gitId":"seadragon2000341"},"content":"","lastModifiedDate":"2023-01-23"},{"lineNumber":79,"author":{"gitId":"seadragon2000341"},"content":"    public static void loadFile() throws IOException {","lastModifiedDate":"2023-01-23"},{"lineNumber":80,"author":{"gitId":"seadragon2000341"},"content":"        String home \u003d System.getProperty(\"user.dir\");","lastModifiedDate":"2023-01-23"},{"lineNumber":81,"author":{"gitId":"seadragon2000341"},"content":"        File f \u003d new File(home +\"/data/Duke.txt\");","lastModifiedDate":"2023-01-23"},{"lineNumber":82,"author":{"gitId":"seadragon2000341"},"content":"        File directory \u003d new File(home + \"/data\");","lastModifiedDate":"2023-01-23"},{"lineNumber":83,"author":{"gitId":"seadragon2000341"},"content":"        if (! directory.exists()) {","lastModifiedDate":"2023-01-23"},{"lineNumber":84,"author":{"gitId":"seadragon2000341"},"content":"            directory.mkdir();","lastModifiedDate":"2023-01-23"},{"lineNumber":85,"author":{"gitId":"seadragon2000341"},"content":"        }","lastModifiedDate":"2023-01-23"},{"lineNumber":86,"author":{"gitId":"seadragon2000341"},"content":"        f.createNewFile();","lastModifiedDate":"2023-01-23"},{"lineNumber":87,"author":{"gitId":"seadragon2000341"},"content":"","lastModifiedDate":"2023-01-23"},{"lineNumber":88,"author":{"gitId":"seadragon2000341"},"content":"        Scanner s \u003d new Scanner(f); // create a Scanner using the File as the source","lastModifiedDate":"2023-01-23"},{"lineNumber":89,"author":{"gitId":"seadragon2000341"},"content":"        while (s.hasNext()) {","lastModifiedDate":"2023-01-23"},{"lineNumber":90,"author":{"gitId":"seadragon2000341"},"content":"            String[] curr \u003d s.nextLine().split(\" \\\\| \");","lastModifiedDate":"2023-01-23"},{"lineNumber":91,"author":{"gitId":"seadragon2000341"},"content":"            if (curr[0].equals(\"T\")) {","lastModifiedDate":"2023-01-23"},{"lineNumber":92,"author":{"gitId":"seadragon2000341"},"content":"                list.add(new Todo(curr[2], Boolean.valueOf(curr[1])));","lastModifiedDate":"2023-01-23"},{"lineNumber":93,"author":{"gitId":"seadragon2000341"},"content":"            }","lastModifiedDate":"2023-01-23"},{"lineNumber":94,"author":{"gitId":"seadragon2000341"},"content":"            else if (curr[0].equals(\"D\")) {","lastModifiedDate":"2023-01-23"},{"lineNumber":95,"author":{"gitId":"seadragon2000341"},"content":"                list.add(new Deadline(curr[2], curr[3], Boolean.valueOf(curr[1])));","lastModifiedDate":"2023-01-23"},{"lineNumber":96,"author":{"gitId":"seadragon2000341"},"content":"            }","lastModifiedDate":"2023-01-23"},{"lineNumber":97,"author":{"gitId":"seadragon2000341"},"content":"            else if (curr[0].equals(\"E\")) {","lastModifiedDate":"2023-01-23"},{"lineNumber":98,"author":{"gitId":"seadragon2000341"},"content":"                list.add(new Event(curr[2], curr[3], curr[4], Boolean.valueOf(curr[1])));","lastModifiedDate":"2023-01-23"},{"lineNumber":99,"author":{"gitId":"seadragon2000341"},"content":"            }","lastModifiedDate":"2023-01-23"},{"lineNumber":100,"author":{"gitId":"seadragon2000341"},"content":"        }","lastModifiedDate":"2023-01-23"},{"lineNumber":101,"author":{"gitId":"seadragon2000341"},"content":"    }","lastModifiedDate":"2023-01-23"},{"lineNumber":102,"author":{"gitId":"seadragon2000341"},"content":"    ","lastModifiedDate":"2023-01-23"},{"lineNumber":103,"author":{"gitId":"seadragon2000341"},"content":"    public static void addEvent() {","lastModifiedDate":"2023-01-23"},{"lineNumber":104,"author":{"gitId":"seadragon2000341"},"content":"        if (spStg.length \u003d\u003d 1) {","lastModifiedDate":"2023-01-23"},{"lineNumber":105,"author":{"gitId":"seadragon2000341"},"content":"            System.out.println(\"☹ OOPS!!! The description of an event cannot be empty.\");","lastModifiedDate":"2023-01-23"},{"lineNumber":106,"author":{"gitId":"seadragon2000341"},"content":"            return;","lastModifiedDate":"2023-01-23"},{"lineNumber":107,"author":{"gitId":"seadragon2000341"},"content":"        }","lastModifiedDate":"2023-01-23"},{"lineNumber":108,"author":{"gitId":"seadragon2000341"},"content":"        String[] sppStg \u003d spStg[1].split(\"/from | /to \");","lastModifiedDate":"2023-01-23"},{"lineNumber":109,"author":{"gitId":"seadragon2000341"},"content":"        try {","lastModifiedDate":"2023-01-23"},{"lineNumber":110,"author":{"gitId":"seadragon2000341"},"content":"            list.add(new Event(sppStg[0], sppStg[1], sppStg[2], false));","lastModifiedDate":"2023-01-23"},{"lineNumber":111,"author":{"gitId":"seadragon2000341"},"content":"        } catch (Exception e){","lastModifiedDate":"2023-01-23"},{"lineNumber":112,"author":{"gitId":"seadragon2000341"},"content":"            System.out.println(\"Please write your deadline in this format: YYYY-MM-DD HH:mm \");","lastModifiedDate":"2023-01-23"},{"lineNumber":113,"author":{"gitId":"seadragon2000341"},"content":"            return;","lastModifiedDate":"2023-01-23"},{"lineNumber":114,"author":{"gitId":"seadragon2000341"},"content":"        }","lastModifiedDate":"2023-01-23"},{"lineNumber":115,"author":{"gitId":"seadragon2000341"},"content":"        System.out.println(\"Got it. I\u0027ve added this task:\\n\" + list.get(list.size() - 1));","lastModifiedDate":"2023-01-23"},{"lineNumber":116,"author":{"gitId":"seadragon2000341"},"content":"        System.out.println(\"Now you have \" + list.size() + \" tasks in the list.\");","lastModifiedDate":"2023-01-23"},{"lineNumber":117,"author":{"gitId":"seadragon2000341"},"content":"    }","lastModifiedDate":"2023-01-23"},{"lineNumber":118,"author":{"gitId":"seadragon2000341"},"content":"","lastModifiedDate":"2023-01-23"},{"lineNumber":119,"author":{"gitId":"seadragon2000341"},"content":"    public static void list() {","lastModifiedDate":"2023-01-23"},{"lineNumber":120,"author":{"gitId":"seadragon2000341"},"content":"        System.out.println(\"Here are the tasks in your list:\");","lastModifiedDate":"2023-01-16"},{"lineNumber":121,"author":{"gitId":"seadragon2000341"},"content":"        for (int i \u003d 0; i \u003c list.size(); i++) {","lastModifiedDate":"2023-01-18"},{"lineNumber":122,"author":{"gitId":"seadragon2000341"},"content":"            System.out.println(i+1 + \". \" + list.get(i));","lastModifiedDate":"2023-01-18"},{"lineNumber":123,"author":{"gitId":"seadragon2000341"},"content":"        }","lastModifiedDate":"2023-01-18"},{"lineNumber":124,"author":{"gitId":"seadragon2000341"},"content":"    }","lastModifiedDate":"2023-01-16"},{"lineNumber":125,"author":{"gitId":"seadragon2000341"},"content":"","lastModifiedDate":"2023-01-18"},{"lineNumber":126,"author":{"gitId":"seadragon2000341"},"content":"    public static void delete() {","lastModifiedDate":"2023-01-23"},{"lineNumber":127,"author":{"gitId":"seadragon2000341"},"content":"        int i \u003d  Integer.parseInt(spStg[1]) - 1;","lastModifiedDate":"2023-01-18"},{"lineNumber":128,"author":{"gitId":"seadragon2000341"},"content":"        System.out.println(\"Noted. I\u0027ve removed this task:\");","lastModifiedDate":"2023-01-18"},{"lineNumber":129,"author":{"gitId":"seadragon2000341"},"content":"        System.out.println(list.get(i));","lastModifiedDate":"2023-01-18"},{"lineNumber":130,"author":{"gitId":"seadragon2000341"},"content":"        list.remove(i);","lastModifiedDate":"2023-01-18"},{"lineNumber":131,"author":{"gitId":"seadragon2000341"},"content":"        System.out.println(\"Now you have \" + list.size() + \" tasks in the list.\");","lastModifiedDate":"2023-01-18"},{"lineNumber":132,"author":{"gitId":"seadragon2000341"},"content":"    }","lastModifiedDate":"2023-01-16"},{"lineNumber":133,"author":{"gitId":"seadragon2000341"},"content":"","lastModifiedDate":"2023-01-16"},{"lineNumber":134,"author":{"gitId":"seadragon2000341"},"content":"    public static void mark() {","lastModifiedDate":"2023-01-23"},{"lineNumber":135,"author":{"gitId":"seadragon2000341"},"content":"        int i \u003d  Integer.parseInt(spStg[1]) - 1;","lastModifiedDate":"2023-01-16"},{"lineNumber":136,"author":{"gitId":"seadragon2000341"},"content":"        list.get(i).mark();","lastModifiedDate":"2023-01-18"},{"lineNumber":137,"author":{"gitId":"seadragon2000341"},"content":"        System.out.println(\"Nice! I\u0027ve marked this task as done:\\n\" + list.get(i));","lastModifiedDate":"2023-01-18"},{"lineNumber":138,"author":{"gitId":"seadragon2000341"},"content":"    }","lastModifiedDate":"2023-01-16"},{"lineNumber":139,"author":{"gitId":"seadragon2000341"},"content":"","lastModifiedDate":"2023-01-16"},{"lineNumber":140,"author":{"gitId":"seadragon2000341"},"content":"    public static void unmark() {","lastModifiedDate":"2023-01-23"},{"lineNumber":141,"author":{"gitId":"seadragon2000341"},"content":"        int i \u003d  Integer.parseInt(spStg[1]) - 1;","lastModifiedDate":"2023-01-16"},{"lineNumber":142,"author":{"gitId":"seadragon2000341"},"content":"        list.get(i).unmark();","lastModifiedDate":"2023-01-18"},{"lineNumber":143,"author":{"gitId":"seadragon2000341"},"content":"        System.out.println(\"OK, I\u0027ve marked this task as not done yet:\\n\" + list.get(i));","lastModifiedDate":"2023-01-18"},{"lineNumber":144,"author":{"gitId":"seadragon2000341"},"content":"    }","lastModifiedDate":"2023-01-16"},{"lineNumber":145,"author":{"gitId":"seadragon2000341"},"content":"","lastModifiedDate":"2023-01-16"},{"lineNumber":146,"author":{"gitId":"seadragon2000341"},"content":"    public static void addTodo() {","lastModifiedDate":"2023-01-23"},{"lineNumber":147,"author":{"gitId":"seadragon2000341"},"content":"        if (spStg.length \u003d\u003d 1) {","lastModifiedDate":"2023-01-18"},{"lineNumber":148,"author":{"gitId":"seadragon2000341"},"content":"            System.out.println(\"☹ OOPS!!! The description of a todo cannot be empty.\");","lastModifiedDate":"2023-01-18"},{"lineNumber":149,"author":{"gitId":"seadragon2000341"},"content":"            return;","lastModifiedDate":"2023-01-23"},{"lineNumber":150,"author":{"gitId":"seadragon2000341"},"content":"        }","lastModifiedDate":"2023-01-18"},{"lineNumber":151,"author":{"gitId":"seadragon2000341"},"content":"        list.add(new Todo(spStg[1],false));","lastModifiedDate":"2023-01-23"},{"lineNumber":152,"author":{"gitId":"seadragon2000341"},"content":"        System.out.println(\"Got it. I\u0027ve added this task:\\n\" + list.get(list.size() - 1));","lastModifiedDate":"2023-01-23"},{"lineNumber":153,"author":{"gitId":"seadragon2000341"},"content":"        System.out.println(\"Now you have \" + list.size() + \" tasks in the list.\");","lastModifiedDate":"2023-01-23"},{"lineNumber":154,"author":{"gitId":"seadragon2000341"},"content":"    }","lastModifiedDate":"2023-01-18"},{"lineNumber":155,"author":{"gitId":"seadragon2000341"},"content":"","lastModifiedDate":"2023-01-23"},{"lineNumber":156,"author":{"gitId":"seadragon2000341"},"content":"    public static void addDeadline() {","lastModifiedDate":"2023-01-23"},{"lineNumber":157,"author":{"gitId":"seadragon2000341"},"content":"        if (spStg.length \u003d\u003d 1) {","lastModifiedDate":"2023-01-18"},{"lineNumber":158,"author":{"gitId":"seadragon2000341"},"content":"            System.out.println(\"☹ OOPS!!! The description of a deadline cannot be empty.\");","lastModifiedDate":"2023-01-18"},{"lineNumber":159,"author":{"gitId":"seadragon2000341"},"content":"            return;","lastModifiedDate":"2023-01-23"},{"lineNumber":160,"author":{"gitId":"seadragon2000341"},"content":"        }","lastModifiedDate":"2023-01-18"},{"lineNumber":161,"author":{"gitId":"seadragon2000341"},"content":"        String[] sppStg \u003d spStg[1].split(\"/by \");","lastModifiedDate":"2023-01-18"},{"lineNumber":162,"author":{"gitId":"seadragon2000341"},"content":"        try {","lastModifiedDate":"2023-01-23"},{"lineNumber":163,"author":{"gitId":"seadragon2000341"},"content":"            list.add(new Deadline(sppStg[0], sppStg[1], false));","lastModifiedDate":"2023-01-23"},{"lineNumber":164,"author":{"gitId":"seadragon2000341"},"content":"        } catch (Exception e){","lastModifiedDate":"2023-01-23"},{"lineNumber":165,"author":{"gitId":"seadragon2000341"},"content":"            System.out.println(\"Please write your deadline in this format: YYYY-MM-DD HH:mm \");","lastModifiedDate":"2023-01-23"},{"lineNumber":166,"author":{"gitId":"seadragon2000341"},"content":"            return;","lastModifiedDate":"2023-01-23"},{"lineNumber":167,"author":{"gitId":"seadragon2000341"},"content":"        }","lastModifiedDate":"2023-01-18"},{"lineNumber":168,"author":{"gitId":"seadragon2000341"},"content":"        System.out.println(\"Got it. I\u0027ve added this task:\\n\" + list.get(list.size() - 1));","lastModifiedDate":"2023-01-18"},{"lineNumber":169,"author":{"gitId":"seadragon2000341"},"content":"        System.out.println(\"Now you have \" + list.size() + \" tasks in the list.\");","lastModifiedDate":"2023-01-18"},{"lineNumber":170,"author":{"gitId":"seadragon2000341"},"content":"    }","lastModifiedDate":"2023-01-16"},{"lineNumber":171,"author":{"gitId":"seadragon2000341"},"content":"","lastModifiedDate":"2023-01-23"},{"lineNumber":172,"author":{"gitId":"seadragon2000341"},"content":"    public static void saveToFile() throws IOException {","lastModifiedDate":"2023-01-23"},{"lineNumber":173,"author":{"gitId":"seadragon2000341"},"content":"        FileWriter fw \u003d new FileWriter(System.getProperty(\"user.dir\") + \"/data/Duke.txt\");","lastModifiedDate":"2023-01-23"},{"lineNumber":174,"author":{"gitId":"seadragon2000341"},"content":"        for (Task t: list) {","lastModifiedDate":"2023-01-23"},{"lineNumber":175,"author":{"gitId":"seadragon2000341"},"content":"            fw.write(t.parse() +  System.lineSeparator());","lastModifiedDate":"2023-01-23"},{"lineNumber":176,"author":{"gitId":"seadragon2000341"},"content":"        }","lastModifiedDate":"2023-01-16"},{"lineNumber":177,"author":{"gitId":"seadragon2000341"},"content":"        fw.close();","lastModifiedDate":"2023-01-23"},{"lineNumber":178,"author":{"gitId":"-"},"content":"    }","lastModifiedDate":"2019-07-29"},{"lineNumber":179,"author":{"gitId":"seadragon2000341"},"content":"","lastModifiedDate":"2023-01-23"},{"lineNumber":180,"author":{"gitId":"seadragon2000341"},"content":"","lastModifiedDate":"2023-01-23"},{"lineNumber":181,"author":{"gitId":"-"},"content":"}","lastModifiedDate":"2019-07-29"}],"authorContributionMap":{"seadragon2000341":170,"-":11}},{"path":"src/main/java/DukeException.java","fileType":"java","lines":[{"lineNumber":1,"author":{"gitId":"seadragon2000341"},"content":"public class DukeException extends Exception {","lastModifiedDate":"2023-01-18"},{"lineNumber":2,"author":{"gitId":"seadragon2000341"},"content":"    public DukeException(String errorMessage) {","lastModifiedDate":"2023-01-18"},{"lineNumber":3,"author":{"gitId":"seadragon2000341"},"content":"        super(errorMessage);","lastModifiedDate":"2023-01-18"},{"lineNumber":4,"author":{"gitId":"seadragon2000341"},"content":"    }","lastModifiedDate":"2023-01-18"},{"lineNumber":5,"author":{"gitId":"seadragon2000341"},"content":"}","lastModifiedDate":"2023-01-18"}],"authorContributionMap":{"seadragon2000341":5}},{"path":"src/main/java/Event.java","fileType":"java","lines":[{"lineNumber":1,"author":{"gitId":"seadragon2000341"},"content":"import java.time.LocalDateTime;","lastModifiedDate":"2023-01-23"},{"lineNumber":2,"author":{"gitId":"seadragon2000341"},"content":"import java.time.format.DateTimeFormatter;","lastModifiedDate":"2023-01-23"},{"lineNumber":3,"author":{"gitId":"seadragon2000341"},"content":"import java.time.format.DateTimeParseException;","lastModifiedDate":"2023-01-23"},{"lineNumber":4,"author":{"gitId":"seadragon2000341"},"content":"","lastModifiedDate":"2023-01-23"},{"lineNumber":5,"author":{"gitId":"seadragon2000341"},"content":"public class Event extends Task {","lastModifiedDate":"2023-01-18"},{"lineNumber":6,"author":{"gitId":"seadragon2000341"},"content":"    protected LocalDateTime begin;","lastModifiedDate":"2023-01-23"},{"lineNumber":7,"author":{"gitId":"seadragon2000341"},"content":"    protected LocalDateTime end;","lastModifiedDate":"2023-01-23"},{"lineNumber":8,"author":{"gitId":"seadragon2000341"},"content":"","lastModifiedDate":"2023-01-18"},{"lineNumber":9,"author":{"gitId":"seadragon2000341"},"content":"    public Event(String description, String begin, String end, Boolean isDone) {","lastModifiedDate":"2023-01-23"},{"lineNumber":10,"author":{"gitId":"seadragon2000341"},"content":"        super(description, isDone);","lastModifiedDate":"2023-01-23"},{"lineNumber":11,"author":{"gitId":"seadragon2000341"},"content":"        DateTimeFormatter formatter \u003d DateTimeFormatter.ofPattern(\"yyyy-MM-dd HH:mm\");","lastModifiedDate":"2023-01-23"},{"lineNumber":12,"author":{"gitId":"seadragon2000341"},"content":"        this.begin \u003d LocalDateTime.parse(begin, formatter);","lastModifiedDate":"2023-01-23"},{"lineNumber":13,"author":{"gitId":"seadragon2000341"},"content":"        this.end \u003d LocalDateTime.parse(end, formatter);","lastModifiedDate":"2023-01-23"},{"lineNumber":14,"author":{"gitId":"seadragon2000341"},"content":"    }","lastModifiedDate":"2023-01-18"},{"lineNumber":15,"author":{"gitId":"seadragon2000341"},"content":"","lastModifiedDate":"2023-01-18"},{"lineNumber":16,"author":{"gitId":"seadragon2000341"},"content":"    @Override","lastModifiedDate":"2023-01-18"},{"lineNumber":17,"author":{"gitId":"seadragon2000341"},"content":"    public String toString() {","lastModifiedDate":"2023-01-18"},{"lineNumber":18,"author":{"gitId":"seadragon2000341"},"content":"        return \"[E]\" + super.toString() + \" (from:\" +","lastModifiedDate":"2023-01-23"},{"lineNumber":19,"author":{"gitId":"seadragon2000341"},"content":"                this.begin.format(DateTimeFormatter.ofPattern(\"MMM d yyyy h:mm a\")) + \" to:\" +","lastModifiedDate":"2023-01-23"},{"lineNumber":20,"author":{"gitId":"seadragon2000341"},"content":"                this.end.format(DateTimeFormatter.ofPattern(\"MMM d yyyy h:mm a\")) + \")\";","lastModifiedDate":"2023-01-23"},{"lineNumber":21,"author":{"gitId":"seadragon2000341"},"content":"    }","lastModifiedDate":"2023-01-23"},{"lineNumber":22,"author":{"gitId":"seadragon2000341"},"content":"","lastModifiedDate":"2023-01-23"},{"lineNumber":23,"author":{"gitId":"seadragon2000341"},"content":"    @Override","lastModifiedDate":"2023-01-23"},{"lineNumber":24,"author":{"gitId":"seadragon2000341"},"content":"    public String parse() {","lastModifiedDate":"2023-01-23"},{"lineNumber":25,"author":{"gitId":"seadragon2000341"},"content":"        return \"E\" + \" | \" + super.parse() +  \" | \" +","lastModifiedDate":"2023-01-23"},{"lineNumber":26,"author":{"gitId":"seadragon2000341"},"content":"                this.begin.format(DateTimeFormatter.ofPattern(\"yyyy-MM-dd HH:mm\"))+ \" | \" +","lastModifiedDate":"2023-01-23"},{"lineNumber":27,"author":{"gitId":"seadragon2000341"},"content":"                this.end.format(DateTimeFormatter.ofPattern(\"yyyy-MM-dd HH:mm\"));","lastModifiedDate":"2023-01-23"},{"lineNumber":28,"author":{"gitId":"seadragon2000341"},"content":"    }","lastModifiedDate":"2023-01-18"},{"lineNumber":29,"author":{"gitId":"seadragon2000341"},"content":"}","lastModifiedDate":"2023-01-18"}],"authorContributionMap":{"seadragon2000341":29}},{"path":"src/main/java/Task.java","fileType":"java","lines":[{"lineNumber":1,"author":{"gitId":"seadragon2000341"},"content":"import java.io.Serializable;","lastModifiedDate":"2023-01-23"},{"lineNumber":2,"author":{"gitId":"seadragon2000341"},"content":"","lastModifiedDate":"2023-01-23"},{"lineNumber":3,"author":{"gitId":"seadragon2000341"},"content":"public class Task implements Serializable {","lastModifiedDate":"2023-01-23"},{"lineNumber":4,"author":{"gitId":"seadragon2000341"},"content":"    protected String description;","lastModifiedDate":"2023-01-16"},{"lineNumber":5,"author":{"gitId":"seadragon2000341"},"content":"    protected boolean isDone;","lastModifiedDate":"2023-01-16"},{"lineNumber":6,"author":{"gitId":"seadragon2000341"},"content":"","lastModifiedDate":"2023-01-16"},{"lineNumber":7,"author":{"gitId":"seadragon2000341"},"content":"    public Task(String description, boolean isDone) {","lastModifiedDate":"2023-01-23"},{"lineNumber":8,"author":{"gitId":"seadragon2000341"},"content":"        this.description \u003d description;","lastModifiedDate":"2023-01-16"},{"lineNumber":9,"author":{"gitId":"seadragon2000341"},"content":"        this.isDone \u003d isDone;","lastModifiedDate":"2023-01-23"},{"lineNumber":10,"author":{"gitId":"seadragon2000341"},"content":"    }","lastModifiedDate":"2023-01-16"},{"lineNumber":11,"author":{"gitId":"seadragon2000341"},"content":"","lastModifiedDate":"2023-01-16"},{"lineNumber":12,"author":{"gitId":"seadragon2000341"},"content":"    public String getStatusIcon() {","lastModifiedDate":"2023-01-16"},{"lineNumber":13,"author":{"gitId":"seadragon2000341"},"content":"        return (isDone ? \"X\" : \" \"); // mark done task with X","lastModifiedDate":"2023-01-16"},{"lineNumber":14,"author":{"gitId":"seadragon2000341"},"content":"    }","lastModifiedDate":"2023-01-16"},{"lineNumber":15,"author":{"gitId":"seadragon2000341"},"content":"    public void mark() {","lastModifiedDate":"2023-01-16"},{"lineNumber":16,"author":{"gitId":"seadragon2000341"},"content":"        this.isDone \u003d true;","lastModifiedDate":"2023-01-16"},{"lineNumber":17,"author":{"gitId":"seadragon2000341"},"content":"    }","lastModifiedDate":"2023-01-16"},{"lineNumber":18,"author":{"gitId":"seadragon2000341"},"content":"","lastModifiedDate":"2023-01-16"},{"lineNumber":19,"author":{"gitId":"seadragon2000341"},"content":"    public void unmark() {","lastModifiedDate":"2023-01-16"},{"lineNumber":20,"author":{"gitId":"seadragon2000341"},"content":"        this.isDone \u003d false;","lastModifiedDate":"2023-01-16"},{"lineNumber":21,"author":{"gitId":"seadragon2000341"},"content":"    }","lastModifiedDate":"2023-01-16"},{"lineNumber":22,"author":{"gitId":"seadragon2000341"},"content":"    @Override","lastModifiedDate":"2023-01-16"},{"lineNumber":23,"author":{"gitId":"seadragon2000341"},"content":"    public String toString() {","lastModifiedDate":"2023-01-16"},{"lineNumber":24,"author":{"gitId":"seadragon2000341"},"content":"        return \"[\" + getStatusIcon() + \"] \" + description;","lastModifiedDate":"2023-01-16"},{"lineNumber":25,"author":{"gitId":"seadragon2000341"},"content":"    }","lastModifiedDate":"2023-01-16"},{"lineNumber":26,"author":{"gitId":"seadragon2000341"},"content":"","lastModifiedDate":"2023-01-23"},{"lineNumber":27,"author":{"gitId":"seadragon2000341"},"content":"    public String parse() {","lastModifiedDate":"2023-01-23"},{"lineNumber":28,"author":{"gitId":"seadragon2000341"},"content":"        return isDone + \" | \" + description;","lastModifiedDate":"2023-01-23"},{"lineNumber":29,"author":{"gitId":"seadragon2000341"},"content":"    }","lastModifiedDate":"2023-01-23"},{"lineNumber":30,"author":{"gitId":"seadragon2000341"},"content":"}","lastModifiedDate":"2023-01-16"}],"authorContributionMap":{"seadragon2000341":30}},{"path":"src/main/java/Todo.java","fileType":"java","lines":[{"lineNumber":1,"author":{"gitId":"seadragon2000341"},"content":"public class Todo extends Task {","lastModifiedDate":"2023-01-18"},{"lineNumber":2,"author":{"gitId":"seadragon2000341"},"content":"","lastModifiedDate":"2023-01-18"},{"lineNumber":3,"author":{"gitId":"seadragon2000341"},"content":"    public Todo(String description, boolean isDone) {","lastModifiedDate":"2023-01-23"},{"lineNumber":4,"author":{"gitId":"seadragon2000341"},"content":"        super(description, isDone);","lastModifiedDate":"2023-01-23"},{"lineNumber":5,"author":{"gitId":"seadragon2000341"},"content":"    }","lastModifiedDate":"2023-01-18"},{"lineNumber":6,"author":{"gitId":"seadragon2000341"},"content":"","lastModifiedDate":"2023-01-18"},{"lineNumber":7,"author":{"gitId":"seadragon2000341"},"content":"    @Override","lastModifiedDate":"2023-01-18"},{"lineNumber":8,"author":{"gitId":"seadragon2000341"},"content":"    public String toString() {","lastModifiedDate":"2023-01-18"},{"lineNumber":9,"author":{"gitId":"seadragon2000341"},"content":"        return \"[T]\" + super.toString();","lastModifiedDate":"2023-01-18"},{"lineNumber":10,"author":{"gitId":"seadragon2000341"},"content":"    }","lastModifiedDate":"2023-01-18"},{"lineNumber":11,"author":{"gitId":"seadragon2000341"},"content":"","lastModifiedDate":"2023-01-23"},{"lineNumber":12,"author":{"gitId":"seadragon2000341"},"content":"    @Override","lastModifiedDate":"2023-01-23"},{"lineNumber":13,"author":{"gitId":"seadragon2000341"},"content":"    public String parse() {","lastModifiedDate":"2023-01-23"},{"lineNumber":14,"author":{"gitId":"seadragon2000341"},"content":"        return \"T\" + \" | \" + super.parse();","lastModifiedDate":"2023-01-23"},{"lineNumber":15,"author":{"gitId":"seadragon2000341"},"content":"    }","lastModifiedDate":"2023-01-23"},{"lineNumber":16,"author":{"gitId":"seadragon2000341"},"content":"}","lastModifiedDate":"2023-01-18"}],"authorContributionMap":{"seadragon2000341":16}},{"path":"text-ui-test/input.txt","fileType":"txt","lines":[{"lineNumber":1,"author":{"gitId":"seadragon2000341"},"content":"todo borrow book","lastModifiedDate":"2023-01-18"},{"lineNumber":2,"author":{"gitId":"seadragon2000341"},"content":"list","lastModifiedDate":"2023-01-18"},{"lineNumber":3,"author":{"gitId":"seadragon2000341"},"content":"deadline return book /by Sunday","lastModifiedDate":"2023-01-18"},{"lineNumber":4,"author":{"gitId":"seadragon2000341"},"content":"event project meeting /from Mon 2pm /to 4pm","lastModifiedDate":"2023-01-18"},{"lineNumber":5,"author":{"gitId":"seadragon2000341"},"content":"list","lastModifiedDate":"2023-01-18"},{"lineNumber":6,"author":{"gitId":"seadragon2000341"},"content":"mark 2","lastModifiedDate":"2023-01-18"},{"lineNumber":7,"author":{"gitId":"seadragon2000341"},"content":"list","lastModifiedDate":"2023-01-18"},{"lineNumber":8,"author":{"gitId":"seadragon2000341"},"content":"unmark 2","lastModifiedDate":"2023-01-18"},{"lineNumber":9,"author":{"gitId":"seadragon2000341"},"content":"list","lastModifiedDate":"2023-01-18"},{"lineNumber":10,"author":{"gitId":"seadragon2000341"},"content":"bye","lastModifiedDate":"2023-01-18"}],"authorContributionMap":{"seadragon2000341":10}}]
