[{"path":"src/main/java/Deadline.java","fileType":"java","lines":[{"lineNumber":1,"author":{"gitId":"cjyothika"},"content":"public class Deadline extends Task{","lastModifiedDate":"2023-01-16"},{"lineNumber":2,"author":{"gitId":"cjyothika"},"content":"    private String by;","lastModifiedDate":"2023-01-16"},{"lineNumber":3,"author":{"gitId":"cjyothika"},"content":"","lastModifiedDate":"2023-01-16"},{"lineNumber":4,"author":{"gitId":"cjyothika"},"content":"    public Deadline(String description, String by) {","lastModifiedDate":"2023-01-16"},{"lineNumber":5,"author":{"gitId":"cjyothika"},"content":"        super(description);","lastModifiedDate":"2023-01-16"},{"lineNumber":6,"author":{"gitId":"cjyothika"},"content":"        this.by \u003d by;","lastModifiedDate":"2023-01-16"},{"lineNumber":7,"author":{"gitId":"cjyothika"},"content":"    }","lastModifiedDate":"2023-01-16"},{"lineNumber":8,"author":{"gitId":"cjyothika"},"content":"","lastModifiedDate":"2023-01-16"},{"lineNumber":9,"author":{"gitId":"cjyothika"},"content":"    @Override","lastModifiedDate":"2023-01-16"},{"lineNumber":10,"author":{"gitId":"cjyothika"},"content":"    public String toString(){","lastModifiedDate":"2023-01-16"},{"lineNumber":11,"author":{"gitId":"cjyothika"},"content":"        return \"[D]\" + this.getStatusIcon() + \" \" + this.description + \" (by:\" + by + \")\";","lastModifiedDate":"2023-01-16"},{"lineNumber":12,"author":{"gitId":"cjyothika"},"content":"    }","lastModifiedDate":"2023-01-16"},{"lineNumber":13,"author":{"gitId":"cjyothika"},"content":"}","lastModifiedDate":"2023-01-16"}],"authorContributionMap":{"cjyothika":13}},{"path":"src/main/java/Duke.java","fileType":"java","lines":[{"lineNumber":1,"author":{"gitId":"cjyothika"},"content":"import java.util.ArrayList;","lastModifiedDate":"2023-01-17"},{"lineNumber":2,"author":{"gitId":"cjyothika"},"content":"import java.util.Scanner;","lastModifiedDate":"2023-01-16"},{"lineNumber":3,"author":{"gitId":"cjyothika"},"content":"","lastModifiedDate":"2023-01-16"},{"lineNumber":4,"author":{"gitId":"-"},"content":"public class Duke {","lastModifiedDate":"2019-07-29"},{"lineNumber":5,"author":{"gitId":"cjyothika"},"content":"    static ArrayList\u003cTask\u003e tasks \u003d new ArrayList\u003cTask\u003e();","lastModifiedDate":"2023-01-17"},{"lineNumber":6,"author":{"gitId":"-"},"content":"    public static void main(String[] args) {","lastModifiedDate":"2019-07-29"},{"lineNumber":7,"author":{"gitId":"cjyothika"},"content":"        /*String logo \u003d \" ____        _        \\n\"","lastModifiedDate":"2023-01-16"},{"lineNumber":8,"author":{"gitId":"-"},"content":"                + \"|  _ \\\\ _   _| | _____ \\n\"","lastModifiedDate":"2019-07-29"},{"lineNumber":9,"author":{"gitId":"-"},"content":"                + \"| | | | | | | |/ / _ \\\\\\n\"","lastModifiedDate":"2019-07-29"},{"lineNumber":10,"author":{"gitId":"-"},"content":"                + \"| |_| | |_| |   \u003c  __/\\n\"","lastModifiedDate":"2019-07-29"},{"lineNumber":11,"author":{"gitId":"-"},"content":"                + \"|____/ \\\\__,_|_|\\\\_\\\\___|\\n\";","lastModifiedDate":"2019-07-29"},{"lineNumber":12,"author":{"gitId":"cjyothika"},"content":"        System.out.println(\"Hello from\\n\" + logo);*/","lastModifiedDate":"2023-01-16"},{"lineNumber":13,"author":{"gitId":"cjyothika"},"content":"        //open scanner to accept user input","lastModifiedDate":"2023-01-16"},{"lineNumber":14,"author":{"gitId":"cjyothika"},"content":"        Scanner userInput \u003d new Scanner(System.in);","lastModifiedDate":"2023-01-16"},{"lineNumber":15,"author":{"gitId":"cjyothika"},"content":"        //greet user","lastModifiedDate":"2023-01-16"},{"lineNumber":16,"author":{"gitId":"cjyothika"},"content":"        System.out.println(makeOutput(\" Hello! I\u0027m Duke\\n\" + \" What can I do for you?\"));","lastModifiedDate":"2023-01-16"},{"lineNumber":17,"author":{"gitId":"cjyothika"},"content":"","lastModifiedDate":"2023-01-16"},{"lineNumber":18,"author":{"gitId":"cjyothika"},"content":"        while(true){","lastModifiedDate":"2023-01-16"},{"lineNumber":19,"author":{"gitId":"cjyothika"},"content":"            String newInput \u003d userInput.nextLine();","lastModifiedDate":"2023-01-16"},{"lineNumber":20,"author":{"gitId":"cjyothika"},"content":"            String[] parsedInput \u003d newInput.split(\" \");","lastModifiedDate":"2023-01-16"},{"lineNumber":21,"author":{"gitId":"cjyothika"},"content":"            String command \u003d parsedInput[0];","lastModifiedDate":"2023-01-16"},{"lineNumber":22,"author":{"gitId":"cjyothika"},"content":"","lastModifiedDate":"2023-01-16"},{"lineNumber":23,"author":{"gitId":"cjyothika"},"content":"            try {","lastModifiedDate":"2023-01-17"},{"lineNumber":24,"author":{"gitId":"cjyothika"},"content":"                if (command.equalsIgnoreCase(\"bye\")) {","lastModifiedDate":"2023-01-16"},{"lineNumber":25,"author":{"gitId":"cjyothika"},"content":"                    break;","lastModifiedDate":"2023-01-16"},{"lineNumber":26,"author":{"gitId":"cjyothika"},"content":"                } else if (command.equalsIgnoreCase(\"list\")) {","lastModifiedDate":"2023-01-16"},{"lineNumber":27,"author":{"gitId":"cjyothika"},"content":"                    showList();","lastModifiedDate":"2023-01-16"},{"lineNumber":28,"author":{"gitId":"cjyothika"},"content":"                } else if (command.equalsIgnoreCase(\"mark\")) {","lastModifiedDate":"2023-01-16"},{"lineNumber":29,"author":{"gitId":"cjyothika"},"content":"                    markTask(processMarkUnmarkDel(newInput));","lastModifiedDate":"2023-01-17"},{"lineNumber":30,"author":{"gitId":"cjyothika"},"content":"                } else if (command.equalsIgnoreCase(\"unmark\")) {","lastModifiedDate":"2023-01-16"},{"lineNumber":31,"author":{"gitId":"cjyothika"},"content":"                    unmarkTask(processMarkUnmarkDel(newInput));","lastModifiedDate":"2023-01-17"},{"lineNumber":32,"author":{"gitId":"cjyothika"},"content":"                } else if (command.equalsIgnoreCase(\"todo\")) {","lastModifiedDate":"2023-01-16"},{"lineNumber":33,"author":{"gitId":"cjyothika"},"content":"                    addTodo(newInput.split(\"todo\", 2)[1]);","lastModifiedDate":"2023-01-16"},{"lineNumber":34,"author":{"gitId":"cjyothika"},"content":"                } else if (command.equalsIgnoreCase(\"deadline\")) {","lastModifiedDate":"2023-01-16"},{"lineNumber":35,"author":{"gitId":"cjyothika"},"content":"                    processDeadline(newInput);","lastModifiedDate":"2023-01-17"},{"lineNumber":36,"author":{"gitId":"cjyothika"},"content":"                } else if (command.equalsIgnoreCase(\"event\")) {","lastModifiedDate":"2023-01-16"},{"lineNumber":37,"author":{"gitId":"cjyothika"},"content":"                    processEvent(newInput);","lastModifiedDate":"2023-01-17"},{"lineNumber":38,"author":{"gitId":"cjyothika"},"content":"                } else if (command.equalsIgnoreCase(\"delete\")) {","lastModifiedDate":"2023-01-17"},{"lineNumber":39,"author":{"gitId":"cjyothika"},"content":"                    delete(processMarkUnmarkDel(newInput));","lastModifiedDate":"2023-01-17"},{"lineNumber":40,"author":{"gitId":"cjyothika"},"content":"                } else {","lastModifiedDate":"2023-01-16"},{"lineNumber":41,"author":{"gitId":"cjyothika"},"content":"                    throw new DukeException(\"I\u0027m sorry, but I don\u0027t know what that means :-(\");","lastModifiedDate":"2023-01-17"},{"lineNumber":42,"author":{"gitId":"cjyothika"},"content":"                }","lastModifiedDate":"2023-01-17"},{"lineNumber":43,"author":{"gitId":"cjyothika"},"content":"            } catch (DukeException d) {","lastModifiedDate":"2023-01-17"},{"lineNumber":44,"author":{"gitId":"cjyothika"},"content":"                System.out.println(makeOutput(\"☹ OOPS!!! \" +d.getMessage()));","lastModifiedDate":"2023-01-17"},{"lineNumber":45,"author":{"gitId":"cjyothika"},"content":"            }","lastModifiedDate":"2023-01-16"},{"lineNumber":46,"author":{"gitId":"cjyothika"},"content":"        }","lastModifiedDate":"2023-01-16"},{"lineNumber":47,"author":{"gitId":"cjyothika"},"content":"","lastModifiedDate":"2023-01-16"},{"lineNumber":48,"author":{"gitId":"cjyothika"},"content":"        //exit protocol","lastModifiedDate":"2023-01-16"},{"lineNumber":49,"author":{"gitId":"cjyothika"},"content":"        System.out.println(makeOutput(\"Bye. Hope to see you again soon!\"));","lastModifiedDate":"2023-01-16"},{"lineNumber":50,"author":{"gitId":"cjyothika"},"content":"        userInput.close();","lastModifiedDate":"2023-01-16"},{"lineNumber":51,"author":{"gitId":"cjyothika"},"content":"    }","lastModifiedDate":"2023-01-16"},{"lineNumber":52,"author":{"gitId":"cjyothika"},"content":"    public static String makeOutput(String in){","lastModifiedDate":"2023-01-16"},{"lineNumber":53,"author":{"gitId":"cjyothika"},"content":"        return \"____________________________________________________________\\n\" + in +\"\\n\" + \"____________________________________________________________\";","lastModifiedDate":"2023-01-16"},{"lineNumber":54,"author":{"gitId":"-"},"content":"    }","lastModifiedDate":"2019-07-29"},{"lineNumber":55,"author":{"gitId":"cjyothika"},"content":"","lastModifiedDate":"2023-01-16"},{"lineNumber":56,"author":{"gitId":"cjyothika"},"content":"    public static void addTodo(String description) throws DukeException{","lastModifiedDate":"2023-01-17"},{"lineNumber":57,"author":{"gitId":"cjyothika"},"content":"        if(description.equals(\"\")){","lastModifiedDate":"2023-01-17"},{"lineNumber":58,"author":{"gitId":"cjyothika"},"content":"            throw new DukeException(\"The description of a todo cannot be empty.\");","lastModifiedDate":"2023-01-17"},{"lineNumber":59,"author":{"gitId":"cjyothika"},"content":"        }","lastModifiedDate":"2023-01-17"},{"lineNumber":60,"author":{"gitId":"cjyothika"},"content":"        Todo newTodo \u003d new Todo(description);","lastModifiedDate":"2023-01-17"},{"lineNumber":61,"author":{"gitId":"cjyothika"},"content":"        tasks.add(newTodo);","lastModifiedDate":"2023-01-17"},{"lineNumber":62,"author":{"gitId":"cjyothika"},"content":"        System.out.println(makeOutput(String.format(\"Got it. I\u0027ve added this task:\\n %s\\n Now you have %d tasks in the list.\"","lastModifiedDate":"2023-01-16"},{"lineNumber":63,"author":{"gitId":"cjyothika"},"content":"                ,newTodo, tasks.size())));","lastModifiedDate":"2023-01-17"},{"lineNumber":64,"author":{"gitId":"cjyothika"},"content":"    }","lastModifiedDate":"2023-01-16"},{"lineNumber":65,"author":{"gitId":"cjyothika"},"content":"","lastModifiedDate":"2023-01-17"},{"lineNumber":66,"author":{"gitId":"cjyothika"},"content":"    public static int processMarkUnmarkDel(String input) throws DukeException{","lastModifiedDate":"2023-01-17"},{"lineNumber":67,"author":{"gitId":"cjyothika"},"content":"        String[] parsedInput \u003d input.split(\" \");","lastModifiedDate":"2023-01-17"},{"lineNumber":68,"author":{"gitId":"cjyothika"},"content":"        if(parsedInput.length !\u003d 2) {","lastModifiedDate":"2023-01-17"},{"lineNumber":69,"author":{"gitId":"cjyothika"},"content":"            throw new DukeException(\"index of task to delete is missing\");","lastModifiedDate":"2023-01-17"},{"lineNumber":70,"author":{"gitId":"cjyothika"},"content":"        }","lastModifiedDate":"2023-01-17"},{"lineNumber":71,"author":{"gitId":"cjyothika"},"content":"        try{","lastModifiedDate":"2023-01-17"},{"lineNumber":72,"author":{"gitId":"cjyothika"},"content":"            int index \u003d Integer.parseInt(parsedInput[1]);","lastModifiedDate":"2023-01-17"},{"lineNumber":73,"author":{"gitId":"cjyothika"},"content":"            if(index \u003e tasks.size()) {","lastModifiedDate":"2023-01-17"},{"lineNumber":74,"author":{"gitId":"cjyothika"},"content":"                throw new DukeException(\"invalid task index\");","lastModifiedDate":"2023-01-17"},{"lineNumber":75,"author":{"gitId":"cjyothika"},"content":"            }","lastModifiedDate":"2023-01-17"},{"lineNumber":76,"author":{"gitId":"cjyothika"},"content":"            return index - 1;","lastModifiedDate":"2023-01-17"},{"lineNumber":77,"author":{"gitId":"cjyothika"},"content":"        } catch(NumberFormatException n) {","lastModifiedDate":"2023-01-17"},{"lineNumber":78,"author":{"gitId":"cjyothika"},"content":"            throw new DukeException(n.getMessage());","lastModifiedDate":"2023-01-17"},{"lineNumber":79,"author":{"gitId":"cjyothika"},"content":"        }","lastModifiedDate":"2023-01-17"},{"lineNumber":80,"author":{"gitId":"cjyothika"},"content":"    }","lastModifiedDate":"2023-01-17"},{"lineNumber":81,"author":{"gitId":"cjyothika"},"content":"","lastModifiedDate":"2023-01-17"},{"lineNumber":82,"author":{"gitId":"cjyothika"},"content":"    public static void processDeadline(String input) throws DukeException{","lastModifiedDate":"2023-01-17"},{"lineNumber":83,"author":{"gitId":"cjyothika"},"content":"        String raw \u003d input.split(\"deadline\", 2)[1];","lastModifiedDate":"2023-01-17"},{"lineNumber":84,"author":{"gitId":"cjyothika"},"content":"        if(raw.equals(\"\")){","lastModifiedDate":"2023-01-17"},{"lineNumber":85,"author":{"gitId":"cjyothika"},"content":"            throw new DukeException(\"The description of a deadline cannot be empty.\");","lastModifiedDate":"2023-01-17"},{"lineNumber":86,"author":{"gitId":"cjyothika"},"content":"        }","lastModifiedDate":"2023-01-17"},{"lineNumber":87,"author":{"gitId":"cjyothika"},"content":"        String[] parsed \u003d raw.split(\"/by\", 2);","lastModifiedDate":"2023-01-17"},{"lineNumber":88,"author":{"gitId":"cjyothika"},"content":"        if(parsed.length \u003c 2){","lastModifiedDate":"2023-01-17"},{"lineNumber":89,"author":{"gitId":"cjyothika"},"content":"            throw new DukeException(\"When the deadline should be completed by should be specified using /by.\");","lastModifiedDate":"2023-01-17"},{"lineNumber":90,"author":{"gitId":"cjyothika"},"content":"        }","lastModifiedDate":"2023-01-17"},{"lineNumber":91,"author":{"gitId":"cjyothika"},"content":"        addDeadline(parsed[0], parsed[1]);","lastModifiedDate":"2023-01-17"},{"lineNumber":92,"author":{"gitId":"cjyothika"},"content":"    }","lastModifiedDate":"2023-01-17"},{"lineNumber":93,"author":{"gitId":"cjyothika"},"content":"","lastModifiedDate":"2023-01-17"},{"lineNumber":94,"author":{"gitId":"cjyothika"},"content":"    public static void processEvent(String input) throws DukeException{","lastModifiedDate":"2023-01-17"},{"lineNumber":95,"author":{"gitId":"cjyothika"},"content":"        String raw \u003d input.split(\"event\", 2)[1];","lastModifiedDate":"2023-01-17"},{"lineNumber":96,"author":{"gitId":"cjyothika"},"content":"        if(raw.equals(\"\")){","lastModifiedDate":"2023-01-17"},{"lineNumber":97,"author":{"gitId":"cjyothika"},"content":"            throw new DukeException(\"The description of a event cannot be empty.\");","lastModifiedDate":"2023-01-17"},{"lineNumber":98,"author":{"gitId":"cjyothika"},"content":"        }","lastModifiedDate":"2023-01-17"},{"lineNumber":99,"author":{"gitId":"cjyothika"},"content":"        String[] parsed1 \u003d raw.split(\"/from\", 2);","lastModifiedDate":"2023-01-17"},{"lineNumber":100,"author":{"gitId":"cjyothika"},"content":"        if(parsed1.length \u003c 2){","lastModifiedDate":"2023-01-17"},{"lineNumber":101,"author":{"gitId":"cjyothika"},"content":"            throw new DukeException(\"The event\u0027s timeline should be specified using /from and /to.\");","lastModifiedDate":"2023-01-17"},{"lineNumber":102,"author":{"gitId":"cjyothika"},"content":"        }","lastModifiedDate":"2023-01-17"},{"lineNumber":103,"author":{"gitId":"cjyothika"},"content":"        String[] parsed2 \u003d parsed1[1].split(\"/to\", 2);","lastModifiedDate":"2023-01-17"},{"lineNumber":104,"author":{"gitId":"cjyothika"},"content":"        if(parsed2.length \u003c 2){","lastModifiedDate":"2023-01-17"},{"lineNumber":105,"author":{"gitId":"cjyothika"},"content":"            throw new DukeException(\"The event\u0027s timeline should be specified using /from and /to.\");","lastModifiedDate":"2023-01-17"},{"lineNumber":106,"author":{"gitId":"cjyothika"},"content":"        }","lastModifiedDate":"2023-01-17"},{"lineNumber":107,"author":{"gitId":"cjyothika"},"content":"        addEvent(parsed1[0], parsed2[0], parsed2[1]);","lastModifiedDate":"2023-01-17"},{"lineNumber":108,"author":{"gitId":"cjyothika"},"content":"    }","lastModifiedDate":"2023-01-17"},{"lineNumber":109,"author":{"gitId":"cjyothika"},"content":"","lastModifiedDate":"2023-01-16"},{"lineNumber":110,"author":{"gitId":"cjyothika"},"content":"    public static void addDeadline(String description, String by){","lastModifiedDate":"2023-01-17"},{"lineNumber":111,"author":{"gitId":"cjyothika"},"content":"        Deadline newDd \u003d new Deadline(description, by);","lastModifiedDate":"2023-01-17"},{"lineNumber":112,"author":{"gitId":"cjyothika"},"content":"        tasks.add(newDd);","lastModifiedDate":"2023-01-17"},{"lineNumber":113,"author":{"gitId":"cjyothika"},"content":"        System.out.println(makeOutput(String.format(\"Got it. I\u0027ve added this task:\\n %s\\n Now you have %d tasks in the list.\"","lastModifiedDate":"2023-01-16"},{"lineNumber":114,"author":{"gitId":"cjyothika"},"content":"                ,newDd, tasks.size())));","lastModifiedDate":"2023-01-17"},{"lineNumber":115,"author":{"gitId":"cjyothika"},"content":"    }","lastModifiedDate":"2023-01-16"},{"lineNumber":116,"author":{"gitId":"cjyothika"},"content":"","lastModifiedDate":"2023-01-16"},{"lineNumber":117,"author":{"gitId":"cjyothika"},"content":"    public static void addEvent(String description, String from, String to) {","lastModifiedDate":"2023-01-17"},{"lineNumber":118,"author":{"gitId":"cjyothika"},"content":"        Event newEvent \u003d new Event(description, from, to);","lastModifiedDate":"2023-01-17"},{"lineNumber":119,"author":{"gitId":"cjyothika"},"content":"        tasks.add(newEvent);","lastModifiedDate":"2023-01-17"},{"lineNumber":120,"author":{"gitId":"cjyothika"},"content":"        System.out.println(makeOutput(String.format(\"Got it. I\u0027ve added this task:\\n %s\\n Now you have %d tasks in the list.\"","lastModifiedDate":"2023-01-16"},{"lineNumber":121,"author":{"gitId":"cjyothika"},"content":"                ,newEvent, tasks.size())));","lastModifiedDate":"2023-01-17"},{"lineNumber":122,"author":{"gitId":"cjyothika"},"content":"    }","lastModifiedDate":"2023-01-16"},{"lineNumber":123,"author":{"gitId":"cjyothika"},"content":"","lastModifiedDate":"2023-01-16"},{"lineNumber":124,"author":{"gitId":"cjyothika"},"content":"    public static void showList(){","lastModifiedDate":"2023-01-16"},{"lineNumber":125,"author":{"gitId":"cjyothika"},"content":"        int len \u003d tasks.size();","lastModifiedDate":"2023-01-17"},{"lineNumber":126,"author":{"gitId":"cjyothika"},"content":"        if(len \u003d\u003d 0){","lastModifiedDate":"2023-01-17"},{"lineNumber":127,"author":{"gitId":"cjyothika"},"content":"            System.out.println(makeOutput(\"\"));","lastModifiedDate":"2023-01-17"},{"lineNumber":128,"author":{"gitId":"cjyothika"},"content":"            return;","lastModifiedDate":"2023-01-16"},{"lineNumber":129,"author":{"gitId":"cjyothika"},"content":"        }","lastModifiedDate":"2023-01-16"},{"lineNumber":130,"author":{"gitId":"cjyothika"},"content":"        String result \u003d \"Here are the tasks in your list:\\n\";","lastModifiedDate":"2023-01-16"},{"lineNumber":131,"author":{"gitId":"cjyothika"},"content":"        for(int i \u003d 0; i \u003c len - 1; i ++){","lastModifiedDate":"2023-01-17"},{"lineNumber":132,"author":{"gitId":"cjyothika"},"content":"            result +\u003d (i + 1) + \".\" + tasks.get(i) + \"\\n\";","lastModifiedDate":"2023-01-17"},{"lineNumber":133,"author":{"gitId":"cjyothika"},"content":"        }","lastModifiedDate":"2023-01-16"},{"lineNumber":134,"author":{"gitId":"cjyothika"},"content":"        result +\u003d len + \".\" + tasks.get(len - 1);","lastModifiedDate":"2023-01-17"},{"lineNumber":135,"author":{"gitId":"cjyothika"},"content":"        System.out.println(makeOutput(result));","lastModifiedDate":"2023-01-16"},{"lineNumber":136,"author":{"gitId":"cjyothika"},"content":"    }","lastModifiedDate":"2023-01-16"},{"lineNumber":137,"author":{"gitId":"cjyothika"},"content":"","lastModifiedDate":"2023-01-16"},{"lineNumber":138,"author":{"gitId":"cjyothika"},"content":"    public static void markTask(int taskNo){","lastModifiedDate":"2023-01-16"},{"lineNumber":139,"author":{"gitId":"cjyothika"},"content":"        tasks.get(taskNo).mark();","lastModifiedDate":"2023-01-17"},{"lineNumber":140,"author":{"gitId":"cjyothika"},"content":"        String result \u003d \"Nice! I\u0027ve marked this task as done:\\n\";","lastModifiedDate":"2023-01-16"},{"lineNumber":141,"author":{"gitId":"cjyothika"},"content":"        result +\u003d tasks.get(taskNo);","lastModifiedDate":"2023-01-17"},{"lineNumber":142,"author":{"gitId":"cjyothika"},"content":"        System.out.println(makeOutput(result));","lastModifiedDate":"2023-01-16"},{"lineNumber":143,"author":{"gitId":"cjyothika"},"content":"    }","lastModifiedDate":"2023-01-16"},{"lineNumber":144,"author":{"gitId":"cjyothika"},"content":"","lastModifiedDate":"2023-01-16"},{"lineNumber":145,"author":{"gitId":"cjyothika"},"content":"    public static void unmarkTask(int taskNo){","lastModifiedDate":"2023-01-16"},{"lineNumber":146,"author":{"gitId":"cjyothika"},"content":"        tasks.get(taskNo).unmark();","lastModifiedDate":"2023-01-17"},{"lineNumber":147,"author":{"gitId":"cjyothika"},"content":"        String result \u003d \"OK, I\u0027ve marked this task as not done yet:\\n\";","lastModifiedDate":"2023-01-16"},{"lineNumber":148,"author":{"gitId":"cjyothika"},"content":"        result +\u003d tasks.get(taskNo);","lastModifiedDate":"2023-01-17"},{"lineNumber":149,"author":{"gitId":"cjyothika"},"content":"        System.out.println(makeOutput(result));","lastModifiedDate":"2023-01-16"},{"lineNumber":150,"author":{"gitId":"cjyothika"},"content":"    }","lastModifiedDate":"2023-01-16"},{"lineNumber":151,"author":{"gitId":"cjyothika"},"content":"","lastModifiedDate":"2023-01-16"},{"lineNumber":152,"author":{"gitId":"cjyothika"},"content":"    public static void delete(int taskNo){","lastModifiedDate":"2023-01-17"},{"lineNumber":153,"author":{"gitId":"cjyothika"},"content":"        Task deleted \u003d tasks.remove(taskNo);","lastModifiedDate":"2023-01-17"},{"lineNumber":154,"author":{"gitId":"cjyothika"},"content":"        System.out.println(makeOutput(String.format(\"Noted. I\u0027ve removed this task:\\n%s\\n\" +","lastModifiedDate":"2023-01-17"},{"lineNumber":155,"author":{"gitId":"cjyothika"},"content":"                \"Now you have %d tasks in the list.\", deleted, tasks.size())));","lastModifiedDate":"2023-01-17"},{"lineNumber":156,"author":{"gitId":"-"},"content":"    }","lastModifiedDate":"2023-01-16"},{"lineNumber":157,"author":{"gitId":"-"},"content":"}","lastModifiedDate":"2019-07-29"}],"authorContributionMap":{"cjyothika":148,"-":9}},{"path":"src/main/java/DukeException.java","fileType":"java","lines":[{"lineNumber":1,"author":{"gitId":"cjyothika"},"content":"public class DukeException extends Exception{","lastModifiedDate":"2023-01-17"},{"lineNumber":2,"author":{"gitId":"cjyothika"},"content":"    public DukeException(String message) {","lastModifiedDate":"2023-01-17"},{"lineNumber":3,"author":{"gitId":"cjyothika"},"content":"        super(message);","lastModifiedDate":"2023-01-17"},{"lineNumber":4,"author":{"gitId":"cjyothika"},"content":"    }","lastModifiedDate":"2023-01-17"},{"lineNumber":5,"author":{"gitId":"cjyothika"},"content":"}","lastModifiedDate":"2023-01-17"}],"authorContributionMap":{"cjyothika":5}},{"path":"src/main/java/Event.java","fileType":"java","lines":[{"lineNumber":1,"author":{"gitId":"cjyothika"},"content":"public class Event extends Task{","lastModifiedDate":"2023-01-16"},{"lineNumber":2,"author":{"gitId":"cjyothika"},"content":"    private String to;","lastModifiedDate":"2023-01-16"},{"lineNumber":3,"author":{"gitId":"cjyothika"},"content":"    private String from;","lastModifiedDate":"2023-01-16"},{"lineNumber":4,"author":{"gitId":"cjyothika"},"content":"","lastModifiedDate":"2023-01-16"},{"lineNumber":5,"author":{"gitId":"cjyothika"},"content":"    public Event(String description, String from, String to) {","lastModifiedDate":"2023-01-16"},{"lineNumber":6,"author":{"gitId":"cjyothika"},"content":"        super(description);","lastModifiedDate":"2023-01-16"},{"lineNumber":7,"author":{"gitId":"cjyothika"},"content":"        this.to \u003d to;","lastModifiedDate":"2023-01-16"},{"lineNumber":8,"author":{"gitId":"cjyothika"},"content":"        this.from \u003d from;","lastModifiedDate":"2023-01-16"},{"lineNumber":9,"author":{"gitId":"cjyothika"},"content":"    }","lastModifiedDate":"2023-01-16"},{"lineNumber":10,"author":{"gitId":"cjyothika"},"content":"","lastModifiedDate":"2023-01-16"},{"lineNumber":11,"author":{"gitId":"cjyothika"},"content":"    @Override","lastModifiedDate":"2023-01-16"},{"lineNumber":12,"author":{"gitId":"cjyothika"},"content":"    public String toString(){","lastModifiedDate":"2023-01-16"},{"lineNumber":13,"author":{"gitId":"cjyothika"},"content":"        return \"[E]\" + this.getStatusIcon() + \" \" + this.description + \" (from: \"+ from + \" to: \" + to + \")\";","lastModifiedDate":"2023-01-16"},{"lineNumber":14,"author":{"gitId":"cjyothika"},"content":"    }","lastModifiedDate":"2023-01-16"},{"lineNumber":15,"author":{"gitId":"cjyothika"},"content":"}","lastModifiedDate":"2023-01-16"}],"authorContributionMap":{"cjyothika":15}},{"path":"src/main/java/Task.java","fileType":"java","lines":[{"lineNumber":1,"author":{"gitId":"cjyothika"},"content":"public class Task {","lastModifiedDate":"2023-01-16"},{"lineNumber":2,"author":{"gitId":"cjyothika"},"content":"    protected String description;","lastModifiedDate":"2023-01-16"},{"lineNumber":3,"author":{"gitId":"cjyothika"},"content":"    protected boolean isDone;","lastModifiedDate":"2023-01-16"},{"lineNumber":4,"author":{"gitId":"cjyothika"},"content":"","lastModifiedDate":"2023-01-16"},{"lineNumber":5,"author":{"gitId":"cjyothika"},"content":"    public Task(String description) {","lastModifiedDate":"2023-01-16"},{"lineNumber":6,"author":{"gitId":"cjyothika"},"content":"        this.description \u003d description;","lastModifiedDate":"2023-01-16"},{"lineNumber":7,"author":{"gitId":"cjyothika"},"content":"        this.isDone \u003d false;","lastModifiedDate":"2023-01-16"},{"lineNumber":8,"author":{"gitId":"cjyothika"},"content":"    }","lastModifiedDate":"2023-01-16"},{"lineNumber":9,"author":{"gitId":"cjyothika"},"content":"","lastModifiedDate":"2023-01-16"},{"lineNumber":10,"author":{"gitId":"cjyothika"},"content":"    public String getStatusIcon() {","lastModifiedDate":"2023-01-16"},{"lineNumber":11,"author":{"gitId":"cjyothika"},"content":"        return (isDone ? \"[X]\" : \"[ ]\"); // mark done task with X","lastModifiedDate":"2023-01-16"},{"lineNumber":12,"author":{"gitId":"cjyothika"},"content":"    }","lastModifiedDate":"2023-01-16"},{"lineNumber":13,"author":{"gitId":"cjyothika"},"content":"","lastModifiedDate":"2023-01-16"},{"lineNumber":14,"author":{"gitId":"cjyothika"},"content":"    public void mark() {","lastModifiedDate":"2023-01-16"},{"lineNumber":15,"author":{"gitId":"cjyothika"},"content":"        this.isDone \u003d true;","lastModifiedDate":"2023-01-16"},{"lineNumber":16,"author":{"gitId":"cjyothika"},"content":"    }","lastModifiedDate":"2023-01-16"},{"lineNumber":17,"author":{"gitId":"cjyothika"},"content":"","lastModifiedDate":"2023-01-16"},{"lineNumber":18,"author":{"gitId":"cjyothika"},"content":"    public void unmark() {","lastModifiedDate":"2023-01-16"},{"lineNumber":19,"author":{"gitId":"cjyothika"},"content":"        this.isDone \u003d false;","lastModifiedDate":"2023-01-16"},{"lineNumber":20,"author":{"gitId":"cjyothika"},"content":"    }","lastModifiedDate":"2023-01-16"},{"lineNumber":21,"author":{"gitId":"cjyothika"},"content":"","lastModifiedDate":"2023-01-16"},{"lineNumber":22,"author":{"gitId":"cjyothika"},"content":"    @Override","lastModifiedDate":"2023-01-16"},{"lineNumber":23,"author":{"gitId":"cjyothika"},"content":"    public String toString(){","lastModifiedDate":"2023-01-16"},{"lineNumber":24,"author":{"gitId":"cjyothika"},"content":"        return this.getStatusIcon() + \" \" + this.description;","lastModifiedDate":"2023-01-16"},{"lineNumber":25,"author":{"gitId":"cjyothika"},"content":"    }","lastModifiedDate":"2023-01-16"},{"lineNumber":26,"author":{"gitId":"cjyothika"},"content":"}","lastModifiedDate":"2023-01-16"}],"authorContributionMap":{"cjyothika":26}},{"path":"src/main/java/Todo.java","fileType":"java","lines":[{"lineNumber":1,"author":{"gitId":"cjyothika"},"content":"public class Todo extends Task{","lastModifiedDate":"2023-01-16"},{"lineNumber":2,"author":{"gitId":"cjyothika"},"content":"    public Todo(String description) {","lastModifiedDate":"2023-01-16"},{"lineNumber":3,"author":{"gitId":"cjyothika"},"content":"        super(description);","lastModifiedDate":"2023-01-16"},{"lineNumber":4,"author":{"gitId":"cjyothika"},"content":"    }","lastModifiedDate":"2023-01-16"},{"lineNumber":5,"author":{"gitId":"cjyothika"},"content":"","lastModifiedDate":"2023-01-16"},{"lineNumber":6,"author":{"gitId":"cjyothika"},"content":"    @Override","lastModifiedDate":"2023-01-16"},{"lineNumber":7,"author":{"gitId":"cjyothika"},"content":"    public String toString(){","lastModifiedDate":"2023-01-16"},{"lineNumber":8,"author":{"gitId":"cjyothika"},"content":"        return \"[T]\" + this.getStatusIcon() + \" \" + this.description;","lastModifiedDate":"2023-01-16"},{"lineNumber":9,"author":{"gitId":"cjyothika"},"content":"    }","lastModifiedDate":"2023-01-16"},{"lineNumber":10,"author":{"gitId":"cjyothika"},"content":"}","lastModifiedDate":"2023-01-16"}],"authorContributionMap":{"cjyothika":10}},{"path":"text-ui-test/input.txt","fileType":"txt","lines":[{"lineNumber":1,"author":{"gitId":"cjyothika"},"content":"todo read book","lastModifiedDate":"2023-01-16"},{"lineNumber":2,"author":{"gitId":"cjyothika"},"content":"deadline get shirt ironed /by 12 am","lastModifiedDate":"2023-01-16"},{"lineNumber":3,"author":{"gitId":"cjyothika"},"content":"event attend lecture /from 2pm /to 4pm","lastModifiedDate":"2023-01-16"},{"lineNumber":4,"author":{"gitId":"cjyothika"},"content":"todo walk dog","lastModifiedDate":"2023-01-16"},{"lineNumber":5,"author":{"gitId":"cjyothika"},"content":"list","lastModifiedDate":"2023-01-16"},{"lineNumber":6,"author":{"gitId":"cjyothika"},"content":"mark 4","lastModifiedDate":"2023-01-16"},{"lineNumber":7,"author":{"gitId":"cjyothika"},"content":"mark 2","lastModifiedDate":"2023-01-16"},{"lineNumber":8,"author":{"gitId":"cjyothika"},"content":"list","lastModifiedDate":"2023-01-16"},{"lineNumber":9,"author":{"gitId":"cjyothika"},"content":"unmark 4","lastModifiedDate":"2023-01-16"},{"lineNumber":10,"author":{"gitId":"cjyothika"},"content":"list","lastModifiedDate":"2023-01-16"},{"lineNumber":11,"author":{"gitId":"cjyothika"},"content":"blah","lastModifiedDate":"2023-01-17"},{"lineNumber":12,"author":{"gitId":"cjyothika"},"content":"todo","lastModifiedDate":"2023-01-17"},{"lineNumber":13,"author":{"gitId":"cjyothika"},"content":"deadline do hw","lastModifiedDate":"2023-01-17"},{"lineNumber":14,"author":{"gitId":"cjyothika"},"content":"event do hw /from now","lastModifiedDate":"2023-01-17"},{"lineNumber":15,"author":{"gitId":"cjyothika"},"content":"todo bake cake","lastModifiedDate":"2023-01-17"},{"lineNumber":16,"author":{"gitId":"cjyothika"},"content":"list","lastModifiedDate":"2023-01-17"},{"lineNumber":17,"author":{"gitId":"cjyothika"},"content":"delete 5","lastModifiedDate":"2023-01-17"},{"lineNumber":18,"author":{"gitId":"cjyothika"},"content":"list","lastModifiedDate":"2023-01-17"},{"lineNumber":19,"author":{"gitId":"cjyothika"},"content":"bye","lastModifiedDate":"2023-01-16"}],"authorContributionMap":{"cjyothika":19}}]
