{"authorDailyContributionsMap":{"clevon-w":[{"date":"2023-01-17","commitResults":[{"hash":"0febf08e730b33d6cdf161aaa695301116c24568","messageTitle":"echo functionality","messageBody":"","fileTypesAndContributionMap":{"java":{"insertions":32,"deletions":6}}},{"hash":"c7450c00d5a94f896054e13ac22f582680013e69","messageTitle":"added javadoc and cleaned printing","messageBody":"","fileTypesAndContributionMap":{"java":{"insertions":13,"deletions":9}}},{"hash":"c3c4204c093155d8a7e1502bd46603fa6443f0c5","messageTitle":"cleaning up main function","messageBody":"","fileTypesAndContributionMap":{"java":{"insertions":9,"deletions":11}}},{"hash":"96ccc79ce9b6d63af032fcef5eac0e20f8f13339","messageTitle":"abstracted user req parsing","messageBody":"","tags":["Level-1"],"fileTypesAndContributionMap":{"java":{"insertions":25,"deletions":7}}},{"hash":"f69b0af2f662d685db06241df077bafb0627aa0e","messageTitle":"added functionality with OOP standards","messageBody":"","fileTypesAndContributionMap":{"java":{"insertions":105,"deletions":11}}},{"hash":"cc97033b24c80f4bffa9131f63977d889b4a876e","messageTitle":"rename function for clarity","messageBody":"","fileTypesAndContributionMap":{"java":{"insertions":4,"deletions":4}}},{"hash":"b56d176c062cbba6a5384a1732f2b13072a2b634","messageTitle":"added javadoc","messageBody":"","fileTypesAndContributionMap":{"java":{"insertions":74,"deletions":4}}},{"hash":"eef413c036b2f5167d0b8122c8c4761d3bb5ee07","messageTitle":"added parent exception for future proofing","messageBody":"","tags":["Level-2"],"fileTypesAndContributionMap":{"java":{"insertions":25,"deletions":13}}},{"hash":"771e9d5cfe6759a18b80e2a093318dd99ba9b846","messageTitle":"functionality for mark and unmark","messageBody":"","fileTypesAndContributionMap":{"java":{"insertions":143,"deletions":15}}},{"hash":"e72de1c14ce86289a58781251f9fd62077df7fa7","messageTitle":"added normalisation of whitespace function to user inputs","messageBody":"","fileTypesAndContributionMap":{"java":{"insertions":46,"deletions":15}}},{"hash":"cc49cd4b92c8fb8a6a57c84cda334351995a9987","messageTitle":"added javadoc for level3 functionality","messageBody":"","tags":["Level-3"],"fileTypesAndContributionMap":{"java":{"insertions":66,"deletions":2}}}]},{"date":"2023-01-18","commitResults":[{"hash":"206a2aa8bd68131ff1474da8d3ef1bf5d6a0e584","messageTitle":"added 3 subclasses of Task","messageBody":"","fileTypesAndContributionMap":{"java":{"insertions":60,"deletions":1}}},{"hash":"6b73f1694f304eb9b7c64e0a0dba130c61c921a1","messageTitle":"added end time to Event","messageBody":"","fileTypesAndContributionMap":{"java":{"insertions":4,"deletions":2}}},{"hash":"a1ccbd57a9eb697029699842f2e1f8aa95c89200","messageTitle":"initial functionality for parsing and response","messageBody":"","fileTypesAndContributionMap":{"java":{"insertions":143,"deletions":22}}},{"hash":"d2349601c71164ef39c499306ed078549e7da4bc","messageTitle":"added count to print response","messageBody":"","fileTypesAndContributionMap":{"java":{"insertions":26,"deletions":3}}},{"hash":"c3dcd5cb13dc1c9ff95c9432886f2eaca56b9234","messageTitle":"customised error message","messageBody":"","fileTypesAndContributionMap":{"java":{"insertions":9,"deletions":1}}},{"hash":"f0098787af3d6b13572c37bfabc8a52b392318b6","messageTitle":"fix minor bugs in response and parser","messageBody":"","fileTypesAndContributionMap":{"java":{"insertions":6,"deletions":21}}},{"hash":"2352dd2cd2052f54ebb751ab941cbfd230b705af","messageTitle":"resolved bugs for mark and unmark edge cases","messageBody":"","fileTypesAndContributionMap":{"java":{"insertions":15,"deletions":11}}},{"hash":"1fd23eee4999ca3f34e32a2d8a7b9e298c3dc62a","messageTitle":"updated error message for missing arg","messageBody":"","tags":["Level-4"],"fileTypesAndContributionMap":{"java":{"insertions":2,"deletions":2}}},{"hash":"f95836167e9be600d8da644239f742f5271fcd99","messageTitle":"added test cases into input.txt and expected results into EXPECTED.TXT","messageBody":"","tags":["A-TextUiTesting"],"fileTypesAndContributionMap":{"txt":{"insertions":24,"deletions":0}}},{"hash":"2b61187c86e48d1cadb74235f591ec19bda1725c","messageTitle":"didnt know level5 is exceptions, paraphrased error messages to fit assignment.","messageBody":"","fileTypesAndContributionMap":{"java":{"insertions":3,"deletions":3}}},{"hash":"cad204667146195623ee9668719174fb2195bf67","messageTitle":"bugs for testing and errror messages","messageBody":"","tags":["Level-5"],"fileTypesAndContributionMap":{"java":{"insertions":1,"deletions":1}}},{"hash":"97c085151027c1257832e20204a405196559b3b9","messageTitle":"added delete functionality","messageBody":"","fileTypesAndContributionMap":{"java":{"insertions":59,"deletions":3}}},{"hash":"03bff0811854cb2b7c075a0e3d45a33d310ac591","messageTitle":"added auto testing for lvl 6","messageBody":"","tags":["Level-6","A-Enums"],"fileTypesAndContributionMap":{"txt":{"insertions":4,"deletions":0}}}]},{"date":"2023-01-24","commitResults":[{"hash":"11e80a3327e147d45a7e9da8754dd1d5b962cd10","messageTitle":"created basic local storage class with save and load functionality (untested)","messageBody":"","fileTypesAndContributionMap":{"java":{"insertions":38,"deletions":0}}},{"hash":"3ee671abcaee39e66ff1d9c7b66e9f9a33213ff0","messageTitle":"Update functionality to support ToDoList and not just ArrayList\u003cString\u003e","messageBody":"","fileTypesAndContributionMap":{"java":{"insertions":78,"deletions":5}}},{"hash":"c5d0c5a34a31cfd66043a30b2051b442e1c1cc35","messageTitle":"Add save and load to main function","messageBody":"","fileTypesAndContributionMap":{"txt":{"insertions":3,"deletions":0},"java":{"insertions":30,"deletions":6}}}]},{"date":"2023-01-25","commitResults":[{"hash":"696304445ce03beda05239906e094232d2cae6e9","messageTitle":"Add LocalDate support with error handling","messageBody":"","fileTypesAndContributionMap":{"java":{"insertions":54,"deletions":13}}},{"hash":"de64bf2d535f9d996765e28b909880982e1e799b","messageTitle":"Add throws to function definitions","messageBody":"","fileTypesAndContributionMap":{"java":{"insertions":10,"deletions":10}}}]},{"date":"2023-01-27","commitResults":[{"hash":"d038ce5f39433c13cafd30210592babe002f3dcf","messageTitle":"Update todolist naming to tasklist","messageBody":"","fileTypesAndContributionMap":{"txt":{"insertions":2,"deletions":3},"java":{"insertions":82,"deletions":58}}},{"hash":"243fe468631d2391666dfd984443c29eea55262a","messageTitle":"Change LocalStorage to Storage","messageBody":"","fileTypesAndContributionMap":{"java":{"insertions":6,"deletions":6}}},{"hash":"a80e4f30bcef4b318a49eb7dd73f1a43f050033c","messageTitle":"Update InputParser with Parser","messageBody":"","fileTypesAndContributionMap":{"java":{"insertions":4,"deletions":4}}},{"hash":"a6650f003dc1cd1892ab63e19b675a04f86097d0","messageTitle":"Add Ui class","messageBody":"","tags":["A-Packages","A-MoreOOP"],"fileTypesAndContributionMap":{"txt":{"insertions":2,"deletions":1},"java":{"insertions":40,"deletions":20}}}]}]},"authorFileTypeContributionMap":{"clevon-w":{"java":929,"md":0,"fxml":0,"sh":0,"bat":0,"gradle":0,"txt":31}},"authorContributionVariance":{"clevon-w":34456.215},"authorDisplayNameMap":{"clevon-w":"CS2103T-W14-3 CLEV..YONG"}}
