{"authorDailyContributionsMap":{"wxxedu":[{"date":"2023-01-19","commitResults":[{"hash":"a93bb863b4972440c5f25aa19e28783de09d594f","messageTitle":"implemented a basic loop to respond to user inputs","messageBody":"","tags":["Level-1"],"fileTypesAndContributionMap":{"java":{"insertions":15,"deletions":0}}},{"hash":"64683d1a9c9fe9594d82166851fcc1bbb5d37a9c","messageTitle":"added interfaces","messageBody":"","fileTypesAndContributionMap":{"java":{"insertions":192,"deletions":0}}},{"hash":"0f7cd78f6d19e870ad16cf6bf0f4552a359dfc17","messageTitle":"implemented the basic event loop for duke","messageBody":"","fileTypesAndContributionMap":{"java":{"insertions":61,"deletions":9}}},{"hash":"1834c56303067ad47ec0a53e56e40cd3de62d3d2","messageTitle":"implemented Level-1 again using the OOP","messageBody":"","fileTypesAndContributionMap":{"java":{"insertions":51,"deletions":17}}},{"hash":"f398f6f4a263d101b7149b6b523fe957ef62362c","messageTitle":"added an interface \"ExecutableRegisterable\" which can register excutables to the target","messageBody":"","fileTypesAndContributionMap":{"java":{"insertions":36,"deletions":1}}},{"hash":"1bcaac7f46abe72008e8a53f9c1f5b181112e3a2","messageTitle":"Implemented the TodosManager.","messageBody":"Updated Bye, Echo, and TodosManager to conform to the ExecutableRegisterable\ninterface, which then abstracts away the details of registeration into the\nindividual modules.\n","tags":["Level-2"],"fileTypesAndContributionMap":{"java":{"insertions":113,"deletions":9}}},{"hash":"170b29cef40f2cb25624a3558a530a6e995fd30a","messageTitle":"implemented the pair class","messageBody":"","fileTypesAndContributionMap":{"java":{"insertions":44,"deletions":0}}},{"hash":"62ae9e5a3e53d1764759eb538fc404556d6740c8","messageTitle":"implemented the mark and unmark functionalities","messageBody":"","tags":["Level-3"],"fileTypesAndContributionMap":{"java":{"insertions":82,"deletions":9}}},{"hash":"477fc15e07576ed0ef047fda070d8fd418e58ca3","messageTitle":"made the Task class abstract; added 3 concrete implementations of the Task class","messageBody":"","fileTypesAndContributionMap":{"java":{"insertions":108,"deletions":39}}},{"hash":"a62b48097ce2f200948a773ee9b83074cbfec674","messageTitle":"updated the token utilities","messageBody":"","fileTypesAndContributionMap":{"java":{"insertions":87,"deletions":0}}},{"hash":"60267c2b52ba596c52ee90414eaa2ec3c13ca05e","messageTitle":"finished implementing the Deadline, Event, and ToDo class","messageBody":"","tags":["Level-4"],"fileTypesAndContributionMap":{"java":{"insertions":133,"deletions":20}}},{"hash":"c4cf67c074d4d71e60bd6a0c93c2b3716c940675","messageTitle":"added more comments","messageBody":"","fileTypesAndContributionMap":{"java":{"insertions":19,"deletions":1}}},{"hash":"bba1ef2b3aab7a9824d9b70febd2db92c48c6a68","messageTitle":"organized the imports","messageBody":"","fileTypesAndContributionMap":{"java":{"insertions":0,"deletions":13}}},{"hash":"67e2062d097925bec86ce859bfe6a8db0f3b6e35","messageTitle":"added some semi-automatic tests","messageBody":"","tags":["A-TextUiTesting"],"fileTypesAndContributionMap":{"txt":{"insertions":9,"deletions":0}}},{"hash":"ca1d200fc1697791360bd553e7b0f239f11d54f9","messageTitle":"- Added functional interfaces to support the throwing of exceptions - Added exception handling","messageBody":"","fileTypesAndContributionMap":{"java":{"insertions":8,"deletions":0}}},{"hash":"cfc8ebd6d597ec48a96135016b3780108bf1d315","messageTitle":"done with level 6","messageBody":"","tags":["Level-5","A-Collections"],"fileTypesAndContributionMap":{"java":{"insertions":111,"deletions":14}}},{"hash":"9a2b1e4f5d0ea0529a1fe38a460c721555c1e133","messageTitle":"done with level 6, the last commit got the level number wrong lmao","messageBody":"","tags":["Level-6","A-Enums"],"fileTypesAndContributionMap":{"java":{"insertions":50,"deletions":3}}},{"hash":"2187535e8469b3709d45b3c9c777217f630f1c76","messageTitle":"restructured some code","messageBody":"","fileTypesAndContributionMap":{"java":{"insertions":28,"deletions":29}}},{"hash":"6310db11ed239a4e618463da5e18287707496b55","messageTitle":"added one more comment","messageBody":"","fileTypesAndContributionMap":{"java":{"insertions":7,"deletions":0}}}]},{"date":"2023-01-20","commitResults":[{"hash":"ee0e6171ed0dc1c0355ea878ec7eb4619dfff6e1","messageTitle":"refactored the folder structure","messageBody":"","fileTypesAndContributionMap":{"java":{"insertions":11,"deletions":11}}},{"hash":"601540efe97323a79cdb670d685448225841a784","messageTitle":"refactored fp into utils","messageBody":"","fileTypesAndContributionMap":{"java":{"insertions":3,"deletions":3}}},{"hash":"62582edcf4b385756eb9616fd8ef14877c41055c","messageTitle":"made it more like a tree","messageBody":"","fileTypesAndContributionMap":{"java":{"insertions":11,"deletions":8}}},{"hash":"f17368519f66c1a66109c456f615941653280899","messageTitle":"renamed addTodo to addTask","messageBody":"","fileTypesAndContributionMap":{"java":{"insertions":2,"deletions":3}}},{"hash":"a4b6c70948c3727411988f166d7c81c4083ea173","messageTitle":"miscellaneous changes","messageBody":"","fileTypesAndContributionMap":{"java":{"insertions":5,"deletions":4}}},{"hash":"6cfa080c3d23e6ab06fefc7a485aeb268ddb996a","messageTitle":"created a class to manage dependency injection","messageBody":"","fileTypesAndContributionMap":{"java":{"insertions":131,"deletions":53}}},{"hash":"a303d68feda8aeb5f80c403ae8a201cf84c8cac0","messageTitle":"moved the folders so that it is now in the clean architecture format","messageBody":"","fileTypesAndContributionMap":{"java":{"insertions":90,"deletions":50}}},{"hash":"ad93e5a1d7af0a8e9742e312b5df1b325d99dd91","messageTitle":"added dependency injections","messageBody":"","fileTypesAndContributionMap":{"java":{"insertions":49,"deletions":16}}},{"hash":"90ec6736c455326cc0a4a0244c074e517a366f64","messageTitle":"removed unused import","messageBody":"","fileTypesAndContributionMap":{"java":{"insertions":1,"deletions":11}}},{"hash":"2024c5b63b22e80cf639fb2105059446740be146","messageTitle":"added the writable interface","messageBody":"","fileTypesAndContributionMap":{"java":{"insertions":59,"deletions":33}}},{"hash":"8996943b9d50a756855cd27a96e458a57546a85a","messageTitle":"some renaming","messageBody":"","fileTypesAndContributionMap":{"java":{"insertions":59,"deletions":58}}}]},{"date":"2023-01-26","commitResults":[{"hash":"f5735058bc774422a5421af1b59ec13726ee7e52","messageTitle":"made some progress regarding the persistence","messageBody":"","fileTypesAndContributionMap":{"java":{"insertions":372,"deletions":38}}},{"hash":"ab55a65a901eb8c39922a9ca6a561ea973ea4a9e","messageTitle":"added more disposables","messageBody":"","fileTypesAndContributionMap":{"java":{"insertions":49,"deletions":30}}},{"hash":"29c5e26da47db868aa0125f7e6016a141fd6d8aa","messageTitle":"added the feature to save the data","messageBody":"","fileTypesAndContributionMap":{"txt":{"insertions":1,"deletions":0},"java":{"insertions":110,"deletions":26}}},{"hash":"93ff1731bb897b2d668f2e1452ecf1f995546812","messageTitle":"finished implementing the persistence. It was much harder than I had expected.","messageBody":"","fileTypesAndContributionMap":{"txt":{"insertions":2,"deletions":0},"java":{"insertions":322,"deletions":190}}},{"hash":"df8b788c044d6dac9818d303353bad9de240c5b3","messageTitle":"finished implementing date time formatting.","messageBody":"","fileTypesAndContributionMap":{"java":{"insertions":51,"deletions":16}}},{"hash":"2ee17a9e82d5ada3c01d057cd514470fc2cd1bfa","messageTitle":"excluded the data","messageBody":"","tags":["Level-8","Level-7","A-Packages","A-MoreOOP"],"fileTypesAndContributionMap":{"txt":{"insertions":0,"deletions":3}}},{"hash":"06f3f6a7aef86e625a9a6b6718956325ee5ce604","messageTitle":"added listwhen, a command for retrieving tasks/events happening on a certain date","messageBody":"","fileTypesAndContributionMap":{"java":{"insertions":61,"deletions":0}}},{"hash":"b666cd5b4613d308f9ef32d6547f53cb15db7737","messageTitle":"tried to add gradle myself, as a mistake","messageBody":"","fileTypesAndContributionMap":{"bat":{"insertions":92,"deletions":0}}},{"hash":"8027b76e4d2ad694d8f28c0c78358e7001afe1d6","messageTitle":"Revert \"tried to add gradle myself, as a mistake\"","messageBody":"This reverts commit b666cd5b4613d308f9ef32d6547f53cb15db7737.\n\nAs described in the commit.\n","fileTypesAndContributionMap":{"bat":{"insertions":0,"deletions":92}}},{"hash":"5990a69cb1b8d0866e9da9ddf389a668d7fb100a","messageTitle":"fixed the numbering","messageBody":"","fileTypesAndContributionMap":{"md":{"insertions":5,"deletions":5}}},{"hash":"c832cae8d9b5165d7c320e4236f30ce57cea9f11","messageTitle":"added checkstyle, fixed one imports","messageBody":"","fileTypesAndContributionMap":{"gradle":{"insertions":5,"deletions":0},"java":{"insertions":10,"deletions":12}}}]}]},"authorFileTypeContributionMap":{"wxxedu":{"java":1798,"md":5,"fxml":0,"sh":0,"bat":0,"gradle":5,"txt":9}},"authorContributionVariance":{"wxxedu":253421.66},"authorDisplayNameMap":{"wxxedu":"CS2103T-W11-1 WANG..XUAN"}}
