{"authorDailyContributionsMap":{"NBQian":[{"date":"2023-01-20","commitResults":[{"hash":"3a9059413fb5de9acd0035d5702afdfb22e9e4f8","messageTitle":"Level 1","messageBody":"","tags":["week-2-lv-1","Level-1"],"fileTypesAndContributionMap":{"java":{"insertions":16,"deletions":0}}},{"hash":"f336871fdcf150d90dfd668e017ad10c44e98a93","messageTitle":"Level 2","messageBody":"","tags":["week-2-lv-2","Level-2"],"fileTypesAndContributionMap":{"java":{"insertions":19,"deletions":5}}},{"hash":"1f74fbb7b3436fe5aed6542b4cc7a6a47e3f513d","messageTitle":"incomplete level 3","messageBody":"","tags":["incomplete-lv-3"],"fileTypesAndContributionMap":{"java":{"insertions":47,"deletions":15}}},{"hash":"cd2c1a6898c781b474dc53ca2a6d0fed1b883607","messageTitle":"Completed level 3","messageBody":"","tags":["week-2-lv-3-complete","Level-3"],"fileTypesAndContributionMap":{"java":{"insertions":45,"deletions":32}}},{"hash":"84b3b37b10697a971d89da9466f54ec1bb242ea8","messageTitle":"Completed Level 4","messageBody":"","tags":["week-2-lv-4","Level-4"],"fileTypesAndContributionMap":{"java":{"insertions":98,"deletions":8}}},{"hash":"89cb4e65e9b931694694143e5a2328a2edbfef82","messageTitle":"Completed A-TextUiTesting","messageBody":"","tags":["A-TextUITesting"],"fileTypesAndContributionMap":{"txt":{"insertions":16,"deletions":0},"java":{"insertions":9,"deletions":9}}},{"hash":"e2bc1512982f4d23ffcf55dc96ca9fd980d84392","messageTitle":"Level 5 completed","messageBody":"","tags":["week-2-lv-5","Level-5"],"fileTypesAndContributionMap":{"java":{"insertions":69,"deletions":48}}},{"hash":"44d384f63fd458903203f1d75f84c83a31d6b1ae","messageTitle":"level 6 completed with a new input.txt file","messageBody":"","tags":["week-2-lv-6","Level-6"],"fileTypesAndContributionMap":{"txt":{"insertions":2,"deletions":0},"java":{"insertions":32,"deletions":38}}},{"hash":"2c5be5180ac569393064da26a90faeb6ff649c9a","messageTitle":"Completed adding enum. Updated test file","messageBody":"","tags":["week-2-final","A-Enums"],"fileTypesAndContributionMap":{"txt":{"insertions":1,"deletions":0},"java":{"insertions":68,"deletions":46}}},{"hash":"b9c64e7e79ab62715c18ef3bea4bedde76709c52","messageTitle":"added java doc, updated Task and its subclasses\u0027 mark and unmark methods","messageBody":"","tags":["java-doc"],"fileTypesAndContributionMap":{"java":{"insertions":125,"deletions":81}}}]},{"date":"2023-01-29","commitResults":[{"hash":"50591a7a080ee382cbba2634fe644d4c4482ecf0","messageTitle":"main class: only use an ArrayList to store all tasks","messageBody":"tasks input by the user can only be saved while Duke is running and will be gone once Duke stops running\n\nCreate a data folder with a task.txt file in it to permanently store all tasks\n\nAdditionally:\n1. changed line break style\n2. added different greeting messages depending on the existence of data folder and/or tasks.txt file\n","fileTypesAndContributionMap":{"txt":{"insertions":3,"deletions":0},"java":{"insertions":92,"deletions":21}}},{"hash":"29c6723b30728b224c5e350a5887e8f119221a2e","messageTitle":"local saved file updated only when Duke terminates","messageBody":"this means locally saved tasks are not constantly updated whenever the list changes\n\nmodified Main method such that changes are immediately reflected locally\n","fileTypesAndContributionMap":{"java":{"insertions":56,"deletions":3}}},{"hash":"a125c741e9439be196dde09296c56dcdf722cae9","messageTitle":"commit a test file otherwise sourcetree gives an error that does not allow me to switch to master branch","messageBody":"","tags":["Level-7"],"fileTypesAndContributionMap":{"txt":{"insertions":6,"deletions":1}}},{"hash":"15cdf2435886249b9905dbd0d468e7d4ebae4961","messageTitle":"Task subclasses store time as a String","messageBody":"this is not very flexible in terms of manipulating the way in which date and time is printed.\n\nChange Task subclasses such that they store date and time as java.time.LocalDateTime\n","fileTypesAndContributionMap":{"java":{"insertions":27,"deletions":12}}},{"hash":"d49dc9e8c864dd1ec20bcc06485cb078c3713b01","messageTitle":"removed a bug where writing the local file in the wrong format","messageBody":"","fileTypesAndContributionMap":{"txt":{"insertions":7,"deletions":7},"java":{"insertions":13,"deletions":5}}}]},{"date":"2023-01-30","commitResults":[{"hash":"2035ac6d87ddcc4d05fc80b1c1390b0ea262505a","messageTitle":"changed the data file path","messageBody":"","fileTypesAndContributionMap":{"java":{"insertions":2,"deletions":2}}},{"hash":"02d04e4238ac0d8d2d4ad30a4baef58a47f4897d","messageTitle":"OOP without Parse class","messageBody":"","fileTypesAndContributionMap":{"java":{"insertions":207,"deletions":156}}},{"hash":"5c1a06a9e5935121659fda1d13e5eb159df6e428","messageTitle":"Completed A-More OOP","messageBody":"","fileTypesAndContributionMap":{"java":{"insertions":238,"deletions":117}}},{"hash":"48e44a03ed988f50f73483e82c3a23b4fe0a2efc","messageTitle":"deleted a useless file","messageBody":"","fileTypesAndContributionMap":{"txt":{"insertions":0,"deletions":11},"java":{"insertions":0,"deletions":2}}},{"hash":"ea4fd0fd8a2fc77b85d7dc60ee6a5efd7df73614","messageTitle":"removed a bug where \"Parse\" is used instead of \"Parser\"","messageBody":"","tags":["A-MoreOOP"],"fileTypesAndContributionMap":{"java":{"insertions":8,"deletions":8}}},{"hash":"787da822d520e6c1e72329c22e10abdcc3f1786f","messageTitle":"Finished A-Package increment, separated different classes into different files and packages.","messageBody":"","tags":["A-Packages"],"fileTypesAndContributionMap":{"java":{"insertions":626,"deletions":536}}},{"hash":"0a0eba30e309fdb067a8a1087961c8c514fc824b","messageTitle":"Completed A-JUnit: tested Event and Todo classes using JUnit test","messageBody":"","tags":["A-Jar","A-JUnit"],"fileTypesAndContributionMap":{"java":{"insertions":25,"deletions":0}}},{"hash":"6b07de7f569f09afbbfd26634925f1a5176d158a","messageTitle":"Completed A-JavaDoc","messageBody":"","fileTypesAndContributionMap":{"gradle":{"insertions":1,"deletions":1},"txt":{"insertions":4,"deletions":8},"java":{"insertions":260,"deletions":57}}}]},{"date":"2023-01-31","commitResults":[{"hash":"7edddc32e9a30deadba996bb76dc82fbed89772c","messageTitle":"Finished Level-9 with new class FindCommand Created","messageBody":"","fileTypesAndContributionMap":{"java":{"insertions":38,"deletions":3}}},{"hash":"927343702e7d3dc7f5842a6ce1418726727825eb","messageTitle":"reformatted all java files using google coding standard.","messageBody":"","fileTypesAndContributionMap":{"java":{"insertions":101,"deletions":59}}},{"hash":"e480b95762d10be6fbaff8599767ba0801d0efdf","messageTitle":"Added java doc","messageBody":"","fileTypesAndContributionMap":{"java":{"insertions":260,"deletions":57}}},{"hash":"13cb2653bcc0573d8e1ffb52d2e5d9d87d659299","messageTitle":"Revert \"Completed A-JavaDoc\"","messageBody":"This reverts commit 6b07de7f569f09afbbfd26634925f1a5176d158a.\n","fileTypesAndContributionMap":{"java":{"insertions":57,"deletions":260}}},{"hash":"0330beaf1803ab7a812575ee8e0cc2174f64c994","messageTitle":"Revert \"Revert \"Completed A-JavaDoc\"\"","messageBody":"This reverts commit 13cb2653bcc0573d8e1ffb52d2e5d9d87d659299.\n","tags":["A-JavaDoc"],"fileTypesAndContributionMap":{"java":{"insertions":260,"deletions":57}}},{"hash":"5834b500bb1c17aa5de017b213be0bdb2175b436","messageTitle":"Finished A-CodingStandard","messageBody":"","fileTypesAndContributionMap":{"gradle":{"insertions":5,"deletions":0},"java":{"insertions":119,"deletions":153}}},{"hash":"5cbca64b4fa621c117024668650918b55d926fe2","messageTitle":"Completed Level-9 by adding a FindCommand class and a find method in TaskList class.","messageBody":"","tags":["Level-9"],"fileTypesAndContributionMap":{"java":{"insertions":37,"deletions":5}}},{"hash":"10a8a98066994269bcc8d85153a09fc347c8a2dd","messageTitle":"all these files are preventing me from merging until I commit them","messageBody":"","fileTypesAndContributionMap":{"txt":{"insertions":27,"deletions":8},"bat":{"insertions":187,"deletions":0}}},{"hash":"35baa45e42ef5577360eb7260143c9189e849656","messageTitle":"Completed level 9","messageBody":"","fileTypesAndContributionMap":{"txt":{"insertions":4,"deletions":8},"java":{"insertions":373,"deletions":94}}},{"hash":"6c0dd8d19ea3cc6ed4ac272340421afe3b593ae1","messageTitle":"added java doc for all public classes","messageBody":"","fileTypesAndContributionMap":{"txt":{"insertions":4,"deletions":8},"java":{"insertions":260,"deletions":57}}},{"hash":"937ff3d518344112d4682db7916fa181f1335c1e","messageTitle":"resolved some bugs after merging all three branches","messageBody":"","fileTypesAndContributionMap":{"java":{"insertions":5,"deletions":26}}},{"hash":"26e426565767904ea4a16768ef837279e1163365","messageTitle":"Used checkstyle to reformat java files","messageBody":"","fileTypesAndContributionMap":{"txt":{"insertions":2,"deletions":0},"java":{"insertions":41,"deletions":35}}}]}]},"authorFileTypeContributionMap":{"NBQian":{"java":956,"md":0,"fxml":0,"sh":0,"bat":187,"gradle":6,"txt":37}},"authorContributionVariance":{"NBQian":570606.6},"authorDisplayNameMap":{"NBQian":"CS2103T-W13-4 NIU ..QIAN"}}
