{"authorDailyContributionsMap":{"lukkesreysandeur":[{"date":"2023-01-17","commitResults":[{"hash":"d270dbc02deab2a54b5f8465396f57d3e9182a99","messageTitle":"Completed Level-1. Greet, Echo, Exit","messageBody":"","tags":["Level-1"],"fileTypesAndContributionMap":{"java":{"insertions":16,"deletions":6}}}]},{"date":"2023-01-18","commitResults":[{"hash":"f8dfdd5d00566a87ea6d3f5fc0fe48def4f7bb67","messageTitle":"Completed Level-2. Add, List","messageBody":"","tags":["Level-2","A-Collections"],"fileTypesAndContributionMap":{"java":{"insertions":37,"deletions":7}}}]},{"date":"2023-01-19","commitResults":[{"hash":"7189bc5b7500d24a5178d7d6a394693e529a6711","messageTitle":"Completed Level-3. Mark as Done. Added Task class.","messageBody":"","tags":["Level-3","A-Classes"],"fileTypesAndContributionMap":{"java":{"insertions":80,"deletions":6}}},{"hash":"8cb89db0efb4c01f213e515f0f521931d21fe7ba","messageTitle":"Completed Level-4.","messageBody":"","tags":["Level-4","A-TextUiTesting","A-Inheritance"],"fileTypesAndContributionMap":{"txt":{"insertions":3,"deletions":0},"java":{"insertions":146,"deletions":44},"sh":{"insertions":0,"deletions":0}}},{"hash":"d3583be4ea026ae0de20cb2badfb660769da763b","messageTitle":"Completed Level-5. Handle errors. Added DukeExceptions package and classes. Abstracted functionality from Duke class to lower classes. Refactored certain components to work with exceptions.","messageBody":"","tags":["Level-5","A-Exceptions"],"fileTypesAndContributionMap":{"java":{"insertions":136,"deletions":105}}},{"hash":"51aedbb546108028d7ddbe877f7df965edf90ecf","messageTitle":"Completed Level-6. Delete. Added new DukeExceptions class. Fixed regex bug in the ToDoList changeState method.","messageBody":"","tags":["Level-6"],"fileTypesAndContributionMap":{"java":{"insertions":35,"deletions":3}}},{"hash":"97824d308e9da9404bc5a21ca62b6d592dac85d3","messageTitle":"Updated testcase","messageBody":"","fileTypesAndContributionMap":{"txt":{"insertions":6,"deletions":2}}}]},{"date":"2023-01-27","commitResults":[{"hash":"5239e156a70c82f66957b706696877e68660c3f9","messageTitle":"Complete Level-7. Save. Added StateSaver class. Added functionality in the Task classes to work with StateSaver.","messageBody":"","tags":["Level-7"],"fileTypesAndContributionMap":{"java":{"insertions":150,"deletions":1}}}]},{"date":"2023-01-29","commitResults":[{"hash":"8476783d3ef99e96eae6246ecfa7270bc77c1975","messageTitle":"Add Level-8. Dates and Times.","messageBody":"","tags":["Level-8"],"fileTypesAndContributionMap":{"java":{"insertions":29,"deletions":0}}}]},{"date":"2023-01-30","commitResults":[{"hash":"3d4b9e7d9699784e8f3565ff0181d1521f82ba57","messageTitle":"Add packages, gradle, and more OOP. Refactored main method logic into Ui, Commands, Parser classes. Added Commands package. Added Tasks package. Renamed StateSaver to Storage. Renamed ToDoList to TaskList. Added all classes to packages.","messageBody":"","tags":["A-Packages","A-MoreOOP","A-Gradle"],"fileTypesAndContributionMap":{"java":{"insertions":360,"deletions":81},"bat":{"insertions":1,"deletions":1},"md":{"insertions":2,"deletions":2}}}]},{"date":"2023-01-31","commitResults":[{"hash":"e0ce468d503c2d466f262b1c7fb5523a214913b1","messageTitle":"Add unit tests for Parser and Duke classes. Added junit tests for the two classes. Fixed package names to follow naming convention.","messageBody":"","tags":["A-Jar","A-JUnit"],"fileTypesAndContributionMap":{"java":{"insertions":248,"deletions":100},"bat":{"insertions":1,"deletions":1},"md":{"insertions":2,"deletions":2}}}]},{"date":"2023-02-01","commitResults":[{"hash":"dddc2dc9fc8762f690980d431a0644815f4c3394","messageTitle":"Add JavaDocs for some classes. Added JavaDocs for Duke, Storage, Parser, Ui, TaskList and DateHandler Classes.","messageBody":"","fileTypesAndContributionMap":{"java":{"insertions":127,"deletions":2}}},{"hash":"1cbad5fee5c0c4c0d306b5f73cbbf4c1951266fd","messageTitle":"Add A-JavaDocs. Added JavaDocs for the rest of the classes, bar the exceptions.","messageBody":"","tags":["A-JavaDoc"],"fileTypesAndContributionMap":{"java":{"insertions":279,"deletions":18}}},{"hash":"4e6306809a6b421ba4cdd697b9607b512ff366f8","messageTitle":"Add Level-9. Find. Created FindCommand class. Added corresponding methods to TaskList class.","messageBody":"","tags":["Level-9"],"fileTypesAndContributionMap":{"java":{"insertions":67,"deletions":17}}},{"hash":"4cbe7858166393536f69841e21cf54898ecc813a","messageTitle":"Fix storage bugs. Fixed bug where state was not saved after executing certain commands. Added JavaDocs for previously added methods.","messageBody":"","fileTypesAndContributionMap":{"java":{"insertions":9,"deletions":0}}}]}]},"authorFileTypeContributionMap":{"lukkesreysandeur":{"java":1343,"md":2,"fxml":0,"sh":0,"bat":1,"gradle":0,"txt":7}},"authorContributionVariance":{"lukkesreysandeur":35681.64},"authorDisplayNameMap":{"lukkesreysandeur":"CS2103T-T12-1 LUCA..TECK"}}
