{"authorDailyContributionsMap":{"CarrieLi1015":[{"date":"2023-01-19","commitResults":[{"hash":"2fae1a21a4458d355266dba43b9afe9bd6ffd326","messageTitle":"Week 2_level-1","messageBody":"","tags":["Level-1"],"fileTypesAndContributionMap":{"java":{"insertions":23,"deletions":0}}},{"hash":"7c4a9736a56dcf41843aaf44cac900a5e7a035f3","messageTitle":"Week 2_level-2","messageBody":"","tags":["Level-2"],"fileTypesAndContributionMap":{"java":{"insertions":14,"deletions":2}}},{"hash":"c6e3d6595674bbecead6b126640986b97f50546b","messageTitle":"Week 2_level-3","messageBody":"","tags":["Level-3"],"fileTypesAndContributionMap":{"java":{"insertions":62,"deletions":17}}},{"hash":"3fa970da2a5a033927d281b39073e9ebcdda7c8f","messageTitle":"Week 2_level-4","messageBody":"","tags":["Level-4"],"fileTypesAndContributionMap":{"java":{"insertions":81,"deletions":3}}},{"hash":"52ad967e0ca874ff5140042770ca7fffa427d90d","messageTitle":"Week 2_TextUiTesting","messageBody":"","tags":["A-TextUiTesting"],"fileTypesAndContributionMap":{"txt":{"insertions":8,"deletions":0},"sh":{"insertions":0,"deletions":0}}},{"hash":"0914c9adedfb347ee622fcc8943f46ef0e896e64","messageTitle":"Week 2_level-5","messageBody":"","tags":["Level-5"],"fileTypesAndContributionMap":{"java":{"insertions":96,"deletions":51}}},{"hash":"d1373b6a09c5a4cbaa6bd0b452aaf50a1bc38b17","messageTitle":"Week 2_level-6","messageBody":"","tags":["Level-6"],"fileTypesAndContributionMap":{"java":{"insertions":28,"deletions":3}}}]}]},"authorFileTypeContributionMap":{"CarrieLi1015":{"java":226,"md":0,"fxml":0,"sh":0,"bat":0,"gradle":0,"txt":8}},"authorContributionVariance":{"CarrieLi1015":18433.96},"authorDisplayNameMap":{"CarrieLi1015":"CS2103-W17-1 LI Y..XUAN"}}
