[{"path":"src/main/java/duke/Duke.java","fileType":"java","lines":[{"lineNumber":1,"author":{"gitId":"OliviaJHL"},"content":"package duke;","lastModifiedDate":"2023-01-18"},{"lineNumber":2,"author":{"gitId":"OliviaJHL"},"content":"","lastModifiedDate":"2023-01-19"},{"lineNumber":3,"author":{"gitId":"OliviaJHL"},"content":"import duke.Tasks.Deadline;","lastModifiedDate":"2023-01-18"},{"lineNumber":4,"author":{"gitId":"OliviaJHL"},"content":"import duke.Tasks.Event;","lastModifiedDate":"2023-01-18"},{"lineNumber":5,"author":{"gitId":"OliviaJHL"},"content":"import duke.Tasks.Task;","lastModifiedDate":"2023-01-18"},{"lineNumber":6,"author":{"gitId":"OliviaJHL"},"content":"import duke.Tasks.Todo;","lastModifiedDate":"2023-01-18"},{"lineNumber":7,"author":{"gitId":"OliviaJHL"},"content":"","lastModifiedDate":"2023-01-18"},{"lineNumber":8,"author":{"gitId":"OliviaJHL"},"content":"import java.util.ArrayList;","lastModifiedDate":"2023-01-19"},{"lineNumber":9,"author":{"gitId":"OliviaJHL"},"content":"import java.util.Scanner;","lastModifiedDate":"2023-01-17"},{"lineNumber":10,"author":{"gitId":"OliviaJHL"},"content":"","lastModifiedDate":"2023-01-17"},{"lineNumber":11,"author":{"gitId":"-"},"content":"public class Duke {","lastModifiedDate":"2019-07-29"},{"lineNumber":12,"author":{"gitId":"OliviaJHL"},"content":"    private static final String Indentation \u003d \" \";","lastModifiedDate":"2023-01-17"},{"lineNumber":13,"author":{"gitId":"OliviaJHL"},"content":"    private static final String Horizontal \u003d \"____________________________________________________________\";","lastModifiedDate":"2023-01-17"},{"lineNumber":14,"author":{"gitId":"OliviaJHL"},"content":"    private static int count \u003d 0;","lastModifiedDate":"2023-01-17"},{"lineNumber":15,"author":{"gitId":"OliviaJHL"},"content":"    private static ArrayList\u003cTask\u003e listname;","lastModifiedDate":"2023-01-19"},{"lineNumber":16,"author":{"gitId":"OliviaJHL"},"content":"    //private static Task[] listname;","lastModifiedDate":"2023-01-19"},{"lineNumber":17,"author":{"gitId":"-"},"content":"    public static void main(String[] args) {","lastModifiedDate":"2019-07-29"},{"lineNumber":18,"author":{"gitId":"OliviaJHL"},"content":"        //show logo","lastModifiedDate":"2023-01-17"},{"lineNumber":19,"author":{"gitId":"OliviaJHL"},"content":"        //logo();","lastModifiedDate":"2023-01-19"},{"lineNumber":20,"author":{"gitId":"OliviaJHL"},"content":"        //greeting","lastModifiedDate":"2023-01-17"},{"lineNumber":21,"author":{"gitId":"OliviaJHL"},"content":"        greet();","lastModifiedDate":"2023-01-17"},{"lineNumber":22,"author":{"gitId":"OliviaJHL"},"content":"        //input command","lastModifiedDate":"2023-01-17"},{"lineNumber":23,"author":{"gitId":"OliviaJHL"},"content":"        Scanner str \u003d new Scanner(System.in);","lastModifiedDate":"2023-01-17"},{"lineNumber":24,"author":{"gitId":"OliviaJHL"},"content":"        //no more than 100 tasks","lastModifiedDate":"2023-01-17"},{"lineNumber":25,"author":{"gitId":"OliviaJHL"},"content":"        //listname \u003d new Task[100];","lastModifiedDate":"2023-01-19"},{"lineNumber":26,"author":{"gitId":"OliviaJHL"},"content":"        listname \u003d new ArrayList\u003c\u003e();","lastModifiedDate":"2023-01-19"},{"lineNumber":27,"author":{"gitId":"OliviaJHL"},"content":"        String command;","lastModifiedDate":"2023-01-17"},{"lineNumber":28,"author":{"gitId":"OliviaJHL"},"content":"        String[] words;","lastModifiedDate":"2023-01-18"},{"lineNumber":29,"author":{"gitId":"OliviaJHL"},"content":"        String info;","lastModifiedDate":"2023-01-18"},{"lineNumber":30,"author":{"gitId":"OliviaJHL"},"content":"        Task task;","lastModifiedDate":"2023-01-19"},{"lineNumber":31,"author":{"gitId":"OliviaJHL"},"content":"","lastModifiedDate":"2023-01-17"},{"lineNumber":32,"author":{"gitId":"OliviaJHL"},"content":"        do {","lastModifiedDate":"2023-01-17"},{"lineNumber":33,"author":{"gitId":"OliviaJHL"},"content":"            command \u003d str.nextLine().trim();","lastModifiedDate":"2023-01-18"},{"lineNumber":34,"author":{"gitId":"OliviaJHL"},"content":"            words \u003d command.split(\" \");","lastModifiedDate":"2023-01-18"},{"lineNumber":35,"author":{"gitId":"OliviaJHL"},"content":"","lastModifiedDate":"2023-01-18"},{"lineNumber":36,"author":{"gitId":"OliviaJHL"},"content":"            //if command is equal to bye, exit()","lastModifiedDate":"2023-01-17"},{"lineNumber":37,"author":{"gitId":"OliviaJHL"},"content":"            //if command is not equal to bye, distinguish list or normal command","lastModifiedDate":"2023-01-17"},{"lineNumber":38,"author":{"gitId":"OliviaJHL"},"content":"            if (!command.equals(\"bye\")) {","lastModifiedDate":"2023-01-17"},{"lineNumber":39,"author":{"gitId":"OliviaJHL"},"content":"                if (command.equals(\"list\")) {","lastModifiedDate":"2023-01-17"},{"lineNumber":40,"author":{"gitId":"OliviaJHL"},"content":"                    list();","lastModifiedDate":"2023-01-17"},{"lineNumber":41,"author":{"gitId":"OliviaJHL"},"content":"                } else if (words[0].equals(\"mark\")) {","lastModifiedDate":"2023-01-18"},{"lineNumber":42,"author":{"gitId":"OliviaJHL"},"content":"                    try {","lastModifiedDate":"2023-01-19"},{"lineNumber":43,"author":{"gitId":"OliviaJHL"},"content":"                        done(words[1]);","lastModifiedDate":"2023-01-18"},{"lineNumber":44,"author":{"gitId":"OliviaJHL"},"content":"                    } catch (Exception e) {","lastModifiedDate":"2023-01-19"},{"lineNumber":45,"author":{"gitId":"OliviaJHL"},"content":"                        System.out.println(Indentation + Horizontal);","lastModifiedDate":"2023-01-19"},{"lineNumber":46,"author":{"gitId":"OliviaJHL"},"content":"                        System.out.println(\"  ☹ OOPS!!! The index number cannot be empty.\");","lastModifiedDate":"2023-01-19"},{"lineNumber":47,"author":{"gitId":"OliviaJHL"},"content":"                        System.out.println(Indentation + Horizontal);","lastModifiedDate":"2023-01-19"},{"lineNumber":48,"author":{"gitId":"OliviaJHL"},"content":"                    }","lastModifiedDate":"2023-01-19"},{"lineNumber":49,"author":{"gitId":"OliviaJHL"},"content":"                } else if (words[0].equals(\"unmark\")) {","lastModifiedDate":"2023-01-18"},{"lineNumber":50,"author":{"gitId":"OliviaJHL"},"content":"                    try {","lastModifiedDate":"2023-01-19"},{"lineNumber":51,"author":{"gitId":"OliviaJHL"},"content":"                        undone(words[1]);","lastModifiedDate":"2023-01-18"},{"lineNumber":52,"author":{"gitId":"OliviaJHL"},"content":"                    } catch (Exception e) {","lastModifiedDate":"2023-01-19"},{"lineNumber":53,"author":{"gitId":"OliviaJHL"},"content":"                        System.out.println(Indentation + Horizontal);","lastModifiedDate":"2023-01-19"},{"lineNumber":54,"author":{"gitId":"OliviaJHL"},"content":"                        System.out.println(\"  ☹ OOPS!!! The The index number cannot be empty.\");","lastModifiedDate":"2023-01-19"},{"lineNumber":55,"author":{"gitId":"OliviaJHL"},"content":"                        System.out.println(Indentation + Horizontal);","lastModifiedDate":"2023-01-19"},{"lineNumber":56,"author":{"gitId":"OliviaJHL"},"content":"                    }","lastModifiedDate":"2023-01-19"},{"lineNumber":57,"author":{"gitId":"OliviaJHL"},"content":"","lastModifiedDate":"2023-01-19"},{"lineNumber":58,"author":{"gitId":"OliviaJHL"},"content":"                } else if (words[0].equals(\"delete\")) {","lastModifiedDate":"2023-01-19"},{"lineNumber":59,"author":{"gitId":"OliviaJHL"},"content":"                    try{","lastModifiedDate":"2023-01-19"},{"lineNumber":60,"author":{"gitId":"OliviaJHL"},"content":"                        delete(words[1]);","lastModifiedDate":"2023-01-19"},{"lineNumber":61,"author":{"gitId":"OliviaJHL"},"content":"                    } catch (Exception e) {","lastModifiedDate":"2023-01-19"},{"lineNumber":62,"author":{"gitId":"OliviaJHL"},"content":"                        System.out.println(Indentation + Horizontal);","lastModifiedDate":"2023-01-19"},{"lineNumber":63,"author":{"gitId":"OliviaJHL"},"content":"                        System.out.println(\"  ☹ OOPS!!! The index number cannot be empty.\");","lastModifiedDate":"2023-01-19"},{"lineNumber":64,"author":{"gitId":"OliviaJHL"},"content":"                        System.out.println(Indentation + Horizontal);","lastModifiedDate":"2023-01-19"},{"lineNumber":65,"author":{"gitId":"OliviaJHL"},"content":"                    }","lastModifiedDate":"2023-01-19"},{"lineNumber":66,"author":{"gitId":"OliviaJHL"},"content":"//                    int index \u003d Integer.parseInt(words[1]) - 1;","lastModifiedDate":"2023-01-19"},{"lineNumber":67,"author":{"gitId":"OliviaJHL"},"content":"//                    System.out.println(index);","lastModifiedDate":"2023-01-19"},{"lineNumber":68,"author":{"gitId":"OliviaJHL"},"content":"//                    Task.taskNum--;","lastModifiedDate":"2023-01-19"},{"lineNumber":69,"author":{"gitId":"OliviaJHL"},"content":"//                    System.out.println(Task.taskNum);","lastModifiedDate":"2023-01-19"},{"lineNumber":70,"author":{"gitId":"OliviaJHL"},"content":"//                    listname[count] \u003d new Delete(words[0], index - 1);","lastModifiedDate":"2023-01-19"},{"lineNumber":71,"author":{"gitId":"OliviaJHL"},"content":"//                    count--;","lastModifiedDate":"2023-01-19"},{"lineNumber":72,"author":{"gitId":"OliviaJHL"},"content":"","lastModifiedDate":"2023-01-19"},{"lineNumber":73,"author":{"gitId":"OliviaJHL"},"content":"                } else if (words[0].equals(\"todo\")) {","lastModifiedDate":"2023-01-18"},{"lineNumber":74,"author":{"gitId":"OliviaJHL"},"content":"                    try {","lastModifiedDate":"2023-01-19"},{"lineNumber":75,"author":{"gitId":"OliviaJHL"},"content":"                        if (words[1].equals(null)) {","lastModifiedDate":"2023-01-19"},{"lineNumber":76,"author":{"gitId":"OliviaJHL"},"content":"                            System.out.println(Indentation + Horizontal);","lastModifiedDate":"2023-01-19"},{"lineNumber":77,"author":{"gitId":"OliviaJHL"},"content":"                            System.out.println(\"  ☹ OOPS!!! The description of a todo cannot be empty.\");","lastModifiedDate":"2023-01-19"},{"lineNumber":78,"author":{"gitId":"OliviaJHL"},"content":"                            System.out.println(Indentation + Horizontal);","lastModifiedDate":"2023-01-19"},{"lineNumber":79,"author":{"gitId":"OliviaJHL"},"content":"                        }","lastModifiedDate":"2023-01-19"},{"lineNumber":80,"author":{"gitId":"OliviaJHL"},"content":"                        info \u003d command.substring(command.indexOf(\" \") + 1);","lastModifiedDate":"2023-01-18"},{"lineNumber":81,"author":{"gitId":"OliviaJHL"},"content":"                        //listname[count] \u003d new Todo(info);","lastModifiedDate":"2023-01-19"},{"lineNumber":82,"author":{"gitId":"OliviaJHL"},"content":"                        task \u003d new Todo(info);","lastModifiedDate":"2023-01-19"},{"lineNumber":83,"author":{"gitId":"OliviaJHL"},"content":"                        listname.add(task);","lastModifiedDate":"2023-01-19"},{"lineNumber":84,"author":{"gitId":"OliviaJHL"},"content":"                        count++;","lastModifiedDate":"2023-01-17"},{"lineNumber":85,"author":{"gitId":"OliviaJHL"},"content":"                    } catch (Exception e) {","lastModifiedDate":"2023-01-19"},{"lineNumber":86,"author":{"gitId":"OliviaJHL"},"content":"                        System.out.println(Indentation + Horizontal);","lastModifiedDate":"2023-01-19"},{"lineNumber":87,"author":{"gitId":"OliviaJHL"},"content":"                        System.out.println(\"  ☹ OOPS!!! The description of a todo cannot be empty.\");","lastModifiedDate":"2023-01-19"},{"lineNumber":88,"author":{"gitId":"OliviaJHL"},"content":"                        System.out.println(Indentation + Horizontal);","lastModifiedDate":"2023-01-19"},{"lineNumber":89,"author":{"gitId":"OliviaJHL"},"content":"                    }","lastModifiedDate":"2023-01-19"},{"lineNumber":90,"author":{"gitId":"OliviaJHL"},"content":"","lastModifiedDate":"2023-01-19"},{"lineNumber":91,"author":{"gitId":"OliviaJHL"},"content":"                } else if (words[0].equals(\"deadline\")) {","lastModifiedDate":"2023-01-18"},{"lineNumber":92,"author":{"gitId":"OliviaJHL"},"content":"                    try {","lastModifiedDate":"2023-01-19"},{"lineNumber":93,"author":{"gitId":"OliviaJHL"},"content":"                        info \u003d command.substring(command.indexOf(\" \") + 1, command.indexOf(\" /by \"));","lastModifiedDate":"2023-01-18"},{"lineNumber":94,"author":{"gitId":"OliviaJHL"},"content":"                        String deadline \u003d command.substring(command.indexOf(\"/by\") + 4);","lastModifiedDate":"2023-01-18"},{"lineNumber":95,"author":{"gitId":"OliviaJHL"},"content":"                        //listname[count] \u003d new Deadline(info, deadline);","lastModifiedDate":"2023-01-19"},{"lineNumber":96,"author":{"gitId":"OliviaJHL"},"content":"                        task \u003d new Deadline(info, deadline);","lastModifiedDate":"2023-01-19"},{"lineNumber":97,"author":{"gitId":"OliviaJHL"},"content":"                        listname.add(task);","lastModifiedDate":"2023-01-19"},{"lineNumber":98,"author":{"gitId":"OliviaJHL"},"content":"                        count++;","lastModifiedDate":"2023-01-18"},{"lineNumber":99,"author":{"gitId":"OliviaJHL"},"content":"","lastModifiedDate":"2023-01-18"},{"lineNumber":100,"author":{"gitId":"OliviaJHL"},"content":"                    } catch (Exception e) {","lastModifiedDate":"2023-01-19"},{"lineNumber":101,"author":{"gitId":"OliviaJHL"},"content":"                        System.out.println(Indentation + Horizontal);","lastModifiedDate":"2023-01-19"},{"lineNumber":102,"author":{"gitId":"OliviaJHL"},"content":"                        System.out.println(\"  ☹ OOPS!!! The description of a deadline cannot be empty.\");","lastModifiedDate":"2023-01-19"},{"lineNumber":103,"author":{"gitId":"OliviaJHL"},"content":"                        System.out.println(Indentation + Horizontal);","lastModifiedDate":"2023-01-19"},{"lineNumber":104,"author":{"gitId":"OliviaJHL"},"content":"                    }","lastModifiedDate":"2023-01-19"},{"lineNumber":105,"author":{"gitId":"OliviaJHL"},"content":"","lastModifiedDate":"2023-01-19"},{"lineNumber":106,"author":{"gitId":"OliviaJHL"},"content":"","lastModifiedDate":"2023-01-19"},{"lineNumber":107,"author":{"gitId":"OliviaJHL"},"content":"                } else if (words[0].equals(\"event\")) {","lastModifiedDate":"2023-01-18"},{"lineNumber":108,"author":{"gitId":"OliviaJHL"},"content":"                    try {","lastModifiedDate":"2023-01-19"},{"lineNumber":109,"author":{"gitId":"OliviaJHL"},"content":"                        info \u003d command.substring(command.indexOf(\" \") + 1, command.indexOf(\" /from \"));","lastModifiedDate":"2023-01-18"},{"lineNumber":110,"author":{"gitId":"OliviaJHL"},"content":"                        String fromtime \u003d command.substring(command.indexOf(\" /from \") + 6, command.indexOf(\" /to \"));","lastModifiedDate":"2023-01-18"},{"lineNumber":111,"author":{"gitId":"OliviaJHL"},"content":"                        String totime \u003d command.substring(command.indexOf(\" /to \")  + 4);","lastModifiedDate":"2023-01-18"},{"lineNumber":112,"author":{"gitId":"OliviaJHL"},"content":"                        //listname[count] \u003d new Event(info, fromtime, totime);","lastModifiedDate":"2023-01-19"},{"lineNumber":113,"author":{"gitId":"OliviaJHL"},"content":"                        task \u003d new Event(info, fromtime, totime);","lastModifiedDate":"2023-01-19"},{"lineNumber":114,"author":{"gitId":"OliviaJHL"},"content":"                        listname.add(task);","lastModifiedDate":"2023-01-19"},{"lineNumber":115,"author":{"gitId":"OliviaJHL"},"content":"                        count++;","lastModifiedDate":"2023-01-18"},{"lineNumber":116,"author":{"gitId":"OliviaJHL"},"content":"                    } catch (Exception e) {","lastModifiedDate":"2023-01-19"},{"lineNumber":117,"author":{"gitId":"OliviaJHL"},"content":"                        System.out.println(Indentation + Horizontal);","lastModifiedDate":"2023-01-19"},{"lineNumber":118,"author":{"gitId":"OliviaJHL"},"content":"                        System.out.println(\"  ☹ OOPS!!! The description of a event cannot be empty.\");","lastModifiedDate":"2023-01-19"},{"lineNumber":119,"author":{"gitId":"OliviaJHL"},"content":"                        System.out.println(Indentation + Horizontal);","lastModifiedDate":"2023-01-19"},{"lineNumber":120,"author":{"gitId":"OliviaJHL"},"content":"                    }","lastModifiedDate":"2023-01-19"},{"lineNumber":121,"author":{"gitId":"OliviaJHL"},"content":"","lastModifiedDate":"2023-01-18"},{"lineNumber":122,"author":{"gitId":"OliviaJHL"},"content":"                } else {","lastModifiedDate":"2023-01-19"},{"lineNumber":123,"author":{"gitId":"OliviaJHL"},"content":"                    System.out.println(Indentation + Horizontal);","lastModifiedDate":"2023-01-19"},{"lineNumber":124,"author":{"gitId":"OliviaJHL"},"content":"                    System.out.println(\" ☹ OOPS!!! I\u0027m sorry, but I don\u0027t know what that means :-(\");","lastModifiedDate":"2023-01-19"},{"lineNumber":125,"author":{"gitId":"OliviaJHL"},"content":"                    System.out.println(Indentation + Horizontal);","lastModifiedDate":"2023-01-19"},{"lineNumber":126,"author":{"gitId":"OliviaJHL"},"content":"                }","lastModifiedDate":"2023-01-17"},{"lineNumber":127,"author":{"gitId":"OliviaJHL"},"content":"            }","lastModifiedDate":"2023-01-17"},{"lineNumber":128,"author":{"gitId":"OliviaJHL"},"content":"","lastModifiedDate":"2023-01-17"},{"lineNumber":129,"author":{"gitId":"OliviaJHL"},"content":"        } while (!command.equals(\"bye\"));","lastModifiedDate":"2023-01-17"},{"lineNumber":130,"author":{"gitId":"OliviaJHL"},"content":"","lastModifiedDate":"2023-01-17"},{"lineNumber":131,"author":{"gitId":"OliviaJHL"},"content":"        exit();","lastModifiedDate":"2023-01-17"},{"lineNumber":132,"author":{"gitId":"OliviaJHL"},"content":"","lastModifiedDate":"2023-01-17"},{"lineNumber":133,"author":{"gitId":"OliviaJHL"},"content":"    }","lastModifiedDate":"2023-01-17"},{"lineNumber":134,"author":{"gitId":"OliviaJHL"},"content":"","lastModifiedDate":"2023-01-17"},{"lineNumber":135,"author":{"gitId":"OliviaJHL"},"content":"    public static void logo() {","lastModifiedDate":"2023-01-17"},{"lineNumber":136,"author":{"gitId":"-"},"content":"        String logo \u003d \" ____        _        \\n\"","lastModifiedDate":"2019-07-29"},{"lineNumber":137,"author":{"gitId":"-"},"content":"                + \"|  _ \\\\ _   _| | _____ \\n\"","lastModifiedDate":"2019-07-29"},{"lineNumber":138,"author":{"gitId":"-"},"content":"                + \"| | | | | | | |/ / _ \\\\\\n\"","lastModifiedDate":"2019-07-29"},{"lineNumber":139,"author":{"gitId":"-"},"content":"                + \"| |_| | |_| |   \u003c  __/\\n\"","lastModifiedDate":"2019-07-29"},{"lineNumber":140,"author":{"gitId":"-"},"content":"                + \"|____/ \\\\__,_|_|\\\\_\\\\___|\\n\";","lastModifiedDate":"2019-07-29"},{"lineNumber":141,"author":{"gitId":"-"},"content":"        System.out.println(\"Hello from\\n\" + logo);","lastModifiedDate":"2019-07-29"},{"lineNumber":142,"author":{"gitId":"OliviaJHL"},"content":"    }","lastModifiedDate":"2023-01-17"},{"lineNumber":143,"author":{"gitId":"OliviaJHL"},"content":"","lastModifiedDate":"2023-01-17"},{"lineNumber":144,"author":{"gitId":"OliviaJHL"},"content":"    public static void greet() {","lastModifiedDate":"2023-01-17"},{"lineNumber":145,"author":{"gitId":"OliviaJHL"},"content":"        System.out.println(Indentation + Horizontal);","lastModifiedDate":"2023-01-17"},{"lineNumber":146,"author":{"gitId":"OliviaJHL"},"content":"        System.out.println(Indentation + \"Hello! I\u0027m Duke\");","lastModifiedDate":"2023-01-17"},{"lineNumber":147,"author":{"gitId":"OliviaJHL"},"content":"        System.out.println(Indentation + \"What can I do for you?\");","lastModifiedDate":"2023-01-17"},{"lineNumber":148,"author":{"gitId":"OliviaJHL"},"content":"        System.out.println(Indentation + Horizontal);","lastModifiedDate":"2023-01-17"},{"lineNumber":149,"author":{"gitId":"OliviaJHL"},"content":"    }","lastModifiedDate":"2023-01-17"},{"lineNumber":150,"author":{"gitId":"OliviaJHL"},"content":"","lastModifiedDate":"2023-01-17"},{"lineNumber":151,"author":{"gitId":"OliviaJHL"},"content":"    public static void exit() {","lastModifiedDate":"2023-01-17"},{"lineNumber":152,"author":{"gitId":"OliviaJHL"},"content":"        System.out.println(Indentation + Horizontal);","lastModifiedDate":"2023-01-17"},{"lineNumber":153,"author":{"gitId":"OliviaJHL"},"content":"        System.out.println(Indentation + \"Bye. Hope to see you again soon!\");","lastModifiedDate":"2023-01-17"},{"lineNumber":154,"author":{"gitId":"OliviaJHL"},"content":"        System.out.println(Indentation + Horizontal);","lastModifiedDate":"2023-01-17"},{"lineNumber":155,"author":{"gitId":"OliviaJHL"},"content":"    }","lastModifiedDate":"2023-01-17"},{"lineNumber":156,"author":{"gitId":"OliviaJHL"},"content":"","lastModifiedDate":"2023-01-17"},{"lineNumber":157,"author":{"gitId":"OliviaJHL"},"content":"    public static void list() {","lastModifiedDate":"2023-01-17"},{"lineNumber":158,"author":{"gitId":"OliviaJHL"},"content":"        System.out.println(Indentation + Horizontal);","lastModifiedDate":"2023-01-17"},{"lineNumber":159,"author":{"gitId":"OliviaJHL"},"content":"        System.out.println(Indentation + \"Here are the tasks in your list:\");","lastModifiedDate":"2023-01-18"},{"lineNumber":160,"author":{"gitId":"OliviaJHL"},"content":"","lastModifiedDate":"2023-01-17"},{"lineNumber":161,"author":{"gitId":"OliviaJHL"},"content":"        for (int i \u003d 0; i \u003c count; i++) {","lastModifiedDate":"2023-01-17"},{"lineNumber":162,"author":{"gitId":"OliviaJHL"},"content":"            System.out.println(Indentation + (i + 1) + \".\" + listname.get(i).toString());","lastModifiedDate":"2023-01-19"},{"lineNumber":163,"author":{"gitId":"OliviaJHL"},"content":"        }","lastModifiedDate":"2023-01-18"},{"lineNumber":164,"author":{"gitId":"OliviaJHL"},"content":"","lastModifiedDate":"2023-01-18"},{"lineNumber":165,"author":{"gitId":"OliviaJHL"},"content":"        System.out.println(Indentation + Horizontal);","lastModifiedDate":"2023-01-18"},{"lineNumber":166,"author":{"gitId":"OliviaJHL"},"content":"    }","lastModifiedDate":"2023-01-18"},{"lineNumber":167,"author":{"gitId":"OliviaJHL"},"content":"","lastModifiedDate":"2023-01-18"},{"lineNumber":168,"author":{"gitId":"OliviaJHL"},"content":"    public static void done (String num) {","lastModifiedDate":"2023-01-18"},{"lineNumber":169,"author":{"gitId":"OliviaJHL"},"content":"        int number \u003d Integer.parseInt(num) - 1;","lastModifiedDate":"2023-01-18"},{"lineNumber":170,"author":{"gitId":"OliviaJHL"},"content":"        //listname[number].isDone \u003d true;","lastModifiedDate":"2023-01-19"},{"lineNumber":171,"author":{"gitId":"OliviaJHL"},"content":"        listname.get(number).isDone \u003d true;","lastModifiedDate":"2023-01-19"},{"lineNumber":172,"author":{"gitId":"OliviaJHL"},"content":"","lastModifiedDate":"2023-01-18"},{"lineNumber":173,"author":{"gitId":"OliviaJHL"},"content":"        System.out.println(Indentation + Horizontal);","lastModifiedDate":"2023-01-18"},{"lineNumber":174,"author":{"gitId":"OliviaJHL"},"content":"        System.out.println(\"Nice! I\u0027ve marked this task as done:\");","lastModifiedDate":"2023-01-18"},{"lineNumber":175,"author":{"gitId":"OliviaJHL"},"content":"","lastModifiedDate":"2023-01-18"},{"lineNumber":176,"author":{"gitId":"OliviaJHL"},"content":"//        System.out.println(Indentation +","lastModifiedDate":"2023-01-19"},{"lineNumber":177,"author":{"gitId":"OliviaJHL"},"content":"//                    \"[\" + listname.get(number).getStatusIcon() + \"] \" + listname.get(number).getDescription());","lastModifiedDate":"2023-01-19"},{"lineNumber":178,"author":{"gitId":"OliviaJHL"},"content":"        System.out.println(Indentation + listname.get(number).toString());","lastModifiedDate":"2023-01-19"},{"lineNumber":179,"author":{"gitId":"OliviaJHL"},"content":"","lastModifiedDate":"2023-01-18"},{"lineNumber":180,"author":{"gitId":"OliviaJHL"},"content":"        System.out.println(Indentation + Horizontal);","lastModifiedDate":"2023-01-18"},{"lineNumber":181,"author":{"gitId":"OliviaJHL"},"content":"    }","lastModifiedDate":"2023-01-17"},{"lineNumber":182,"author":{"gitId":"OliviaJHL"},"content":"","lastModifiedDate":"2023-01-17"},{"lineNumber":183,"author":{"gitId":"OliviaJHL"},"content":"    public static void undone(String num) {","lastModifiedDate":"2023-01-18"},{"lineNumber":184,"author":{"gitId":"OliviaJHL"},"content":"        int number \u003d Integer.parseInt(num) - 1;","lastModifiedDate":"2023-01-18"},{"lineNumber":185,"author":{"gitId":"OliviaJHL"},"content":"        listname.get(number).isDone \u003d false;","lastModifiedDate":"2023-01-19"},{"lineNumber":186,"author":{"gitId":"OliviaJHL"},"content":"","lastModifiedDate":"2023-01-18"},{"lineNumber":187,"author":{"gitId":"OliviaJHL"},"content":"        System.out.println(Indentation + Horizontal);","lastModifiedDate":"2023-01-18"},{"lineNumber":188,"author":{"gitId":"OliviaJHL"},"content":"        System.out.println(\"OK, I\u0027ve marked this task as not done yet:\");","lastModifiedDate":"2023-01-18"},{"lineNumber":189,"author":{"gitId":"OliviaJHL"},"content":"","lastModifiedDate":"2023-01-18"},{"lineNumber":190,"author":{"gitId":"OliviaJHL"},"content":"//        System.out.println(Indentation +","lastModifiedDate":"2023-01-19"},{"lineNumber":191,"author":{"gitId":"OliviaJHL"},"content":"//                \"[\" + listname.get(number).getStatusIcon() + \"] \" + listname.get(number).getDescription());","lastModifiedDate":"2023-01-19"},{"lineNumber":192,"author":{"gitId":"OliviaJHL"},"content":"        System.out.println(Indentation + listname.get(number).toString());","lastModifiedDate":"2023-01-19"},{"lineNumber":193,"author":{"gitId":"OliviaJHL"},"content":"","lastModifiedDate":"2023-01-18"},{"lineNumber":194,"author":{"gitId":"OliviaJHL"},"content":"        System.out.println(Indentation + Horizontal);","lastModifiedDate":"2023-01-17"},{"lineNumber":195,"author":{"gitId":"-"},"content":"    }","lastModifiedDate":"2019-07-29"},{"lineNumber":196,"author":{"gitId":"OliviaJHL"},"content":"","lastModifiedDate":"2023-01-19"},{"lineNumber":197,"author":{"gitId":"OliviaJHL"},"content":"    public static void delete(String num) {","lastModifiedDate":"2023-01-19"},{"lineNumber":198,"author":{"gitId":"OliviaJHL"},"content":"        int index \u003d Integer.parseInt(num) - 1;","lastModifiedDate":"2023-01-19"},{"lineNumber":199,"author":{"gitId":"OliviaJHL"},"content":"        try{","lastModifiedDate":"2023-01-19"},{"lineNumber":200,"author":{"gitId":"OliviaJHL"},"content":"            if (!(listname.get(index)).equals(null)) {","lastModifiedDate":"2023-01-19"},{"lineNumber":201,"author":{"gitId":"OliviaJHL"},"content":"                //System.out.println(index);","lastModifiedDate":"2023-01-19"},{"lineNumber":202,"author":{"gitId":"OliviaJHL"},"content":"                //System.out.println(Task.taskNum);","lastModifiedDate":"2023-01-19"},{"lineNumber":203,"author":{"gitId":"OliviaJHL"},"content":"                System.out.println(Indentation + Horizontal);","lastModifiedDate":"2023-01-19"},{"lineNumber":204,"author":{"gitId":"OliviaJHL"},"content":"                System.out.println(Indentation + \"Noted. I\u0027ve removed this task:\");","lastModifiedDate":"2023-01-19"},{"lineNumber":205,"author":{"gitId":"OliviaJHL"},"content":"","lastModifiedDate":"2023-01-19"},{"lineNumber":206,"author":{"gitId":"OliviaJHL"},"content":"                System.out.println(Indentation + listname.get(index).toString());","lastModifiedDate":"2023-01-19"},{"lineNumber":207,"author":{"gitId":"OliviaJHL"},"content":"                listname.remove(index);","lastModifiedDate":"2023-01-19"},{"lineNumber":208,"author":{"gitId":"OliviaJHL"},"content":"                Task.taskNum--;","lastModifiedDate":"2023-01-19"},{"lineNumber":209,"author":{"gitId":"OliviaJHL"},"content":"                count--;","lastModifiedDate":"2023-01-19"},{"lineNumber":210,"author":{"gitId":"OliviaJHL"},"content":"                System.out.println(\" Now you have \" + Task.taskNum + \" tasks in the list.\");","lastModifiedDate":"2023-01-19"},{"lineNumber":211,"author":{"gitId":"OliviaJHL"},"content":"                System.out.println(Indentation + Horizontal);","lastModifiedDate":"2023-01-19"},{"lineNumber":212,"author":{"gitId":"OliviaJHL"},"content":"            }","lastModifiedDate":"2023-01-19"},{"lineNumber":213,"author":{"gitId":"OliviaJHL"},"content":"        } catch (Exception e) {","lastModifiedDate":"2023-01-19"},{"lineNumber":214,"author":{"gitId":"OliviaJHL"},"content":"            System.out.println(Indentation + Horizontal);","lastModifiedDate":"2023-01-19"},{"lineNumber":215,"author":{"gitId":"OliviaJHL"},"content":"            System.out.println(\" ☹ OOPS!!! I\u0027m sorry, but the list is empty :-(\");","lastModifiedDate":"2023-01-19"},{"lineNumber":216,"author":{"gitId":"OliviaJHL"},"content":"            System.out.println(Indentation + Horizontal);","lastModifiedDate":"2023-01-19"},{"lineNumber":217,"author":{"gitId":"OliviaJHL"},"content":"        }","lastModifiedDate":"2023-01-19"},{"lineNumber":218,"author":{"gitId":"OliviaJHL"},"content":"","lastModifiedDate":"2023-01-19"},{"lineNumber":219,"author":{"gitId":"OliviaJHL"},"content":"","lastModifiedDate":"2023-01-19"},{"lineNumber":220,"author":{"gitId":"OliviaJHL"},"content":"    }","lastModifiedDate":"2023-01-19"},{"lineNumber":221,"author":{"gitId":"OliviaJHL"},"content":"","lastModifiedDate":"2023-01-19"},{"lineNumber":222,"author":{"gitId":"-"},"content":"}","lastModifiedDate":"2019-07-29"}],"authorContributionMap":{"OliviaJHL":212,"-":10}},{"path":"src/main/java/duke/Tasks/Deadline.java","fileType":"java","lines":[{"lineNumber":1,"author":{"gitId":"OliviaJHL"},"content":"package duke.Tasks;","lastModifiedDate":"2023-01-18"},{"lineNumber":2,"author":{"gitId":"OliviaJHL"},"content":"","lastModifiedDate":"2023-01-18"},{"lineNumber":3,"author":{"gitId":"OliviaJHL"},"content":"public class Deadline extends Task {","lastModifiedDate":"2023-01-18"},{"lineNumber":4,"author":{"gitId":"OliviaJHL"},"content":"    protected String by;","lastModifiedDate":"2023-01-18"},{"lineNumber":5,"author":{"gitId":"OliviaJHL"},"content":"","lastModifiedDate":"2023-01-18"},{"lineNumber":6,"author":{"gitId":"OliviaJHL"},"content":"    public Deadline(String description, String by) {","lastModifiedDate":"2023-01-18"},{"lineNumber":7,"author":{"gitId":"OliviaJHL"},"content":"        super(description);","lastModifiedDate":"2023-01-18"},{"lineNumber":8,"author":{"gitId":"OliviaJHL"},"content":"        this.by \u003d by;","lastModifiedDate":"2023-01-18"},{"lineNumber":9,"author":{"gitId":"OliviaJHL"},"content":"","lastModifiedDate":"2023-01-18"},{"lineNumber":10,"author":{"gitId":"OliviaJHL"},"content":"        System.out.println(\" \" + \"____________________________________________________________\");","lastModifiedDate":"2023-01-18"},{"lineNumber":11,"author":{"gitId":"OliviaJHL"},"content":"        System.out.println(\" Got it. I\u0027ve added this task:\");","lastModifiedDate":"2023-01-18"},{"lineNumber":12,"author":{"gitId":"OliviaJHL"},"content":"        System.out.println(\"  \" + toString());","lastModifiedDate":"2023-01-18"},{"lineNumber":13,"author":{"gitId":"OliviaJHL"},"content":"        System.out.println(\" Now you have \" + taskNum + \" tasks in the list.\");","lastModifiedDate":"2023-01-18"},{"lineNumber":14,"author":{"gitId":"OliviaJHL"},"content":"        System.out.println(\" \" + \"____________________________________________________________\");","lastModifiedDate":"2023-01-18"},{"lineNumber":15,"author":{"gitId":"OliviaJHL"},"content":"    }","lastModifiedDate":"2023-01-18"},{"lineNumber":16,"author":{"gitId":"OliviaJHL"},"content":"","lastModifiedDate":"2023-01-18"},{"lineNumber":17,"author":{"gitId":"OliviaJHL"},"content":"    @Override","lastModifiedDate":"2023-01-18"},{"lineNumber":18,"author":{"gitId":"OliviaJHL"},"content":"    public String toString() {","lastModifiedDate":"2023-01-18"},{"lineNumber":19,"author":{"gitId":"OliviaJHL"},"content":"        return \"[D]\" + \"[\" + getStatusIcon() + \"] \" + getDescription() + \" (\" + \"by: \" + this.by + \")\";","lastModifiedDate":"2023-01-18"},{"lineNumber":20,"author":{"gitId":"OliviaJHL"},"content":"    }","lastModifiedDate":"2023-01-18"},{"lineNumber":21,"author":{"gitId":"OliviaJHL"},"content":"}","lastModifiedDate":"2023-01-18"}],"authorContributionMap":{"OliviaJHL":21}},{"path":"src/main/java/duke/Tasks/Event.java","fileType":"java","lines":[{"lineNumber":1,"author":{"gitId":"OliviaJHL"},"content":"package duke.Tasks;","lastModifiedDate":"2023-01-18"},{"lineNumber":2,"author":{"gitId":"OliviaJHL"},"content":"","lastModifiedDate":"2023-01-18"},{"lineNumber":3,"author":{"gitId":"OliviaJHL"},"content":"public class Event extends Task{","lastModifiedDate":"2023-01-18"},{"lineNumber":4,"author":{"gitId":"OliviaJHL"},"content":"    protected String from;","lastModifiedDate":"2023-01-18"},{"lineNumber":5,"author":{"gitId":"OliviaJHL"},"content":"","lastModifiedDate":"2023-01-18"},{"lineNumber":6,"author":{"gitId":"OliviaJHL"},"content":"    protected String to;","lastModifiedDate":"2023-01-18"},{"lineNumber":7,"author":{"gitId":"OliviaJHL"},"content":"","lastModifiedDate":"2023-01-19"},{"lineNumber":8,"author":{"gitId":"OliviaJHL"},"content":"    public Event(String description, String from, String to) {","lastModifiedDate":"2023-01-18"},{"lineNumber":9,"author":{"gitId":"OliviaJHL"},"content":"        super(description);","lastModifiedDate":"2023-01-18"},{"lineNumber":10,"author":{"gitId":"OliviaJHL"},"content":"        this.from \u003d from;","lastModifiedDate":"2023-01-18"},{"lineNumber":11,"author":{"gitId":"OliviaJHL"},"content":"        this.to \u003d to;","lastModifiedDate":"2023-01-18"},{"lineNumber":12,"author":{"gitId":"OliviaJHL"},"content":"","lastModifiedDate":"2023-01-18"},{"lineNumber":13,"author":{"gitId":"OliviaJHL"},"content":"        System.out.println(\" \" + \"____________________________________________________________\");","lastModifiedDate":"2023-01-18"},{"lineNumber":14,"author":{"gitId":"OliviaJHL"},"content":"        System.out.println(\" Got it. I\u0027ve added this task:\");","lastModifiedDate":"2023-01-18"},{"lineNumber":15,"author":{"gitId":"OliviaJHL"},"content":"        System.out.println(\"  \" + toString());","lastModifiedDate":"2023-01-18"},{"lineNumber":16,"author":{"gitId":"OliviaJHL"},"content":"        System.out.println(\" Now you have \" + taskNum + \" tasks in the list.\");","lastModifiedDate":"2023-01-18"},{"lineNumber":17,"author":{"gitId":"OliviaJHL"},"content":"        System.out.println(\" \" + \"____________________________________________________________\");","lastModifiedDate":"2023-01-18"},{"lineNumber":18,"author":{"gitId":"OliviaJHL"},"content":"    }","lastModifiedDate":"2023-01-18"},{"lineNumber":19,"author":{"gitId":"OliviaJHL"},"content":"","lastModifiedDate":"2023-01-18"},{"lineNumber":20,"author":{"gitId":"OliviaJHL"},"content":"    @Override","lastModifiedDate":"2023-01-18"},{"lineNumber":21,"author":{"gitId":"OliviaJHL"},"content":"    public String toString() {","lastModifiedDate":"2023-01-18"},{"lineNumber":22,"author":{"gitId":"OliviaJHL"},"content":"        return \"[E]\" + \"[\" + getStatusIcon() + \"] \" + getDescription() +","lastModifiedDate":"2023-01-18"},{"lineNumber":23,"author":{"gitId":"OliviaJHL"},"content":"                \" (\" + \"from: \" + this.from + \" \" + \"to: \" + this.to + \")\";","lastModifiedDate":"2023-01-18"},{"lineNumber":24,"author":{"gitId":"OliviaJHL"},"content":"    }","lastModifiedDate":"2023-01-18"},{"lineNumber":25,"author":{"gitId":"OliviaJHL"},"content":"}","lastModifiedDate":"2023-01-18"}],"authorContributionMap":{"OliviaJHL":25}},{"path":"src/main/java/duke/Tasks/Task.java","fileType":"java","lines":[{"lineNumber":1,"author":{"gitId":"OliviaJHL"},"content":"package duke.Tasks;","lastModifiedDate":"2023-01-18"},{"lineNumber":2,"author":{"gitId":"OliviaJHL"},"content":"","lastModifiedDate":"2023-01-18"},{"lineNumber":3,"author":{"gitId":"OliviaJHL"},"content":"public class Task {","lastModifiedDate":"2023-01-18"},{"lineNumber":4,"author":{"gitId":"OliviaJHL"},"content":"    protected String description;","lastModifiedDate":"2023-01-18"},{"lineNumber":5,"author":{"gitId":"OliviaJHL"},"content":"    public boolean isDone;","lastModifiedDate":"2023-01-18"},{"lineNumber":6,"author":{"gitId":"OliviaJHL"},"content":"","lastModifiedDate":"2023-01-18"},{"lineNumber":7,"author":{"gitId":"OliviaJHL"},"content":"    public static int taskNum;","lastModifiedDate":"2023-01-19"},{"lineNumber":8,"author":{"gitId":"OliviaJHL"},"content":"","lastModifiedDate":"2023-01-18"},{"lineNumber":9,"author":{"gitId":"OliviaJHL"},"content":"    public Task (String description) {","lastModifiedDate":"2023-01-18"},{"lineNumber":10,"author":{"gitId":"OliviaJHL"},"content":"        this.description \u003d description;","lastModifiedDate":"2023-01-18"},{"lineNumber":11,"author":{"gitId":"OliviaJHL"},"content":"        this.isDone \u003d false;","lastModifiedDate":"2023-01-18"},{"lineNumber":12,"author":{"gitId":"OliviaJHL"},"content":"        taskNum++;","lastModifiedDate":"2023-01-18"},{"lineNumber":13,"author":{"gitId":"OliviaJHL"},"content":"    }","lastModifiedDate":"2023-01-18"},{"lineNumber":14,"author":{"gitId":"OliviaJHL"},"content":"","lastModifiedDate":"2023-01-18"},{"lineNumber":15,"author":{"gitId":"OliviaJHL"},"content":"    public String getStatusIcon() {","lastModifiedDate":"2023-01-18"},{"lineNumber":16,"author":{"gitId":"OliviaJHL"},"content":"        return (isDone ? \"X\" : \" \");","lastModifiedDate":"2023-01-18"},{"lineNumber":17,"author":{"gitId":"OliviaJHL"},"content":"    }","lastModifiedDate":"2023-01-18"},{"lineNumber":18,"author":{"gitId":"OliviaJHL"},"content":"","lastModifiedDate":"2023-01-18"},{"lineNumber":19,"author":{"gitId":"OliviaJHL"},"content":"    public String getDescription() {","lastModifiedDate":"2023-01-18"},{"lineNumber":20,"author":{"gitId":"OliviaJHL"},"content":"        return this.description;","lastModifiedDate":"2023-01-18"},{"lineNumber":21,"author":{"gitId":"OliviaJHL"},"content":"    }","lastModifiedDate":"2023-01-18"},{"lineNumber":22,"author":{"gitId":"OliviaJHL"},"content":"","lastModifiedDate":"2023-01-18"},{"lineNumber":23,"author":{"gitId":"OliviaJHL"},"content":"    @Override","lastModifiedDate":"2023-01-18"},{"lineNumber":24,"author":{"gitId":"OliviaJHL"},"content":"    public String toString() {","lastModifiedDate":"2023-01-18"},{"lineNumber":25,"author":{"gitId":"OliviaJHL"},"content":"        return \"[\" + getStatusIcon() + \"]\" + this.description;","lastModifiedDate":"2023-01-18"},{"lineNumber":26,"author":{"gitId":"OliviaJHL"},"content":"    }","lastModifiedDate":"2023-01-18"},{"lineNumber":27,"author":{"gitId":"OliviaJHL"},"content":"}","lastModifiedDate":"2023-01-18"}],"authorContributionMap":{"OliviaJHL":27}},{"path":"src/main/java/duke/Tasks/Todo.java","fileType":"java","lines":[{"lineNumber":1,"author":{"gitId":"OliviaJHL"},"content":"package duke.Tasks;","lastModifiedDate":"2023-01-18"},{"lineNumber":2,"author":{"gitId":"OliviaJHL"},"content":"","lastModifiedDate":"2023-01-18"},{"lineNumber":3,"author":{"gitId":"OliviaJHL"},"content":"public class Todo extends Task {","lastModifiedDate":"2023-01-18"},{"lineNumber":4,"author":{"gitId":"OliviaJHL"},"content":"    public Todo(String description) {","lastModifiedDate":"2023-01-18"},{"lineNumber":5,"author":{"gitId":"OliviaJHL"},"content":"        super(description);","lastModifiedDate":"2023-01-18"},{"lineNumber":6,"author":{"gitId":"OliviaJHL"},"content":"        System.out.println(\" \" + \"____________________________________________________________\");","lastModifiedDate":"2023-01-18"},{"lineNumber":7,"author":{"gitId":"OliviaJHL"},"content":"        System.out.println(\" Got it. I\u0027ve added this task:\");","lastModifiedDate":"2023-01-18"},{"lineNumber":8,"author":{"gitId":"OliviaJHL"},"content":"        System.out.println(\"  \" + toString());","lastModifiedDate":"2023-01-18"},{"lineNumber":9,"author":{"gitId":"OliviaJHL"},"content":"        System.out.println(\" Now you have \" + taskNum + \" tasks in the list.\");","lastModifiedDate":"2023-01-18"},{"lineNumber":10,"author":{"gitId":"OliviaJHL"},"content":"        System.out.println(\" \" + \"____________________________________________________________\");","lastModifiedDate":"2023-01-18"},{"lineNumber":11,"author":{"gitId":"OliviaJHL"},"content":"    }","lastModifiedDate":"2023-01-18"},{"lineNumber":12,"author":{"gitId":"OliviaJHL"},"content":"","lastModifiedDate":"2023-01-18"},{"lineNumber":13,"author":{"gitId":"OliviaJHL"},"content":"    @Override","lastModifiedDate":"2023-01-18"},{"lineNumber":14,"author":{"gitId":"OliviaJHL"},"content":"    public String toString() {","lastModifiedDate":"2023-01-18"},{"lineNumber":15,"author":{"gitId":"OliviaJHL"},"content":"        return \"[T]\" + \"[\" + getStatusIcon() + \"] \" + getDescription();","lastModifiedDate":"2023-01-18"},{"lineNumber":16,"author":{"gitId":"OliviaJHL"},"content":"    }","lastModifiedDate":"2023-01-18"},{"lineNumber":17,"author":{"gitId":"OliviaJHL"},"content":"}","lastModifiedDate":"2023-01-18"}],"authorContributionMap":{"OliviaJHL":17}},{"path":"text-ui-test/input.txt","fileType":"txt","lines":[{"lineNumber":1,"author":{"gitId":"OliviaJHL"},"content":"deadline return book /by Sunday","lastModifiedDate":"2023-01-19"},{"lineNumber":2,"author":{"gitId":"OliviaJHL"},"content":"event project meeting /from Mon 2pm /to 4pm","lastModifiedDate":"2023-01-19"},{"lineNumber":3,"author":{"gitId":"OliviaJHL"},"content":"deadline do homework /by no idea :-p","lastModifiedDate":"2023-01-19"},{"lineNumber":4,"author":{"gitId":"OliviaJHL"},"content":"mark 1","lastModifiedDate":"2023-01-19"},{"lineNumber":5,"author":{"gitId":"OliviaJHL"},"content":"list","lastModifiedDate":"2023-01-19"},{"lineNumber":6,"author":{"gitId":"OliviaJHL"},"content":"bye","lastModifiedDate":"2023-01-19"}],"authorContributionMap":{"OliviaJHL":6}},{"path":"text-ui-test/runtest.sh","fileType":"sh","lines":[{"lineNumber":1,"author":{"gitId":"-"},"content":"#!/usr/bin/env bash","lastModifiedDate":"2020-05-25"},{"lineNumber":2,"author":{"gitId":"-"},"content":"","lastModifiedDate":"2020-05-25"},{"lineNumber":3,"author":{"gitId":"-"},"content":"# create bin directory if it doesn\u0027t exist","lastModifiedDate":"2020-05-25"},{"lineNumber":4,"author":{"gitId":"-"},"content":"if [ ! -d \"../bin\" ]","lastModifiedDate":"2020-05-25"},{"lineNumber":5,"author":{"gitId":"-"},"content":"then","lastModifiedDate":"2020-05-25"},{"lineNumber":6,"author":{"gitId":"-"},"content":"    mkdir ../bin","lastModifiedDate":"2020-05-25"},{"lineNumber":7,"author":{"gitId":"-"},"content":"fi","lastModifiedDate":"2020-05-25"},{"lineNumber":8,"author":{"gitId":"-"},"content":"","lastModifiedDate":"2020-05-25"},{"lineNumber":9,"author":{"gitId":"-"},"content":"# delete output from previous run","lastModifiedDate":"2020-05-25"},{"lineNumber":10,"author":{"gitId":"-"},"content":"if [ -e \"./ACTUAL.TXT\" ]","lastModifiedDate":"2020-05-25"},{"lineNumber":11,"author":{"gitId":"-"},"content":"then","lastModifiedDate":"2020-05-25"},{"lineNumber":12,"author":{"gitId":"-"},"content":"    rm ACTUAL.TXT","lastModifiedDate":"2020-05-25"},{"lineNumber":13,"author":{"gitId":"-"},"content":"fi","lastModifiedDate":"2020-05-25"},{"lineNumber":14,"author":{"gitId":"-"},"content":"","lastModifiedDate":"2020-05-25"},{"lineNumber":15,"author":{"gitId":"-"},"content":"# compile the code into the bin folder, terminates if error occurred","lastModifiedDate":"2020-05-25"},{"lineNumber":16,"author":{"gitId":"OliviaJHL"},"content":"if ! javac ../src/main/java/duke/*.java -Xlint:none -d ../bin ../src/main/java/duke/Tasks/*.java","lastModifiedDate":"2023-01-19"},{"lineNumber":17,"author":{"gitId":"-"},"content":"then","lastModifiedDate":"2020-05-25"},{"lineNumber":18,"author":{"gitId":"-"},"content":"    echo \"********** BUILD FAILURE **********\"","lastModifiedDate":"2020-05-25"},{"lineNumber":19,"author":{"gitId":"-"},"content":"    exit 1","lastModifiedDate":"2020-05-25"},{"lineNumber":20,"author":{"gitId":"-"},"content":"fi","lastModifiedDate":"2020-05-25"},{"lineNumber":21,"author":{"gitId":"-"},"content":"","lastModifiedDate":"2020-05-25"},{"lineNumber":22,"author":{"gitId":"-"},"content":"# run the program, feed commands from input.txt file and redirect the output to the ACTUAL.TXT","lastModifiedDate":"2020-05-25"},{"lineNumber":23,"author":{"gitId":"OliviaJHL"},"content":"java -classpath ../bin duke.Duke \u003c input.txt \u003e ACTUAL.TXT","lastModifiedDate":"2023-01-19"},{"lineNumber":24,"author":{"gitId":"-"},"content":"","lastModifiedDate":"2020-05-25"},{"lineNumber":25,"author":{"gitId":"-"},"content":"# convert to UNIX format","lastModifiedDate":"2020-05-25"},{"lineNumber":26,"author":{"gitId":"-"},"content":"cp EXPECTED.TXT EXPECTED-UNIX.TXT","lastModifiedDate":"2020-05-25"},{"lineNumber":27,"author":{"gitId":"-"},"content":"dos2unix ACTUAL.TXT EXPECTED-UNIX.TXT","lastModifiedDate":"2020-05-25"},{"lineNumber":28,"author":{"gitId":"-"},"content":"","lastModifiedDate":"2020-05-25"},{"lineNumber":29,"author":{"gitId":"-"},"content":"# compare the output to the expected output","lastModifiedDate":"2020-05-25"},{"lineNumber":30,"author":{"gitId":"-"},"content":"diff ACTUAL.TXT EXPECTED-UNIX.TXT","lastModifiedDate":"2020-05-25"},{"lineNumber":31,"author":{"gitId":"-"},"content":"if [ $? -eq 0 ]","lastModifiedDate":"2020-05-25"},{"lineNumber":32,"author":{"gitId":"-"},"content":"then","lastModifiedDate":"2020-05-25"},{"lineNumber":33,"author":{"gitId":"-"},"content":"    echo \"Test result: PASSED\"","lastModifiedDate":"2020-05-25"},{"lineNumber":34,"author":{"gitId":"-"},"content":"    exit 0","lastModifiedDate":"2020-05-25"},{"lineNumber":35,"author":{"gitId":"-"},"content":"else","lastModifiedDate":"2020-05-25"},{"lineNumber":36,"author":{"gitId":"-"},"content":"    echo \"Test result: FAILED\"","lastModifiedDate":"2020-05-25"},{"lineNumber":37,"author":{"gitId":"-"},"content":"    exit 1","lastModifiedDate":"2020-05-25"},{"lineNumber":38,"author":{"gitId":"-"},"content":"fi","lastModifiedDate":"2020-05-25"}],"authorContributionMap":{"OliviaJHL":2,"-":36}}]
