{"authorDailyContributionsMap":{"seriouslia0":[{"date":"2023-01-17","commitResults":[{"hash":"16abb07ff37c67ef9b7287c67214984b0178a2e3","messageTitle":"Commit for Level-2","messageBody":"","tags":["Level-2"],"fileTypesAndContributionMap":{"java":{"insertions":36,"deletions":0}}}]},{"date":"2023-01-18","commitResults":[{"hash":"c92b9c2f839299389362b75f2db7e1c30dfb1dd9","messageTitle":"level 3","messageBody":"","fileTypesAndContributionMap":{"java":{"insertions":24,"deletions":12}}},{"hash":"162cbd1f9e4ca50f867c8d5083ab80ea489710fd","messageTitle":"Revert \"level 3\"","messageBody":"This reverts commit c92b9c2f839299389362b75f2db7e1c30dfb1dd9.\n","fileTypesAndContributionMap":{"java":{"insertions":12,"deletions":24}}},{"hash":"ffd02c1f16d4c7d2de8b801882b79a78ea32789c","messageTitle":"level 3","messageBody":"","tags":["Level-3-Task-class"],"fileTypesAndContributionMap":{"java":{"insertions":31,"deletions":0}}},{"hash":"a17fe652a254d197eee20c5d5b7c151a77bcbbc6","messageTitle":"Revert \"Revert \"level 3\"\"","messageBody":"This reverts commit 162cbd1f9e4ca50f867c8d5083ab80ea489710fd.\n","tags":["Level-3"],"fileTypesAndContributionMap":{"java":{"insertions":24,"deletions":12}}},{"hash":"2575aaeba76b32c5da4c0a9bbed8080a6bfc7919","messageTitle":"changes to to level-4","messageBody":"","tags":["Level-4"],"fileTypesAndContributionMap":{"java":{"insertions":78,"deletions":7}}}]},{"date":"2023-01-19","commitResults":[{"hash":"3dff3e2e3d8ff79f38bdecae54ca9fd416d425d4","messageTitle":"level 5","messageBody":"","tags":["Level---5"],"fileTypesAndContributionMap":{"txt":{"insertions":9,"deletions":0},"java":{"insertions":41,"deletions":17},"sh":{"insertions":0,"deletions":0}}}]},{"date":"2023-01-23","commitResults":[{"hash":"a1b99a73624ada02279ec597d8593bb622299522","messageTitle":"Level 6","messageBody":"","tags":["Level-6","A-TextUiTesting"],"fileTypesAndContributionMap":{"java":{"insertions":125,"deletions":70}}}]},{"date":"2023-01-27","commitResults":[{"hash":"ab7a1434797b7e7b4b92cde2cedf83efa4eec26f","messageTitle":"Added TaskList class to make my oop more upz","messageBody":"","fileTypesAndContributionMap":{"java":{"insertions":126,"deletions":99}}},{"hash":"17238677a22faf71b115dcb932e0f45f396a8824","messageTitle":"Added InvalidDescriptionException","messageBody":"","fileTypesAndContributionMap":{"java":{"insertions":38,"deletions":26}}}]},{"date":"2023-01-28","commitResults":[{"hash":"1c4781b66edd046c11978eccee13c72640557172","messageTitle":"Added Save feature","messageBody":"","fileTypesAndContributionMap":{"java":{"insertions":114,"deletions":4}}}]},{"date":"2023-01-30","commitResults":[{"hash":"aba76e1abc905d72bba858f3a922ab3fad3fc869","messageTitle":"Fixed everything","messageBody":"","tags":["Level-8"],"fileTypesAndContributionMap":{"txt":{"insertions":1,"deletions":0},"java":{"insertions":103,"deletions":18}}}]},{"date":"2023-01-31","commitResults":[{"hash":"c48c01a0b5c76327fe5f0d92e9f2bf4035e0a631","messageTitle":"Add more oop minimal goal","messageBody":"","tags":["A-MoreOOP"],"fileTypesAndContributionMap":{"txt":{"insertions":0,"deletions":1},"java":{"insertions":71,"deletions":39}}},{"hash":"67b84480c6c3b8565a7e5d698ff568226476f44a","messageTitle":"Refactor everything into packages it was a nightmare and i broke everything this module is exposing me so hard","messageBody":"","tags":["A-Packages"],"fileTypesAndContributionMap":{"java":{"insertions":149,"deletions":59},"bat":{"insertions":1,"deletions":1},"md":{"insertions":2,"deletions":2}}}]},{"date":"2023-02-03","commitResults":[{"hash":"647a21f4fdb76df0f4187f0b81619913bc0390aa","messageTitle":"Edited build.gradle file to correct filepath","messageBody":"","tags":["A-JUnit"],"fileTypesAndContributionMap":{"gradle":{"insertions":9,"deletions":8}}},{"hash":"47d4e8205506c963d3ae8822caf11c348a38516d","messageTitle":"Added unit test for Todo class","messageBody":"","fileTypesAndContributionMap":{"gradle":{"insertions":0,"deletions":5},"java":{"insertions":37,"deletions":0}}},{"hash":"af396f9fb4c87f9fa1ab043220270370cd94231a","messageTitle":"Add JavaDocs to make my comments more upz","messageBody":"","fileTypesAndContributionMap":{"java":{"insertions":225,"deletions":2}}},{"hash":"c65667bb4716deca3ba32cc5577373ca68713cc3","messageTitle":"Made code compliant to coding standards","messageBody":"","fileTypesAndContributionMap":{"java":{"insertions":107,"deletions":92}}},{"hash":"68e591713e74a032f2c33a298cf437923e7a2ab4","messageTitle":"Add find functionality","messageBody":"","fileTypesAndContributionMap":{"java":{"insertions":26,"deletions":0}}},{"hash":"f8c19eb5d7c85dd3dd3b2c6162ca62050b995fdf","messageTitle":"Added more JavaDocs because i am upz","messageBody":"","fileTypesAndContributionMap":{"java":{"insertions":1,"deletions":2}}}]},{"date":"2023-02-05","commitResults":[{"hash":"3f498ca767c1a0144a28c2c91aa3e73bf6700aaf","messageTitle":"Add JavaFX","messageBody":"","fileTypesAndContributionMap":{"gradle":{"insertions":14,"deletions":0},"fxml":{"insertions":35,"deletions":0},"java":{"insertions":281,"deletions":68}}}]}]},"authorFileTypeContributionMap":{"seriouslia0":{"java":1105,"md":2,"fxml":35,"sh":0,"bat":1,"gradle":21,"txt":9}},"authorContributionVariance":{"seriouslia0":21517.387},"authorDisplayNameMap":{"seriouslia0":"CS2103-F10-4 TAN ..NEDA"}}
