{"authorDailyContributionsMap":{"zhoyx":[{"date":"2023-01-17","commitResults":[{"hash":"f707004f269d02d731cea6de9339667435556820","isMergeCommit":false,"messageTitle":"Completed Level 1. Greet, Echo, Exit","messageBody":"","tags":["Level-1"],"fileTypesAndContributionMap":{"java":{"insertions":22,"deletions":6}}},{"hash":"d550cedced9286a148edcbb68a737356b22d2d50","isMergeCommit":false,"messageTitle":"Completed Level 2. Add, List","messageBody":"","tags":["Level-2"],"fileTypesAndContributionMap":{"java":{"insertions":19,"deletions":2}}},{"hash":"c05358a4e3151877d1b91c697b72ff41fa4695b5","isMergeCommit":false,"messageTitle":"Completed Level 3. Mark as Done","messageBody":"","tags":["Level-3"],"fileTypesAndContributionMap":{"java":{"insertions":57,"deletions":16}}}]},{"date":"2023-01-18","commitResults":[{"hash":"6639c37408c5bb7d091b2708af475bd36a40bb98","isMergeCommit":false,"messageTitle":"Completed Level 4. ToDos, Events, Deadlines","messageBody":"","tags":["Level-4"],"fileTypesAndContributionMap":{"java":{"insertions":131,"deletions":37}}}]},{"date":"2023-01-19","commitResults":[{"hash":"bb90edd52a80bdccb2e98918e04fb919d150722b","isMergeCommit":false,"messageTitle":"Modified replies to some erroneous inputs and added comments","messageBody":"","fileTypesAndContributionMap":{"java":{"insertions":9,"deletions":4}}},{"hash":"16985ef387f6a485c7806ed269603cb27ec632d0","isMergeCommit":false,"messageTitle":"Added test cases using I/O redirection","messageBody":"","fileTypesAndContributionMap":{"txt":{"insertions":16,"deletions":0}}},{"hash":"cf8610e911f810caf4154e3a6e70c7400a427689","isMergeCommit":false,"messageTitle":"created FormatHelper to add indentation for replies","messageBody":"","fileTypesAndContributionMap":{"java":{"insertions":13,"deletions":0}}},{"hash":"a30ee443d5ee97a30db0426f2c7618eca33c843f","isMergeCommit":false,"messageTitle":"Applied indentation for replies","messageBody":"","tags":["Level-5","A-TextUiTesting"],"fileTypesAndContributionMap":{"java":{"insertions":12,"deletions":2}}},{"hash":"cfd0ca37045a3262fd42bd4444c8fa17d619f00d","isMergeCommit":false,"messageTitle":"Introduced Delete feature and improved styling of replies","messageBody":"","fileTypesAndContributionMap":{"java":{"insertions":18,"deletions":2}}},{"hash":"862d372ab676a240ec85b787bbfd929357e2e095","isMergeCommit":false,"messageTitle":"Updated tests for new reply styling and delete feature","messageBody":"","tags":["Level-6"],"fileTypesAndContributionMap":{"txt":{"insertions":5,"deletions":0}}},{"hash":"127dcd08ef962a76d1accff831e602cc939692c4","isMergeCommit":false,"messageTitle":"Refactored Duke to extract UI output methods","messageBody":"","fileTypesAndContributionMap":{"java":{"insertions":26,"deletions":14}}},{"hash":"b5bd83c26864441c9560c243ee4e7740657871f3","isMergeCommit":false,"messageTitle":"Created TaskList class and refactored code to uset TaskList methods","messageBody":"","fileTypesAndContributionMap":{"java":{"insertions":65,"deletions":26}}}]},{"date":"2023-01-20","commitResults":[{"hash":"13adaaff263b7096083fa298e0137562134ea479","isMergeCommit":false,"messageTitle":"Added DukeExceptions to handle Exceptions","messageBody":"","fileTypesAndContributionMap":{"java":{"insertions":30,"deletions":29}}}]},{"date":"2023-01-26","commitResults":[{"hash":"674ec9da603db4966c8f7d17627f610299e331c8","isMergeCommit":false,"messageTitle":"Add methods for file I/O","messageBody":"","fileTypesAndContributionMap":{"java":{"insertions":78,"deletions":2}}},{"hash":"ebd161c641c23301fcd433de80d7d41529b8472e","isMergeCommit":false,"messageTitle":"Add factory method fromSaveFormat to subclasses of Task","messageBody":"","fileTypesAndContributionMap":{"java":{"insertions":27,"deletions":0}}},{"hash":"a49b8b06597da52d5a51ab69c249537f0837518d","isMergeCommit":false,"messageTitle":"Add method to load data from storage","messageBody":"","fileTypesAndContributionMap":{"java":{"insertions":57,"deletions":54}}},{"hash":"64ee9b10fd4e751537611a7b778fd0cec7e0def1","isMergeCommit":false,"messageTitle":"Create data directory if it does not exist","messageBody":"","fileTypesAndContributionMap":{"java":{"insertions":55,"deletions":16}}},{"hash":"ef36a22c88b8f8c569eede1bfa86a38f95eee141","isMergeCommit":false,"messageTitle":"Change how path for data storage is found","messageBody":"","fileTypesAndContributionMap":{"java":{"insertions":6,"deletions":5}}},{"hash":"c6812b18cadfb785eda7c2c3f6148fbbdfec0ab0","isMergeCommit":false,"messageTitle":"Add Date and time feature","messageBody":"","fileTypesAndContributionMap":{"txt":{"insertions":2,"deletions":2},"java":{"insertions":64,"deletions":40}}}]},{"date":"2023-01-27","commitResults":[{"hash":"1c3fce07e7166abb7213644892bb662e2673b02e","isMergeCommit":false,"messageTitle":"Resolve path issue for Storage class","messageBody":"","fileTypesAndContributionMap":{"java":{"insertions":9,"deletions":9}}},{"hash":"694321006fbeb3d9d48bcf0c94945048f9dad4d3","isMergeCommit":true,"messageTitle":"Merge branch \u0027branch-Level-7\u0027","messageBody":"","tags":["Level-7"],"fileTypesAndContributionMap":{}},{"hash":"47a0373ffa7f62b6710bb697c0f01d949d439e3f","isMergeCommit":true,"messageTitle":"Resolve merge conflicts","messageBody":"","tags":["Level-8"],"fileTypesAndContributionMap":{}},{"hash":"a74e866999e78b52a897bc7b87869a6eaa3a22f8","isMergeCommit":false,"messageTitle":"Resolve merge conflict","messageBody":"","fileTypesAndContributionMap":{"java":{"insertions":8,"deletions":5}}}]},{"date":"2023-01-28","commitResults":[{"hash":"c5f13cec9c4e53b4b9522ed5114449db291d55e3","isMergeCommit":true,"messageTitle":"Merge branch \u0027add-gradle-support\u0027","messageBody":"","fileTypesAndContributionMap":{}},{"hash":"705d525956db8f5d6326db35536b7594ce28231d","isMergeCommit":false,"messageTitle":"Add gradle to project","messageBody":"","fileTypesAndContributionMap":{"gradle":{"insertions":1,"deletions":0}}},{"hash":"3f2b7e9532f32d3f5d8fb5608e624eefafe41972","isMergeCommit":false,"messageTitle":"Add Checkstyle to gradle","messageBody":"","tags":["A-Gradle"],"fileTypesAndContributionMap":{"gradle":{"insertions":4,"deletions":0}}}]},{"date":"2023-02-01","commitResults":[{"hash":"91414377ca8e4ff9329f6bfbd62b4b6efcd2d6dc","isMergeCommit":false,"messageTitle":"Creat Ui class","messageBody":"","fileTypesAndContributionMap":{"java":{"insertions":44,"deletions":35}}},{"hash":"aeca83c3c632006bf9a6d731bdeda2e3858b1b3c","isMergeCommit":false,"messageTitle":"Move PRINTFORMAT and INPUTFORMAT into FormatHelper","messageBody":"","fileTypesAndContributionMap":{"txt":{"insertions":2,"deletions":0},"java":{"insertions":37,"deletions":34}}},{"hash":"7336c2084fd109828be92982176be71cc826579d","isMergeCommit":false,"messageTitle":"Move TaskList related methods from Duke to TaskList","messageBody":"","fileTypesAndContributionMap":{"java":{"insertions":115,"deletions":70}}},{"hash":"3d98ca2983c9e491dcd44da400707276292c6d63","isMergeCommit":false,"messageTitle":"Organize classies into duke package","messageBody":"","tags":["A-Packages"],"fileTypesAndContributionMap":{"txt":{"insertions":1,"deletions":1},"java":{"insertions":38,"deletions":14},"bat":{"insertions":2,"deletions":2},"sh":{"insertions":2,"deletions":2},"md":{"insertions":2,"deletions":2}}},{"hash":"72cbad8ae1ce4e49f60154717fc2f314b63669da","isMergeCommit":false,"messageTitle":"Create Command package to abstract away command related methods","messageBody":"","fileTypesAndContributionMap":{"java":{"insertions":218,"deletions":16}}},{"hash":"714be21fb169684e328284ac4455a6e489eacd6c","isMergeCommit":false,"messageTitle":"Create readCommand in Ui class to get data from user","messageBody":"","fileTypesAndContributionMap":{"java":{"insertions":4,"deletions":0}}}]},{"date":"2023-02-02","commitResults":[{"hash":"18b157ec5824064518a49a7ba9965fab2461e423","isMergeCommit":false,"messageTitle":"Implement Parser class","messageBody":"","fileTypesAndContributionMap":{"java":{"insertions":90,"deletions":16}}},{"hash":"d31940095856df6e4577d98f67ea84396b7f23c4","isMergeCommit":false,"messageTitle":"Refactor Duke to implement new classes added","messageBody":"","fileTypesAndContributionMap":{"java":{"insertions":23,"deletions":84}}},{"hash":"a14b88f62027740523562501a5d5bc26f78de07d","isMergeCommit":false,"messageTitle":"Fix bug on Exit command not printing signoff","messageBody":"","fileTypesAndContributionMap":{"java":{"insertions":1,"deletions":1}}},{"hash":"c59c2f4e0d977e44da0a8ec6b1af145f4195b320","isMergeCommit":false,"messageTitle":"Move Task and subclasses into Task package","messageBody":"","tags":["A-MoreOOP"],"fileTypesAndContributionMap":{"java":{"insertions":14,"deletions":4}}},{"hash":"1d057d2a533649dd5afe009594f823334c2ffe7b","isMergeCommit":false,"messageTitle":"Create Junit test for Deadline and Todo","messageBody":"","tags":["A-Jar","A-JUnit"],"fileTypesAndContributionMap":{"java":{"insertions":46,"deletions":5}}},{"hash":"e5c16c68150571cf19bae6b1c0abd36109fc1124","isMergeCommit":false,"messageTitle":"Modify mainClassName in build.gradle","messageBody":"","fileTypesAndContributionMap":{"gradle":{"insertions":16,"deletions":1}}},{"hash":"61dfa080b76e1f4ac2687614699197bb3d5f8472","isMergeCommit":false,"messageTitle":"Remove unused variable in Duke","messageBody":"","fileTypesAndContributionMap":{"java":{"insertions":0,"deletions":1}}},{"hash":"c36a860c75068ddf5db3aede86fae0979e981a32","isMergeCommit":false,"messageTitle":"Added JavaDocs for Todo","messageBody":"","fileTypesAndContributionMap":{"java":{"insertions":26,"deletions":2}}},{"hash":"2492441473ffb1de8f4f061bcc1651e6bef7e1b0","isMergeCommit":false,"messageTitle":"Added JavaDocs for Task","messageBody":"","fileTypesAndContributionMap":{"java":{"insertions":31,"deletions":10}}},{"hash":"410a99b61f2b23a1764cb508b31519bf596f73be","isMergeCommit":false,"messageTitle":"Add JavaDocs for Event","messageBody":"","fileTypesAndContributionMap":{"java":{"insertions":22,"deletions":0}}},{"hash":"9ce8f4d7804aa3858763dfb67cc4f8dd08e70ba4","isMergeCommit":false,"messageTitle":"Add JavaDocs for Deadline class","messageBody":"","fileTypesAndContributionMap":{"java":{"insertions":22,"deletions":2}}},{"hash":"03d6128ffcc9d493e646dcb3dfe946706135877d","isMergeCommit":false,"messageTitle":"Add JavaDocs for Duke","messageBody":"","fileTypesAndContributionMap":{"java":{"insertions":10,"deletions":0}}},{"hash":"54f7b7ff39a239878b65c520abc8c98c51c171e7","isMergeCommit":false,"messageTitle":"Add JavaDocs for Parser","messageBody":"","fileTypesAndContributionMap":{"java":{"insertions":10,"deletions":2}}},{"hash":"d0d8cc418911bd0cf0abffcf1b1874da56306226","isMergeCommit":false,"messageTitle":"Add JavaDocs for Storage","messageBody":"","fileTypesAndContributionMap":{"java":{"insertions":20,"deletions":1}}}]},{"date":"2023-02-03","commitResults":[{"hash":"8b597760a797dff35cdf7b23aefb0057c81c2891","isMergeCommit":false,"messageTitle":"Catch exception thrown for wrong date time input","messageBody":"","fileTypesAndContributionMap":{"java":{"insertions":61,"deletions":32}}},{"hash":"29128d286bfa87a8ef29aa942dd5fa9414edc080","isMergeCommit":false,"messageTitle":"Add JavaDocs for TaskList","messageBody":"","fileTypesAndContributionMap":{"java":{"insertions":20,"deletions":4}}},{"hash":"633db56e78999fdf40ca3f1d668a1284bff2e2b4","isMergeCommit":false,"messageTitle":"Add JavaDocs for Ui","messageBody":"","fileTypesAndContributionMap":{"java":{"insertions":10,"deletions":0}}},{"hash":"60f82edea89bcf8b204cd67ee18791a4bd5b75ea","isMergeCommit":false,"messageTitle":"Add JavaDocs for Command","messageBody":"","fileTypesAndContributionMap":{"java":{"insertions":4,"deletions":0}}},{"hash":"1ad79488294bbd779f6b3d26373651bd2fc1727b","isMergeCommit":false,"messageTitle":"Add JavaDocs for AddEventCommand, AddDeadlineCommand and AddTodoCommand","messageBody":"","fileTypesAndContributionMap":{"java":{"insertions":33,"deletions":21}}},{"hash":"b9f12f6522c7498101ddbb98fcc26b887a22fbc7","isMergeCommit":false,"messageTitle":"Fix Coding standard issues","messageBody":"","fileTypesAndContributionMap":{"java":{"insertions":23,"deletions":23}}},{"hash":"60e8afeedb228995b7885424a400a3156a5db6a7","isMergeCommit":false,"messageTitle":"Implement find method","messageBody":"","fileTypesAndContributionMap":{"java":{"insertions":45,"deletions":0}}},{"hash":"7af5ce8f8264af20fa2f1ecd3336480a580e0e67","isMergeCommit":true,"messageTitle":"Merge branch \u0027branch-A-JavaDoc\u0027","messageBody":"","tags":["A-JavaDoc"],"fileTypesAndContributionMap":{}},{"hash":"a9ba44cce3735904baaaec8123c07990ad7282e1","isMergeCommit":true,"messageTitle":"Resolve merge conflicts","messageBody":"","tags":["A-CodingStandard"],"fileTypesAndContributionMap":{}},{"hash":"15ccd941a82f9ffb6a055987cad8bf5f6f64e526","isMergeCommit":true,"messageTitle":"Merge branch \u0027branch-Level-9\u0027","messageBody":"","tags":["Level-9","A-CheckStyle"],"fileTypesAndContributionMap":{}}]},{"date":"2023-02-08","commitResults":[{"hash":"8e0a5e9736f8c57bc70b38752d1336b23df1b7dd","isMergeCommit":false,"messageTitle":"Initialize Javafx","messageBody":"","fileTypesAndContributionMap":{"java":{"insertions":218,"deletions":1}}},{"hash":"4ce6949c197761289022a88295b142d447e94982","isMergeCommit":false,"messageTitle":"Refactor Commands to return string and fully implement UI","messageBody":"","tags":["Level-10","A-JavaFX-Jar"],"fileTypesAndContributionMap":{"fxml":{"insertions":35,"deletions":0},"java":{"insertions":161,"deletions":193}}}]},{"date":"2023-02-15","commitResults":[{"hash":"cbc2b7d8449dcf77fee72390a7d522181974ea23","isMergeCommit":false,"messageTitle":"Add assertions to TaskList and Storage","messageBody":"","fileTypesAndContributionMap":{"java":{"insertions":7,"deletions":0}}},{"hash":"fd3442058dc1ddfcc3c8ac85b954c16600badfc8","isMergeCommit":false,"messageTitle":"Fix CheckStyle issues","messageBody":"","fileTypesAndContributionMap":{"java":{"insertions":23,"deletions":7}}},{"hash":"453f6be00e27ff36d74e52dcd6d8f9149936bfc6","isMergeCommit":false,"messageTitle":"Add exception for absent Description in Deadline input","messageBody":"","fileTypesAndContributionMap":{"java":{"insertions":47,"deletions":36}}}]},{"date":"2023-02-17","commitResults":[{"hash":"16952bcb48c2e9e6e9f437d232e03660d7474d20","isMergeCommit":false,"messageTitle":"Refactor Parser class","messageBody":"","fileTypesAndContributionMap":{"java":{"insertions":11,"deletions":14}}}]},{"date":"2023-02-18","commitResults":[{"hash":"0689ce17e372f21f7a7a1e3e705e402bcbe8ace9","isMergeCommit":true,"messageTitle":"Merge pull request #2 from zhoyx/branch-A-Assertions","messageBody":"Add assertions to TaskList and Storage","tags":["A-Assertions"],"fileTypesAndContributionMap":{}},{"hash":"022cbb48fca44ed0268457b202e136d70e0be05f","isMergeCommit":true,"messageTitle":"Merge branch \u0027master\u0027 into branch-A-CodeQuality","messageBody":"","fileTypesAndContributionMap":{}},{"hash":"fcc2e0f4a9a59851eecdd6d02b802296fab9a4ea","isMergeCommit":true,"messageTitle":"Merge pull request #3 from zhoyx/branch-A-CodeQuality","messageBody":"Improve code quality with focus on Parser class\r\n\r\nThere are several code quality issues, such out of order import statements and \r\nmissing default clause for switch statements, these are resolved to improve readability. \r\n\r\nRefactor Parser class to extract parseEvent and parseDeadline to apply the SLAP \r\nprinciple and improve readability. ","tags":["A-FullCommitMessage","A-CodeQuality"],"fileTypesAndContributionMap":{}},{"hash":"708261567ad31660e7deea08b45677bef1db7739","isMergeCommit":false,"messageTitle":"remove unused TaskList Constructor","messageBody":"","fileTypesAndContributionMap":{"java":{"insertions":0,"deletions":4}}},{"hash":"fc89de4666b8f01a1c0a74554f811bc6753cf979","isMergeCommit":false,"messageTitle":"Implement \"sort deadlines\" functionality","messageBody":"Users were only able to see tasks in in the order they were added\nusing the \"list\" command.\n\nThe \"sort deadlines\" command now allows users to retrieve only\nDeadlines and view them in the sorted order according to their\ndue date and time.\n","tags":["C-Sort"],"fileTypesAndContributionMap":{"java":{"insertions":56,"deletions":13}}}]},{"date":"2023-02-19","commitResults":[{"hash":"0294d14ee6fdb4dfaade7d3c27ee604794e011a4","isMergeCommit":false,"messageTitle":"Create User guide","messageBody":"","tags":["BCD-Extension","A-UserGuide"],"fileTypesAndContributionMap":{"java":{"insertions":2,"deletions":3},"md":{"insertions":182,"deletions":11}}},{"hash":"197643ec6d6373419edd95f7b3e67cec24e3e310","isMergeCommit":false,"messageTitle":"remove unused singoff in Ui","messageBody":"","fileTypesAndContributionMap":{"java":{"insertions":0,"deletions":4}}},{"hash":"476877af8fe6fb956da75c57e4a19f2a96767efb","isMergeCommit":true,"messageTitle":"Merge branch \u0027branch-Level-10\u0027","messageBody":"","fileTypesAndContributionMap":{}},{"hash":"2aab1e930949586204395ef52afcd166a76fbda3","isMergeCommit":false,"messageTitle":"Add implementation for bye command","messageBody":"","fileTypesAndContributionMap":{"java":{"insertions":3,"deletions":0}}},{"hash":"61dbaf3036d808b499262ff377b36d6d9b887311","isMergeCommit":false,"messageTitle":"Update readme with bye command","messageBody":"","fileTypesAndContributionMap":{"md":{"insertions":11,"deletions":0}}},{"hash":"25ea5ec15e9874559140d6fece73d33db1ded104","isMergeCommit":false,"messageTitle":"Added more JavaDocs","messageBody":"","tags":["A-Release"],"fileTypesAndContributionMap":{"java":{"insertions":72,"deletions":3}}}]}]},"authorFileTypeContributionMap":{"zhoyx":{"java":1357,"md":185,"fxml":35,"sh":2,"bat":2,"gradle":21,"txt":23}},"authorContributionVariance":{"zhoyx":29214.605},"authorDisplayNameMap":{"zhoyx":"CS2103T-T13-4 ZHOU..UXIN"}}
