{"authorDailyContributionsMap":{"tangyuantyy":[{"date":"2023-01-20","commitResults":[{"hash":"cfbaf3932160657fe053a131795e24bd12965b68","messageTitle":"update","messageBody":"","fileTypesAndContributionMap":{"java":{"insertions":16,"deletions":6}}},{"hash":"16a5894521cc042097e18058176ecf3f40b09f77","messageTitle":"update","messageBody":"","fileTypesAndContributionMap":{"java":{"insertions":24,"deletions":1}}},{"hash":"dfc25d77f8eb19860b1ce1bab4c0d8ac2663f0a9","messageTitle":"update","messageBody":"","fileTypesAndContributionMap":{"java":{"insertions":37,"deletions":14}}}]},{"date":"2023-01-22","commitResults":[{"hash":"7d952d8773471e46f53d9f79517ecb7d55795fc5","messageTitle":"update","messageBody":"","tags":["Level-5","Level-4","A-TextUiTesting"],"fileTypesAndContributionMap":{"java":{"insertions":57,"deletions":1}}},{"hash":"d3467724ab517cd945b3de1ff02c5de0b557e58e","messageTitle":"update","messageBody":"","tags":["Level-6"],"fileTypesAndContributionMap":{"java":{"insertions":85,"deletions":24}}},{"hash":"bee53c68b37cdaaa73714993e40f0e78b73c1f5c","messageTitle":"update","messageBody":"","fileTypesAndContributionMap":{"java":{"insertions":12,"deletions":1}}},{"hash":"dca912a50b3232e7a6926257f7e495e787415134","messageTitle":"update","messageBody":"","tags":["A-Enums"],"fileTypesAndContributionMap":{"java":{"insertions":137,"deletions":86}}}]},{"date":"2023-01-24","commitResults":[{"hash":"2c12029cbdd05d995d4e760fe342c7a3b5e79fdd","messageTitle":"update","messageBody":"","fileTypesAndContributionMap":{"java":{"insertions":137,"deletions":86}}},{"hash":"ff85d6616218e03c6580dcaeacacbc964a883a48","messageTitle":"update","messageBody":"","fileTypesAndContributionMap":{"java":{"insertions":137,"deletions":86}}},{"hash":"f8b41af9f0ceb32d64078ce542eb9b7e20be80ab","messageTitle":"update","messageBody":"","fileTypesAndContributionMap":{"java":{"insertions":1,"deletions":4}}}]},{"date":"2023-01-25","commitResults":[{"hash":"9cf40f8b1ce14d036fb211af4eff504aece0fdd3","messageTitle":"update","messageBody":"","fileTypesAndContributionMap":{"java":{"insertions":89,"deletions":8}}},{"hash":"e25d2f4269e670943ff0b6dcc874fb71901cc5b3","messageTitle":"update","messageBody":"","fileTypesAndContributionMap":{"java":{"insertions":29,"deletions":13}}}]},{"date":"2023-01-28","commitResults":[{"hash":"c4b02a1496d0baf6616cf22e046a1cff9ee4743d","messageTitle":"More OOP","messageBody":"","tags":["A-MoreOOP"],"fileTypesAndContributionMap":{"java":{"insertions":507,"deletions":254}}},{"hash":"9f6566e35a3573c4092a948bfce9083e98b0c205","messageTitle":"Divide classes into packages","messageBody":"","tags":["A-Packages"],"fileTypesAndContributionMap":{"java":{"insertions":66,"deletions":66},"bat":{"insertions":2,"deletions":2},"sh":{"insertions":1,"deletions":1},"md":{"insertions":1,"deletions":1}}},{"hash":"8e332a1fd028ea1a66bb3e814113c2ccd968f495","messageTitle":"Automate project builds using Gradle","messageBody":"","tags":["A-Gradle"],"fileTypesAndContributionMap":{"gradle":{"insertions":2,"deletions":2}}},{"hash":"93569967c102803f92624456274a14232505fc2d","messageTitle":" Add JUnit tests","messageBody":"","tags":["A-JUnit"],"fileTypesAndContributionMap":{"gradle":{"insertions":1,"deletions":0},"java":{"insertions":76,"deletions":9}}},{"hash":"bf17bb918245d7334d157b75ac305947c239301e","messageTitle":"Package the App as a JAR file","messageBody":"","tags":["A-Jar"],"fileTypesAndContributionMap":{"txt":{"insertions":2,"deletions":0}}}]},{"date":"2023-01-29","commitResults":[{"hash":"498d569f88a6d910a31ace531600b63a17428cee","messageTitle":"Add JavaDoc comments","messageBody":"","fileTypesAndContributionMap":{"java":{"insertions":250,"deletions":8}}},{"hash":"e354caaefb8ac09017ab20952c0c1dbdf4e2b150","messageTitle":"Add JavaDoc comments","messageBody":"","fileTypesAndContributionMap":{"java":{"insertions":250,"deletions":8}}},{"hash":"cd66122ac2d99c1155229fd54f9d47164a942567","messageTitle":"Level 9 find","messageBody":"","tags":["Level-9"],"fileTypesAndContributionMap":{"java":{"insertions":79,"deletions":27}}},{"hash":"e3338da3cb33236910002fbabeda9b75356289f2","messageTitle":"Level-9 Find","messageBody":"","fileTypesAndContributionMap":{"txt":{"insertions":6,"deletions":0}}}]},{"date":"2023-02-04","commitResults":[{"hash":"12a7ba49aa2587ad51314c3a4191275ed06467cf","messageTitle":"Add a GUI to Hachi","messageBody":"","fileTypesAndContributionMap":{"gradle":{"insertions":18,"deletions":2},"txt":{"insertions":1,"deletions":4},"fxml":{"insertions":50,"deletions":0},"java":{"insertions":298,"deletions":191}}},{"hash":"3f3467d59478354856d33282601287cf47c31dab","messageTitle":"Add a GUI to Hachi","messageBody":"","fileTypesAndContributionMap":{"gradle":{"insertions":18,"deletions":2},"txt":{"insertions":1,"deletions":4},"fxml":{"insertions":50,"deletions":0},"java":{"insertions":298,"deletions":191}}}]},{"date":"2023-02-09","commitResults":[{"hash":"10d117b23d919b3942ad57e1e6e740ad0956efbb","messageTitle":"Add assertions","messageBody":"","fileTypesAndContributionMap":{"java":{"insertions":2,"deletions":0}}}]},{"date":"2023-02-10","commitResults":[{"hash":"41b41cc8e77b5e41c862b7c0553b732896a299ac","messageTitle":"Improve code quality","messageBody":"","fileTypesAndContributionMap":{"java":{"insertions":95,"deletions":58}}},{"hash":"753abe6b6190404f5990741ca23e2391445bab0d","messageTitle":"Improve code quality","messageBody":"","fileTypesAndContributionMap":{"java":{"insertions":1,"deletions":1}}}]},{"date":"2023-02-11","commitResults":[{"hash":"7274dd0ac98d8ec24c2ae9c8101ec79804259085","messageTitle":"Add C-DetectDuplicate","messageBody":"","tags":["BCD-Extension"],"fileTypesAndContributionMap":{"txt":{"insertions":3,"deletions":1},"java":{"insertions":111,"deletions":63}}}]},{"date":"2023-02-15","commitResults":[{"hash":"e85f012bf30696060ad2061b60407d167e27114f","messageTitle":"Fix Loading","messageBody":"","fileTypesAndContributionMap":{"txt":{"insertions":1,"deletions":3},"java":{"insertions":195,"deletions":82}}}]},{"date":"2023-02-16","commitResults":[{"hash":"fed35858831d8cb8b2004f9fc393043a19aca452","messageTitle":"Fix Storage","messageBody":"","fileTypesAndContributionMap":{"txt":{"insertions":0,"deletions":1},"java":{"insertions":177,"deletions":72}}}]},{"date":"2023-02-17","commitResults":[{"hash":"13d710bc18c881b4a5c93afaab5a64c4e600c4ab","messageTitle":"Update README.md","messageBody":"","fileTypesAndContributionMap":{"md":{"insertions":130,"deletions":16}}},{"hash":"ea1c5ede9367a449fc186b61cbc12c2bd653115f","messageTitle":"Update README.md","messageBody":"","fileTypesAndContributionMap":{"md":{"insertions":29,"deletions":20}}},{"hash":"f45703ab86a654b3d294417d3653fe76f417cf4c","messageTitle":"Update README.md","messageBody":"","fileTypesAndContributionMap":{"md":{"insertions":1,"deletions":1}}},{"hash":"9d5727c8552a39e1131e9036005b80cb1d510bcf","messageTitle":"Update README.md","messageBody":"","fileTypesAndContributionMap":{"md":{"insertions":1,"deletions":1}}}]}]},"authorFileTypeContributionMap":{"tangyuantyy":{"java":1375,"md":136,"fxml":50,"sh":1,"bat":2,"gradle":21,"txt":4}},"authorContributionVariance":{"tangyuantyy":72667.21},"authorDisplayNameMap":{"tangyuantyy":"CS2103T-W11-1 TANG..YUAN"}}
