{"authorDailyContributionsMap":{"germainelee02":[{"date":"2023-01-16","commitResults":[{"hash":"0f46c5985b36c7ee86205041b6ba8153c0d7e0de","isMergeCommit":false,"messageTitle":"Level-1","messageBody":"","tags":["Level-1"],"fileTypesAndContributionMap":{"java":{"insertions":19,"deletions":6}}},{"hash":"6f2ce1f393e12b3f0cf7c0762054d896c3c91d9b","isMergeCommit":false,"messageTitle":"Level-2","messageBody":"","tags":["Level-2"],"fileTypesAndContributionMap":{"java":{"insertions":24,"deletions":5}}}]},{"date":"2023-01-17","commitResults":[{"hash":"55f25915aa8a3006563a838e8a596563995154b4","isMergeCommit":false,"messageTitle":"Level-3","messageBody":"","fileTypesAndContributionMap":{"java":{"insertions":56,"deletions":6}}},{"hash":"9c06178517c504160cfc4bfff2acac59333ab90a","isMergeCommit":false,"messageTitle":"Level-3","messageBody":"","tags":["Level-3"],"fileTypesAndContributionMap":{"java":{"insertions":0,"deletions":6}}},{"hash":"d148edec350a17df574281c775900e06acb247de","isMergeCommit":false,"messageTitle":"added subclasses for task","messageBody":"","tags":["Level-4"],"fileTypesAndContributionMap":{"java":{"insertions":81,"deletions":7}}},{"hash":"dc0dafc40270f910df4e7d0b4fd0d5d099285ee8","isMergeCommit":false,"messageTitle":"added tests","messageBody":"","tags":["A-TextUiTesting"],"fileTypesAndContributionMap":{"txt":{"insertions":19,"deletions":0},"java":{"insertions":12,"deletions":12},"sh":{"insertions":1,"deletions":5}}},{"hash":"e8ab0e77bf9772433e53f74602610e95cf48a984","isMergeCommit":false,"messageTitle":"exceptions","messageBody":"","tags":["Level-5"],"fileTypesAndContributionMap":{"java":{"insertions":67,"deletions":23}}},{"hash":"acd2134d11dcb40a767571a1c85d38445951780a","isMergeCommit":false,"messageTitle":"Level-6: added delete","messageBody":"","fileTypesAndContributionMap":{"java":{"insertions":32,"deletions":12}}},{"hash":"8c49ec217bb5a345b7061ce81401b809ea104afc","isMergeCommit":false,"messageTitle":"added list update string","messageBody":"","fileTypesAndContributionMap":{"txt":{"insertions":1,"deletions":0},"java":{"insertions":15,"deletions":10}}},{"hash":"811655c10ddc9a30d95919b0ccdde76335980ce6","isMergeCommit":false,"messageTitle":"Level-6 fix bugs","messageBody":"","fileTypesAndContributionMap":{"java":{"insertions":9,"deletions":7}}}]},{"date":"2023-01-18","commitResults":[{"hash":"7db0872964198d74fe9edf66ec7cb9a5283a80c7","isMergeCommit":false,"messageTitle":"toString()","messageBody":"","tags":["Level-6"],"fileTypesAndContributionMap":{"java":{"insertions":6,"deletions":12}}},{"hash":"387a5b52a581ee351b6ce4066c40fd315862aa43","isMergeCommit":false,"messageTitle":"enums","messageBody":"","tags":["A-Enums"],"fileTypesAndContributionMap":{"txt":{"insertions":1,"deletions":0},"java":{"insertions":98,"deletions":49}}}]},{"date":"2023-01-19","commitResults":[{"hash":"ee01da06f252f91907a089b9466a107cba3ba317","isMergeCommit":false,"messageTitle":"added javadocs","messageBody":"","fileTypesAndContributionMap":{"java":{"insertions":49,"deletions":5}}}]},{"date":"2023-01-21","commitResults":[{"hash":"d48fded7d636bec3464b71904edabfc15145cfb9","isMergeCommit":false,"messageTitle":"Level-7","messageBody":"","fileTypesAndContributionMap":{"java":{"insertions":142,"deletions":20}}},{"hash":"91dc4bcc233af5bdcac43e649f400a682e5ffb96","isMergeCommit":false,"messageTitle":"Level-7","messageBody":"","fileTypesAndContributionMap":{"java":{"insertions":9,"deletions":6}}}]},{"date":"2023-01-22","commitResults":[{"hash":"1d64e590ed0da65fa5b7026782618511d55a2a21","isMergeCommit":false,"messageTitle":"add level-8 tasks","messageBody":"","fileTypesAndContributionMap":{"txt":{"insertions":5,"deletions":5},"java":{"insertions":78,"deletions":25}}},{"hash":"7e6771854e00b855798908621dc7a18be9e5d566","isMergeCommit":true,"messageTitle":"Merge branch \u0027branch-Level-8\u0027","messageBody":"# Conflicts:\n#\tsrc/main/java/Deadline.java\n#\tsrc/main/java/Duke.java\n#\tsrc/main/java/Event.java\n","fileTypesAndContributionMap":{}},{"hash":"7f301326e77581335a4c351f0ea0b5941bdf72d7","isMergeCommit":false,"messageTitle":"change date time format","messageBody":"","tags":["Level-8","Level-7"],"fileTypesAndContributionMap":{"java":{"insertions":7,"deletions":13}}}]},{"date":"2023-01-23","commitResults":[{"hash":"e2e386462bda015b4787c758ef372584cb71edf5","isMergeCommit":false,"messageTitle":"add more oop","messageBody":"","fileTypesAndContributionMap":{"java":{"insertions":387,"deletions":309}}},{"hash":"50f0abc11001bbd578d6a8d83a667ed9e8537473","isMergeCommit":false,"messageTitle":"encapsulate parser","messageBody":"","tags":["A-MoreOOP"],"fileTypesAndContributionMap":{"java":{"insertions":63,"deletions":32}}},{"hash":"714f516609bfc6cc7b704b869af9b3ba16783f60","isMergeCommit":false,"messageTitle":"add packages","messageBody":"","tags":["A-Packages"],"fileTypesAndContributionMap":{"java":{"insertions":51,"deletions":2},"bat":{"insertions":1,"deletions":1},"md":{"insertions":2,"deletions":2}}}]},{"date":"2023-01-24","commitResults":[{"hash":"280e9b816c0f5edc34b9a2096097bca1c076e38d","isMergeCommit":true,"messageTitle":"Merge branch \u0027add-gradle-support\u0027 of https://github.com/germainelee02/ip","messageBody":"","fileTypesAndContributionMap":{}},{"hash":"375802fd1af6830a914ffd75df00a742b88067c8","isMergeCommit":false,"messageTitle":"add gradle","messageBody":"","tags":["A-Gradle"],"fileTypesAndContributionMap":{"gradle":{"insertions":1,"deletions":1}}},{"hash":"7d19f5b35aa5fbdb5dc944af00105339b1afa83c","isMergeCommit":false,"messageTitle":"add junit tests","messageBody":"","tags":["A-Jar","A-JUnit"],"fileTypesAndContributionMap":{"java":{"insertions":134,"deletions":4}}}]},{"date":"2023-01-25","commitResults":[{"hash":"18112d8624529a1a28bd2a7bc64cc17488032be9","isMergeCommit":false,"messageTitle":"add javadoc","messageBody":"","fileTypesAndContributionMap":{"java":{"insertions":48,"deletions":5},"sh":{"insertions":1,"deletions":1}}}]},{"date":"2023-01-26","commitResults":[{"hash":"5b0d7976446f35dd4fcc88871bbd494e780a8e3a","isMergeCommit":false,"messageTitle":"add javadocs","messageBody":"","fileTypesAndContributionMap":{"java":{"insertions":27,"deletions":0}}},{"hash":"fa745886fd3d25638c74985bfab21d50a4cf7165","isMergeCommit":false,"messageTitle":"fix coding standard","messageBody":"","fileTypesAndContributionMap":{"java":{"insertions":190,"deletions":120}}},{"hash":"6bef7ee5b1317cd1e109e9a3b0bf3410783d82dd","isMergeCommit":false,"messageTitle":"add javadocs","messageBody":"","fileTypesAndContributionMap":{"java":{"insertions":103,"deletions":200}}},{"hash":"5f18e4a3a6ded891140ec8b30845572a84f552f2","isMergeCommit":false,"messageTitle":"fix coding standard","messageBody":"","fileTypesAndContributionMap":{"java":{"insertions":40,"deletions":16}}}]},{"date":"2023-01-27","commitResults":[{"hash":"5768306683e8921067fd92b9afd6ca4eee9eba01","isMergeCommit":false,"messageTitle":"fix bug","messageBody":"","fileTypesAndContributionMap":{"txt":{"insertions":3,"deletions":1},"java":{"insertions":83,"deletions":23}}},{"hash":"3cd326197b3675c1c64ce0be48d913060ebee7d9","isMergeCommit":false,"messageTitle":"level-9","messageBody":"","fileTypesAndContributionMap":{"java":{"insertions":6,"deletions":6}}},{"hash":"a7f5363c27e66bc41e4502f9f58e683941db45a7","isMergeCommit":false,"messageTitle":"changed formatter","messageBody":"","fileTypesAndContributionMap":{"java":{"insertions":3,"deletions":3}}},{"hash":"2a6a8fbe4df2b4ee897c85120a744c19e962f5f6","isMergeCommit":true,"messageTitle":"Merge branch \u0027branch-A-CodingStandard\u0027","messageBody":"# Conflicts:\n#\tsrc/main/java/duke/taskers/Deadline.java\n#\tsrc/main/java/duke/taskers/Event.java\n#\tsrc/main/java/duke/taskers/Task.java\n#\tsrc/main/java/duke/taskers/Todo.java\n#\tsrc/main/java/duke/util/Storage.java\n#\tsrc/main/java/duke/util/Ui.java\n","tags":["A-CodingStandard"],"fileTypesAndContributionMap":{}},{"hash":"9da064c94b4b7332f9c41073cd26d9e424602ca6","isMergeCommit":true,"messageTitle":"Merge branch \u0027branch-Level-9\u0027","messageBody":"# Conflicts:\n#\tsrc/main/data/duke\n#\tsrc/main/java/duke/Duke.java\n#\tsrc/main/java/duke/taskers/Deadline.java\n#\tsrc/main/java/duke/taskers/Event.java\n#\tsrc/main/java/duke/util/Parser.java\n#\tsrc/main/java/duke/util/TaskList.java\n","tags":["Level-9","A-JavaDoc"],"fileTypesAndContributionMap":{}},{"hash":"d07b2d483787df43abd23325689448e708df43f7","isMergeCommit":false,"messageTitle":"fix javadocs","messageBody":"","fileTypesAndContributionMap":{"java":{"insertions":145,"deletions":76}}},{"hash":"2f238878eb1b57c8c511c2f7c355e01ce8442e72","isMergeCommit":false,"messageTitle":"fix packaging","messageBody":"","fileTypesAndContributionMap":{"java":{"insertions":25,"deletions":78}}}]},{"date":"2023-01-30","commitResults":[{"hash":"e1273c3f0a7e3eb412781d96802261f0fb00baae","isMergeCommit":false,"messageTitle":"fixes pacakge and text ui testing","messageBody":"","fileTypesAndContributionMap":{"java":{"insertions":72,"deletions":36},"sh":{"insertions":1,"deletions":1}}},{"hash":"1eb4500c6518381b1928a1b94b2d08baa56152ea","isMergeCommit":false,"messageTitle":"add config","messageBody":"","tags":["A-CheckStyle"],"fileTypesAndContributionMap":{"gradle":{"insertions":6,"deletions":0},"java":{"insertions":127,"deletions":71}}}]},{"date":"2023-01-31","commitResults":[{"hash":"e12c3907a057511c48d4fa82ccff2add301bc7d8","isMergeCommit":false,"messageTitle":"add more oop","messageBody":"","fileTypesAndContributionMap":{"txt":{"insertions":0,"deletions":21},"java":{"insertions":758,"deletions":267},"sh":{"insertions":1,"deletions":1}}},{"hash":"7e37a4125346e62768e7c2c6a65df724758b760a","isMergeCommit":false,"messageTitle":"fix breaking text-ui-test","messageBody":"","fileTypesAndContributionMap":{"txt":{"insertions":21,"deletions":0},"java":{"insertions":16,"deletions":16},"sh":{"insertions":1,"deletions":1}}},{"hash":"c0872b30894acf7bd173bb37bade78d9e6385858","isMergeCommit":false,"messageTitle":"error handling","messageBody":"","fileTypesAndContributionMap":{"java":{"insertions":26,"deletions":5}}},{"hash":"fa1e887b1b1cdb27e676fd3909e368b4c644f750","isMergeCommit":false,"messageTitle":"Update README.md","messageBody":"","fileTypesAndContributionMap":{"md":{"insertions":1,"deletions":1}}}]},{"date":"2023-02-01","commitResults":[{"hash":"6263f556e4f319c788bd78a23d757629e378045e","isMergeCommit":false,"messageTitle":"add gui","messageBody":"","fileTypesAndContributionMap":{"gradle":{"insertions":13,"deletions":0},"fxml":{"insertions":35,"deletions":0},"java":{"insertions":300,"deletions":114}}},{"hash":"77069a9be94bb8558f6694124ee03cae5deab90c","isMergeCommit":true,"messageTitle":"Merge branch \u0027master\u0027 of https://github.com/germainelee02/ip","messageBody":"# Conflicts:\n#\tsrc/main/data/duke\n","fileTypesAndContributionMap":{}}]},{"date":"2023-02-05","commitResults":[{"hash":"e74a58554d9e49b56ebd255e6bee6f8dd93e105f","isMergeCommit":false,"messageTitle":"Add assertions.","messageBody":"May not have an easy way for the coder to check that program behaviour is to be expected. Bugs may not be as easy to find.\n\nAs we continue to grow this Duke project, we need an easier way for programmers to detect bugs or areas where it is not performing as desired. This is especially when the code base is continually being modified.\n\nIt is done this way because it is simple. Assertions also stops the program flow when a bug is detected so as to not cause further complications.\n\nRefer to CS2103T Textbook on assertions to see why assertions are important\n","tags":["A-FullCommitMessage","A-Assertions"],"fileTypesAndContributionMap":{"gradle":{"insertions":2,"deletions":1},"java":{"insertions":12,"deletions":33}}},{"hash":"b07fb75881d9d5e5521f978a1c401804009eabf1","isMergeCommit":false,"messageTitle":"Fix code quality","messageBody":"Code quality is already quite good, but cleaned up some things for better readability\n\nNo need to instantiate variables as null as they are already null by default during declaration.\n\nChanging it up will improve readability\n\nCheck out CS2103T textbook on code quality to understand more\n","tags":["A-CodeQuality"],"fileTypesAndContributionMap":{"java":{"insertions":1,"deletions":1}}},{"hash":"09f4e43ce45ac2fa1fe6418147a7c92ea4f81d45","isMergeCommit":true,"messageTitle":"Merge pull request #2 from germainelee02/Branch-A-Assertions","messageBody":"Add assertions.","fileTypesAndContributionMap":{}},{"hash":"37ca6da5f5ff6de1d9569aadef867829a374d73d","isMergeCommit":true,"messageTitle":"Merge pull request #3 from germainelee02/Branch-A-CodeQuality","messageBody":"Fix code quality","fileTypesAndContributionMap":{}}]},{"date":"2023-02-06","commitResults":[{"hash":"ed0e6f5e4b72acc0456d2d0df38ed48b797b65c5","isMergeCommit":false,"messageTitle":"Add extra prioritising functionality.","messageBody":"If the list gets long, users will not be able to focus on what is really important to them, hence they need to prioritise some tasks.\n\nPrioritising is just an additional command that is easy to use and pick up.\n\nRead up on prioritising tasks at www.google.com.\n","tags":["BCD-Extension"],"fileTypesAndContributionMap":{"java":{"insertions":247,"deletions":52}}}]},{"date":"2023-02-14","commitResults":[{"hash":"79ea7843a173a544ea46fbbd45c9b86afa83ff74","isMergeCommit":false,"messageTitle":"add pages readme and screenshot of app","messageBody":"","tags":["A-UserGuide"],"fileTypesAndContributionMap":{"java":{"insertions":5,"deletions":3},"md":{"insertions":202,"deletions":9}}},{"hash":"87a08623a58e4323b171f16a4c03380ec299fb43","isMergeCommit":false,"messageTitle":"improved docs","messageBody":"","fileTypesAndContributionMap":{"md":{"insertions":89,"deletions":66}}},{"hash":"bc3c1799c045e3ed9dfb46b7faf2f2a5cbdead8d","isMergeCommit":false,"messageTitle":"fix finding bug. removed some random print statements","messageBody":"","tags":["A-Release"],"fileTypesAndContributionMap":{"java":{"insertions":11,"deletions":4}}}]}]},"authorFileTypeContributionMap":{"germainelee02":{"java":1904,"md":220,"fxml":35,"sh":3,"bat":1,"gradle":21,"txt":23}},"authorContributionVariance":{"germainelee02":75301.875},"authorDisplayNameMap":{"germainelee02":"CS2103T-W09-1 GERM..MING"}}
