{"authorDailyContributionsMap":{"glyfy":[{"date":"2023-01-19","commitResults":[{"hash":"6b533db5a07129c967bfd3efd2887c432f51b86d","messageTitle":"Level-1","messageBody":"","tags":["Level-1"],"fileTypesAndContributionMap":{"java":{"insertions":20,"deletions":1}}},{"hash":"316f682df9f1cb1f822be8e19ce3279b6227da37","messageTitle":"Level-2","messageBody":"","tags":["Level-2"],"fileTypesAndContributionMap":{"java":{"insertions":20,"deletions":9}}},{"hash":"28f0cec03fe7329e47e7c695e7a3ccb0ffbe7339","messageTitle":"fixed duke not exiting on bye input","messageBody":"","fileTypesAndContributionMap":{"java":{"insertions":6,"deletions":6}}},{"hash":"418c04a584c3a6b094c3de1b2f83e90c3651c918","messageTitle":"Level-3","messageBody":"","tags":["Level-3"],"fileTypesAndContributionMap":{"java":{"insertions":66,"deletions":10}}}]},{"date":"2023-01-20","commitResults":[{"hash":"45090f718e55f0166c5fac247dda50d86973a856","messageTitle":"implemented Todo, Deadline, Event with respective classes + TaskList class","messageBody":"","tags":["Level-4"],"fileTypesAndContributionMap":{"java":{"insertions":139,"deletions":60}}}]},{"date":"2023-01-21","commitResults":[{"hash":"ddb93084899d24dd4d4d5a6e18d00eb1e73df866","messageTitle":"updated .gitignore","messageBody":"","fileTypesAndContributionMap":{"java":{"insertions":4,"deletions":0}}},{"hash":"34a7595d62122283c384ee70de808195605ecdd8","messageTitle":"Revert \"updated .gitignore\"","messageBody":"This reverts commit ddb93084899d24dd4d4d5a6e18d00eb1e73df866.\n","fileTypesAndContributionMap":{"java":{"insertions":0,"deletions":4}}},{"hash":"ac57319520cb2a89b29483bafbc7f8152eab3521","messageTitle":"implemented minimal exception handling","messageBody":"","tags":["Level-5"],"fileTypesAndContributionMap":{"java":{"insertions":51,"deletions":38}}},{"hash":"51a2051d3a29f9fbefa85cc3f7af3abd881f10dd","messageTitle":"updated input.txt semi-auto testing","messageBody":"","fileTypesAndContributionMap":{"txt":{"insertions":4,"deletions":0}}},{"hash":"933af606fc56880d0c83873e1c9df7b36047e83c","messageTitle":"implemented delete functionality","messageBody":"","tags":["Level-6"],"fileTypesAndContributionMap":{"java":{"insertions":17,"deletions":1}}},{"hash":"331ceefb427344516a3e4862ea80562a8b295b48","messageTitle":"added inputs to test-ui-test","messageBody":"","fileTypesAndContributionMap":{"txt":{"insertions":3,"deletions":1}}}]},{"date":"2023-01-24","commitResults":[{"hash":"da6f14b21f55e05d5bab7d2776704b0d1e1921c1","messageTitle":"removed unused code","messageBody":"","fileTypesAndContributionMap":{"java":{"insertions":1,"deletions":6}}},{"hash":"e427b1e1fab3f07dafda1af62b2c3e55e28595e4","messageTitle":"added testing inputs and expected result to text-ui-test","messageBody":"","fileTypesAndContributionMap":{"txt":{"insertions":2,"deletions":1}}},{"hash":"784b9ca8ea21de6bd42dd82eee60be5453d4b2ed","messageTitle":"added pause command to .bat file to prevent Exception from occuring","messageBody":"","fileTypesAndContributionMap":{"bat":{"insertions":2,"deletions":0}}}]},{"date":"2023-01-27","commitResults":[{"hash":"6f22cec7b7b112ddadd061f4307a269631699341","messageTitle":"Implemented save functionality","messageBody":"","fileTypesAndContributionMap":{"java":{"insertions":226,"deletions":28}}},{"hash":"e3f8870a495486c375df60d5c58c243aeddef9a2","messageTitle":"updated input.txt","messageBody":"","fileTypesAndContributionMap":{"txt":{"insertions":1,"deletions":3}}}]}]},"authorFileTypeContributionMap":{"glyfy":{"java":389,"md":0,"fxml":0,"sh":0,"bat":2,"gradle":0,"txt":5}},"authorContributionVariance":{"glyfy":6997.0225},"authorDisplayNameMap":{"glyfy":"CS2103T-T12-3 GLEN.. LIM"}}
