{"authorDailyContributionsMap":{"glyfy":[{"date":"2023-01-19","commitResults":[{"hash":"6b533db5a07129c967bfd3efd2887c432f51b86d","messageTitle":"Level-1","messageBody":"","tags":["Level-1"],"fileTypesAndContributionMap":{"java":{"insertions":20,"deletions":1}}},{"hash":"316f682df9f1cb1f822be8e19ce3279b6227da37","messageTitle":"Level-2","messageBody":"","tags":["Level-2"],"fileTypesAndContributionMap":{"java":{"insertions":20,"deletions":9}}},{"hash":"28f0cec03fe7329e47e7c695e7a3ccb0ffbe7339","messageTitle":"fixed duke not exiting on bye input","messageBody":"","fileTypesAndContributionMap":{"java":{"insertions":6,"deletions":6}}},{"hash":"418c04a584c3a6b094c3de1b2f83e90c3651c918","messageTitle":"Level-3","messageBody":"","tags":["Level-3"],"fileTypesAndContributionMap":{"java":{"insertions":66,"deletions":10}}}]},{"date":"2023-01-20","commitResults":[{"hash":"45090f718e55f0166c5fac247dda50d86973a856","messageTitle":"implemented Todo, Deadline, Event with respective classes + TaskList class","messageBody":"","tags":["Level-4"],"fileTypesAndContributionMap":{"java":{"insertions":139,"deletions":60}}}]},{"date":"2023-01-21","commitResults":[{"hash":"ddb93084899d24dd4d4d5a6e18d00eb1e73df866","messageTitle":"updated .gitignore","messageBody":"","fileTypesAndContributionMap":{"java":{"insertions":4,"deletions":0}}},{"hash":"34a7595d62122283c384ee70de808195605ecdd8","messageTitle":"Revert \"updated .gitignore\"","messageBody":"This reverts commit ddb93084899d24dd4d4d5a6e18d00eb1e73df866.\n","fileTypesAndContributionMap":{"java":{"insertions":0,"deletions":4}}},{"hash":"ac57319520cb2a89b29483bafbc7f8152eab3521","messageTitle":"implemented minimal exception handling","messageBody":"","tags":["Level-5"],"fileTypesAndContributionMap":{"java":{"insertions":51,"deletions":38}}},{"hash":"51a2051d3a29f9fbefa85cc3f7af3abd881f10dd","messageTitle":"updated input.txt semi-auto testing","messageBody":"","fileTypesAndContributionMap":{"txt":{"insertions":4,"deletions":0}}},{"hash":"933af606fc56880d0c83873e1c9df7b36047e83c","messageTitle":"implemented delete functionality","messageBody":"","tags":["Level-6"],"fileTypesAndContributionMap":{"java":{"insertions":17,"deletions":1}}},{"hash":"331ceefb427344516a3e4862ea80562a8b295b48","messageTitle":"added inputs to test-ui-test","messageBody":"","fileTypesAndContributionMap":{"txt":{"insertions":3,"deletions":1}}}]},{"date":"2023-01-24","commitResults":[{"hash":"da6f14b21f55e05d5bab7d2776704b0d1e1921c1","messageTitle":"removed unused code","messageBody":"","fileTypesAndContributionMap":{"java":{"insertions":1,"deletions":6}}},{"hash":"e427b1e1fab3f07dafda1af62b2c3e55e28595e4","messageTitle":"added testing inputs and expected result to text-ui-test","messageBody":"","fileTypesAndContributionMap":{"txt":{"insertions":2,"deletions":1}}},{"hash":"784b9ca8ea21de6bd42dd82eee60be5453d4b2ed","messageTitle":"added pause command to .bat file to prevent Exception from occuring","messageBody":"","fileTypesAndContributionMap":{"bat":{"insertions":2,"deletions":0}}}]},{"date":"2023-01-27","commitResults":[{"hash":"6f22cec7b7b112ddadd061f4307a269631699341","messageTitle":"Implemented save functionality","messageBody":"","tags":["Level-7"],"fileTypesAndContributionMap":{"java":{"insertions":226,"deletions":28}}},{"hash":"e3f8870a495486c375df60d5c58c243aeddef9a2","messageTitle":"updated input.txt","messageBody":"","fileTypesAndContributionMap":{"txt":{"insertions":1,"deletions":3}}},{"hash":"1d083004efb1387b5cfb1ea31bf8c3e5100fb685","messageTitle":"implemented dates and times functionality","messageBody":"","tags":["Level-8"],"fileTypesAndContributionMap":{"java":{"insertions":24,"deletions":5}}}]},{"date":"2023-01-29","commitResults":[{"hash":"d5bda5675d02e2d1044df2b6d64b8948f10e8006","messageTitle":"added more OOP and divided classes into packages","messageBody":"","tags":["A-Packages","A-MoreOOP"],"fileTypesAndContributionMap":{"java":{"insertions":130,"deletions":83}}},{"hash":"948905662b287c2bb8d2dacee62dea3184529969","messageTitle":"added unit tests and automated Gradle testing","messageBody":"","tags":["v0.1","A-JUnit","A-Gradle"],"fileTypesAndContributionMap":{"gradle":{"insertions":2,"deletions":1},"java":{"insertions":28,"deletions":0}}},{"hash":"7e0192010698ced80b826684aedd4375bf158315","messageTitle":"Added javadocs to about half of all non private classes/methods","messageBody":"","tags":["A-JavaDoc"],"fileTypesAndContributionMap":{"java":{"insertions":115,"deletions":6}}},{"hash":"b9ac08a05d05bf20a6ed5c2696637dc78996944a","messageTitle":"checked that all code complied with coding standard","messageBody":"","tags":["A-CodingStandard"],"fileTypesAndContributionMap":{"java":{"insertions":3,"deletions":0}}},{"hash":"5c229c5e335b5b7bc56677b40d4f6a7d3c3c9008","messageTitle":"Implement find command","messageBody":"","tags":["Level-9"],"fileTypesAndContributionMap":{"java":{"insertions":52,"deletions":2}}}]},{"date":"2023-02-09","commitResults":[{"hash":"db744443319b6fc518f48978f8876c7fd5f9d65c","messageTitle":"Refactor code to include more OOP","messageBody":"","tags":["Level-10"],"fileTypesAndContributionMap":{"gradle":{"insertions":15,"deletions":0},"java":{"insertions":319,"deletions":112},"bat":{"insertions":1,"deletions":1},"md":{"insertions":2,"deletions":2}}},{"hash":"069c49aa44ce3889a45123ae11ac4d12e21e5ec4","messageTitle":"Used JavaFX to implement basic GUI","messageBody":"","fileTypesAndContributionMap":{"fxml":{"insertions":39,"deletions":0},"java":{"insertions":182,"deletions":21}}}]},{"date":"2023-02-12","commitResults":[{"hash":"bfaf1e2b949dd50585db25dee0d1c337f9a0fd83","messageTitle":"Add assertions","messageBody":"","fileTypesAndContributionMap":{"gradle":{"insertions":2,"deletions":1},"java":{"insertions":7,"deletions":5}}},{"hash":"0af6820648f12e814d59422a8c921131a811347a","messageTitle":"Improve code quality","messageBody":"Add enums to represent fixed commands and other minor changes\n","fileTypesAndContributionMap":{"gradle":{"insertions":1,"deletions":1},"java":{"insertions":108,"deletions":183}}},{"hash":"d632d7a9f7a31e88c6043bfea53bca248ba10ca0","messageTitle":"Remove unnecessary comment","messageBody":"","fileTypesAndContributionMap":{"java":{"insertions":1,"deletions":34}}},{"hash":"0d861d3d232cc378b6d217bbf71fe6c6f38c4118","messageTitle":"Add update command","messageBody":"","tags":["merge-branch-Update-into-master"],"fileTypesAndContributionMap":{"java":{"insertions":109,"deletions":5}}}]},{"date":"2023-02-15","commitResults":[{"hash":"d5190cb81f44891d11b40706b57c0bf97eac2b8b","messageTitle":"remove unused code","messageBody":"","fileTypesAndContributionMap":{"java":{"insertions":0,"deletions":4}}},{"hash":"c0692ed9d7221a33c2e14062761cccd03ac00fa6","messageTitle":"improve on GUI","messageBody":"","tags":["A-BetterGui"],"fileTypesAndContributionMap":{"fxml":{"insertions":3,"deletions":3}}},{"hash":"f0bb97b2f26a30c96d5e797f02a2a63e7c962907","messageTitle":"fix bug where application did not terminate on \"bye\" command","messageBody":"","fileTypesAndContributionMap":{"java":{"insertions":6,"deletions":0}}},{"hash":"7c87d46e0d2d3598efaf56680f30352989216e62","messageTitle":"update Main.java to display project name in window\u0027s title bar","messageBody":"","fileTypesAndContributionMap":{"java":{"insertions":1,"deletions":0}}}]},{"date":"2023-02-16","commitResults":[{"hash":"c6ee6b36c9456d3e176f3899f158e819332ee853","messageTitle":"update docs/README.md","messageBody":"","fileTypesAndContributionMap":{"md":{"insertions":47,"deletions":25}}},{"hash":"e59cf3c97984bcf9809513215cc8c7eaac64af2c","messageTitle":"refactor file handling code","messageBody":"","tags":["v0.2"],"fileTypesAndContributionMap":{"java":{"insertions":4,"deletions":28}}},{"hash":"c577c7ad54e97fd5c1a92bf4e7157e03c00415b0","messageTitle":"remove unnecessary imports","messageBody":"","fileTypesAndContributionMap":{"java":{"insertions":0,"deletions":4}}}]},{"date":"2023-02-18","commitResults":[{"hash":"51e475b62e978a8e27e219539510d193ab47f45d","messageTitle":"add JavaDocs to all classes and functions","messageBody":"","fileTypesAndContributionMap":{"java":{"insertions":227,"deletions":25}}}]}]},"authorFileTypeContributionMap":{"glyfy":{"java":1192,"md":49,"fxml":39,"sh":0,"bat":3,"gradle":18,"txt":5}},"authorContributionVariance":{"glyfy":24377.58},"authorDisplayNameMap":{"glyfy":"CS2103T-T12-3 GLEN.. LIM"}}
