{"authorDailyContributionsMap":{"zm-l":[{"date":"2023-01-19","commitResults":[{"hash":"00a40c081f62e5de71bf73f4b78fce04d5c8e431","messageTitle":"Level-1","messageBody":"","fileTypesAndContributionMap":{"java":{"insertions":10,"deletions":0}}},{"hash":"8c3d766f0fb1917952fab1e11a4a6013042121ec","messageTitle":"Add greetings","messageBody":"","tags":["Level-1"],"fileTypesAndContributionMap":{"java":{"insertions":1,"deletions":1}}},{"hash":"0fe0937f71d9b185cf0f928cc32a0f4e66d9e527","messageTitle":"Level-2","messageBody":"","tags":["Level-2"],"fileTypesAndContributionMap":{"java":{"insertions":18,"deletions":3}}},{"hash":"089557a76c5e3a3db00c6702c1051b6f244c5b39","messageTitle":"Level-3","messageBody":"","tags":["Level-3"],"fileTypesAndContributionMap":{"java":{"insertions":57,"deletions":7}}},{"hash":"97be1b72c06e13f08866a689867728d2126dfbfa","messageTitle":"Level-4","messageBody":"","fileTypesAndContributionMap":{"java":{"insertions":68,"deletions":6}}},{"hash":"4e48cbe7bedb874e1d8aeddb47588ffa5715f22c","messageTitle":"Level-4","messageBody":"","tags":["Level-4"],"fileTypesAndContributionMap":{"txt":{"insertions":12,"deletions":0},"java":{"insertions":1,"deletions":1}}},{"hash":"d78171f6a5c47ddc90e06a4c1140a216dc7db85a","messageTitle":"A-TextUiTesting","messageBody":"","tags":["A-TextUiTesting"],"fileTypesAndContributionMap":{"txt":{"insertions":1,"deletions":1}}},{"hash":"5dc68db2d724ad6af2b84f5196c2f062d5b61731","messageTitle":"Level-5","messageBody":"","tags":["Level-5"],"fileTypesAndContributionMap":{"java":{"insertions":55,"deletions":23}}},{"hash":"a15310480cd19181d498f4f15531da0a25b89f56","messageTitle":"Level-6","messageBody":"","tags":["Level-6"],"fileTypesAndContributionMap":{"java":{"insertions":10,"deletions":0}}},{"hash":"b1f5d0e08beaca55e4e07c2373bbc16c4b6ac08f","messageTitle":"Change to checked exception","messageBody":"","tags":["Level-6.1","Level-5.1"],"fileTypesAndContributionMap":{"java":{"insertions":3,"deletions":4}}}]},{"date":"2023-01-26","commitResults":[{"hash":"2fafe0de9a45cc7822a047d08872af6eebb95f16","messageTitle":"Level-7","messageBody":"","tags":["Level-7"],"fileTypesAndContributionMap":{"txt":{"insertions":2,"deletions":0},"java":{"insertions":109,"deletions":2}}},{"hash":"4cad1192d1fabee9ce18418a4b97d4f0e50510c9","messageTitle":"Level-8","messageBody":"","tags":["Level-8"],"fileTypesAndContributionMap":{"java":{"insertions":16,"deletions":9}}},{"hash":"be7ee116bdef9b338e98bffbf8b5b93968636842","messageTitle":"Revert \"Merge branch \u0027master\u0027 into branch-Level-7\"","messageBody":"This reverts commit f980e637892fd4d963591f236bd0e1e5fb592164, reversing\nchanges made to 2fafe0de9a45cc7822a047d08872af6eebb95f16.\n","fileTypesAndContributionMap":{"java":{"insertions":9,"deletions":16}}},{"hash":"935e92ab74ea299459b6b7c48b8a3c2c9d8c85de","messageTitle":"A-MoreOOP","messageBody":"","tags":["A-MoreOOP"],"fileTypesAndContributionMap":{"txt":{"insertions":1,"deletions":2},"java":{"insertions":580,"deletions":200}}},{"hash":"6051cbad74e43394fc42b9527fe811bc0475fddb","messageTitle":"A-Packages","messageBody":"","tags":["A-Packages"],"fileTypesAndContributionMap":{"java":{"insertions":71,"deletions":96},"sh":{"insertions":1,"deletions":1},"md":{"insertions":2,"deletions":2}}},{"hash":"d972bbfe5a3e3a89180b45a03efa5d0a867843bf","messageTitle":"A-JUnit","messageBody":"","tags":["A-Jar","A-JUnit","A-Gradle"],"fileTypesAndContributionMap":{"gradle":{"insertions":6,"deletions":0},"txt":{"insertions":0,"deletions":0},"java":{"insertions":29,"deletions":0}}},{"hash":"b2722766984894b848b7118e909042ad09bb59ea","messageTitle":"A-JavaDoc","messageBody":"","tags":["A-JavaDoc"],"fileTypesAndContributionMap":{"java":{"insertions":68,"deletions":0}}},{"hash":"bb98335e5434672bb2fb5ef19ab66f778238fa5c","messageTitle":"A-CodingStandard","messageBody":"","fileTypesAndContributionMap":{"java":{"insertions":1,"deletions":1}}},{"hash":"4ac564dc5859f77c662deab228e7e5b4955557ca","messageTitle":"level 9","messageBody":"","fileTypesAndContributionMap":{"java":{"insertions":4,"deletions":0}}}]},{"date":"2023-01-31","commitResults":[{"hash":"33804d13b441be4a0cf03ca79450f48912d72f70","messageTitle":"Level-9","messageBody":"","fileTypesAndContributionMap":{"txt":{"insertions":4,"deletions":0},"java":{"insertions":42,"deletions":2}}}]},{"date":"2023-02-01","commitResults":[{"hash":"670e89ff33e8183902993f523c6c2bbff8caee93","messageTitle":"Fix text","messageBody":"","tags":["A-CodingStandards"],"fileTypesAndContributionMap":{"java":{"insertions":1,"deletions":1}}},{"hash":"d0c626c21d34a6fa8e81c7146c1c3148f188e825","messageTitle":"A-Checkstyle","messageBody":"","tags":["A-CheckStyle"],"fileTypesAndContributionMap":{"java":{"insertions":5,"deletions":5}}},{"hash":"8b55ce277fc1f39e64e5b912cde279a733d646f7","messageTitle":"Implement FIndDeadline","messageBody":"","fileTypesAndContributionMap":{"java":{"insertions":100,"deletions":19}}},{"hash":"375f564bf8b635b34ef10c9624f6136646ce1040","messageTitle":"Update FindDeadlineCommand.java","messageBody":"","fileTypesAndContributionMap":{"java":{"insertions":1,"deletions":1}}},{"hash":"535680120609e9480992824d0edb0a511f5e6549","messageTitle":"Update FindDeadlineCommand.java","messageBody":"","fileTypesAndContributionMap":{"java":{"insertions":1,"deletions":1}}},{"hash":"06c39d0c316b2a06ab40d5c36e6c2b0f523a9763","messageTitle":"Update FindDeadlineCommand.java","messageBody":"","fileTypesAndContributionMap":{"java":{"insertions":1,"deletions":1}}}]},{"date":"2023-02-02","commitResults":[{"hash":"c67bf31c8eb0d7e74032a4904b3b3688ca8c8b75","messageTitle":"Level 10","messageBody":"","tags":["Level-10"],"fileTypesAndContributionMap":{"gradle":{"insertions":20,"deletions":0},"txt":{"insertions":3,"deletions":4},"fxml":{"insertions":35,"deletions":0},"java":{"insertions":186,"deletions":23}}},{"hash":"ed2f9a16a94e80598841f4e980a933c67154fba2","messageTitle":"Update Ui.java","messageBody":"","fileTypesAndContributionMap":{"java":{"insertions":0,"deletions":4}}},{"hash":"e1452d45fffde31dc155d6b246638df907107557","messageTitle":"Update Ui.java","messageBody":"","fileTypesAndContributionMap":{"java":{"insertions":0,"deletions":13}}},{"hash":"39cd9d37895c41c1d2178d4a14e9fb078d4f6463","messageTitle":"A-Varargs","messageBody":"","tags":["A-Varargs"],"fileTypesAndContributionMap":{"java":{"insertions":1,"deletions":4}}}]},{"date":"2023-02-09","commitResults":[{"hash":"0e480b10c03d9f99b19189a353b031a92755a40e","messageTitle":"Generate JAR file","messageBody":"Bundle JavaFX with the JAR file.\n","tags":["A-FullCommitMessage"],"fileTypesAndContributionMap":{"txt":{"insertions":1,"deletions":0},"fxml":{"insertions":12,"deletions":4},"java":{"insertions":13,"deletions":15}}}]},{"date":"2023-02-17","commitResults":[{"hash":"1794b4851fb5d68144a076052ce86325e1c08afc","messageTitle":"create","messageBody":"","fileTypesAndContributionMap":{"gradle":{"insertions":1,"deletions":0},"txt":{"insertions":0,"deletions":5},"java":{"insertions":290,"deletions":130}}},{"hash":"48a2f2012b8a7e8699297931d9332dcf1d6df235","messageTitle":"Create assertions","messageBody":"","tags":["A-Assertions"],"fileTypesAndContributionMap":{"java":{"insertions":1,"deletions":0}}},{"hash":"8ad7c0990af27ee78c59617837973c76afc3c4f8","messageTitle":"Shorten parser length","messageBody":"","tags":["A-CodeQuality"],"fileTypesAndContributionMap":{"java":{"insertions":18,"deletions":8}}},{"hash":"eaa28adbf22b8c92b230df3fa892e1f1448daebd","messageTitle":"Update Duke.java","messageBody":"","fileTypesAndContributionMap":{"java":{"insertions":1,"deletions":0}}},{"hash":"9f1b64504ecc644cc6b01279c5caa008ad00366d","messageTitle":"Update Main.java","messageBody":"","fileTypesAndContributionMap":{"java":{"insertions":1,"deletions":1}}},{"hash":"b116d27cf5790fda8b3dd0b39a4445e4e7b3d01b","messageTitle":"checkstyle fix","messageBody":"","fileTypesAndContributionMap":{"java":{"insertions":6,"deletions":5}}},{"hash":"632b472abb262d02a9bbad3688b4450c74d918b1","messageTitle":"Implement view schedule","messageBody":"","tags":["BCD-Extension"],"fileTypesAndContributionMap":{"txt":{"insertions":2,"deletions":0},"java":{"insertions":82,"deletions":3}}},{"hash":"c478751ffc25b4f6d2a8b2d1bc042199d5e51115","messageTitle":"Update Event.java","messageBody":"","fileTypesAndContributionMap":{"java":{"insertions":0,"deletions":2}}},{"hash":"e1c745549ba233ae3baa89ca6e96d33a487a62d0","messageTitle":"Update ExitCommandTest.java","messageBody":"","fileTypesAndContributionMap":{"java":{"insertions":0,"deletions":1}}},{"hash":"f19e3ab75bfa1354fcbc99b0b2fa5766cf51f6b3","messageTitle":"change workflow","messageBody":"","fileTypesAndContributionMap":{"java":{"insertions":2,"deletions":2}}},{"hash":"1a65f2c8eb2badf675d3792b6f23db711b11a14b","messageTitle":"c","messageBody":"","fileTypesAndContributionMap":{"java":{"insertions":5,"deletions":8}}},{"hash":"852d646e2fc04d040e6b8504dda916451142fdf7","messageTitle":"h","messageBody":"","fileTypesAndContributionMap":{"java":{"insertions":2,"deletions":2}}},{"hash":"3695036e2b8e626d3d96be6108e7243979423508","messageTitle":"gui enhancement","messageBody":"","tags":["A-BetterGUI"],"fileTypesAndContributionMap":{"txt":{"insertions":5,"deletions":0},"fxml":{"insertions":24,"deletions":16},"java":{"insertions":20,"deletions":3}}},{"hash":"2a2fbd4e3ad4d3b05c45a0ba24bbd1ac70dee823","messageTitle":"Update FindDeadlineCommand.java","messageBody":"","tags":["A-Personality"],"fileTypesAndContributionMap":{"java":{"insertions":3,"deletions":0}}},{"hash":"487c7c49653d0acfcb9f6885cb4245982a60c59f","messageTitle":"l","messageBody":"","fileTypesAndContributionMap":{"txt":{"insertions":1,"deletions":1},"java":{"insertions":5,"deletions":1}}},{"hash":"a771e1865e5bcf9dc19bb4702dfd920b22df8683","messageTitle":"d","messageBody":"","fileTypesAndContributionMap":{"java":{"insertions":3,"deletions":0}}},{"hash":"0f7846f5854415dc9e6b8a8939286f6ac6232a31","messageTitle":"Update README.md","messageBody":"","fileTypesAndContributionMap":{"md":{"insertions":88,"deletions":14}}}]}]},"authorFileTypeContributionMap":{"zm-l":{"java":1291,"md":90,"fxml":51,"sh":1,"bat":0,"gradle":27,"txt":19}},"authorContributionVariance":{"zm-l":57224.926},"authorDisplayNameMap":{"zm-l":"CS2103T-W15-4 LAU ..MING"}}
