{"authorDailyContributionsMap":{"elvern18":[{"date":"2023-01-22","commitResults":[{"hash":"2419203a9c7cef6d3047b2af2dfa44fa8d97aee3","isMergeCommit":false,"messageTitle":"completed level 1","messageBody":"","tags":["Level-1"],"fileTypesAndContributionMap":{"java":{"insertions":18,"deletions":6}}},{"hash":"3ea22a8ac0d175b5d20e1cf4adf64c3890cde1b3","isMergeCommit":false,"messageTitle":"completed level 2","messageBody":"","tags":["Level-2"],"fileTypesAndContributionMap":{"java":{"insertions":37,"deletions":4}}},{"hash":"9300e646595ce34a7435582788b5558a70795590","isMergeCommit":false,"messageTitle":"Level 3 completed","messageBody":"","tags":["Level-3"],"fileTypesAndContributionMap":{"java":{"insertions":35,"deletions":12}}},{"hash":"b2968edd378e69cbc7ff0ba48a931c5223c04c75","isMergeCommit":false,"messageTitle":"half completed level 4","messageBody":"","fileTypesAndContributionMap":{"java":{"insertions":81,"deletions":15}}},{"hash":"fb51d119589f5b87b332ca3b2e5769d01dcc5db1","isMergeCommit":false,"messageTitle":"completed level 4","messageBody":"","tags":["Level-4"],"fileTypesAndContributionMap":{"java":{"insertions":23,"deletions":12}}},{"hash":"b0f63f0ed388a1630b2b4cfdc547e52aac57e60f","isMergeCommit":false,"messageTitle":"partially completed testing","messageBody":"","fileTypesAndContributionMap":{"txt":{"insertions":6,"deletions":0},"java":{"insertions":1,"deletions":1}}}]},{"date":"2023-01-23","commitResults":[{"hash":"dc97ba5192a277b2ae179226a0a638c2e1db3218","isMergeCommit":false,"messageTitle":"completed A-TextUiTesting","messageBody":"","tags":["A-TextUiTesting"],"fileTypesAndContributionMap":{"txt":{"insertions":1,"deletions":5}}},{"hash":"a2712dde4f40d51e2648444813fc45992faaa0d6","isMergeCommit":false,"messageTitle":"completed Level 5","messageBody":"","tags":["Level-5"],"fileTypesAndContributionMap":{"java":{"insertions":104,"deletions":38}}},{"hash":"90a40262d58da3e0467154b05604b846e8a24966","isMergeCommit":false,"messageTitle":"completed Level-6","messageBody":"","fileTypesAndContributionMap":{"java":{"insertions":12,"deletions":0}}}]},{"date":"2023-01-28","commitResults":[{"hash":"f01dd92927e66e9790af4702e59b7be7d1a343f9","isMergeCommit":false,"messageTitle":"specficed import packages instead of wildcare","messageBody":"","tags":["Level-6"],"fileTypesAndContributionMap":{"java":{"insertions":2,"deletions":1}}},{"hash":"fe4f953ff66235b2226e149ba27a6d3fea6f80e8","isMergeCommit":false,"messageTitle":"completed level 8","messageBody":"","fileTypesAndContributionMap":{"java":{"insertions":23,"deletions":7}}}]},{"date":"2023-01-29","commitResults":[{"hash":"059623db308338b36f4c6bc0c42f1a8ee8ba85ad","isMergeCommit":false,"messageTitle":"completed Level-7","messageBody":"","fileTypesAndContributionMap":{"txt":{"insertions":2,"deletions":0},"java":{"insertions":15,"deletions":1}}},{"hash":"6d0b32060cc05229d14abe5f9f88fc7379c04ab0","isMergeCommit":false,"messageTitle":"changed OS path method","messageBody":"","tags":["Level-7"],"fileTypesAndContributionMap":{"txt":{"insertions":1,"deletions":2},"java":{"insertions":3,"deletions":1}}},{"hash":"8fa3eed2c3650bfb26de6cb593d5fed1dd81ec1a","isMergeCommit":false,"messageTitle":"changed output of duke.txt","messageBody":"","fileTypesAndContributionMap":{"txt":{"insertions":1,"deletions":1}}},{"hash":"c060ba0dc33854bbee5380cbcfabee48b8ecedc3","isMergeCommit":true,"messageTitle":"Merge branch \u0027branch-Level-8\u0027","messageBody":"# Conflicts:\n#\tsrc/main/java/Duke.java\n","fileTypesAndContributionMap":{}},{"hash":"8fbce28a8bcc4b95db80c9d3c73647b13df071d2","isMergeCommit":false,"messageTitle":"merged level 8 branch w master","messageBody":"","tags":["Level-8"],"fileTypesAndContributionMap":{"java":{"insertions":1,"deletions":1}}},{"hash":"5601d0746e383cda51669ecc98ca72f1feeae8a1","isMergeCommit":false,"messageTitle":"changed packages imported","messageBody":"","fileTypesAndContributionMap":{"java":{"insertions":1,"deletions":3}}}]},{"date":"2023-02-01","commitResults":[{"hash":"d18db7efdb69e991c4c3cdfe50ce44d232356162","isMergeCommit":true,"messageTitle":"Merge remote-tracking branch \u0027upstream/add-gradle-support\u0027","messageBody":"","fileTypesAndContributionMap":{}}]},{"date":"2023-02-02","commitResults":[{"hash":"c18b4b77c29197b7294b05a629ef9d6840fb90ce","isMergeCommit":false,"messageTitle":"set sdk, change build.gradle application name","messageBody":"","fileTypesAndContributionMap":{"gradle":{"insertions":1,"deletions":1},"txt":{"insertions":0,"deletions":1},"java":{"insertions":2,"deletions":0}}}]},{"date":"2023-02-03","commitResults":[{"hash":"77755d5af65c3dc534c3213fdd70e082920b11f7","isMergeCommit":false,"messageTitle":"completed A-Gradle","messageBody":"","tags":["A-Gradle"],"fileTypesAndContributionMap":{"txt":{"insertions":1,"deletions":0},"java":{"insertions":1,"deletions":3}}},{"hash":"0ec72c02d1937cc778371fc39109b01a0a670290","isMergeCommit":false,"messageTitle":"refactored and added save option","messageBody":"","fileTypesAndContributionMap":{"txt":{"insertions":1,"deletions":1},"java":{"insertions":345,"deletions":149}}}]},{"date":"2023-02-04","commitResults":[{"hash":"8579683fc5d8a7c61ce5d61234fef4198043ff80","isMergeCommit":false,"messageTitle":"completed A-MoreOOP","messageBody":"","tags":["A-MoreOOP"],"fileTypesAndContributionMap":{"txt":{"insertions":3,"deletions":1},"java":{"insertions":19,"deletions":22}}},{"hash":"6137a177b68410e3570da6d7a503d9d2107ce92e","isMergeCommit":false,"messageTitle":"Organised into Packages","messageBody":"","fileTypesAndContributionMap":{"txt":{"insertions":2,"deletions":2},"java":{"insertions":66,"deletions":38}}},{"hash":"b21282465c30a6ccc31923c26cac5d59cc4f9016","isMergeCommit":false,"messageTitle":"reorganised packages","messageBody":"","tags":["A-Packages"],"fileTypesAndContributionMap":{"txt":{"insertions":2,"deletions":2},"java":{"insertions":37,"deletions":33},"bat":{"insertions":1,"deletions":1},"md":{"insertions":2,"deletions":2}}},{"hash":"194b93fb96adf3afac2e54b7f24a3e86ce5dfcd3","isMergeCommit":false,"messageTitle":"ToDo testing","messageBody":"","fileTypesAndContributionMap":{"txt":{"insertions":2,"deletions":2},"java":{"insertions":25,"deletions":3}}},{"hash":"153e2fecb3b7aff2315dfd0eee8c7dbf7be07862","isMergeCommit":false,"messageTitle":"completed A-Junit","messageBody":"","tags":["A-JUnit"],"fileTypesAndContributionMap":{"java":{"insertions":4,"deletions":1}}},{"hash":"c9c20f100a48e1ece4245f2dd6c072964d012b1e","isMergeCommit":false,"messageTitle":"completed JavaDoc for Task","messageBody":"","fileTypesAndContributionMap":{"gradle":{"insertions":1,"deletions":1},"txt":{"insertions":3,"deletions":2},"java":{"insertions":25,"deletions":14}}},{"hash":"e6729213e48c96541ecd7cc0244748f78663a967","isMergeCommit":false,"messageTitle":"completed JavaDoc for all classes except Duke","messageBody":"","tags":["A-JavaDoc"],"fileTypesAndContributionMap":{"java":{"insertions":288,"deletions":17}}},{"hash":"1c3147d088b5b0b898979c0c27dca1af6fa8898f","isMergeCommit":false,"messageTitle":"madeordering of import statements consistent","messageBody":"","fileTypesAndContributionMap":{"java":{"insertions":10,"deletions":6}}},{"hash":"71cfc94c21605450f5b3e6ce021e2f181ae3749d","isMergeCommit":false,"messageTitle":"find function created","messageBody":"","fileTypesAndContributionMap":{"txt":{"insertions":3,"deletions":2},"java":{"insertions":32,"deletions":7}}},{"hash":"9a73412018c503ee1cb27da03f0f61001df4e2f2","isMergeCommit":true,"messageTitle":"resolved merge conflicts with A-CodingStandard","messageBody":"","tags":["A-CodingStandard"],"fileTypesAndContributionMap":{}},{"hash":"80cf2aaf3528bb1882878ab54d108abdc30d9447","isMergeCommit":true,"messageTitle":"resolved conflicts with Level-9 branch","messageBody":"","tags":["Level-9"],"fileTypesAndContributionMap":{}}]},{"date":"2023-02-05","commitResults":[{"hash":"64f41b16f536cacc7853ff8a54aa8333ebfa88e1","isMergeCommit":false,"messageTitle":"Update README.md","messageBody":"","fileTypesAndContributionMap":{"md":{"insertions":31,"deletions":24}}},{"hash":"a28ccca7c22315312175067d30e1fb3f2dfcb1e8","isMergeCommit":false,"messageTitle":"Update README.md","messageBody":"","fileTypesAndContributionMap":{"md":{"insertions":3,"deletions":3}}},{"hash":"9d290e0c747f8c28b9ac76baed29098bebaed0a2","isMergeCommit":false,"messageTitle":"Update README.md","messageBody":"","fileTypesAndContributionMap":{"md":{"insertions":2,"deletions":2}}}]},{"date":"2023-02-06","commitResults":[{"hash":"40543c055e7bf873b6999c27924b25f2198340ad","isMergeCommit":false,"messageTitle":"completed till part 3","messageBody":"","fileTypesAndContributionMap":{"gradle":{"insertions":17,"deletions":0},"txt":{"insertions":2,"deletions":2},"java":{"insertions":216,"deletions":3}}}]},{"date":"2023-02-07","commitResults":[{"hash":"02553c87bcd036c0d288ed0e2a3f2b04d3e387f0","isMergeCommit":false,"messageTitle":"completed part 4 of lvl 10","messageBody":"","fileTypesAndContributionMap":{"fxml":{"insertions":35,"deletions":0},"java":{"insertions":118,"deletions":159}}},{"hash":"939ca3061e2f32c5c222cd30faf8a82ff5bd26b6","isMergeCommit":false,"messageTitle":"completed checkstyle","messageBody":"","tags":["A-Checkstyle"],"fileTypesAndContributionMap":{"gradle":{"insertions":5,"deletions":0},"txt":{"insertions":2,"deletions":2},"java":{"insertions":1,"deletions":1}}},{"hash":"9816e31cacdd231498cd959a37358064e7a6e850","isMergeCommit":false,"messageTitle":"merged with level 10","messageBody":"","tags":["Level-10"],"fileTypesAndContributionMap":{"gradle":{"insertions":17,"deletions":0},"txt":{"insertions":2,"deletions":2},"fxml":{"insertions":35,"deletions":0},"java":{"insertions":186,"deletions":13}}}]},{"date":"2023-02-11","commitResults":[{"hash":"53e10012c0844286a085f4ae5dd010b0e7843b8c","isMergeCommit":false,"messageTitle":"removed unnecessary packages","messageBody":"","fileTypesAndContributionMap":{"java":{"insertions":3,"deletions":5}}},{"hash":"cedfaff2d29835815910f8477d212a712e2e387e","isMergeCommit":true,"messageTitle":"trying to make branch-level-8 detectable","messageBody":"","fileTypesAndContributionMap":{}},{"hash":"49edf999657cf24deea88f9b390b9981067ba8a1","isMergeCommit":true,"messageTitle":"trying to make level 10 branch detectable","messageBody":"","fileTypesAndContributionMap":{}}]},{"date":"2023-02-12","commitResults":[{"hash":"15074fc8aacdc4f5c22b79a96e9cdbb7c5f76ee7","isMergeCommit":false,"messageTitle":" changed mainClassName in build.gradle to Launcher","messageBody":"","fileTypesAndContributionMap":{"gradle":{"insertions":1,"deletions":1}}},{"hash":"71e0f8fe502b07df7fe9c16e6d39c42565c9c734","isMergeCommit":false,"messageTitle":"minor changes","messageBody":"","fileTypesAndContributionMap":{"java":{"insertions":2,"deletions":1}}}]},{"date":"2023-02-13","commitResults":[{"hash":"c91b7b76cf9f753f42e6885542b41456d9460cbe","isMergeCommit":false,"messageTitle":"refactored GUI to respond to user\u0027s input","messageBody":"","fileTypesAndContributionMap":{"java":{"insertions":151,"deletions":105}}},{"hash":"7ec1b028e362281855d8b6d7886bcc16059141b1","isMergeCommit":false,"messageTitle":"improved coding quality to follow coding standards","messageBody":"","fileTypesAndContributionMap":{"java":{"insertions":91,"deletions":79}}},{"hash":"9d30e43d23871559e8823caece58b2b1448410f4","isMergeCommit":false,"messageTitle":"changed dukeexceptions package name","messageBody":"","fileTypesAndContributionMap":{"java":{"insertions":5,"deletions":5}}},{"hash":"17d1e64fa8b3d611f07fb0dcaef8bfcfc3b44286","isMergeCommit":false,"messageTitle":"Implement assertions to Storage and TaskList files","messageBody":"Developers will not know the correctness of the assumption that the task\nis not null, or the size of the list of tasks is negative.\n\nNeglecting these assumptions can cause severe errors and even crash of\nchatbot.\n\nLet\u0027s use assertions to ensure that these assumptions are checked.\n\nThis prevents severe errors from occuring to the users, and even\ncrashing of chatbot.\n\nAssertions are used to ensure our test conditions are true.\n","fileTypesAndContributionMap":{"java":{"insertions":5,"deletions":1}}},{"hash":"6684b838c9032ddc461b1e40e08b9b0bb00c21a6","isMergeCommit":true,"messageTitle":"Merge pull request #3 from elvern18/branch-A-Assertions","messageBody":"Implement assertions to Storage and TaskList files","tags":["A-Assertions"],"fileTypesAndContributionMap":{}},{"hash":"e81c223e446c09e6ad125c9f2407c1658ccb63aa","isMergeCommit":true,"messageTitle":"Merge branch \u0027master\u0027 into branch-A-CodeQuality","messageBody":"","fileTypesAndContributionMap":{}},{"hash":"21fa9e401764cae91cc9137548b96d5b7f22a7c5","isMergeCommit":true,"messageTitle":"Merge pull request #2 from elvern18/branch-A-CodeQuality","messageBody":"Made changes to adhere to Coding Standards ","tags":["A-CodeQuality"],"fileTypesAndContributionMap":{}},{"hash":"5d10c23fbe181c18e554eae344ab6d671cb5104a","isMergeCommit":false,"messageTitle":"Friendlier Syntax: Make input required more user friendly","messageBody":"Commands have to be spelt in full.\n\nA misspelling of the first word of the whole input will cause an error\nto be received.\n\nA shorter input will make it more flexible for the user to communication\nwith the chatbot on the instruction that they want the chatbot to\nexecute.\n\nUsers now can use a single letter to execute the type of command to the\nchatbot. This reduces room for misspelling.\n","tags":["BCD-Extension","A-FullCommitMessage"],"fileTypesAndContributionMap":{"java":{"insertions":55,"deletions":9}}},{"hash":"1b47d89c2d71035b31b39a0c6d1e351a8e6d3452","isMergeCommit":false,"messageTitle":"made some minor changes as well","messageBody":"","fileTypesAndContributionMap":{"java":{"insertions":16,"deletions":2}}},{"hash":"d37482373e8e8b47807ff45b47c3616a51e7b320","isMergeCommit":false,"messageTitle":"made javadocs changes","messageBody":"","fileTypesAndContributionMap":{"txt":{"insertions":1,"deletions":5},"java":{"insertions":2,"deletions":2}}}]},{"date":"2023-02-14","commitResults":[{"hash":"4a2cd78f13d7ba2e4c45b393391e6dd3ba9cf6ba","isMergeCommit":false,"messageTitle":"Update README.md","messageBody":"","fileTypesAndContributionMap":{"md":{"insertions":11,"deletions":5}}},{"hash":"5c12d7cd53539248984b987148d13e8dce28d155","isMergeCommit":false,"messageTitle":"Update README.md","messageBody":"","fileTypesAndContributionMap":{"md":{"insertions":2,"deletions":2}}},{"hash":"f865a1c102cd818f8f0a626aecc5f4444c94cf38","isMergeCommit":false,"messageTitle":"Update README.md","messageBody":"","fileTypesAndContributionMap":{"md":{"insertions":86,"deletions":5}}},{"hash":"70fb3d6c02cba02ce88b430413f1e7de9f616f0c","isMergeCommit":false,"messageTitle":"Update README.md","messageBody":"","fileTypesAndContributionMap":{"md":{"insertions":12,"deletions":5}}},{"hash":"3143943fd75a8676f01eaa2a7b4b3d6a7caadd4d","isMergeCommit":false,"messageTitle":"Update README.md","messageBody":"","tags":["A-UserGuide"],"fileTypesAndContributionMap":{"md":{"insertions":7,"deletions":0}}},{"hash":"5334e153ea34fd4367c7ea105ae2ed8c0bb22d29","isMergeCommit":false,"messageTitle":"final changes to UI and Exception output","messageBody":"","fileTypesAndContributionMap":{"txt":{"insertions":0,"deletions":1},"java":{"insertions":12,"deletions":9}}},{"hash":"f111ebe38d54f0d309b0914a0476adab9c54d018","isMergeCommit":true,"messageTitle":"Merge branch \u0027master\u0027 of https://github.com/elvern18/ip","messageBody":"","fileTypesAndContributionMap":{}},{"hash":"2aa931da1e08d577cffd731af26b43fd81e9ca6c","isMergeCommit":false,"messageTitle":"added additional exception for datetime format for deadline task","messageBody":"","fileTypesAndContributionMap":{"java":{"insertions":64,"deletions":8}}},{"hash":"5bb1d0accb2d36b54b92848f6b932bf78b7ff525","isMergeCommit":true,"messageTitle":"Merge branch \u0027master\u0027 of https://github.com/elvern18/ip","messageBody":"","fileTypesAndContributionMap":{}}]},{"date":"2023-02-15","commitResults":[{"hash":"bac17ae6041b8e30e463c33e51e06afc7b81ff44","isMergeCommit":false,"messageTitle":"Update README.md","messageBody":"","fileTypesAndContributionMap":{"md":{"insertions":1,"deletions":1}}},{"hash":"f8573afaec3f4c0f220dd1ae816b634b1cba0df2","isMergeCommit":false,"messageTitle":"Update README.md","messageBody":"","fileTypesAndContributionMap":{"md":{"insertions":121,"deletions":23}}},{"hash":"56eb56ba5d16605b77f61a827ac8aa1fdba59fa2","isMergeCommit":false,"messageTitle":"minor changes to code quality","messageBody":"","fileTypesAndContributionMap":{"java":{"insertions":2,"deletions":2}}}]},{"date":"2023-02-17","commitResults":[{"hash":"4e3b2dd6427cf08843b04269b034fd6d552dcc43","isMergeCommit":false,"messageTitle":"edited storage to make directory / file if not present","messageBody":"","fileTypesAndContributionMap":{"txt":{"insertions":1,"deletions":0},"java":{"insertions":6,"deletions":5}}},{"hash":"63c093650b610b03e66da5ad0742a7a931d00490","isMergeCommit":false,"messageTitle":"minor changes to coding standards","messageBody":"","tags":["A-Release"],"fileTypesAndContributionMap":{"java":{"insertions":4,"deletions":4}}}]}]},"authorFileTypeContributionMap":{"elvern18":{"java":1177,"md":228,"fxml":35,"sh":0,"bat":1,"gradle":23,"txt":3}},"authorContributionVariance":{"elvern18":33976.19},"authorDisplayNameMap":{"elvern18":"CS2103-F10-3 TAN ..VERN"}}
