{"authorDailyContributionsMap":{"vaidyanaath":[{"date":"2023-01-18","commitResults":[{"hash":"7796925e1738f9f5812df76dc9d8123d79e6a373","messageTitle":"Add greet, echo, exit features","messageBody":"","tags":["Level-1"],"fileTypesAndContributionMap":{"java":{"insertions":42,"deletions":6}}},{"hash":"50de2b81f842cb706a37f4cef09a4e83209dff08","messageTitle":"Add print task-list and add task features","messageBody":"","tags":["Level-2"],"fileTypesAndContributionMap":{"java":{"insertions":27,"deletions":3}}}]},{"date":"2023-01-19","commitResults":[{"hash":"d7f1cd760d07c37467ff253053de3290a1c0644f","messageTitle":"Add mark as done feature","messageBody":"","tags":["Level-3"],"fileTypesAndContributionMap":{"java":{"insertions":57,"deletions":5}}},{"hash":"6ca4d37cc67bf88c486654efb0f421c8a99bc90e","messageTitle":"Add todo, event, deadline features","messageBody":"","tags":["Level-4"],"fileTypesAndContributionMap":{"java":{"insertions":134,"deletions":3}}}]},{"date":"2023-01-20","commitResults":[{"hash":"3e9ea5611706a218a56c4e3e9cd4ab58eef42123","messageTitle":"Add automated text UI testing","messageBody":"","tags":["A-TextUiTesting"],"fileTypesAndContributionMap":{"txt":{"insertions":10,"deletions":0}}}]},{"date":"2023-01-23","commitResults":[{"hash":"d6db482bafba939c3b884218c379a350dfb1a860","messageTitle":"Add error handling for user input","messageBody":"","fileTypesAndContributionMap":{"java":{"insertions":129,"deletions":77}}}]},{"date":"2023-01-24","commitResults":[{"hash":"47f49472a35559f6cd12b689f25f34aa9374c8d6","messageTitle":"Add error handling with exceptions","messageBody":"","tags":["Level-5"],"fileTypesAndContributionMap":{"java":{"insertions":52,"deletions":42}}},{"hash":"5b88996c69c941771ad7b3ab9b85b71cbe239ed5","messageTitle":"Add delete task feature","messageBody":"","tags":["Level-6"],"fileTypesAndContributionMap":{"java":{"insertions":31,"deletions":0}}}]},{"date":"2023-01-27","commitResults":[{"hash":"42db70c23c5ecd7c463533c48539eadf5136c46a","messageTitle":"Add methods for representation of task states in data-file storage","messageBody":"","fileTypesAndContributionMap":{"java":{"insertions":35,"deletions":16}}},{"hash":"ffce52e83785981b6ef964992c0ef2adad058c7c","messageTitle":"Add TaskFileHandler to read/write task-list in data-file storage","messageBody":"","fileTypesAndContributionMap":{"java":{"insertions":116,"deletions":25}}}]},{"date":"2023-01-29","commitResults":[{"hash":"be9aab520bf9abdfd0024e3c0656b2961863a4ec","messageTitle":"Convert date strings to datetime objects","messageBody":"","fileTypesAndContributionMap":{"java":{"insertions":39,"deletions":11}}},{"hash":"18a53e9b274920e64907f701597b2b019a46e9ec","messageTitle":"Refactor user interaction methods into Ui class","messageBody":"","fileTypesAndContributionMap":{"java":{"insertions":27,"deletions":23}}},{"hash":"6687e5523a87d8c0cfa492950933d6bf4276ab70","messageTitle":"Rename TaskFileHandler to Storage class and refactor related methods","messageBody":"","fileTypesAndContributionMap":{"java":{"insertions":10,"deletions":9}}}]},{"date":"2023-01-31","commitResults":[{"hash":"298f0b249d337817b827988189172a9818808c0f","messageTitle":"Refactor task-list related methods into TaskList class, add Parser class","messageBody":"","tags":["A-MoreOOP"],"fileTypesAndContributionMap":{"java":{"insertions":257,"deletions":238}}},{"hash":"ff73820ed38cff0cfcb18ecea2db01459c40b701","messageTitle":"Organize classes into packages","messageBody":"","tags":["A-Packages"],"fileTypesAndContributionMap":{"java":{"insertions":55,"deletions":4}}}]},{"date":"2023-02-01","commitResults":[{"hash":"e4c0de851fc2217985304186150e9a315b377717","messageTitle":"Add JUnit tests for Event, TaskList classes","messageBody":"","tags":["v0.1","A-Jar","A-JUnit"],"fileTypesAndContributionMap":{"java":{"insertions":69,"deletions":0}}}]}]},"authorFileTypeContributionMap":{"vaidyanaath":{"java":625,"md":0,"fxml":0,"sh":0,"bat":0,"gradle":0,"txt":10}},"authorContributionVariance":{"vaidyanaath":17305.639},"authorDisplayNameMap":{"vaidyanaath":"CS2103T-W10-2 SURE..AATH"}}
