{"authorDailyContributionsMap":{"YZmunchmunch":[{"date":"2023-01-18","commitResults":[{"hash":"bbe4784fe23e0f42af06725056ebb16aaac655c4","messageTitle":"Level 1 changes","messageBody":"","tags":["Level-2"],"fileTypesAndContributionMap":{"java":{"insertions":24,"deletions":2}}},{"hash":"7b9dfd207f4843d1265d79bdcc4549c3b8df4b21","messageTitle":"Level-2 Changes","messageBody":"","fileTypesAndContributionMap":{"java":{"insertions":13,"deletions":4}}}]},{"date":"2023-01-19","commitResults":[{"hash":"741e97c79ba904889631702e0c6116b46cc1e2f7","messageTitle":"A-Classes","messageBody":"","tags":["Level-4"],"fileTypesAndContributionMap":{"java":{"insertions":37,"deletions":16}}},{"hash":"787f48b6972ce509112c9b536da3a3db344733c8","messageTitle":"Level-4","messageBody":"","fileTypesAndContributionMap":{"java":{"insertions":125,"deletions":21}}}]},{"date":"2023-01-20","commitResults":[{"hash":"11c8657d52ff1fd5f6dfe3e548e584ca32cbc96f","messageTitle":"Level-3","messageBody":"","tags":["Level-3"],"fileTypesAndContributionMap":{"java":{"insertions":2,"deletions":0}}},{"hash":"812f36ccea500ec1c8e2b26d1520b3bef2819cbf","messageTitle":"Level-3","messageBody":"","tags":["Level-5"],"fileTypesAndContributionMap":{"java":{"insertions":112,"deletions":54}}}]},{"date":"2023-01-21","commitResults":[{"hash":"66ae1d9427d6012ff32beabc485455e1de50ac11","messageTitle":"Level-5","messageBody":"","tags":["Level-6"],"fileTypesAndContributionMap":{"java":{"insertions":142,"deletions":156}}},{"hash":"f6f8ebafeabfd8588ec05694acd565a7cc4d9ff2","messageTitle":"Level-6","messageBody":"","fileTypesAndContributionMap":{"java":{"insertions":10,"deletions":1}}}]}]},"authorFileTypeContributionMap":{"YZmunchmunch":{"java":221,"md":0,"fxml":0,"sh":0,"bat":0,"gradle":0,"txt":0}},"authorContributionVariance":{"YZmunchmunch":11968.321},"authorDisplayNameMap":{"YZmunchmunch":"ANG ..YUZE"}}
