{"authorDailyContributionsMap":{"YZmunchmunch":[{"date":"2023-01-18","commitResults":[{"hash":"bbe4784fe23e0f42af06725056ebb16aaac655c4","messageTitle":"Level 1 changes","messageBody":"","tags":["Level-2"],"fileTypesAndContributionMap":{"java":{"insertions":24,"deletions":2}}},{"hash":"7b9dfd207f4843d1265d79bdcc4549c3b8df4b21","messageTitle":"Level-2 Changes","messageBody":"","fileTypesAndContributionMap":{"java":{"insertions":13,"deletions":4}}}]}]},"authorFileTypeContributionMap":{"YZmunchmunch":{"java":33,"md":0,"fxml":0,"sh":0,"bat":0,"gradle":0,"txt":0}},"authorContributionVariance":{"YZmunchmunch":256.80554},"authorDisplayNameMap":{"YZmunchmunch":"ANG ..YUZE"}}
