{"authorDailyContributionsMap":{"glozxi":[{"date":"2023-01-14","commitResults":[{"hash":"f0f1a3ffe8e64f1ea6caadd55445f0f76da3a943","messageTitle":"Modify greeting","messageBody":"","fileTypesAndContributionMap":{"java":{"insertions":10,"deletions":6}}}]},{"date":"2023-01-15","commitResults":[{"hash":"3187049e5f4ffdcfb9f7ed7915115d24bc6c0018","messageTitle":"Add buffered reader","messageBody":"","fileTypesAndContributionMap":{"java":{"insertions":2,"deletions":0}}},{"hash":"60aba4cf6ebe0587bf6295cc21e590c04a368acd","messageTitle":"Add format to Duke\u0027s messages","messageBody":"","fileTypesAndContributionMap":{"java":{"insertions":11,"deletions":1}}},{"hash":"d41bdc37ff1c76b549affc5521e825cdae68111d","messageTitle":"Add user input","messageBody":"Replace buffered reader with scanner. User can exit by inputting \"exit\".\n","fileTypesAndContributionMap":{"java":{"insertions":34,"deletions":6}}},{"hash":"0633d30e4d2155d27f19495c2382e65745a51b25","messageTitle":"Change exit command to \u0027bye\"","messageBody":"","fileTypesAndContributionMap":{"java":{"insertions":1,"deletions":1}}},{"hash":"cbaf5c66b28b450b474dace0d97f41a3a131e14c","messageTitle":"Add echo to user input","messageBody":"","tags":["Level-1"],"fileTypesAndContributionMap":{"java":{"insertions":18,"deletions":6}}}]},{"date":"2023-01-16","commitResults":[{"hash":"d6ec15efb3c3e7caa5b7564979842ac346484d2a","messageTitle":"Move printed strings into methods","messageBody":"","fileTypesAndContributionMap":{"java":{"insertions":5,"deletions":8}}},{"hash":"17e370bb2d84d05800776ede3542a9961ac9d4f7","messageTitle":"Add Task.java and TaskList.java","messageBody":"","fileTypesAndContributionMap":{"java":{"insertions":33,"deletions":0}}},{"hash":"9874d3ef386348631a8e022e3643530d3d51371d","messageTitle":"Add storing and displaying task","messageBody":"","fileTypesAndContributionMap":{"java":{"insertions":17,"deletions":2}}},{"hash":"1c16c39d2d17180c73864fca1b2772c2fe327c4d","messageTitle":"Remove unneeded \u0027this\u0027 keywords","messageBody":"","fileTypesAndContributionMap":{"java":{"insertions":4,"deletions":4}}},{"hash":"abaed77ce3a238b29f584717d29f9d2384612a11","messageTitle":"Remove last new line from TaskList string","messageBody":"","fileTypesAndContributionMap":{"java":{"insertions":4,"deletions":1}}},{"hash":"d3192017e97ce86d7d9a8d005ab764b0038c6db1","messageTitle":"Add display of the added task","messageBody":"","tags":["Level-2"],"fileTypesAndContributionMap":{"java":{"insertions":1,"deletions":0}}},{"hash":"216784e5b7e56a986b3ca6bb3bf7022481950aed","messageTitle":"Add methods to mark tasks as done or undone","messageBody":"","fileTypesAndContributionMap":{"java":{"insertions":35,"deletions":6}}},{"hash":"3b2e9c48deb2e012cf73410c918d0ac0c15b215b","messageTitle":"Add ability to mark tasks as done or undone","messageBody":"","fileTypesAndContributionMap":{"java":{"insertions":19,"deletions":4}}},{"hash":"6a9b7f4ce235752bdf83f0f4cc0261ba1d208a3f","messageTitle":"Add text display after mark, unmark and list","messageBody":"","tags":["Level-3"],"fileTypesAndContributionMap":{"java":{"insertions":22,"deletions":10}}},{"hash":"ffa3abd386b97a52c9225289ceb8a7676ef9b497","messageTitle":"Add deadline, event, todo classes","messageBody":"","fileTypesAndContributionMap":{"java":{"insertions":29,"deletions":3}}},{"hash":"cecae3f4d28a517325987649da26a74b139a1ac8","messageTitle":"Add ability to track todos, events, deadlines","messageBody":"","fileTypesAndContributionMap":{"java":{"insertions":67,"deletions":10}}},{"hash":"bb984edbad0cb22b3f5906e689e1cdcbc14f4674","messageTitle":"Change task list for adding tasks directly","messageBody":"Pass in tasks instead of strings\n","tags":["Level-4"],"fileTypesAndContributionMap":{"java":{"insertions":7,"deletions":19}}},{"hash":"603117ba78b2bbaf070a0c580d5be6f186d22c86","messageTitle":"Add automated text UI testing","messageBody":"","tags":["A-TextUiTesting"],"fileTypesAndContributionMap":{"txt":{"insertions":11,"deletions":0},"bat":{"insertions":1,"deletions":1}}},{"hash":"a0ea398c02a9eb4445ba94cd41f4f12b318650af","messageTitle":"Add DukeException.java","messageBody":"","fileTypesAndContributionMap":{"java":{"insertions":3,"deletions":0}}}]},{"date":"2023-01-17","commitResults":[{"hash":"077b9d6f88ba034277118dd0a71711068fdf447f","messageTitle":"Add invalid command exception","messageBody":"","fileTypesAndContributionMap":{"java":{"insertions":44,"deletions":25}}},{"hash":"098b90b5ce87679bfa8207d1ca21945374393e78","messageTitle":"Add invalid argument exception","messageBody":"","fileTypesAndContributionMap":{"txt":{"insertions":18,"deletions":0},"java":{"insertions":44,"deletions":14}}},{"hash":"dbc3b2de4e184daa968d53d746162680089e347f","messageTitle":"Add empty argument exception","messageBody":"","fileTypesAndContributionMap":{"java":{"insertions":47,"deletions":17}}},{"hash":"6a75f3f076b916e49c84c275ac58d1a32f4965e9","messageTitle":"Add empty argument exception and exception tests","messageBody":"","tags":["Level-5"],"fileTypesAndContributionMap":{"txt":{"insertions":15,"deletions":1},"java":{"insertions":24,"deletions":10}}}]},{"date":"2023-01-18","commitResults":[{"hash":"c95ddda0912270cf1f76660e7725af038a76b43c","messageTitle":"Add methods to remove task","messageBody":"","fileTypesAndContributionMap":{"java":{"insertions":19,"deletions":0}}},{"hash":"33de8ca6ef4a7f5f154409fe6645bad7176b2082","messageTitle":"Change checking of invalid task number","messageBody":"","fileTypesAndContributionMap":{"java":{"insertions":3,"deletions":17}}},{"hash":"d9f0294570f8486617ef55bf88a6722452ebbf07","messageTitle":"Add ability to delete tasks","messageBody":"","tags":["Level-6"],"fileTypesAndContributionMap":{"txt":{"insertions":6,"deletions":0},"java":{"insertions":7,"deletions":1}}},{"hash":"93cf5f407aa05c988e8e7ff0d94afffea546d76f","messageTitle":"Use enums for command types","messageBody":"","tags":["A-Enums"],"fileTypesAndContributionMap":{"java":{"insertions":52,"deletions":35}}}]},{"date":"2023-01-23","commitResults":[{"hash":"81615dc2170c610f15b756beaff8842a499a56b8","messageTitle":"Add save and load methods","messageBody":"","fileTypesAndContributionMap":{"java":{"insertions":95,"deletions":0}}},{"hash":"4bbc39dde6cf031ae01e892de2c789748c71aed6","messageTitle":"Change save and load methods to throw exceptions","messageBody":"","fileTypesAndContributionMap":{"java":{"insertions":9,"deletions":5}}},{"hash":"bb2348e5ed8567e40cc2adc3a863cf672e738cce","messageTitle":"Use LocalDateTime for date and time","messageBody":"","fileTypesAndContributionMap":{"txt":{"insertions":7,"deletions":6},"java":{"insertions":33,"deletions":9}}},{"hash":"0a930f6b17985888c957ace364fa97ce67ecd795","messageTitle":"Add Storage and Ui classes","messageBody":"","fileTypesAndContributionMap":{"java":{"insertions":4,"deletions":0}}},{"hash":"f26d6d636d4d2cf0f33b9e65f0da36e56e555a10","messageTitle":"Correct merge mistakes","messageBody":"","fileTypesAndContributionMap":{"java":{"insertions":2,"deletions":4}}},{"hash":"5cb036f96879be4c888ef788dfb0c34afd2b893c","messageTitle":"Use Ui for interactions with the user","messageBody":"","fileTypesAndContributionMap":{"java":{"insertions":44,"deletions":42}}},{"hash":"091d8ed6d75edc91577cc8494f14dc2847a5e226","messageTitle":"Fix saving and loading date and time","messageBody":"","fileTypesAndContributionMap":{"java":{"insertions":4,"deletions":2}}},{"hash":"0b4edf1cd993e53371634d1338651c3e9628cbb0","messageTitle":"Move save and load methods to Storage class","messageBody":"","fileTypesAndContributionMap":{"java":{"insertions":77,"deletions":52}}},{"hash":"da4b27aa8feb6bda7b494d37ce89fd14b968e755","messageTitle":"Remove unused method","messageBody":"","fileTypesAndContributionMap":{"java":{"insertions":0,"deletions":4}}},{"hash":"07322d9cfad8b96d16e6e370d2b9de5ea438f384","messageTitle":"Use instance methods and variables for Duke.java","messageBody":"","fileTypesAndContributionMap":{"java":{"insertions":30,"deletions":22}}},{"hash":"7ee634d5c65e573c8a23e6444d8c52fc44d6f1f2","messageTitle":"Add a few command classes","messageBody":"","fileTypesAndContributionMap":{"java":{"insertions":24,"deletions":1}}}]}]},"authorFileTypeContributionMap":{"glozxi":{"java":545,"md":0,"fxml":0,"sh":0,"bat":1,"gradle":0,"txt":50}},"authorContributionVariance":{"glozxi":24841.9},"authorDisplayNameMap":{"glozxi":"CS2103T-T11-3 GLOR..NHUI"}}
