[{"path":"src/data/duke.txt","fileType":"txt","lines":[{"lineNumber":1,"author":{"gitId":"shittake"},"content":"2","lastModifiedDate":"2023-01-23"},{"lineNumber":2,"author":{"gitId":"shittake"},"content":"[T][X] asdkaskdask","lastModifiedDate":"2023-01-23"},{"lineNumber":3,"author":{"gitId":"shittake"},"content":"[T][X] waiewaie","lastModifiedDate":"2023-01-23"}],"authorContributionMap":{"shittake":3}},{"path":"src/main/java/Checker.java","fileType":"java","lines":[{"lineNumber":1,"author":{"gitId":"shittake"},"content":"public class Checker {","lastModifiedDate":"2023-01-18"},{"lineNumber":2,"author":{"gitId":"shittake"},"content":"    public boolean checkEnd(String userInput) {","lastModifiedDate":"2023-01-18"},{"lineNumber":3,"author":{"gitId":"shittake"},"content":"        if (userInput.equals(\"bye\")) {","lastModifiedDate":"2023-01-18"},{"lineNumber":4,"author":{"gitId":"shittake"},"content":"            return true;","lastModifiedDate":"2023-01-18"},{"lineNumber":5,"author":{"gitId":"shittake"},"content":"        } else {","lastModifiedDate":"2023-01-18"},{"lineNumber":6,"author":{"gitId":"shittake"},"content":"            return false;","lastModifiedDate":"2023-01-18"},{"lineNumber":7,"author":{"gitId":"shittake"},"content":"        }","lastModifiedDate":"2023-01-18"},{"lineNumber":8,"author":{"gitId":"shittake"},"content":"    }","lastModifiedDate":"2023-01-18"},{"lineNumber":9,"author":{"gitId":"shittake"},"content":"","lastModifiedDate":"2023-01-18"},{"lineNumber":10,"author":{"gitId":"shittake"},"content":"    public boolean checkListRequest(String userInput) {","lastModifiedDate":"2023-01-18"},{"lineNumber":11,"author":{"gitId":"shittake"},"content":"        if (userInput.equals(\"list\")) {","lastModifiedDate":"2023-01-18"},{"lineNumber":12,"author":{"gitId":"shittake"},"content":"            return true;","lastModifiedDate":"2023-01-18"},{"lineNumber":13,"author":{"gitId":"shittake"},"content":"        } else {","lastModifiedDate":"2023-01-18"},{"lineNumber":14,"author":{"gitId":"shittake"},"content":"            return false;","lastModifiedDate":"2023-01-18"},{"lineNumber":15,"author":{"gitId":"shittake"},"content":"        }","lastModifiedDate":"2023-01-18"},{"lineNumber":16,"author":{"gitId":"shittake"},"content":"    }","lastModifiedDate":"2023-01-18"},{"lineNumber":17,"author":{"gitId":"shittake"},"content":"","lastModifiedDate":"2023-01-18"},{"lineNumber":18,"author":{"gitId":"shittake"},"content":"    public boolean checkMarkRequest(String userInput) {","lastModifiedDate":"2023-01-18"},{"lineNumber":19,"author":{"gitId":"shittake"},"content":"        String[] terms \u003d userInput.split(\" \");","lastModifiedDate":"2023-01-18"},{"lineNumber":20,"author":{"gitId":"shittake"},"content":"        if (terms[0].equals(\"mark\") \u0026\u0026 terms.length \u003d\u003d 2) {","lastModifiedDate":"2023-01-18"},{"lineNumber":21,"author":{"gitId":"shittake"},"content":"            return true;","lastModifiedDate":"2023-01-18"},{"lineNumber":22,"author":{"gitId":"shittake"},"content":"        } else {","lastModifiedDate":"2023-01-18"},{"lineNumber":23,"author":{"gitId":"shittake"},"content":"            return false;","lastModifiedDate":"2023-01-18"},{"lineNumber":24,"author":{"gitId":"shittake"},"content":"        }","lastModifiedDate":"2023-01-18"},{"lineNumber":25,"author":{"gitId":"shittake"},"content":"    }","lastModifiedDate":"2023-01-18"},{"lineNumber":26,"author":{"gitId":"shittake"},"content":"","lastModifiedDate":"2023-01-18"},{"lineNumber":27,"author":{"gitId":"shittake"},"content":"    public boolean checkDeleteRequest(String userInput) {","lastModifiedDate":"2023-01-18"},{"lineNumber":28,"author":{"gitId":"shittake"},"content":"        String[] terms \u003d userInput.split(\" \");","lastModifiedDate":"2023-01-18"},{"lineNumber":29,"author":{"gitId":"shittake"},"content":"        if (terms[0].equals(\"delete\") \u0026\u0026 terms.length \u003d\u003d 2) {","lastModifiedDate":"2023-01-18"},{"lineNumber":30,"author":{"gitId":"shittake"},"content":"            return true;","lastModifiedDate":"2023-01-18"},{"lineNumber":31,"author":{"gitId":"shittake"},"content":"        } else {","lastModifiedDate":"2023-01-18"},{"lineNumber":32,"author":{"gitId":"shittake"},"content":"            return false;","lastModifiedDate":"2023-01-18"},{"lineNumber":33,"author":{"gitId":"shittake"},"content":"        }","lastModifiedDate":"2023-01-18"},{"lineNumber":34,"author":{"gitId":"shittake"},"content":"    }","lastModifiedDate":"2023-01-18"},{"lineNumber":35,"author":{"gitId":"shittake"},"content":"}","lastModifiedDate":"2023-01-18"}],"authorContributionMap":{"shittake":35}},{"path":"src/main/java/Deadline.java","fileType":"java","lines":[{"lineNumber":1,"author":{"gitId":"shittake"},"content":"import java.time.LocalDate;","lastModifiedDate":"2023-01-23"},{"lineNumber":2,"author":{"gitId":"shittake"},"content":"import java.time.format.DateTimeFormatter;","lastModifiedDate":"2023-01-23"},{"lineNumber":3,"author":{"gitId":"shittake"},"content":"","lastModifiedDate":"2023-01-23"},{"lineNumber":4,"author":{"gitId":"shittake"},"content":"public class Deadline extends Task {","lastModifiedDate":"2023-01-18"},{"lineNumber":5,"author":{"gitId":"shittake"},"content":"","lastModifiedDate":"2023-01-18"},{"lineNumber":6,"author":{"gitId":"shittake"},"content":"    protected LocalDate by;","lastModifiedDate":"2023-01-23"},{"lineNumber":7,"author":{"gitId":"shittake"},"content":"","lastModifiedDate":"2023-01-18"},{"lineNumber":8,"author":{"gitId":"shittake"},"content":"    public Deadline(String description, String by) {","lastModifiedDate":"2023-01-18"},{"lineNumber":9,"author":{"gitId":"shittake"},"content":"        super(description);","lastModifiedDate":"2023-01-18"},{"lineNumber":10,"author":{"gitId":"shittake"},"content":"        this.by \u003d LocalDate.parse(by);","lastModifiedDate":"2023-01-23"},{"lineNumber":11,"author":{"gitId":"shittake"},"content":"    }","lastModifiedDate":"2023-01-18"},{"lineNumber":12,"author":{"gitId":"shittake"},"content":"","lastModifiedDate":"2023-01-18"},{"lineNumber":13,"author":{"gitId":"shittake"},"content":"    @Override","lastModifiedDate":"2023-01-18"},{"lineNumber":14,"author":{"gitId":"shittake"},"content":"    public String toString() {","lastModifiedDate":"2023-01-18"},{"lineNumber":15,"author":{"gitId":"shittake"},"content":"        String dateFormat \u003d by.format(DateTimeFormatter.ofPattern(\"MMM d yyyy\"));","lastModifiedDate":"2023-01-23"},{"lineNumber":16,"author":{"gitId":"shittake"},"content":"        return \"[D]\" + super.toString() + \" (by: \" + dateFormat + \")\";","lastModifiedDate":"2023-01-23"},{"lineNumber":17,"author":{"gitId":"shittake"},"content":"    }","lastModifiedDate":"2023-01-18"},{"lineNumber":18,"author":{"gitId":"shittake"},"content":"","lastModifiedDate":"2023-01-23"},{"lineNumber":19,"author":{"gitId":"shittake"},"content":"    public String parse() {","lastModifiedDate":"2023-01-23"},{"lineNumber":20,"author":{"gitId":"shittake"},"content":"        return \"[D]\" + super.parse() + \" (by: \" + by + \")\";","lastModifiedDate":"2023-01-23"},{"lineNumber":21,"author":{"gitId":"shittake"},"content":"    }","lastModifiedDate":"2023-01-23"},{"lineNumber":22,"author":{"gitId":"shittake"},"content":"}","lastModifiedDate":"2023-01-18"}],"authorContributionMap":{"shittake":22}},{"path":"src/main/java/Duke.java","fileType":"java","lines":[{"lineNumber":1,"author":{"gitId":"shittake"},"content":"import java.io.File;","lastModifiedDate":"2023-01-22"},{"lineNumber":2,"author":{"gitId":"shittake"},"content":"import java.io.FileNotFoundException;","lastModifiedDate":"2023-01-22"},{"lineNumber":3,"author":{"gitId":"shittake"},"content":"import java.io.IOException;","lastModifiedDate":"2023-01-22"},{"lineNumber":4,"author":{"gitId":"shittake"},"content":"","lastModifiedDate":"2023-01-22"},{"lineNumber":5,"author":{"gitId":"shittake"},"content":"import java.nio.file.FileAlreadyExistsException;","lastModifiedDate":"2023-01-22"},{"lineNumber":6,"author":{"gitId":"shittake"},"content":"import java.nio.file.Files;","lastModifiedDate":"2023-01-22"},{"lineNumber":7,"author":{"gitId":"shittake"},"content":"import java.nio.file.Path;","lastModifiedDate":"2023-01-22"},{"lineNumber":8,"author":{"gitId":"shittake"},"content":"import java.nio.file.Paths;","lastModifiedDate":"2023-01-22"},{"lineNumber":9,"author":{"gitId":"shittake"},"content":"","lastModifiedDate":"2023-01-22"},{"lineNumber":10,"author":{"gitId":"shittake"},"content":"import java.util.ArrayList;","lastModifiedDate":"2023-01-18"},{"lineNumber":11,"author":{"gitId":"shittake"},"content":"import java.util.Scanner;","lastModifiedDate":"2023-01-18"},{"lineNumber":12,"author":{"gitId":"shittake"},"content":"","lastModifiedDate":"2023-01-18"},{"lineNumber":13,"author":{"gitId":"-"},"content":"public class Duke {","lastModifiedDate":"2019-07-29"},{"lineNumber":14,"author":{"gitId":"-"},"content":"    public static void main(String[] args) {","lastModifiedDate":"2019-07-29"},{"lineNumber":15,"author":{"gitId":"-"},"content":"        String logo \u003d \" ____        _        \\n\"","lastModifiedDate":"2019-07-29"},{"lineNumber":16,"author":{"gitId":"-"},"content":"                + \"|  _ \\\\ _   _| | _____ \\n\"","lastModifiedDate":"2019-07-29"},{"lineNumber":17,"author":{"gitId":"-"},"content":"                + \"| | | | | | | |/ / _ \\\\\\n\"","lastModifiedDate":"2019-07-29"},{"lineNumber":18,"author":{"gitId":"-"},"content":"                + \"| |_| | |_| |   \u003c  __/\\n\"","lastModifiedDate":"2019-07-29"},{"lineNumber":19,"author":{"gitId":"-"},"content":"                + \"|____/ \\\\__,_|_|\\\\_\\\\___|\\n\";","lastModifiedDate":"2019-07-29"},{"lineNumber":20,"author":{"gitId":"-"},"content":"        System.out.println(\"Hello from\\n\" + logo);","lastModifiedDate":"2019-07-29"},{"lineNumber":21,"author":{"gitId":"shittake"},"content":"        introMessage();","lastModifiedDate":"2023-01-18"},{"lineNumber":22,"author":{"gitId":"shittake"},"content":"","lastModifiedDate":"2023-01-18"},{"lineNumber":23,"author":{"gitId":"shittake"},"content":"        Checker checker \u003d new Checker();","lastModifiedDate":"2023-01-18"},{"lineNumber":24,"author":{"gitId":"shittake"},"content":"        Scanner scan \u003d new Scanner(System.in);","lastModifiedDate":"2023-01-18"},{"lineNumber":25,"author":{"gitId":"shittake"},"content":"        String userInput \u003d scan.nextLine();","lastModifiedDate":"2023-01-18"},{"lineNumber":26,"author":{"gitId":"shittake"},"content":"        ArrayList\u003cTask\u003e lstOfItems \u003d new ArrayList\u003c\u003e();","lastModifiedDate":"2023-01-18"},{"lineNumber":27,"author":{"gitId":"shittake"},"content":"        String path \u003d \"src/data/duke.txt\";","lastModifiedDate":"2023-01-22"},{"lineNumber":28,"author":{"gitId":"shittake"},"content":"","lastModifiedDate":"2023-01-22"},{"lineNumber":29,"author":{"gitId":"shittake"},"content":"        // Idea for the following code snippet to create a file is referenced from:","lastModifiedDate":"2023-01-22"},{"lineNumber":30,"author":{"gitId":"shittake"},"content":"        // https://stackoverflow.com/questions/6142901/how-to-create-a-file-in-a-directory-in-java","lastModifiedDate":"2023-01-22"},{"lineNumber":31,"author":{"gitId":"shittake"},"content":"        boolean isExistFile \u003d new java.io.File(\"src/data/duke.txt\").exists();","lastModifiedDate":"2023-01-22"},{"lineNumber":32,"author":{"gitId":"shittake"},"content":"        if (!isExistFile) {","lastModifiedDate":"2023-01-22"},{"lineNumber":33,"author":{"gitId":"shittake"},"content":"            Path desiredPath \u003d Paths.get(\"src/data/duke.txt\");","lastModifiedDate":"2023-01-22"},{"lineNumber":34,"author":{"gitId":"shittake"},"content":"","lastModifiedDate":"2023-01-22"},{"lineNumber":35,"author":{"gitId":"shittake"},"content":"            try {","lastModifiedDate":"2023-01-22"},{"lineNumber":36,"author":{"gitId":"shittake"},"content":"                Files.createDirectories(desiredPath.getParent());","lastModifiedDate":"2023-01-22"},{"lineNumber":37,"author":{"gitId":"shittake"},"content":"            } catch (IOException err) {","lastModifiedDate":"2023-01-22"},{"lineNumber":38,"author":{"gitId":"shittake"},"content":"                System.out.println(err);","lastModifiedDate":"2023-01-22"},{"lineNumber":39,"author":{"gitId":"shittake"},"content":"            }","lastModifiedDate":"2023-01-22"},{"lineNumber":40,"author":{"gitId":"shittake"},"content":"","lastModifiedDate":"2023-01-22"},{"lineNumber":41,"author":{"gitId":"shittake"},"content":"            try {","lastModifiedDate":"2023-01-22"},{"lineNumber":42,"author":{"gitId":"shittake"},"content":"                Files.createFile(desiredPath);","lastModifiedDate":"2023-01-22"},{"lineNumber":43,"author":{"gitId":"shittake"},"content":"            } catch (FileAlreadyExistsException err) {","lastModifiedDate":"2023-01-22"},{"lineNumber":44,"author":{"gitId":"shittake"},"content":"                System.err.println(\"already exists: \" + err.getMessage());","lastModifiedDate":"2023-01-22"},{"lineNumber":45,"author":{"gitId":"shittake"},"content":"            } catch (IOException err) {","lastModifiedDate":"2023-01-22"},{"lineNumber":46,"author":{"gitId":"shittake"},"content":"                System.out.println(err);","lastModifiedDate":"2023-01-22"},{"lineNumber":47,"author":{"gitId":"shittake"},"content":"            }","lastModifiedDate":"2023-01-22"},{"lineNumber":48,"author":{"gitId":"shittake"},"content":"","lastModifiedDate":"2023-01-23"},{"lineNumber":49,"author":{"gitId":"shittake"},"content":"            try {","lastModifiedDate":"2023-01-23"},{"lineNumber":50,"author":{"gitId":"shittake"},"content":"                Files.write(Paths.get(path), \"0\".getBytes());","lastModifiedDate":"2023-01-23"},{"lineNumber":51,"author":{"gitId":"shittake"},"content":"            } catch (IOException err) {","lastModifiedDate":"2023-01-23"},{"lineNumber":52,"author":{"gitId":"shittake"},"content":"                System.out.println(err);","lastModifiedDate":"2023-01-23"},{"lineNumber":53,"author":{"gitId":"shittake"},"content":"            }","lastModifiedDate":"2023-01-23"},{"lineNumber":54,"author":{"gitId":"shittake"},"content":"        } else {","lastModifiedDate":"2023-01-22"},{"lineNumber":55,"author":{"gitId":"shittake"},"content":"            try {","lastModifiedDate":"2023-01-22"},{"lineNumber":56,"author":{"gitId":"shittake"},"content":"                File savedFile \u003d new File(path);","lastModifiedDate":"2023-01-22"},{"lineNumber":57,"author":{"gitId":"shittake"},"content":"                Scanner fileScanner \u003d new Scanner(savedFile);","lastModifiedDate":"2023-01-22"},{"lineNumber":58,"author":{"gitId":"shittake"},"content":"                int noOfTasks \u003d Integer.parseInt(fileScanner.nextLine());","lastModifiedDate":"2023-01-22"},{"lineNumber":59,"author":{"gitId":"shittake"},"content":"                for (int i \u003d 0; i \u003c noOfTasks; i++) {","lastModifiedDate":"2023-01-22"},{"lineNumber":60,"author":{"gitId":"shittake"},"content":"                    String curr \u003d fileScanner.nextLine();","lastModifiedDate":"2023-01-22"},{"lineNumber":61,"author":{"gitId":"shittake"},"content":"                    parseTask(lstOfItems, curr);","lastModifiedDate":"2023-01-22"},{"lineNumber":62,"author":{"gitId":"shittake"},"content":"                }","lastModifiedDate":"2023-01-22"},{"lineNumber":63,"author":{"gitId":"shittake"},"content":"            } catch (FileNotFoundException err) {","lastModifiedDate":"2023-01-22"},{"lineNumber":64,"author":{"gitId":"shittake"},"content":"                System.out.println(err);","lastModifiedDate":"2023-01-22"},{"lineNumber":65,"author":{"gitId":"shittake"},"content":"            }","lastModifiedDate":"2023-01-22"},{"lineNumber":66,"author":{"gitId":"shittake"},"content":"        }","lastModifiedDate":"2023-01-22"},{"lineNumber":67,"author":{"gitId":"shittake"},"content":"","lastModifiedDate":"2023-01-22"},{"lineNumber":68,"author":{"gitId":"shittake"},"content":"","lastModifiedDate":"2023-01-23"},{"lineNumber":69,"author":{"gitId":"shittake"},"content":"","lastModifiedDate":"2023-01-18"},{"lineNumber":70,"author":{"gitId":"shittake"},"content":"        while (!checker.checkEnd(userInput)) {","lastModifiedDate":"2023-01-18"},{"lineNumber":71,"author":{"gitId":"shittake"},"content":"            if (checker.checkListRequest(userInput)) {","lastModifiedDate":"2023-01-18"},{"lineNumber":72,"author":{"gitId":"shittake"},"content":"                if (lstOfItems.size() \u003d\u003d 0 ) {","lastModifiedDate":"2023-01-18"},{"lineNumber":73,"author":{"gitId":"shittake"},"content":"                    System.out.println(\"Nothing here yet. Add your 1st item!\");","lastModifiedDate":"2023-01-18"},{"lineNumber":74,"author":{"gitId":"shittake"},"content":"                } else {","lastModifiedDate":"2023-01-18"},{"lineNumber":75,"author":{"gitId":"shittake"},"content":"                    for (int i \u003d 0; i \u003c lstOfItems.size(); i++) {","lastModifiedDate":"2023-01-18"},{"lineNumber":76,"author":{"gitId":"shittake"},"content":"                        System.out.print(String.valueOf(i + 1) + \".\");","lastModifiedDate":"2023-01-18"},{"lineNumber":77,"author":{"gitId":"shittake"},"content":"                        System.out.println(lstOfItems.get(i));","lastModifiedDate":"2023-01-18"},{"lineNumber":78,"author":{"gitId":"shittake"},"content":"                    }","lastModifiedDate":"2023-01-18"},{"lineNumber":79,"author":{"gitId":"shittake"},"content":"                }","lastModifiedDate":"2023-01-18"},{"lineNumber":80,"author":{"gitId":"shittake"},"content":"            } else if (checker.checkMarkRequest(userInput)) {","lastModifiedDate":"2023-01-18"},{"lineNumber":81,"author":{"gitId":"shittake"},"content":"                String[] terms \u003d userInput.split(\" \");","lastModifiedDate":"2023-01-18"},{"lineNumber":82,"author":{"gitId":"shittake"},"content":"                int itemNo \u003d Integer.parseInt(terms[1]) - 1;","lastModifiedDate":"2023-01-18"},{"lineNumber":83,"author":{"gitId":"shittake"},"content":"                lstOfItems.get(itemNo).makeCompleted();","lastModifiedDate":"2023-01-18"},{"lineNumber":84,"author":{"gitId":"shittake"},"content":"                System.out.println(\"Ok, I\u0027ve marked this Task as completed:\");","lastModifiedDate":"2023-01-18"},{"lineNumber":85,"author":{"gitId":"shittake"},"content":"                System.out.println(lstOfItems.get(itemNo));","lastModifiedDate":"2023-01-18"},{"lineNumber":86,"author":{"gitId":"shittake"},"content":"            } else if (checker.checkDeleteRequest(userInput)) {","lastModifiedDate":"2023-01-18"},{"lineNumber":87,"author":{"gitId":"shittake"},"content":"                String[] terms \u003d userInput.split(\" \");","lastModifiedDate":"2023-01-18"},{"lineNumber":88,"author":{"gitId":"shittake"},"content":"                int itemNo \u003d Integer.parseInt(terms[1]) - 1;","lastModifiedDate":"2023-01-18"},{"lineNumber":89,"author":{"gitId":"shittake"},"content":"                System.out.println(\"Noted. I\u0027ll remove this task:\");","lastModifiedDate":"2023-01-18"},{"lineNumber":90,"author":{"gitId":"shittake"},"content":"                System.out.println(lstOfItems.get(itemNo));","lastModifiedDate":"2023-01-18"},{"lineNumber":91,"author":{"gitId":"shittake"},"content":"                lstOfItems.remove(itemNo);","lastModifiedDate":"2023-01-18"},{"lineNumber":92,"author":{"gitId":"shittake"},"content":"                String remaining \u003d (lstOfItems.size() \u003d\u003d 1) ? \" task\" : \" tasks\";","lastModifiedDate":"2023-01-18"},{"lineNumber":93,"author":{"gitId":"shittake"},"content":"                System.out.print(\"Now you have \");","lastModifiedDate":"2023-01-18"},{"lineNumber":94,"author":{"gitId":"shittake"},"content":"                System.out.println(String.valueOf(lstOfItems.size()) + remaining + \" left!\");","lastModifiedDate":"2023-01-18"},{"lineNumber":95,"author":{"gitId":"shittake"},"content":"            } else {","lastModifiedDate":"2023-01-18"},{"lineNumber":96,"author":{"gitId":"shittake"},"content":"                String[] terms \u003d userInput.split(\" \");","lastModifiedDate":"2023-01-18"},{"lineNumber":97,"author":{"gitId":"shittake"},"content":"                Task newTask;","lastModifiedDate":"2023-01-18"},{"lineNumber":98,"author":{"gitId":"shittake"},"content":"                if (terms[0].equals(\"todo\")) {","lastModifiedDate":"2023-01-18"},{"lineNumber":99,"author":{"gitId":"shittake"},"content":"                    try {","lastModifiedDate":"2023-01-18"},{"lineNumber":100,"author":{"gitId":"shittake"},"content":"                        if (terms.length \u003d\u003d 1) {","lastModifiedDate":"2023-01-18"},{"lineNumber":101,"author":{"gitId":"shittake"},"content":"                            String error \u003d \"The description of a todo cannot be empty\";","lastModifiedDate":"2023-01-18"},{"lineNumber":102,"author":{"gitId":"shittake"},"content":"                            throw new DukeException(error);","lastModifiedDate":"2023-01-18"},{"lineNumber":103,"author":{"gitId":"shittake"},"content":"                        }","lastModifiedDate":"2023-01-18"},{"lineNumber":104,"author":{"gitId":"shittake"},"content":"                        newTask \u003d new Todo(userInput.substring(5));","lastModifiedDate":"2023-01-18"},{"lineNumber":105,"author":{"gitId":"shittake"},"content":"                        addTask(lstOfItems, newTask);","lastModifiedDate":"2023-01-18"},{"lineNumber":106,"author":{"gitId":"shittake"},"content":"                    } catch (DukeException err) {","lastModifiedDate":"2023-01-18"},{"lineNumber":107,"author":{"gitId":"shittake"},"content":"                        System.out.println(err);","lastModifiedDate":"2023-01-18"},{"lineNumber":108,"author":{"gitId":"shittake"},"content":"                    }","lastModifiedDate":"2023-01-18"},{"lineNumber":109,"author":{"gitId":"shittake"},"content":"                } else if (terms[0].equals(\"deadline\")) {","lastModifiedDate":"2023-01-18"},{"lineNumber":110,"author":{"gitId":"shittake"},"content":"                    String[] splitBySlash \u003d userInput.split(\"/\");","lastModifiedDate":"2023-01-18"},{"lineNumber":111,"author":{"gitId":"shittake"},"content":"                    try {","lastModifiedDate":"2023-01-18"},{"lineNumber":112,"author":{"gitId":"shittake"},"content":"                        if (splitBySlash.length !\u003d 2) {","lastModifiedDate":"2023-01-18"},{"lineNumber":113,"author":{"gitId":"shittake"},"content":"                            throw new DukeException(\"Wrong format for deadline Task\");","lastModifiedDate":"2023-01-18"},{"lineNumber":114,"author":{"gitId":"shittake"},"content":"                        }","lastModifiedDate":"2023-01-18"},{"lineNumber":115,"author":{"gitId":"shittake"},"content":"                        String description \u003d splitBySlash[0].substring(9);","lastModifiedDate":"2023-01-18"},{"lineNumber":116,"author":{"gitId":"shittake"},"content":"                        String by \u003d splitBySlash[1].substring(3);","lastModifiedDate":"2023-01-18"},{"lineNumber":117,"author":{"gitId":"shittake"},"content":"                        newTask \u003d new Deadline(description, by);","lastModifiedDate":"2023-01-18"},{"lineNumber":118,"author":{"gitId":"shittake"},"content":"                        addTask(lstOfItems, newTask);","lastModifiedDate":"2023-01-18"},{"lineNumber":119,"author":{"gitId":"shittake"},"content":"                    } catch (DukeException err) {","lastModifiedDate":"2023-01-18"},{"lineNumber":120,"author":{"gitId":"shittake"},"content":"                        System.out.println(err);","lastModifiedDate":"2023-01-18"},{"lineNumber":121,"author":{"gitId":"shittake"},"content":"                    }","lastModifiedDate":"2023-01-18"},{"lineNumber":122,"author":{"gitId":"shittake"},"content":"","lastModifiedDate":"2023-01-18"},{"lineNumber":123,"author":{"gitId":"shittake"},"content":"                } else if (terms[0].equals(\"event\")) {","lastModifiedDate":"2023-01-18"},{"lineNumber":124,"author":{"gitId":"shittake"},"content":"                    String[] splitBySlash \u003d userInput.split(\"/\");","lastModifiedDate":"2023-01-18"},{"lineNumber":125,"author":{"gitId":"shittake"},"content":"                    try {","lastModifiedDate":"2023-01-18"},{"lineNumber":126,"author":{"gitId":"shittake"},"content":"                        if (splitBySlash.length !\u003d 3) {","lastModifiedDate":"2023-01-18"},{"lineNumber":127,"author":{"gitId":"shittake"},"content":"                            throw new DukeException(\"Wrong format for event Task\");","lastModifiedDate":"2023-01-18"},{"lineNumber":128,"author":{"gitId":"shittake"},"content":"                        }","lastModifiedDate":"2023-01-18"},{"lineNumber":129,"author":{"gitId":"shittake"},"content":"                        String description \u003d splitBySlash[0].substring(6);","lastModifiedDate":"2023-01-18"},{"lineNumber":130,"author":{"gitId":"shittake"},"content":"                        String from \u003d splitBySlash[1].substring(5);","lastModifiedDate":"2023-01-18"},{"lineNumber":131,"author":{"gitId":"shittake"},"content":"                        String to \u003d splitBySlash[2].substring(3);","lastModifiedDate":"2023-01-18"},{"lineNumber":132,"author":{"gitId":"shittake"},"content":"                        newTask \u003d new Event(description, from, to);","lastModifiedDate":"2023-01-18"},{"lineNumber":133,"author":{"gitId":"shittake"},"content":"                        addTask(lstOfItems, newTask);","lastModifiedDate":"2023-01-18"},{"lineNumber":134,"author":{"gitId":"shittake"},"content":"                    } catch (DukeException err) {","lastModifiedDate":"2023-01-18"},{"lineNumber":135,"author":{"gitId":"shittake"},"content":"                        System.out.println(err);","lastModifiedDate":"2023-01-18"},{"lineNumber":136,"author":{"gitId":"shittake"},"content":"                    }","lastModifiedDate":"2023-01-18"},{"lineNumber":137,"author":{"gitId":"shittake"},"content":"                } else {","lastModifiedDate":"2023-01-18"},{"lineNumber":138,"author":{"gitId":"shittake"},"content":"                    try {","lastModifiedDate":"2023-01-18"},{"lineNumber":139,"author":{"gitId":"shittake"},"content":"                        throw new DukeException(\"I don\u0027t know what that means.\");","lastModifiedDate":"2023-01-18"},{"lineNumber":140,"author":{"gitId":"shittake"},"content":"                    } catch (DukeException err) {","lastModifiedDate":"2023-01-18"},{"lineNumber":141,"author":{"gitId":"shittake"},"content":"                        System.out.println(err);","lastModifiedDate":"2023-01-18"},{"lineNumber":142,"author":{"gitId":"shittake"},"content":"                    }","lastModifiedDate":"2023-01-18"},{"lineNumber":143,"author":{"gitId":"shittake"},"content":"                }","lastModifiedDate":"2023-01-18"},{"lineNumber":144,"author":{"gitId":"shittake"},"content":"","lastModifiedDate":"2023-01-18"},{"lineNumber":145,"author":{"gitId":"shittake"},"content":"            }","lastModifiedDate":"2023-01-18"},{"lineNumber":146,"author":{"gitId":"shittake"},"content":"            userInput \u003d scan.nextLine();","lastModifiedDate":"2023-01-18"},{"lineNumber":147,"author":{"gitId":"shittake"},"content":"        }","lastModifiedDate":"2023-01-18"},{"lineNumber":148,"author":{"gitId":"shittake"},"content":"        addToFile(lstOfItems);","lastModifiedDate":"2023-01-23"},{"lineNumber":149,"author":{"gitId":"shittake"},"content":"        endMessage();","lastModifiedDate":"2023-01-18"},{"lineNumber":150,"author":{"gitId":"shittake"},"content":"","lastModifiedDate":"2023-01-18"},{"lineNumber":151,"author":{"gitId":"shittake"},"content":"    }","lastModifiedDate":"2023-01-18"},{"lineNumber":152,"author":{"gitId":"shittake"},"content":"","lastModifiedDate":"2023-01-18"},{"lineNumber":153,"author":{"gitId":"shittake"},"content":"    public static void introMessage() {","lastModifiedDate":"2023-01-18"},{"lineNumber":154,"author":{"gitId":"shittake"},"content":"        System.out.println(\"Hello! I\u0027m Duke\");","lastModifiedDate":"2023-01-18"},{"lineNumber":155,"author":{"gitId":"shittake"},"content":"        System.out.println(\"What can I do for you?\");","lastModifiedDate":"2023-01-18"},{"lineNumber":156,"author":{"gitId":"-"},"content":"    }","lastModifiedDate":"2019-07-29"},{"lineNumber":157,"author":{"gitId":"shittake"},"content":"","lastModifiedDate":"2023-01-18"},{"lineNumber":158,"author":{"gitId":"shittake"},"content":"    public static void endMessage() {","lastModifiedDate":"2023-01-18"},{"lineNumber":159,"author":{"gitId":"shittake"},"content":"        System.out.println(\"Bye. Hope to see you again!\");","lastModifiedDate":"2023-01-18"},{"lineNumber":160,"author":{"gitId":"shittake"},"content":"    }","lastModifiedDate":"2023-01-18"},{"lineNumber":161,"author":{"gitId":"shittake"},"content":"","lastModifiedDate":"2023-01-18"},{"lineNumber":162,"author":{"gitId":"shittake"},"content":"    public static void addTask(ArrayList\u003cTask\u003e lstOfItems, Task newTask) {","lastModifiedDate":"2023-01-18"},{"lineNumber":163,"author":{"gitId":"shittake"},"content":"        System.out.println(\"Got it. I have added: \");","lastModifiedDate":"2023-01-18"},{"lineNumber":164,"author":{"gitId":"shittake"},"content":"        System.out.println(newTask);","lastModifiedDate":"2023-01-18"},{"lineNumber":165,"author":{"gitId":"shittake"},"content":"        lstOfItems.add(newTask);","lastModifiedDate":"2023-01-18"},{"lineNumber":166,"author":{"gitId":"shittake"},"content":"        System.out.print(\"Now you have \" + String.valueOf(lstOfItems.size()));","lastModifiedDate":"2023-01-18"},{"lineNumber":167,"author":{"gitId":"shittake"},"content":"        if (lstOfItems.size() \u003d\u003d 1) {","lastModifiedDate":"2023-01-18"},{"lineNumber":168,"author":{"gitId":"shittake"},"content":"            System.out.print(\" task\");","lastModifiedDate":"2023-01-18"},{"lineNumber":169,"author":{"gitId":"shittake"},"content":"        } else {","lastModifiedDate":"2023-01-18"},{"lineNumber":170,"author":{"gitId":"shittake"},"content":"            System.out.print(\" tasks\");","lastModifiedDate":"2023-01-18"},{"lineNumber":171,"author":{"gitId":"shittake"},"content":"        }","lastModifiedDate":"2023-01-18"},{"lineNumber":172,"author":{"gitId":"shittake"},"content":"        System.out.println(\" in the list\");","lastModifiedDate":"2023-01-18"},{"lineNumber":173,"author":{"gitId":"shittake"},"content":"    }","lastModifiedDate":"2023-01-18"},{"lineNumber":174,"author":{"gitId":"shittake"},"content":"","lastModifiedDate":"2023-01-22"},{"lineNumber":175,"author":{"gitId":"shittake"},"content":"    public static void parseTask(ArrayList\u003cTask\u003e lstOfItems, String currentTask) {","lastModifiedDate":"2023-01-22"},{"lineNumber":176,"author":{"gitId":"shittake"},"content":"        Task task \u003d null;","lastModifiedDate":"2023-01-22"},{"lineNumber":177,"author":{"gitId":"shittake"},"content":"        if (currentTask.charAt(1) \u003d\u003d \u0027T\u0027) {","lastModifiedDate":"2023-01-22"},{"lineNumber":178,"author":{"gitId":"shittake"},"content":"            task \u003d new Todo(currentTask.substring(7));","lastModifiedDate":"2023-01-22"},{"lineNumber":179,"author":{"gitId":"shittake"},"content":"        } else if (currentTask.charAt(1) \u003d\u003d \u0027D\u0027) {","lastModifiedDate":"2023-01-22"},{"lineNumber":180,"author":{"gitId":"shittake"},"content":"            String[] split \u003d currentTask.split(\"by: \");","lastModifiedDate":"2023-01-22"},{"lineNumber":181,"author":{"gitId":"shittake"},"content":"            String description \u003d split[0].substring(7, split[0].length() - 2);","lastModifiedDate":"2023-01-22"},{"lineNumber":182,"author":{"gitId":"shittake"},"content":"            String date \u003d split[1].substring(0, split[1].length() - 1);","lastModifiedDate":"2023-01-22"},{"lineNumber":183,"author":{"gitId":"shittake"},"content":"            task \u003d new Deadline(description, date);","lastModifiedDate":"2023-01-22"},{"lineNumber":184,"author":{"gitId":"shittake"},"content":"        } else {","lastModifiedDate":"2023-01-22"},{"lineNumber":185,"author":{"gitId":"shittake"},"content":"            String[] split \u003d currentTask.split(\"from: \");","lastModifiedDate":"2023-01-22"},{"lineNumber":186,"author":{"gitId":"shittake"},"content":"            String description \u003d split[0].substring(7, split[0].length() - 2);","lastModifiedDate":"2023-01-22"},{"lineNumber":187,"author":{"gitId":"shittake"},"content":"            String[] dateSplit \u003d split[1].split(\" to: \");","lastModifiedDate":"2023-01-22"},{"lineNumber":188,"author":{"gitId":"shittake"},"content":"            String from \u003d dateSplit[0];","lastModifiedDate":"2023-01-22"},{"lineNumber":189,"author":{"gitId":"shittake"},"content":"            String to \u003d dateSplit[1].substring(0, dateSplit[1].length() - 1);","lastModifiedDate":"2023-01-22"},{"lineNumber":190,"author":{"gitId":"shittake"},"content":"            task \u003d new Event(description, from, to);","lastModifiedDate":"2023-01-22"},{"lineNumber":191,"author":{"gitId":"shittake"},"content":"        }","lastModifiedDate":"2023-01-22"},{"lineNumber":192,"author":{"gitId":"shittake"},"content":"        if (currentTask.charAt(4) \u003d\u003d \u0027X\u0027) {","lastModifiedDate":"2023-01-22"},{"lineNumber":193,"author":{"gitId":"shittake"},"content":"            task.makeCompleted();","lastModifiedDate":"2023-01-22"},{"lineNumber":194,"author":{"gitId":"shittake"},"content":"        }","lastModifiedDate":"2023-01-22"},{"lineNumber":195,"author":{"gitId":"shittake"},"content":"        lstOfItems.add(task);","lastModifiedDate":"2023-01-22"},{"lineNumber":196,"author":{"gitId":"shittake"},"content":"    }","lastModifiedDate":"2023-01-22"},{"lineNumber":197,"author":{"gitId":"shittake"},"content":"","lastModifiedDate":"2023-01-23"},{"lineNumber":198,"author":{"gitId":"shittake"},"content":"    public static void addToFile(ArrayList\u003cTask\u003e lstOfItems) {","lastModifiedDate":"2023-01-23"},{"lineNumber":199,"author":{"gitId":"shittake"},"content":"        String path \u003d \"src/data/duke.txt\";","lastModifiedDate":"2023-01-23"},{"lineNumber":200,"author":{"gitId":"shittake"},"content":"        // Idea for the following code snippet is taken from:","lastModifiedDate":"2023-01-23"},{"lineNumber":201,"author":{"gitId":"shittake"},"content":"        // https://stackoverflow.com/questions/1053467/how-do-i-save-a-string-to-a-text-file-using-java","lastModifiedDate":"2023-01-23"},{"lineNumber":202,"author":{"gitId":"shittake"},"content":"        try {","lastModifiedDate":"2023-01-23"},{"lineNumber":203,"author":{"gitId":"shittake"},"content":"            ArrayList\u003cString\u003e lst \u003d new ArrayList\u003c\u003e();","lastModifiedDate":"2023-01-23"},{"lineNumber":204,"author":{"gitId":"shittake"},"content":"            lst.add(String.valueOf(lstOfItems.size()));","lastModifiedDate":"2023-01-23"},{"lineNumber":205,"author":{"gitId":"shittake"},"content":"            for (int i \u003d 0; i \u003c lstOfItems.size(); i++) {","lastModifiedDate":"2023-01-23"},{"lineNumber":206,"author":{"gitId":"shittake"},"content":"                Task current \u003d lstOfItems.get(i);","lastModifiedDate":"2023-01-23"},{"lineNumber":207,"author":{"gitId":"shittake"},"content":"                lst.add(current.parse());","lastModifiedDate":"2023-01-23"},{"lineNumber":208,"author":{"gitId":"shittake"},"content":"            }","lastModifiedDate":"2023-01-23"},{"lineNumber":209,"author":{"gitId":"shittake"},"content":"            Files.write(Paths.get(path), lst);","lastModifiedDate":"2023-01-23"},{"lineNumber":210,"author":{"gitId":"shittake"},"content":"        } catch (IOException err) {","lastModifiedDate":"2023-01-23"},{"lineNumber":211,"author":{"gitId":"shittake"},"content":"            System.out.println(err);","lastModifiedDate":"2023-01-23"},{"lineNumber":212,"author":{"gitId":"shittake"},"content":"        }","lastModifiedDate":"2023-01-23"},{"lineNumber":213,"author":{"gitId":"-"},"content":"    }","lastModifiedDate":"2023-01-23"},{"lineNumber":214,"author":{"gitId":"-"},"content":"}","lastModifiedDate":"2019-07-29"}],"authorContributionMap":{"shittake":203,"-":11}},{"path":"src/main/java/DukeException.java","fileType":"java","lines":[{"lineNumber":1,"author":{"gitId":"shittake"},"content":"public class DukeException extends Exception{","lastModifiedDate":"2023-01-18"},{"lineNumber":2,"author":{"gitId":"shittake"},"content":"","lastModifiedDate":"2023-01-18"},{"lineNumber":3,"author":{"gitId":"shittake"},"content":"    public DukeException(String errorMessage) {","lastModifiedDate":"2023-01-18"},{"lineNumber":4,"author":{"gitId":"shittake"},"content":"        super(\":( Sorry! \" + errorMessage +\". Please try again.\");","lastModifiedDate":"2023-01-18"},{"lineNumber":5,"author":{"gitId":"shittake"},"content":"    }","lastModifiedDate":"2023-01-18"},{"lineNumber":6,"author":{"gitId":"shittake"},"content":"}","lastModifiedDate":"2023-01-18"}],"authorContributionMap":{"shittake":6}},{"path":"src/main/java/Event.java","fileType":"java","lines":[{"lineNumber":1,"author":{"gitId":"shittake"},"content":"public class Event extends Task {","lastModifiedDate":"2023-01-18"},{"lineNumber":2,"author":{"gitId":"shittake"},"content":"","lastModifiedDate":"2023-01-18"},{"lineNumber":3,"author":{"gitId":"shittake"},"content":"    protected String from;","lastModifiedDate":"2023-01-18"},{"lineNumber":4,"author":{"gitId":"shittake"},"content":"    protected String to;","lastModifiedDate":"2023-01-18"},{"lineNumber":5,"author":{"gitId":"shittake"},"content":"","lastModifiedDate":"2023-01-18"},{"lineNumber":6,"author":{"gitId":"shittake"},"content":"    public Event(String description, String from, String to) {","lastModifiedDate":"2023-01-18"},{"lineNumber":7,"author":{"gitId":"shittake"},"content":"        super(description);","lastModifiedDate":"2023-01-18"},{"lineNumber":8,"author":{"gitId":"shittake"},"content":"        this.from \u003d from;","lastModifiedDate":"2023-01-18"},{"lineNumber":9,"author":{"gitId":"shittake"},"content":"        this.to \u003d to;","lastModifiedDate":"2023-01-18"},{"lineNumber":10,"author":{"gitId":"shittake"},"content":"    }","lastModifiedDate":"2023-01-18"},{"lineNumber":11,"author":{"gitId":"shittake"},"content":"","lastModifiedDate":"2023-01-18"},{"lineNumber":12,"author":{"gitId":"shittake"},"content":"    @Override","lastModifiedDate":"2023-01-18"},{"lineNumber":13,"author":{"gitId":"shittake"},"content":"    public String toString() {","lastModifiedDate":"2023-01-18"},{"lineNumber":14,"author":{"gitId":"shittake"},"content":"        return \"[E]\" + super.toString() + \" (from: \" + from + \" to: \" + to + \")\";","lastModifiedDate":"2023-01-18"},{"lineNumber":15,"author":{"gitId":"shittake"},"content":"    }","lastModifiedDate":"2023-01-18"},{"lineNumber":16,"author":{"gitId":"shittake"},"content":"","lastModifiedDate":"2023-01-23"},{"lineNumber":17,"author":{"gitId":"shittake"},"content":"    public String parse() {","lastModifiedDate":"2023-01-23"},{"lineNumber":18,"author":{"gitId":"shittake"},"content":"        return \"[E]\" + super.parse() + \" (from: \" + from + \" to: \" + to + \")\";","lastModifiedDate":"2023-01-23"},{"lineNumber":19,"author":{"gitId":"shittake"},"content":"    }","lastModifiedDate":"2023-01-23"},{"lineNumber":20,"author":{"gitId":"shittake"},"content":"}","lastModifiedDate":"2023-01-18"}],"authorContributionMap":{"shittake":20}},{"path":"src/main/java/Task.java","fileType":"java","lines":[{"lineNumber":1,"author":{"gitId":"shittake"},"content":"public class Task {","lastModifiedDate":"2023-01-18"},{"lineNumber":2,"author":{"gitId":"shittake"},"content":"    private String name;","lastModifiedDate":"2023-01-18"},{"lineNumber":3,"author":{"gitId":"shittake"},"content":"    private boolean isCompleted;","lastModifiedDate":"2023-01-23"},{"lineNumber":4,"author":{"gitId":"shittake"},"content":"","lastModifiedDate":"2023-01-18"},{"lineNumber":5,"author":{"gitId":"shittake"},"content":"    public Task(String name) {","lastModifiedDate":"2023-01-18"},{"lineNumber":6,"author":{"gitId":"shittake"},"content":"        this.name \u003d name;","lastModifiedDate":"2023-01-18"},{"lineNumber":7,"author":{"gitId":"shittake"},"content":"        this.isCompleted \u003d false;","lastModifiedDate":"2023-01-23"},{"lineNumber":8,"author":{"gitId":"shittake"},"content":"    }","lastModifiedDate":"2023-01-18"},{"lineNumber":9,"author":{"gitId":"shittake"},"content":"","lastModifiedDate":"2023-01-18"},{"lineNumber":10,"author":{"gitId":"shittake"},"content":"    public void makeCompleted() {","lastModifiedDate":"2023-01-18"},{"lineNumber":11,"author":{"gitId":"shittake"},"content":"        this.isCompleted \u003d true;","lastModifiedDate":"2023-01-23"},{"lineNumber":12,"author":{"gitId":"shittake"},"content":"    }","lastModifiedDate":"2023-01-18"},{"lineNumber":13,"author":{"gitId":"shittake"},"content":"","lastModifiedDate":"2023-01-18"},{"lineNumber":14,"author":{"gitId":"shittake"},"content":"    @Override","lastModifiedDate":"2023-01-18"},{"lineNumber":15,"author":{"gitId":"shittake"},"content":"    public String toString() {","lastModifiedDate":"2023-01-18"},{"lineNumber":16,"author":{"gitId":"shittake"},"content":"        String completedString \u003d \"\";","lastModifiedDate":"2023-01-18"},{"lineNumber":17,"author":{"gitId":"shittake"},"content":"        if (this.isCompleted) {","lastModifiedDate":"2023-01-23"},{"lineNumber":18,"author":{"gitId":"shittake"},"content":"            completedString +\u003d \"[X] \";","lastModifiedDate":"2023-01-18"},{"lineNumber":19,"author":{"gitId":"shittake"},"content":"        } else {","lastModifiedDate":"2023-01-18"},{"lineNumber":20,"author":{"gitId":"shittake"},"content":"            completedString +\u003d \"[ ] \";","lastModifiedDate":"2023-01-18"},{"lineNumber":21,"author":{"gitId":"shittake"},"content":"        }","lastModifiedDate":"2023-01-18"},{"lineNumber":22,"author":{"gitId":"shittake"},"content":"","lastModifiedDate":"2023-01-18"},{"lineNumber":23,"author":{"gitId":"shittake"},"content":"        completedString +\u003d this.name;","lastModifiedDate":"2023-01-18"},{"lineNumber":24,"author":{"gitId":"shittake"},"content":"        return completedString;","lastModifiedDate":"2023-01-23"},{"lineNumber":25,"author":{"gitId":"shittake"},"content":"    }","lastModifiedDate":"2023-01-23"},{"lineNumber":26,"author":{"gitId":"shittake"},"content":"    public String parse() {","lastModifiedDate":"2023-01-23"},{"lineNumber":27,"author":{"gitId":"shittake"},"content":"        String completedString \u003d \"\";","lastModifiedDate":"2023-01-23"},{"lineNumber":28,"author":{"gitId":"shittake"},"content":"        if (this.isCompleted) {","lastModifiedDate":"2023-01-23"},{"lineNumber":29,"author":{"gitId":"shittake"},"content":"            completedString +\u003d \"[X] \";","lastModifiedDate":"2023-01-23"},{"lineNumber":30,"author":{"gitId":"shittake"},"content":"        } else {","lastModifiedDate":"2023-01-23"},{"lineNumber":31,"author":{"gitId":"shittake"},"content":"            completedString +\u003d \"[ ] \";","lastModifiedDate":"2023-01-23"},{"lineNumber":32,"author":{"gitId":"shittake"},"content":"        }","lastModifiedDate":"2023-01-23"},{"lineNumber":33,"author":{"gitId":"shittake"},"content":"","lastModifiedDate":"2023-01-18"},{"lineNumber":34,"author":{"gitId":"shittake"},"content":"        completedString +\u003d this.name;","lastModifiedDate":"2023-01-23"},{"lineNumber":35,"author":{"gitId":"shittake"},"content":"        return completedString;","lastModifiedDate":"2023-01-18"},{"lineNumber":36,"author":{"gitId":"shittake"},"content":"    }","lastModifiedDate":"2023-01-18"},{"lineNumber":37,"author":{"gitId":"shittake"},"content":"","lastModifiedDate":"2023-01-23"},{"lineNumber":38,"author":{"gitId":"shittake"},"content":"}","lastModifiedDate":"2023-01-18"}],"authorContributionMap":{"shittake":38}},{"path":"src/main/java/Todo.java","fileType":"java","lines":[{"lineNumber":1,"author":{"gitId":"shittake"},"content":"public class Todo extends Task {","lastModifiedDate":"2023-01-18"},{"lineNumber":2,"author":{"gitId":"shittake"},"content":"","lastModifiedDate":"2023-01-18"},{"lineNumber":3,"author":{"gitId":"shittake"},"content":"    public Todo(String description) {","lastModifiedDate":"2023-01-18"},{"lineNumber":4,"author":{"gitId":"shittake"},"content":"        super(description);","lastModifiedDate":"2023-01-18"},{"lineNumber":5,"author":{"gitId":"shittake"},"content":"    }","lastModifiedDate":"2023-01-18"},{"lineNumber":6,"author":{"gitId":"shittake"},"content":"","lastModifiedDate":"2023-01-18"},{"lineNumber":7,"author":{"gitId":"shittake"},"content":"    @Override","lastModifiedDate":"2023-01-18"},{"lineNumber":8,"author":{"gitId":"shittake"},"content":"    public String toString() {","lastModifiedDate":"2023-01-18"},{"lineNumber":9,"author":{"gitId":"shittake"},"content":"        return \"[T]\" + super.toString();","lastModifiedDate":"2023-01-18"},{"lineNumber":10,"author":{"gitId":"shittake"},"content":"    }","lastModifiedDate":"2023-01-18"},{"lineNumber":11,"author":{"gitId":"shittake"},"content":"","lastModifiedDate":"2023-01-23"},{"lineNumber":12,"author":{"gitId":"shittake"},"content":"    public String parse() {","lastModifiedDate":"2023-01-23"},{"lineNumber":13,"author":{"gitId":"shittake"},"content":"        return \"[T]\" + super.parse();","lastModifiedDate":"2023-01-23"},{"lineNumber":14,"author":{"gitId":"shittake"},"content":"    }","lastModifiedDate":"2023-01-23"},{"lineNumber":15,"author":{"gitId":"shittake"},"content":"}","lastModifiedDate":"2023-01-18"}],"authorContributionMap":{"shittake":15}},{"path":"text-ui-test/input.txt","fileType":"txt","lines":[{"lineNumber":1,"author":{"gitId":"shittake"},"content":"list","lastModifiedDate":"2023-01-18"},{"lineNumber":2,"author":{"gitId":"shittake"},"content":"todo play piano","lastModifiedDate":"2023-01-18"},{"lineNumber":3,"author":{"gitId":"shittake"},"content":"list","lastModifiedDate":"2023-01-18"},{"lineNumber":4,"author":{"gitId":"shittake"},"content":"event finish tutorial /from 24 Aug 2022 4pm /to 23 Oct 2022 3pm","lastModifiedDate":"2023-01-18"},{"lineNumber":5,"author":{"gitId":"shittake"},"content":"list","lastModifiedDate":"2023-01-18"},{"lineNumber":6,"author":{"gitId":"shittake"},"content":"deadline go for a run /by tomorrow if possible","lastModifiedDate":"2023-01-18"},{"lineNumber":7,"author":{"gitId":"shittake"},"content":"list","lastModifiedDate":"2023-01-18"},{"lineNumber":8,"author":{"gitId":"shittake"},"content":"mark 1","lastModifiedDate":"2023-01-18"},{"lineNumber":9,"author":{"gitId":"shittake"},"content":"list","lastModifiedDate":"2023-01-18"},{"lineNumber":10,"author":{"gitId":"shittake"},"content":"mark 1","lastModifiedDate":"2023-01-18"},{"lineNumber":11,"author":{"gitId":"shittake"},"content":"list","lastModifiedDate":"2023-01-18"},{"lineNumber":12,"author":{"gitId":"shittake"},"content":"mark 2","lastModifiedDate":"2023-01-18"},{"lineNumber":13,"author":{"gitId":"shittake"},"content":"list","lastModifiedDate":"2023-01-18"},{"lineNumber":14,"author":{"gitId":"shittake"},"content":"bye","lastModifiedDate":"2023-01-18"}],"authorContributionMap":{"shittake":14}}]
