{"authorDailyContributionsMap":{"gitsac":[{"date":"2023-01-15","commitResults":[{"hash":"f7417fcd5757211dc68ae9b04e640dc1706f4a43","messageTitle":"Add level-1 Increment","messageBody":"","tags":["Level-1"],"fileTypesAndContributionMap":{"java":{"insertions":26,"deletions":7}}}]},{"date":"2023-01-16","commitResults":[{"hash":"f8040624fd6b0097bf19c9baf61c48d0915a90ab","messageTitle":"Add level-2 Increment","messageBody":"","tags":["Level-2"],"fileTypesAndContributionMap":{"java":{"insertions":25,"deletions":5}}},{"hash":"a54d2e23c8551ec4c2646905284af66585839748","messageTitle":"Add level-3 Increment","messageBody":"","tags":["Level-3"],"fileTypesAndContributionMap":{"java":{"insertions":50,"deletions":5}}},{"hash":"4b31a33ebae219c1772ae2571fc02051bd45cae9","messageTitle":"Add level-4 Increment","messageBody":"","tags":["Level-4"],"fileTypesAndContributionMap":{"java":{"insertions":110,"deletions":7}}}]},{"date":"2023-01-17","commitResults":[{"hash":"cac5843466333ce9c56e81f4d890ea97bbbcded3","messageTitle":"Abstracted tasks into their own classes, and fixed formatting for task output when using list command","messageBody":"","fileTypesAndContributionMap":{"java":{"insertions":169,"deletions":83}}},{"hash":"67e75bed562e91a97beacb2a2c4ee5b67c148cd0","messageTitle":"Added level-5 Increment","messageBody":"","tags":["Level-5"],"fileTypesAndContributionMap":{"java":{"insertions":105,"deletions":159}}},{"hash":"15286d051e2867f4ef5496ed41859ed1537ac8b5","messageTitle":"Added level-6 Increment","messageBody":"","tags":["Level-6"],"fileTypesAndContributionMap":{"java":{"insertions":16,"deletions":0}}}]},{"date":"2023-01-19","commitResults":[{"hash":"583bfac4fd7d7775a98e87457f9b4051f8af92b3","messageTitle":"Added automated text ui testing and re-formatted text output of certain messages","messageBody":"","tags":["A-TextUiTesting"],"fileTypesAndContributionMap":{"txt":{"insertions":7,"deletions":0}}},{"hash":"d24a9896ae9461251390a5a9ff7513f2767d8543","messageTitle":"Edited formatting of message output for tasks","messageBody":"","fileTypesAndContributionMap":{"java":{"insertions":17,"deletions":16}}}]},{"date":"2023-01-25","commitResults":[{"hash":"708998d01d3aa7d6cbb9454e850222fb1b9d647f","messageTitle":"Add level-7 Increment","messageBody":"","tags":["Level-7"],"fileTypesAndContributionMap":{"java":{"insertions":117,"deletions":1}}}]},{"date":"2023-01-26","commitResults":[{"hash":"29e45c355d385a0b44e8602651583fbab2cd0217","messageTitle":"Edit saved data file directory","messageBody":"","fileTypesAndContributionMap":{"txt":{"insertions":3,"deletions":0},"java":{"insertions":2,"deletions":3}}},{"hash":"ea2b6c7e7ae22b74a101f22170d096cb66392985","messageTitle":"Add Level-8 Increment","messageBody":"","tags":["Level-8"],"fileTypesAndContributionMap":{"java":{"insertions":97,"deletions":2}}}]},{"date":"2023-01-28","commitResults":[{"hash":"7289e4960ea0bfa9be0180a92ee2804de91d5b7b","messageTitle":"Add A-MoreOOP Increment","messageBody":"","tags":["A-MoreOOP"],"fileTypesAndContributionMap":{"txt":{"insertions":3,"deletions":3},"java":{"insertions":461,"deletions":258}}},{"hash":"9edcc88b2e44c5deecd55045d3d00041c4ee6b8c","messageTitle":"Add A-Packages Increment","messageBody":"","tags":["A-Packages"],"fileTypesAndContributionMap":{"txt":{"insertions":2,"deletions":3},"java":{"insertions":56,"deletions":23}}}]},{"date":"2023-01-29","commitResults":[{"hash":"94c0cf7c881dede821fdd79f2ef8a268f5869794","messageTitle":"Add A-Gradle Increment","messageBody":"","tags":["A-Gradle"],"fileTypesAndContributionMap":{"gradle":{"insertions":1,"deletions":1},"txt":{"insertions":3,"deletions":2},"java":{"insertions":40,"deletions":25}}},{"hash":"f6ce2fdf5bbaef2f1b8bca1dd2671a2dfca69adf","messageTitle":"Remove more commented-out lines no longer in use","messageBody":"","fileTypesAndContributionMap":{"gradle":{"insertions":1,"deletions":1},"txt":{"insertions":1,"deletions":2},"java":{"insertions":4,"deletions":5}}},{"hash":"d1d59a19cdc2eed8051907a6ea3602ceb199e04d","messageTitle":"Fix function obtaining date of deadline task","messageBody":"","fileTypesAndContributionMap":{"java":{"insertions":1,"deletions":1}}},{"hash":"96b1e0d9690217eb220b7389c2982a6727cc84c2","messageTitle":"Add A-JUnit Increment","messageBody":"","tags":["A-JUnit"],"fileTypesAndContributionMap":{"gradle":{"insertions":1,"deletions":1},"java":{"insertions":117,"deletions":0}}},{"hash":"d4399c97a9c7443a2e8cff4007a506b586e15c5f","messageTitle":"Add A-Jar Increment","messageBody":"","tags":["A-Jar"],"fileTypesAndContributionMap":{"gradle":{"insertions":14,"deletions":0},"txt":{"insertions":1,"deletions":1}}},{"hash":"c20eaf4ab1720b33c679571441b2b8c4dd7a1479","messageTitle":"Add Level-9 Increment","messageBody":"","tags":["Level-9"],"fileTypesAndContributionMap":{"txt":{"insertions":3,"deletions":1},"java":{"insertions":35,"deletions":0}}},{"hash":"743688c6b7e9fcdfcadfb1f6d4cc36b1d68b3388","messageTitle":"Remove redundant lines of code and added additional abstraction when getting class fields","messageBody":"","tags":["A-CodingStandard"],"fileTypesAndContributionMap":{"txt":{"insertions":2,"deletions":1},"java":{"insertions":25,"deletions":27}}},{"hash":"f2260bef39f68218195f2c780bc62bb11bd39817","messageTitle":"Add JavaDocs for all relevant methods","messageBody":"","tags":["A-JavaDoc"],"fileTypesAndContributionMap":{"java":{"insertions":260,"deletions":11}}}]},{"date":"2023-02-04","commitResults":[{"hash":"856c88f4ea6ee56ea62f63c802cc9235e37a7475","messageTitle":"Fix code formatting according to checkstyle","messageBody":"","tags":["A-CheckStyle"],"fileTypesAndContributionMap":{"gradle":{"insertions":5,"deletions":0},"java":{"insertions":107,"deletions":96}}},{"hash":"507a5b13417f83463cbaaf1b6d5ba06d953735b7","messageTitle":"Add JavaFX tutorial parts 1-3","messageBody":"","fileTypesAndContributionMap":{"java":{"insertions":207,"deletions":49}}}]},{"date":"2023-02-05","commitResults":[{"hash":"5f588db75855676e50788f1354a329f4a2201fe2","messageTitle":"Add basic JavaFX functionality","messageBody":"","tags":["Level-10"],"fileTypesAndContributionMap":{"java":{"insertions":241,"deletions":222}}},{"hash":"486148e6209cf5bf8bb94456f9a08f5aa01e76a0","messageTitle":"Refactor classes into appropriate packages","messageBody":"","fileTypesAndContributionMap":{"fxml":{"insertions":35,"deletions":0},"java":{"insertions":22,"deletions":10}}},{"hash":"863a1246d3fc330e01b53ad28d13a1e6ba96eb42","messageTitle":"Add JavaDocs for GUI classes and fixed checkstyle","messageBody":"","fileTypesAndContributionMap":{"java":{"insertions":25,"deletions":21}}}]},{"date":"2023-02-10","commitResults":[{"hash":"e10f65d0ce70e5debcf4e770e5da589ad52cfa13","messageTitle":"Edit variable to successfully build with GUI","messageBody":"","fileTypesAndContributionMap":{"gradle":{"insertions":1,"deletions":1},"java":{"insertions":0,"deletions":1}}},{"hash":"42d4001690440fbf026ab735aef92d56fc345e7a","messageTitle":"Add assertions to Duke","messageBody":"In many methods, it is assumed that certain variables or objects\nare of a certain state.\n\nBy using assertions, code quality can be improved to make those\nassumptions a guarantee.\n\nAssumptions make it difficult to debug if the error\nstack trace is very long.\n\nIt is important to hold assumptions in current state as otherwise\nthere will be a need to check for many things at all methods.\n\nLet\u0027s improve code quality and make debugging easier by adding\nassumptions.\n","tags":["A-Assertions"],"fileTypesAndContributionMap":{"java":{"insertions":15,"deletions":0}}}]},{"date":"2023-02-11","commitResults":[{"hash":"dd495e5eedcebe834eb7a888b44b2e0a99c99e7e","messageTitle":"Fix JavaDocs formatting","messageBody":"","fileTypesAndContributionMap":{"java":{"insertions":46,"deletions":1}}},{"hash":"15938617489a3cce13430fa41c113dc29462f432","messageTitle":"Improve code quality by refactoring","messageBody":"The code body is functioning well but makes for poor reading at\ntimes due to issues like big chunks of code and deep nesting.\n\nBy abstracting deep nesting and big chunks of code\ninto multiple helper functions, the code becomes more readable.\n\nLet\u0027s practice SLAP and be mindful of readability in the future.\n","tags":["A-FullCommitMessage","A-CodeQuality"],"fileTypesAndContributionMap":{"java":{"insertions":126,"deletions":51}}},{"hash":"c7dafe235173e91fd3e4cd0a40670033d68f0305","messageTitle":"Fix typo in Task class method","messageBody":"","fileTypesAndContributionMap":{"java":{"insertions":1,"deletions":1}}}]}]},"authorFileTypeContributionMap":{"gitsac":{"java":1435,"md":0,"fxml":35,"sh":0,"bat":0,"gradle":20,"txt":11}},"authorContributionVariance":{"gitsac":49701.395},"authorDisplayNameMap":{"gitsac":"CS2103T-W09-2 ISAA.. JIE"}}
