{"authorDailyContributionsMap":{"Huggenguggen":[{"date":"2023-01-13","commitResults":[{"hash":"b73e18005870fc3e41a049921981cbf32938c295","messageTitle":"Level-1 v1","messageBody":"Added greet, echo and end_Program methods for a basic skeleton\n","tags":["Level-1"],"fileTypesAndContributionMap":{"java":{"insertions":50,"deletions":6}}},{"hash":"1771fdc376b5b8d25de45807a2d65f8fa2133bb4","messageTitle":"Level 2 Done","messageBody":"added add to list and print list functionality\n","tags":["Level-2"],"fileTypesAndContributionMap":{"java":{"insertions":39,"deletions":16}}},{"hash":"0749b7722793057b7461c1fb8c7132221f7cce2a","messageTitle":"Level 3 done","messageBody":"Turned items into class Task\nAdded ability to mark items as done.\n","tags":["Level-3"],"fileTypesAndContributionMap":{"java":{"insertions":51,"deletions":18}}}]},{"date":"2023-01-14","commitResults":[{"hash":"1482d713eaad069223f2ca1147c84abec21f59a2","messageTitle":"Level-4 done","messageBody":"Added support for 3 types of tasks:\n1. ToDos\n2. Deadlines\n3. Events\n\nNote:\nThere is still support for original tasks (i.e. any text that are not keywords)\n","tags":["Level-4"],"fileTypesAndContributionMap":{"java":{"insertions":59,"deletions":7}}},{"hash":"f814bf8acce4515ee3459e3b17b17c753396e69c","messageTitle":"A-TextUITesting","messageBody":"Changed some formatting for easier diffing\nModified text-ui-test files for semi-automated testing\n","tags":["A-TextUiTesting"],"fileTypesAndContributionMap":{"txt":{"insertions":8,"deletions":0},"java":{"insertions":4,"deletions":4},"bat":{"insertions":2,"deletions":2}}},{"hash":"fd1e0c4b5b39874fd047b6b28c1f104672bcc4d1","messageTitle":"Level-5","messageBody":"Added error handling via DukeException\nSome more specific exceptions as well such as AlreadyMarkedException and AlreadyUnmarkedException\n","tags":["Level-5"],"fileTypesAndContributionMap":{"txt":{"insertions":3,"deletions":0},"java":{"insertions":128,"deletions":40},"bat":{"insertions":3,"deletions":1}}},{"hash":"c537d6b3761aca916409baf79ab217bcecfca5f5","messageTitle":"Level-6","messageBody":"Added delete functionality\nRefactored parse_cmd\n","tags":["Level-6"],"fileTypesAndContributionMap":{"txt":{"insertions":3,"deletions":0},"java":{"insertions":90,"deletions":60}}}]},{"date":"2023-01-17","commitResults":[{"hash":"873fab14402240fc3d7fa9d96079ced4253b9f6e","messageTitle":"Level-7 done","messageBody":"Added persistent storage in hard disk for tasks. AI-Chan will load the data from the hard disk when started up. Data can be found in [project_root]/data/duke.txt\n","tags":["Level-7"],"fileTypesAndContributionMap":{"java":{"insertions":96,"deletions":3}}},{"hash":"d7e5dc079745efe8b6064796980c17876b8bed83","messageTitle":"Level-8 done","messageBody":"Redid parsing of commands to account for dates. Added understanding of dates and times for events and deadlines. As a consequence, users must now input in a certain format.\n","fileTypesAndContributionMap":{"java":{"insertions":41,"deletions":10}}},{"hash":"66001dce97e89e3006aa60c507c072bfff5d28ea","messageTitle":"Bug fixes","messageBody":"Fixed bug which emerged due to merging of Level-7 and Level-8 branches. The persistent data was being saved but when loaded was coming up as null. It is now fixed and LocalDateTime should work on the persistent data as well.\n","tags":["Level-8"],"fileTypesAndContributionMap":{"txt":{"insertions":2,"deletions":2},"java":{"insertions":11,"deletions":0}}},{"hash":"1b928bd909234b2e3cb7a412a82cac4bf70de990","messageTitle":"A-MoreOOP","messageBody":"Extracted methods out to classes, Ui, Storage, Parser, TaskList\n","tags":["A-MoreOOP"],"fileTypesAndContributionMap":{"java":{"insertions":284,"deletions":202}}},{"hash":"c0ab3da4923119e5d2d17b8dd03ca2324c1e2251","messageTitle":"A-Packages","messageBody":"divided classes into packages under the duke package\n","tags":["A-Packages"],"fileTypesAndContributionMap":{"java":{"insertions":41,"deletions":4}}},{"hash":"51574a1e66a3c473dd3cdc6171336488dbdd57a5","messageTitle":"A-Gradle and A-JUnit","messageBody":"Added gradle support along with junit support and some simple tests for ToDo and TaskList\n","tags":["A-Jar","A-JUnit","A-Gradle"],"fileTypesAndContributionMap":{"java":{"insertions":64,"deletions":3}}}]},{"date":"2023-01-18","commitResults":[{"hash":"6fd05df9ca65bfa85856d8f28bced2c3e8450aa0","messageTitle":"Add JavaDoc to most methods","messageBody":"","tags":["A-JavaDoc"],"fileTypesAndContributionMap":{"java":{"insertions":262,"deletions":3}}},{"hash":"9de8478b165d0275aae77068e2f6dac9431b83fa","messageTitle":"Tweak code to comply with coding standard","messageBody":"","fileTypesAndContributionMap":{"java":{"insertions":34,"deletions":33}}},{"hash":"15d3b1c4c9045499684046b4c9c7d9c1f85ffe5a","messageTitle":"Implement Level 9","messageBody":"","fileTypesAndContributionMap":{"java":{"insertions":64,"deletions":2}}},{"hash":"04b876534c963940a2ebf1e0c868ec67d722f58f","messageTitle":"Bug Fix","messageBody":"","tags":["Level-9"],"fileTypesAndContributionMap":{"java":{"insertions":4,"deletions":4}}}]},{"date":"2023-01-26","commitResults":[{"hash":"1efd5a9cdf7fba839cf894c23a62777d55e3fa97","messageTitle":"Add Checkstyle support","messageBody":"","tags":["A-CheckStyle"],"fileTypesAndContributionMap":{"gradle":{"insertions":5,"deletions":0}}}]},{"date":"2023-01-27","commitResults":[{"hash":"569967cf49644dfb22f76b88b1f2c2b2c5264251","messageTitle":"Implement Level-10","messageBody":"","fileTypesAndContributionMap":{"gradle":{"insertions":14,"deletions":0},"txt":{"insertions":0,"deletions":0},"fxml":{"insertions":35,"deletions":0},"java":{"insertions":612,"deletions":39}}}]},{"date":"2023-01-30","commitResults":[{"hash":"4d60bc1018041f47eaaebf66bf7e9e0d0dc1b1a0","messageTitle":"Update src/main/java/duke/task/TaskList.java","messageBody":"Co-authored-by: Ng Jia Yi \u003c92777033+gremmyz@users.noreply.github.com\u003e","fileTypesAndContributionMap":{"java":{"insertions":2,"deletions":2}}},{"hash":"685f4792519035222b26bfb683f38d860c3506ee","messageTitle":"Update src/main/java/duke/storage/Storage.java","messageBody":"Co-authored-by: Ng Jia Yi \u003c92777033+gremmyz@users.noreply.github.com\u003e","fileTypesAndContributionMap":{"java":{"insertions":5,"deletions":1}}}]},{"date":"2023-01-31","commitResults":[{"hash":"c8947a40795af7618e4d30f9c8f6f9638c54b58e","messageTitle":"Change styling of most files","messageBody":"Massive styling overhaul\n\nAs pointed out in code review my styling could be more consistent.\n\nHave changed most files to comply with the checkstyle and hence styling standards.\n","tags":["v0.2","A-FullCommitMessage"],"fileTypesAndContributionMap":{"gradle":{"insertions":11,"deletions":3},"java":{"insertions":142,"deletions":114}}},{"hash":"24b3d1b129ce440f810a366a731579af337de227","messageTitle":"Add assertions","messageBody":"Added assertions to enforce behavior\n\nUsed assert to document important assumptions that should hold at some points.\n","fileTypesAndContributionMap":{"java":{"insertions":2,"deletions":0}}},{"hash":"3e2638b27065c8b45369718a786e2155c8c68520","messageTitle":"refactor: Collapse if else","messageBody":"Collapse the unnecessary if else into simple if statements.\n\nThese are logically equivalent and makes it easier to see the good path.\n","fileTypesAndContributionMap":{"java":{"insertions":8,"deletions":13}}}]},{"date":"2023-02-02","commitResults":[{"hash":"93895df6525c6647217399e0ba9c127fe3fbb02c","messageTitle":"Update Task.java","messageBody":"Update Task.java to support better searching\n","fileTypesAndContributionMap":{"java":{"insertions":5,"deletions":1}}}]}]},"authorFileTypeContributionMap":{"Huggenguggen":{"java":1529,"md":0,"fxml":35,"sh":0,"bat":4,"gradle":29,"txt":14}},"authorContributionVariance":{"Huggenguggen":55218.367},"authorDisplayNameMap":{"Huggenguggen":"CS2103T-W13-3 LEE ..HENG"}}
