{"authorDailyContributionsMap":{"huanghao1998":[{"date":"2023-01-17","commitResults":[{"hash":"bc2688b609d77f091488e7485ac669575a3b96a0","messageTitle":"Add level-1 DODO","messageBody":"","tags":["Level-1"],"fileTypesAndContributionMap":{"java":{"insertions":27,"deletions":10}}},{"hash":"f8c72106011312efbea967c8df99c6303460c7a2","messageTitle":"Update UI text and divider","messageBody":"","fileTypesAndContributionMap":{"java":{"insertions":13,"deletions":12}}},{"hash":"0520d08da909d9e61183f58b6421398f53535435","messageTitle":"Add, List","messageBody":"","tags":["Level-2"],"fileTypesAndContributionMap":{"java":{"insertions":27,"deletions":6}}},{"hash":"5222f60a0453040e3c8e33f0578ffe3892d0025d","messageTitle":"Mark as Done","messageBody":"","tags":["Level-3"],"fileTypesAndContributionMap":{"java":{"insertions":30,"deletions":8}}},{"hash":"4ac731c644a1c034a03d19b4968b961ba80b8c18","messageTitle":"ToDos, Events, Deadlines","messageBody":"","tags":["Level-4"],"fileTypesAndContributionMap":{"java":{"insertions":96,"deletions":8}}},{"hash":"06f5f0407e729c08c8749bfbf43a28cbd409acd1","messageTitle":"Automated Text UI Testing\u003d","messageBody":"","tags":["A-TextUiTesting"],"fileTypesAndContributionMap":{"txt":{"insertions":6,"deletions":0},"java":{"insertions":6,"deletions":5},"bat":{"insertions":1,"deletions":1},"sh":{"insertions":1,"deletions":1}}},{"hash":"35f9ef16b0c583e4fd0d0baa41b7b08cf5b5035f","messageTitle":"Handle Errors","messageBody":"","tags":["Level-5"],"fileTypesAndContributionMap":{"java":{"insertions":4,"deletions":0}}},{"hash":"3d16bee2661f5334b42d4fb35087fd3eb93e7fa0","messageTitle":"Delete","messageBody":"","tags":["Level-6"],"fileTypesAndContributionMap":{"java":{"insertions":100,"deletions":40}}}]},{"date":"2023-01-18","commitResults":[{"hash":"eacdfc1169c051d977a266a037a067d65a4a00f9","messageTitle":"Use Enums and update Test case","messageBody":"","tags":["A-Enums"],"fileTypesAndContributionMap":{"txt":{"insertions":9,"deletions":0},"java":{"insertions":52,"deletions":30}}}]},{"date":"2023-01-20","commitResults":[{"hash":"54198d7e82fb1dfdf1d7530ddaabc1d7201cec1f","messageTitle":"Revamp the code","messageBody":"","fileTypesAndContributionMap":{"java":{"insertions":111,"deletions":85}}}]},{"date":"2023-01-21","commitResults":[{"hash":"17c8125e6f5579d1ee83449e39af07255a5284c9","messageTitle":"Regroup main java class","messageBody":"","fileTypesAndContributionMap":{"java":{"insertions":2,"deletions":0}}}]},{"date":"2023-01-25","commitResults":[{"hash":"ebf7faa0c5f3cd7f57f5d952a7aafedc436fd475","messageTitle":"Restruct code and complete save","messageBody":"","tags":["level-7"],"fileTypesAndContributionMap":{"txt":{"insertions":1,"deletions":0},"java":{"insertions":221,"deletions":75}}},{"hash":"91b07a07ed0d8865b8bae17523ace9e9dbf67405","messageTitle":"Add load task function","messageBody":"","fileTypesAndContributionMap":{"txt":{"insertions":4,"deletions":1},"java":{"insertions":41,"deletions":5}}},{"hash":"7ff2894d71548e81d8740f581f9a17180cf78204","messageTitle":"Add date and time","messageBody":"","tags":["Level-8"],"fileTypesAndContributionMap":{"txt":{"insertions":1,"deletions":1},"java":{"insertions":29,"deletions":17}}}]},{"date":"2023-01-26","commitResults":[{"hash":"8fd2408ac872d2d1b6380282dbc9c4e76229b657","messageTitle":"Use more OOP","messageBody":"","tags":["A-MoreOOP"],"fileTypesAndContributionMap":{"txt":{"insertions":9,"deletions":11},"java":{"insertions":483,"deletions":264},"sh":{"insertions":1,"deletions":1}}},{"hash":"3b2868a3ca9ed9e1f3eeb1b569d91721d290c85f","messageTitle":"Add Junit test","messageBody":"","tags":["A-JUnit"],"fileTypesAndContributionMap":{"gradle":{"insertions":2,"deletions":2},"java":{"insertions":147,"deletions":4}}},{"hash":"a5f6d8275122f0811fe5d5919a9151849d49eb51","messageTitle":"Add find function","messageBody":"","fileTypesAndContributionMap":{"java":{"insertions":55,"deletions":3}}},{"hash":"1ea48bd582207f91f4dfe7acec825d734c8e4198","messageTitle":"Delete data directory","messageBody":"Delete data directory","fileTypesAndContributionMap":{"txt":{"insertions":0,"deletions":6}}},{"hash":"01ad4d858806534dc941447e39c86da48013ab5f","messageTitle":"Update JavaDoc","messageBody":"","tags":["A-JavaDoc"],"fileTypesAndContributionMap":{"java":{"insertions":48,"deletions":2}}},{"hash":"94c00c5f04b335e920111fa67041fad5993aeeba","messageTitle":"Add Parser class","messageBody":"","fileTypesAndContributionMap":{"java":{"insertions":153,"deletions":88}}},{"hash":"30dbdc19aaa828293cb0776997cbe8ccdaf3a439","messageTitle":"Improve Coding Standard","messageBody":"","tags":["A-CodingStandard"],"fileTypesAndContributionMap":{"java":{"insertions":0,"deletions":4}}}]},{"date":"2023-01-27","commitResults":[{"hash":"acb33e98e748a37494f8ea7b2ef5d113d74cc9b0","messageTitle":"Add more JTest and fix bug","messageBody":"","fileTypesAndContributionMap":{"java":{"insertions":55,"deletions":3},"bat":{"insertions":2,"deletions":2},"sh":{"insertions":1,"deletions":1}}}]},{"date":"2023-01-28","commitResults":[{"hash":"5b35ad2aeec3a1bbb59298ce55860efac04c244f","messageTitle":"Delete META-INF file","messageBody":"","fileTypesAndContributionMap":{"java":{"insertions":4,"deletions":4}}}]},{"date":"2023-02-01","commitResults":[{"hash":"43ac8591de347b39ba5e0d435b26a30cb9fbe49f","messageTitle":"Add checkstyle, update the JavaDoc and the code style","messageBody":"","tags":["A-CheckStyle"],"fileTypesAndContributionMap":{"gradle":{"insertions":5,"deletions":0},"java":{"insertions":274,"deletions":106}}},{"hash":"16b733a7ab27e10f9d87c0505db10fd7181fc982","messageTitle":"Use Varargs and update handling exception","messageBody":"","tags":["A-Varargs"],"fileTypesAndContributionMap":{"java":{"insertions":62,"deletions":30}}},{"hash":"14c1dc5af2888e5173ef1a54608d67f8d4879ee5","messageTitle":"Add GUI for Dudu","messageBody":"","fileTypesAndContributionMap":{"gradle":{"insertions":15,"deletions":0},"fxml":{"insertions":35,"deletions":0},"java":{"insertions":262,"deletions":72}}}]}]},"authorFileTypeContributionMap":{"huanghao1998":{"java":1422,"md":0,"fxml":35,"sh":2,"bat":2,"gradle":22,"txt":15}},"authorContributionVariance":{"huanghao1998":110560.02},"authorDisplayNameMap":{"huanghao1998":"CS2103T-T12-4 HUAN.. HAO"}}
