{"authorDailyContributionsMap":{"liujiayue314":[{"date":"2023-01-16","commitResults":[{"hash":"af53a20d567dd70b1fed0ac7ab0e9a3a6456f387","messageTitle":"added greet, echo, exit","messageBody":"","tags":["Level-1"],"fileTypesAndContributionMap":{"java":{"insertions":37,"deletions":6}}},{"hash":"52a0e65ff34fb4322a166cd4170db56ee01d1f61","messageTitle":"added: task class + add and list interface","messageBody":"","tags":["Level-2"],"fileTypesAndContributionMap":{"java":{"insertions":43,"deletions":5}}},{"hash":"ae32c2352fbaabb175e6dd7a5c1ebc9b24da0462","messageTitle":"added: mark and unmark interface","messageBody":"","tags":["Level-3"],"fileTypesAndContributionMap":{"java":{"insertions":43,"deletions":1}}},{"hash":"3362aad36a26ba67dc3a3bba3aa9018b7fd75b2c","messageTitle":"added: Deadline, Event, Todo class","messageBody":"","tags":["Level-4"],"fileTypesAndContributionMap":{"java":{"insertions":68,"deletions":22}}}]},{"date":"2023-01-17","commitResults":[{"hash":"dfe702ebc0ff30dc1a35393cc05ce5934f3551df","messageTitle":"Fixed syntax and indentation, added input and expected output txt","messageBody":"","tags":["A-TextUiTesting"],"fileTypesAndContributionMap":{"txt":{"insertions":11,"deletions":0},"java":{"insertions":5,"deletions":6}}},{"hash":"8742c3d5c74ab13f3588431ebb1be8b017203097","messageTitle":"Added: handling error features","messageBody":"","tags":["Level-5"],"fileTypesAndContributionMap":{"java":{"insertions":53,"deletions":20}}},{"hash":"4d95350c95a391fc32c44439c1fbce8857b8b2dd","messageTitle":"Added: delete interface","messageBody":"","tags":["Level-6"],"fileTypesAndContributionMap":{"java":{"insertions":17,"deletions":1}}},{"hash":"6d67c528da737ac50c2fbf2fdbc0056fb0f68a1f","messageTitle":"added: Enum","messageBody":"","tags":["A-Enums"],"fileTypesAndContributionMap":{"java":{"insertions":62,"deletions":26}}}]},{"date":"2023-01-26","commitResults":[{"hash":"a00748dcd8dcc463f1d7ee7d524b1eb2d7074965","messageTitle":"Add a saving feature","messageBody":"","tags":["Level-7"],"fileTypesAndContributionMap":{"java":{"insertions":90,"deletions":37}}},{"hash":"5f789aa4b79d8051b8e4b7d75617977327fdb520","messageTitle":"Add date function","messageBody":"","tags":["Level-8"],"fileTypesAndContributionMap":{"java":{"insertions":137,"deletions":55}}}]},{"date":"2023-02-01","commitResults":[{"hash":"53b70c686ba62dd08bb61035bf0e83298902aa95","messageTitle":"Change the OOP structure","messageBody":"","tags":["A-MoreOOP"],"fileTypesAndContributionMap":{"java":{"insertions":418,"deletions":272}}},{"hash":"38dafd06aaff68feb8b9819c47ce07ee4a02800d","messageTitle":"Classify into three package: Main, Task, Command","messageBody":"","tags":["A-Packages"],"fileTypesAndContributionMap":{"java":{"insertions":111,"deletions":26},"bat":{"insertions":1,"deletions":1},"md":{"insertions":2,"deletions":2}}},{"hash":"1d24eeb407b43eb34e1e11cb65cf2ea531d13e0f","messageTitle":"Add gradle","messageBody":"","tags":["A-Gradle"],"fileTypesAndContributionMap":{"gradle":{"insertions":4,"deletions":0}}},{"hash":"93f23b1f204d59570d6b9998244f3e5f304e0603","messageTitle":"Add JUnit tests","messageBody":"","tags":["A-Jar","A-JUnit"],"fileTypesAndContributionMap":{"java":{"insertions":172,"deletions":93},"bat":{"insertions":1,"deletions":1},"md":{"insertions":2,"deletions":2}}}]},{"date":"2023-02-02","commitResults":[{"hash":"33e30ebf2d62e7d8b1996ec097805f78052ef597","messageTitle":"Add javadocs","messageBody":"","tags":["A-JavaDoc"],"fileTypesAndContributionMap":{"java":{"insertions":548,"deletions":193}}},{"hash":"c5cc9a0990d9be3de7a64c207c714ed3c2fa091f","messageTitle":"Comply with a coding standard","messageBody":"","tags":["A-CodingStandard"],"fileTypesAndContributionMap":{"java":{"insertions":56,"deletions":42}}},{"hash":"11220edccc05b3847eee67961c30841fee4931ae","messageTitle":"Add find method","messageBody":"","tags":["Level-9"],"fileTypesAndContributionMap":{"java":{"insertions":72,"deletions":0}}}]},{"date":"2023-02-06","commitResults":[{"hash":"3baf80d4dbd5aec742c00fa163f65a2b99ff79e3","messageTitle":"Update README.md","messageBody":"Apply GFMD in description","tags":["Use-GFMD"],"fileTypesAndContributionMap":{"md":{"insertions":25,"deletions":20}}},{"hash":"d4b851b56d2e78ce3cd80ce53d2a8b1f1805cfa3","messageTitle":"Checkstyle","messageBody":"","fileTypesAndContributionMap":{"java":{"insertions":9,"deletions":5}}}]},{"date":"2023-02-07","commitResults":[{"hash":"cd7159354f5d409ee42aaba0b9a5393ab367ea3d","messageTitle":"Add GUI","messageBody":"","tags":["Level-10"],"fileTypesAndContributionMap":{"gradle":{"insertions":15,"deletions":1},"fxml":{"insertions":35,"deletions":0},"java":{"insertions":244,"deletions":61}}}]},{"date":"2023-02-09","commitResults":[{"hash":"cff4518e73e08ffef900066ecaeedf6ca4cb0c03","messageTitle":"Update README.md","messageBody":"","tags":["A-Jar2"],"fileTypesAndContributionMap":{"md":{"insertions":6,"deletions":5}}}]},{"date":"2023-02-15","commitResults":[{"hash":"fb81c1523dcb7b128278f0b8d8209f0a4b04a925","messageTitle":"Update build.gradle","messageBody":"","fileTypesAndContributionMap":{"gradle":{"insertions":1,"deletions":1},"txt":{"insertions":0,"deletions":0}}},{"hash":"46060c9f47a41a1f924a25a2bc7330cf28eac8a8","messageTitle":"Add event task: inform users when ending date of an event is earlier than starting date of event","messageBody":"Currently, user can add an event with any ending and starting date.\n\nUsers should be informed of their mistake and be prompted to change.\n\nLet\u0027s check for wrong dates and raise an exception when the mistake is detected.\n","tags":["A-FullCommitMessage","A-Assertions"],"fileTypesAndContributionMap":{"java":{"insertions":13,"deletions":3}}},{"hash":"15a431d7ff46efc5ca426ef4f08d52dbe3dd93f0","messageTitle":"Improve code quality","messageBody":"","tags":["A-CodeQuality"],"fileTypesAndContributionMap":{"java":{"insertions":155,"deletions":172}}}]},{"date":"2023-02-16","commitResults":[{"hash":"1472e5bb5a037a719bfe27588be1f7fa0ad04623","messageTitle":"Improved coding quality","messageBody":"","fileTypesAndContributionMap":{"java":{"insertions":21,"deletions":19}}}]}]},"authorFileTypeContributionMap":{"liujiayue314":{"java":1320,"md":25,"fxml":35,"sh":0,"bat":1,"gradle":19,"txt":11}},"authorContributionVariance":{"liujiayue314":61033.535},"authorDisplayNameMap":{"liujiayue314":"CS2103T-T15-3 LIU ..AYUE"}}
