[{"path":"src/main/java/Duke.java","fileType":"java","lines":[{"lineNumber":1,"author":{"gitId":"shenchenzizoe"},"content":"import java.io.BufferedReader;","lastModifiedDate":"2023-01-19"},{"lineNumber":2,"author":{"gitId":"shenchenzizoe"},"content":"import java.io.IOException;","lastModifiedDate":"2023-01-19"},{"lineNumber":3,"author":{"gitId":"shenchenzizoe"},"content":"import java.io.InputStreamReader;","lastModifiedDate":"2023-01-19"},{"lineNumber":4,"author":{"gitId":"shenchenzizoe"},"content":"","lastModifiedDate":"2023-01-19"},{"lineNumber":5,"author":{"gitId":"-"},"content":"public class Duke {","lastModifiedDate":"2019-07-29"},{"lineNumber":6,"author":{"gitId":"shenchenzizoe"},"content":"    public static void main(String[] args) throws IOException {","lastModifiedDate":"2023-01-19"},{"lineNumber":7,"author":{"gitId":"-"},"content":"        String logo \u003d \" ____        _        \\n\"","lastModifiedDate":"2019-07-29"},{"lineNumber":8,"author":{"gitId":"-"},"content":"                + \"|  _ \\\\ _   _| | _____ \\n\"","lastModifiedDate":"2019-07-29"},{"lineNumber":9,"author":{"gitId":"-"},"content":"                + \"| | | | | | | |/ / _ \\\\\\n\"","lastModifiedDate":"2019-07-29"},{"lineNumber":10,"author":{"gitId":"-"},"content":"                + \"| |_| | |_| |   \u003c  __/\\n\"","lastModifiedDate":"2019-07-29"},{"lineNumber":11,"author":{"gitId":"-"},"content":"                + \"|____/ \\\\__,_|_|\\\\_\\\\___|\\n\";","lastModifiedDate":"2019-07-29"},{"lineNumber":12,"author":{"gitId":"-"},"content":"        System.out.println(\"Hello from\\n\" + logo);","lastModifiedDate":"2019-07-29"},{"lineNumber":13,"author":{"gitId":"shenchenzizoe"},"content":"        System.out.println(\"---------------------------\");","lastModifiedDate":"2023-01-19"},{"lineNumber":14,"author":{"gitId":"shenchenzizoe"},"content":"        System.out.println(\"Hello! I\u0027m Duke\\n What can I do for you?\");","lastModifiedDate":"2023-01-19"},{"lineNumber":15,"author":{"gitId":"shenchenzizoe"},"content":"        System.out.println(\"---------------------------\");","lastModifiedDate":"2023-01-19"},{"lineNumber":16,"author":{"gitId":"shenchenzizoe"},"content":"        BufferedReader br \u003d new BufferedReader(new InputStreamReader(System.in));","lastModifiedDate":"2023-01-19"},{"lineNumber":17,"author":{"gitId":"shenchenzizoe"},"content":"        String str \u003d br.readLine();","lastModifiedDate":"2023-01-19"},{"lineNumber":18,"author":{"gitId":"shenchenzizoe"},"content":"        String[] strArr \u003d str.split(\" \");","lastModifiedDate":"2023-01-20"},{"lineNumber":19,"author":{"gitId":"shenchenzizoe"},"content":"        Task[] tasks \u003d new Task[100];","lastModifiedDate":"2023-01-20"},{"lineNumber":20,"author":{"gitId":"shenchenzizoe"},"content":"        int index \u003d 0;","lastModifiedDate":"2023-01-19"},{"lineNumber":21,"author":{"gitId":"shenchenzizoe"},"content":"        while (!str.equals(\"bye\")) {","lastModifiedDate":"2023-01-19"},{"lineNumber":22,"author":{"gitId":"shenchenzizoe"},"content":"            if(str.equals(\"list\")) {","lastModifiedDate":"2023-01-19"},{"lineNumber":23,"author":{"gitId":"shenchenzizoe"},"content":"                System.out.println(\"---------------------------\");","lastModifiedDate":"2023-01-19"},{"lineNumber":24,"author":{"gitId":"shenchenzizoe"},"content":"                System.out.println(\"Here are the tasks in your list:\");","lastModifiedDate":"2023-01-20"},{"lineNumber":25,"author":{"gitId":"shenchenzizoe"},"content":"                for(int i \u003d 0; i \u003c index; i++) {","lastModifiedDate":"2023-01-19"},{"lineNumber":26,"author":{"gitId":"shenchenzizoe"},"content":"                    if(!tasks[i].mark) {","lastModifiedDate":"2023-01-20"},{"lineNumber":27,"author":{"gitId":"shenchenzizoe"},"content":"                        System.out.print(i + 1 + \".\" + \"[ ] \");","lastModifiedDate":"2023-01-20"},{"lineNumber":28,"author":{"gitId":"shenchenzizoe"},"content":"                    } else {","lastModifiedDate":"2023-01-20"},{"lineNumber":29,"author":{"gitId":"shenchenzizoe"},"content":"                        System.out.print(i + 1 + \".\" + \"[X] \");","lastModifiedDate":"2023-01-20"},{"lineNumber":30,"author":{"gitId":"-"},"content":"                    }","lastModifiedDate":"2019-07-29"},{"lineNumber":31,"author":{"gitId":"shenchenzizoe"},"content":"                    System.out.println(tasks[i].string);","lastModifiedDate":"2023-01-20"},{"lineNumber":32,"author":{"gitId":"shenchenzizoe"},"content":"                }","lastModifiedDate":"2023-01-20"},{"lineNumber":33,"author":{"gitId":"shenchenzizoe"},"content":"                System.out.println(\"---------------------------\");","lastModifiedDate":"2023-01-20"},{"lineNumber":34,"author":{"gitId":"shenchenzizoe"},"content":"            } else if(strArr[0].equals(\"mark\")) {","lastModifiedDate":"2023-01-20"},{"lineNumber":35,"author":{"gitId":"shenchenzizoe"},"content":"                System.out.println(\"---------------------------\");","lastModifiedDate":"2023-01-20"},{"lineNumber":36,"author":{"gitId":"shenchenzizoe"},"content":"                System.out.println(\"Nice! I\u0027ve marked this task as done:\");","lastModifiedDate":"2023-01-20"},{"lineNumber":37,"author":{"gitId":"shenchenzizoe"},"content":"                int curIndex \u003d Integer.parseInt(strArr[1]) - 1;","lastModifiedDate":"2023-01-20"},{"lineNumber":38,"author":{"gitId":"shenchenzizoe"},"content":"                tasks[curIndex].mark();","lastModifiedDate":"2023-01-20"},{"lineNumber":39,"author":{"gitId":"shenchenzizoe"},"content":"                String curTask \u003d tasks[curIndex].string;","lastModifiedDate":"2023-01-20"},{"lineNumber":40,"author":{"gitId":"shenchenzizoe"},"content":"                System.out.println(\"[X] \" + curTask);","lastModifiedDate":"2023-01-20"},{"lineNumber":41,"author":{"gitId":"shenchenzizoe"},"content":"                System.out.println(\"---------------------------\");","lastModifiedDate":"2023-01-20"},{"lineNumber":42,"author":{"gitId":"shenchenzizoe"},"content":"            } else if(strArr[0].equals(\"unmark\")) {","lastModifiedDate":"2023-01-20"},{"lineNumber":43,"author":{"gitId":"shenchenzizoe"},"content":"                System.out.println(\"---------------------------\");","lastModifiedDate":"2023-01-20"},{"lineNumber":44,"author":{"gitId":"shenchenzizoe"},"content":"                System.out.println(\"OK, I\u0027ve marked this task as not done yet:\");","lastModifiedDate":"2023-01-20"},{"lineNumber":45,"author":{"gitId":"shenchenzizoe"},"content":"                int curIndex \u003d Integer.parseInt(strArr[1]) - 1;","lastModifiedDate":"2023-01-20"},{"lineNumber":46,"author":{"gitId":"shenchenzizoe"},"content":"                tasks[curIndex].demark();","lastModifiedDate":"2023-01-20"},{"lineNumber":47,"author":{"gitId":"shenchenzizoe"},"content":"                String curTask \u003d tasks[curIndex].string;","lastModifiedDate":"2023-01-20"},{"lineNumber":48,"author":{"gitId":"shenchenzizoe"},"content":"                System.out.println(\"[ ]\" + curTask);","lastModifiedDate":"2023-01-20"},{"lineNumber":49,"author":{"gitId":"shenchenzizoe"},"content":"                System.out.println(\"---------------------------\");","lastModifiedDate":"2023-01-19"},{"lineNumber":50,"author":{"gitId":"-"},"content":"            }","lastModifiedDate":"2019-07-29"},{"lineNumber":51,"author":{"gitId":"shenchenzizoe"},"content":"            else {","lastModifiedDate":"2023-01-19"},{"lineNumber":52,"author":{"gitId":"shenchenzizoe"},"content":"                System.out.println(\"---------------------------\");","lastModifiedDate":"2023-01-19"},{"lineNumber":53,"author":{"gitId":"shenchenzizoe"},"content":"                System.out.println(\"add: \" + str);","lastModifiedDate":"2023-01-19"},{"lineNumber":54,"author":{"gitId":"shenchenzizoe"},"content":"                System.out.println(\"---------------------------\");","lastModifiedDate":"2023-01-19"},{"lineNumber":55,"author":{"gitId":"shenchenzizoe"},"content":"                tasks[index] \u003dnew Task(str);","lastModifiedDate":"2023-01-20"},{"lineNumber":56,"author":{"gitId":"shenchenzizoe"},"content":"                index++;","lastModifiedDate":"2023-01-19"},{"lineNumber":57,"author":{"gitId":"shenchenzizoe"},"content":"            }","lastModifiedDate":"2023-01-19"},{"lineNumber":58,"author":{"gitId":"shenchenzizoe"},"content":"            str \u003d br.readLine();","lastModifiedDate":"2023-01-19"},{"lineNumber":59,"author":{"gitId":"shenchenzizoe"},"content":"            strArr \u003d str.split(\" \");","lastModifiedDate":"2023-01-20"},{"lineNumber":60,"author":{"gitId":"shenchenzizoe"},"content":"        }","lastModifiedDate":"2023-01-19"},{"lineNumber":61,"author":{"gitId":"shenchenzizoe"},"content":"        System.out.println(\"---------------------------\");","lastModifiedDate":"2023-01-19"},{"lineNumber":62,"author":{"gitId":"shenchenzizoe"},"content":"        System.out.println(\"Bye. Hope to see you again soon!\");","lastModifiedDate":"2023-01-19"},{"lineNumber":63,"author":{"gitId":"shenchenzizoe"},"content":"        System.out.println(\"---------------------------\");","lastModifiedDate":"2023-01-19"},{"lineNumber":64,"author":{"gitId":"shenchenzizoe"},"content":"        System.exit(0);","lastModifiedDate":"2023-01-19"},{"lineNumber":65,"author":{"gitId":"shenchenzizoe"},"content":"        }","lastModifiedDate":"2023-01-19"},{"lineNumber":66,"author":{"gitId":"-"},"content":"    }","lastModifiedDate":"2023-01-19"},{"lineNumber":67,"author":{"gitId":"shenchenzizoe"},"content":"","lastModifiedDate":"2023-01-19"}],"authorContributionMap":{"shenchenzizoe":57,"-":10}},{"path":"src/main/java/Task.java","fileType":"java","lines":[{"lineNumber":1,"author":{"gitId":"shenchenzizoe"},"content":"public class Task {","lastModifiedDate":"2023-01-20"},{"lineNumber":2,"author":{"gitId":"shenchenzizoe"},"content":"  public String string;","lastModifiedDate":"2023-01-20"},{"lineNumber":3,"author":{"gitId":"shenchenzizoe"},"content":"  public Boolean mark;","lastModifiedDate":"2023-01-20"},{"lineNumber":4,"author":{"gitId":"shenchenzizoe"},"content":"  public Task(String string) {","lastModifiedDate":"2023-01-20"},{"lineNumber":5,"author":{"gitId":"shenchenzizoe"},"content":"    this.string \u003d string;","lastModifiedDate":"2023-01-20"},{"lineNumber":6,"author":{"gitId":"shenchenzizoe"},"content":"    this.mark \u003d false;","lastModifiedDate":"2023-01-20"},{"lineNumber":7,"author":{"gitId":"shenchenzizoe"},"content":"  }","lastModifiedDate":"2023-01-20"},{"lineNumber":8,"author":{"gitId":"shenchenzizoe"},"content":"  public void mark() {","lastModifiedDate":"2023-01-20"},{"lineNumber":9,"author":{"gitId":"shenchenzizoe"},"content":"    this.mark \u003d true;","lastModifiedDate":"2023-01-20"},{"lineNumber":10,"author":{"gitId":"shenchenzizoe"},"content":"  }","lastModifiedDate":"2023-01-20"},{"lineNumber":11,"author":{"gitId":"shenchenzizoe"},"content":"  public void demark(){","lastModifiedDate":"2023-01-20"},{"lineNumber":12,"author":{"gitId":"shenchenzizoe"},"content":"    this.mark \u003d false;","lastModifiedDate":"2023-01-20"},{"lineNumber":13,"author":{"gitId":"shenchenzizoe"},"content":"  }","lastModifiedDate":"2023-01-20"},{"lineNumber":14,"author":{"gitId":"shenchenzizoe"},"content":"}","lastModifiedDate":"2023-01-20"}],"authorContributionMap":{"shenchenzizoe":14}}]
