{"authorDailyContributionsMap":{"shenchenzizoe":[{"date":"2023-01-19","commitResults":[{"hash":"19ceb58f3d5611f1a6a690ba9080ef8585355847","messageTitle":"finish level 2","messageBody":"","tags":["level1","level-2"],"fileTypesAndContributionMap":{"java":{"insertions":36,"deletions":2}}}]},{"date":"2023-01-20","commitResults":[{"hash":"b0ee4db2c9c65a894046a2df74cfcc4c284c08a2","messageTitle":"finish level 3","messageBody":"","tags":["level3"],"fileTypesAndContributionMap":{"java":{"insertions":41,"deletions":4}}}]},{"date":"2023-01-22","commitResults":[{"hash":"2d74717ffedc47ec2216b376646394cdc9ff9cf3","messageTitle":"finish level 4","messageBody":"","tags":["level4"],"fileTypesAndContributionMap":{"java":{"insertions":161,"deletions":11}}}]},{"date":"2023-01-23","commitResults":[{"hash":"68b8cc90176af6f62387e873a6bf5638790a5b73","messageTitle":"finish level 4","messageBody":"","tags":["updated_level4"],"fileTypesAndContributionMap":{"java":{"insertions":204,"deletions":0}}},{"hash":"2666dee01670203cbea27989228ca1f33c85dd05","messageTitle":"finish level 5","messageBody":"","tags":["level5"],"fileTypesAndContributionMap":{"java":{"insertions":136,"deletions":47}}},{"hash":"b4792a7b16a3b3e7a47789774b8ca7b100abf046","messageTitle":"finish level 6","messageBody":"","tags":["level6"],"fileTypesAndContributionMap":{"java":{"insertions":66,"deletions":5}}},{"hash":"4da111da63b432f673579a1dbe39e710df0f383f","messageTitle":"Automated Text UI Testing","messageBody":"","tags":["A-TextUiTesting"],"fileTypesAndContributionMap":{"txt":{"insertions":4,"deletions":0},"bat":{"insertions":3,"deletions":3}}}]},{"date":"2023-02-05","commitResults":[{"hash":"05f6dfff3402265c07eceef7dbc1ea69aa90a85b","messageTitle":"Finish level 7","messageBody":"","tags":["level7"],"fileTypesAndContributionMap":{"txt":{"insertions":0,"deletions":1},"java":{"insertions":209,"deletions":9},"bat":{"insertions":1,"deletions":1}}},{"hash":"4228be7b24cb6795f1cc7a2b3ce54c6970de2a9c","messageTitle":"Finish level 8","messageBody":"","fileTypesAndContributionMap":{"java":{"insertions":30,"deletions":18}}}]}]},"authorFileTypeContributionMap":{"shenchenzizoe":{"java":796,"md":0,"fxml":0,"sh":0,"bat":3,"gradle":0,"txt":9}},"authorContributionVariance":{"shenchenzizoe":11809.802},"authorDisplayNameMap":{"shenchenzizoe":"CS2103T-W11-4 SHEN..ENZI"}}
