[{"path":"src/main/java/Deadlines.java","fileType":"java","lines":[{"lineNumber":1,"author":{"gitId":"pzhengze"},"content":"public class Deadlines extends Task{","lastModifiedDate":"2023-01-16"},{"lineNumber":2,"author":{"gitId":"pzhengze"},"content":"    private String deadline \u003d \"\";","lastModifiedDate":"2023-01-16"},{"lineNumber":3,"author":{"gitId":"pzhengze"},"content":"    public Deadlines(String description, String deadline) {","lastModifiedDate":"2023-01-16"},{"lineNumber":4,"author":{"gitId":"pzhengze"},"content":"        super(description);","lastModifiedDate":"2023-01-16"},{"lineNumber":5,"author":{"gitId":"pzhengze"},"content":"        this.deadline \u003d deadline;","lastModifiedDate":"2023-01-16"},{"lineNumber":6,"author":{"gitId":"pzhengze"},"content":"    }","lastModifiedDate":"2023-01-16"},{"lineNumber":7,"author":{"gitId":"pzhengze"},"content":"","lastModifiedDate":"2023-01-16"},{"lineNumber":8,"author":{"gitId":"pzhengze"},"content":"    @Override","lastModifiedDate":"2023-01-16"},{"lineNumber":9,"author":{"gitId":"pzhengze"},"content":"    public String toString() {","lastModifiedDate":"2023-01-16"},{"lineNumber":10,"author":{"gitId":"pzhengze"},"content":"        return String.format(\"[D]%s (by: %s)\",","lastModifiedDate":"2023-01-16"},{"lineNumber":11,"author":{"gitId":"pzhengze"},"content":"                super.toString(),","lastModifiedDate":"2023-01-16"},{"lineNumber":12,"author":{"gitId":"pzhengze"},"content":"                deadline);","lastModifiedDate":"2023-01-16"},{"lineNumber":13,"author":{"gitId":"pzhengze"},"content":"    }","lastModifiedDate":"2023-01-16"},{"lineNumber":14,"author":{"gitId":"pzhengze"},"content":"}","lastModifiedDate":"2023-01-16"}],"authorContributionMap":{"pzhengze":14}},{"path":"src/main/java/Duke.java","fileType":"java","lines":[{"lineNumber":1,"author":{"gitId":"pzhengze"},"content":"import java.util.Scanner;","lastModifiedDate":"2023-01-16"},{"lineNumber":2,"author":{"gitId":"pzhengze"},"content":"","lastModifiedDate":"2023-01-16"},{"lineNumber":3,"author":{"gitId":"-"},"content":"public class Duke {","lastModifiedDate":"2019-07-29"},{"lineNumber":4,"author":{"gitId":"-"},"content":"    public static void main(String[] args) {","lastModifiedDate":"2019-07-29"},{"lineNumber":5,"author":{"gitId":"pzhengze"},"content":"        printText(\"\\t Hello! I\u0027m Duke\\n\\t What can I do for you?\");","lastModifiedDate":"2023-01-16"},{"lineNumber":6,"author":{"gitId":"pzhengze"},"content":"","lastModifiedDate":"2023-01-16"},{"lineNumber":7,"author":{"gitId":"pzhengze"},"content":"        TaskList list \u003d new TaskList();","lastModifiedDate":"2023-01-19"},{"lineNumber":8,"author":{"gitId":"pzhengze"},"content":"        Scanner scanner \u003d new Scanner(System.in);","lastModifiedDate":"2023-01-16"},{"lineNumber":9,"author":{"gitId":"pzhengze"},"content":"        String input \u003d scanner.next();","lastModifiedDate":"2023-01-16"},{"lineNumber":10,"author":{"gitId":"pzhengze"},"content":"","lastModifiedDate":"2023-01-16"},{"lineNumber":11,"author":{"gitId":"pzhengze"},"content":"        while (!input.equals(\"bye\")) {","lastModifiedDate":"2023-01-16"},{"lineNumber":12,"author":{"gitId":"pzhengze"},"content":"            try {","lastModifiedDate":"2023-01-17"},{"lineNumber":13,"author":{"gitId":"pzhengze"},"content":"                switch (input) {","lastModifiedDate":"2023-01-16"},{"lineNumber":14,"author":{"gitId":"pzhengze"},"content":"                    case \"list\":","lastModifiedDate":"2023-01-16"},{"lineNumber":15,"author":{"gitId":"pzhengze"},"content":"                        printText(list.list());","lastModifiedDate":"2023-01-16"},{"lineNumber":16,"author":{"gitId":"pzhengze"},"content":"                        break;","lastModifiedDate":"2023-01-16"},{"lineNumber":17,"author":{"gitId":"pzhengze"},"content":"                    case \"mark\":","lastModifiedDate":"2023-01-19"},{"lineNumber":18,"author":{"gitId":"pzhengze"},"content":"                        printText(list.mark(scanner.nextLine().strip()));","lastModifiedDate":"2023-01-19"},{"lineNumber":19,"author":{"gitId":"pzhengze"},"content":"                        break;","lastModifiedDate":"2023-01-16"},{"lineNumber":20,"author":{"gitId":"pzhengze"},"content":"                    case \"unmark\":","lastModifiedDate":"2023-01-19"},{"lineNumber":21,"author":{"gitId":"pzhengze"},"content":"                        printText(list.unMark(scanner.nextLine().strip()));","lastModifiedDate":"2023-01-19"},{"lineNumber":22,"author":{"gitId":"pzhengze"},"content":"                    case \"delete\":","lastModifiedDate":"2023-01-19"},{"lineNumber":23,"author":{"gitId":"pzhengze"},"content":"                        printText(list.delete(scanner.nextLine().strip()));","lastModifiedDate":"2023-01-19"},{"lineNumber":24,"author":{"gitId":"pzhengze"},"content":"                        break;","lastModifiedDate":"2023-01-16"},{"lineNumber":25,"author":{"gitId":"pzhengze"},"content":"                    case \"todo\":","lastModifiedDate":"2023-01-16"},{"lineNumber":26,"author":{"gitId":"pzhengze"},"content":"                        printText(list.add(TaskType.ToDos, scanner.nextLine().strip()));","lastModifiedDate":"2023-01-16"},{"lineNumber":27,"author":{"gitId":"pzhengze"},"content":"                        break;","lastModifiedDate":"2023-01-16"},{"lineNumber":28,"author":{"gitId":"pzhengze"},"content":"                    case \"deadline\":","lastModifiedDate":"2023-01-16"},{"lineNumber":29,"author":{"gitId":"pzhengze"},"content":"                        printText(list.add(TaskType.Deadlines, scanner.nextLine().strip()));","lastModifiedDate":"2023-01-19"},{"lineNumber":30,"author":{"gitId":"pzhengze"},"content":"                        break;","lastModifiedDate":"2023-01-16"},{"lineNumber":31,"author":{"gitId":"pzhengze"},"content":"                    case \"event\":","lastModifiedDate":"2023-01-16"},{"lineNumber":32,"author":{"gitId":"pzhengze"},"content":"                        printText(list.add(TaskType.Events, scanner.nextLine().strip()));","lastModifiedDate":"2023-01-19"},{"lineNumber":33,"author":{"gitId":"pzhengze"},"content":"                        break;","lastModifiedDate":"2023-01-16"},{"lineNumber":34,"author":{"gitId":"pzhengze"},"content":"                    default:","lastModifiedDate":"2023-01-17"},{"lineNumber":35,"author":{"gitId":"pzhengze"},"content":"                        throw new DukeUnknownCommandException();","lastModifiedDate":"2023-01-19"},{"lineNumber":36,"author":{"gitId":"pzhengze"},"content":"                }","lastModifiedDate":"2023-01-17"},{"lineNumber":37,"author":{"gitId":"pzhengze"},"content":"            } catch (DukeException dukeException){","lastModifiedDate":"2023-01-17"},{"lineNumber":38,"author":{"gitId":"pzhengze"},"content":"                printText(dukeException.getMessage());","lastModifiedDate":"2023-01-17"},{"lineNumber":39,"author":{"gitId":"pzhengze"},"content":"            }","lastModifiedDate":"2023-01-16"},{"lineNumber":40,"author":{"gitId":"pzhengze"},"content":"","lastModifiedDate":"2023-01-16"},{"lineNumber":41,"author":{"gitId":"pzhengze"},"content":"            input \u003d scanner.next();","lastModifiedDate":"2023-01-16"},{"lineNumber":42,"author":{"gitId":"pzhengze"},"content":"        }","lastModifiedDate":"2023-01-16"},{"lineNumber":43,"author":{"gitId":"pzhengze"},"content":"","lastModifiedDate":"2023-01-16"},{"lineNumber":44,"author":{"gitId":"pzhengze"},"content":"        printText(\"\\t Bye. Hope to see you again soon!\");","lastModifiedDate":"2023-01-16"},{"lineNumber":45,"author":{"gitId":"-"},"content":"    }","lastModifiedDate":"2019-07-29"},{"lineNumber":46,"author":{"gitId":"pzhengze"},"content":"","lastModifiedDate":"2023-01-17"},{"lineNumber":47,"author":{"gitId":"pzhengze"},"content":"    public static void printText(String s) {","lastModifiedDate":"2023-01-17"},{"lineNumber":48,"author":{"gitId":"pzhengze"},"content":"        System.out.println(\"\\t____________________________________________________________\");","lastModifiedDate":"2023-01-17"},{"lineNumber":49,"author":{"gitId":"pzhengze"},"content":"        System.out.println(s);","lastModifiedDate":"2023-01-17"},{"lineNumber":50,"author":{"gitId":"pzhengze"},"content":"        System.out.println(\"\\t____________________________________________________________\\n\");","lastModifiedDate":"2023-01-17"},{"lineNumber":51,"author":{"gitId":"-"},"content":"    }","lastModifiedDate":"2023-01-17"},{"lineNumber":52,"author":{"gitId":"-"},"content":"}","lastModifiedDate":"2019-07-29"},{"lineNumber":53,"author":{"gitId":"pzhengze"},"content":"","lastModifiedDate":"2023-01-16"}],"authorContributionMap":{"pzhengze":48,"-":5}},{"path":"src/main/java/DukeException.java","fileType":"java","lines":[{"lineNumber":1,"author":{"gitId":"pzhengze"},"content":"public class DukeException extends Exception {","lastModifiedDate":"2023-01-17"},{"lineNumber":2,"author":{"gitId":"pzhengze"},"content":"    public DukeException(String errorMsg) {","lastModifiedDate":"2023-01-17"},{"lineNumber":3,"author":{"gitId":"pzhengze"},"content":"        super(errorMsg);","lastModifiedDate":"2023-01-17"},{"lineNumber":4,"author":{"gitId":"pzhengze"},"content":"    }","lastModifiedDate":"2023-01-17"},{"lineNumber":5,"author":{"gitId":"pzhengze"},"content":"}","lastModifiedDate":"2023-01-17"}],"authorContributionMap":{"pzhengze":5}},{"path":"src/main/java/DukeInvalidTaskNumberException.java","fileType":"java","lines":[{"lineNumber":1,"author":{"gitId":"pzhengze"},"content":"public class DukeInvalidTaskNumberException extends DukeException{","lastModifiedDate":"2023-01-19"},{"lineNumber":2,"author":{"gitId":"pzhengze"},"content":"    public DukeInvalidTaskNumberException() {","lastModifiedDate":"2023-01-19"},{"lineNumber":3,"author":{"gitId":"pzhengze"},"content":"        super(\"\\t OOPS!!! Task number must be a number.\");","lastModifiedDate":"2023-01-19"},{"lineNumber":4,"author":{"gitId":"pzhengze"},"content":"    }","lastModifiedDate":"2023-01-19"},{"lineNumber":5,"author":{"gitId":"pzhengze"},"content":"}","lastModifiedDate":"2023-01-19"}],"authorContributionMap":{"pzhengze":5}},{"path":"src/main/java/DukeMissingDeadlineException.java","fileType":"java","lines":[{"lineNumber":1,"author":{"gitId":"pzhengze"},"content":"public class DukeMissingDeadlineException extends DukeException{","lastModifiedDate":"2023-01-19"},{"lineNumber":2,"author":{"gitId":"pzhengze"},"content":"    public DukeMissingDeadlineException() {","lastModifiedDate":"2023-01-19"},{"lineNumber":3,"author":{"gitId":"pzhengze"},"content":"        super(\"\\t OOPS!!! The date/time of a deadline cannot be empty.\");","lastModifiedDate":"2023-01-19"},{"lineNumber":4,"author":{"gitId":"pzhengze"},"content":"","lastModifiedDate":"2023-01-19"},{"lineNumber":5,"author":{"gitId":"pzhengze"},"content":"    }","lastModifiedDate":"2023-01-19"},{"lineNumber":6,"author":{"gitId":"pzhengze"},"content":"}","lastModifiedDate":"2023-01-19"}],"authorContributionMap":{"pzhengze":6}},{"path":"src/main/java/DukeMissingDescriptionException.java","fileType":"java","lines":[{"lineNumber":1,"author":{"gitId":"pzhengze"},"content":"public class DukeMissingDescriptionException extends DukeException{","lastModifiedDate":"2023-01-19"},{"lineNumber":2,"author":{"gitId":"pzhengze"},"content":"    public DukeMissingDescriptionException() {","lastModifiedDate":"2023-01-19"},{"lineNumber":3,"author":{"gitId":"pzhengze"},"content":"        super(\"\\t OOPS!!! The description of a task cannot be empty.\");","lastModifiedDate":"2023-01-19"},{"lineNumber":4,"author":{"gitId":"pzhengze"},"content":"","lastModifiedDate":"2023-01-19"},{"lineNumber":5,"author":{"gitId":"pzhengze"},"content":"    }","lastModifiedDate":"2023-01-19"},{"lineNumber":6,"author":{"gitId":"pzhengze"},"content":"}","lastModifiedDate":"2023-01-19"}],"authorContributionMap":{"pzhengze":6}},{"path":"src/main/java/DukeMissingEventDateException.java","fileType":"java","lines":[{"lineNumber":1,"author":{"gitId":"pzhengze"},"content":"public class DukeMissingEventDateException extends DukeException{","lastModifiedDate":"2023-01-19"},{"lineNumber":2,"author":{"gitId":"pzhengze"},"content":"    public DukeMissingEventDateException() {","lastModifiedDate":"2023-01-19"},{"lineNumber":3,"author":{"gitId":"pzhengze"},"content":"        super(\"\\t OOPS!!! The start/end date of an event cannot be empty.\");","lastModifiedDate":"2023-01-19"},{"lineNumber":4,"author":{"gitId":"pzhengze"},"content":"","lastModifiedDate":"2023-01-19"},{"lineNumber":5,"author":{"gitId":"pzhengze"},"content":"    }","lastModifiedDate":"2023-01-19"},{"lineNumber":6,"author":{"gitId":"pzhengze"},"content":"}","lastModifiedDate":"2023-01-19"}],"authorContributionMap":{"pzhengze":6}},{"path":"src/main/java/DukeTaskNumberOutOfRangeException.java","fileType":"java","lines":[{"lineNumber":1,"author":{"gitId":"pzhengze"},"content":"public class DukeTaskNumberOutOfRangeException extends DukeException{","lastModifiedDate":"2023-01-19"},{"lineNumber":2,"author":{"gitId":"pzhengze"},"content":"    public DukeTaskNumberOutOfRangeException() {","lastModifiedDate":"2023-01-19"},{"lineNumber":3,"author":{"gitId":"pzhengze"},"content":"        super(\"\\t OOPS!!! Task number out of range.\");","lastModifiedDate":"2023-01-19"},{"lineNumber":4,"author":{"gitId":"pzhengze"},"content":"    }","lastModifiedDate":"2023-01-19"},{"lineNumber":5,"author":{"gitId":"pzhengze"},"content":"}","lastModifiedDate":"2023-01-19"}],"authorContributionMap":{"pzhengze":5}},{"path":"src/main/java/DukeUnknownCommandException.java","fileType":"java","lines":[{"lineNumber":1,"author":{"gitId":"pzhengze"},"content":"public class DukeUnknownCommandException extends DukeException{","lastModifiedDate":"2023-01-19"},{"lineNumber":2,"author":{"gitId":"pzhengze"},"content":"    public DukeUnknownCommandException() {","lastModifiedDate":"2023-01-19"},{"lineNumber":3,"author":{"gitId":"pzhengze"},"content":"        super(\"\\t OOPS!!! I\u0027m sorry, but I don\u0027t know what that means :-(\");","lastModifiedDate":"2023-01-19"},{"lineNumber":4,"author":{"gitId":"pzhengze"},"content":"    }","lastModifiedDate":"2023-01-19"},{"lineNumber":5,"author":{"gitId":"pzhengze"},"content":"}","lastModifiedDate":"2023-01-19"}],"authorContributionMap":{"pzhengze":5}},{"path":"src/main/java/Events.java","fileType":"java","lines":[{"lineNumber":1,"author":{"gitId":"pzhengze"},"content":"public class Events extends Task{","lastModifiedDate":"2023-01-16"},{"lineNumber":2,"author":{"gitId":"pzhengze"},"content":"    private String from \u003d \"\";","lastModifiedDate":"2023-01-16"},{"lineNumber":3,"author":{"gitId":"pzhengze"},"content":"    private String to \u003d \"\";","lastModifiedDate":"2023-01-16"},{"lineNumber":4,"author":{"gitId":"pzhengze"},"content":"","lastModifiedDate":"2023-01-16"},{"lineNumber":5,"author":{"gitId":"pzhengze"},"content":"    public Events(String description, String from, String to) {","lastModifiedDate":"2023-01-16"},{"lineNumber":6,"author":{"gitId":"pzhengze"},"content":"        super(description);","lastModifiedDate":"2023-01-16"},{"lineNumber":7,"author":{"gitId":"pzhengze"},"content":"        this.from \u003d from;","lastModifiedDate":"2023-01-16"},{"lineNumber":8,"author":{"gitId":"pzhengze"},"content":"        this.to \u003d to;","lastModifiedDate":"2023-01-16"},{"lineNumber":9,"author":{"gitId":"pzhengze"},"content":"    }","lastModifiedDate":"2023-01-16"},{"lineNumber":10,"author":{"gitId":"pzhengze"},"content":"","lastModifiedDate":"2023-01-16"},{"lineNumber":11,"author":{"gitId":"pzhengze"},"content":"    @Override","lastModifiedDate":"2023-01-16"},{"lineNumber":12,"author":{"gitId":"pzhengze"},"content":"    public String toString() {","lastModifiedDate":"2023-01-16"},{"lineNumber":13,"author":{"gitId":"pzhengze"},"content":"        return String.format(\"[E]%s (from: %s to: %s)\", super.toString(), from, to);","lastModifiedDate":"2023-01-16"},{"lineNumber":14,"author":{"gitId":"pzhengze"},"content":"    }","lastModifiedDate":"2023-01-16"},{"lineNumber":15,"author":{"gitId":"pzhengze"},"content":"}","lastModifiedDate":"2023-01-16"}],"authorContributionMap":{"pzhengze":15}},{"path":"src/main/java/Task.java","fileType":"java","lines":[{"lineNumber":1,"author":{"gitId":"pzhengze"},"content":"public class Task {","lastModifiedDate":"2023-01-16"},{"lineNumber":2,"author":{"gitId":"pzhengze"},"content":"    protected String description;","lastModifiedDate":"2023-01-16"},{"lineNumber":3,"author":{"gitId":"pzhengze"},"content":"    protected boolean isDone;","lastModifiedDate":"2023-01-16"},{"lineNumber":4,"author":{"gitId":"pzhengze"},"content":"","lastModifiedDate":"2023-01-16"},{"lineNumber":5,"author":{"gitId":"pzhengze"},"content":"    public Task(String description) {","lastModifiedDate":"2023-01-16"},{"lineNumber":6,"author":{"gitId":"pzhengze"},"content":"        this.description \u003d description;","lastModifiedDate":"2023-01-16"},{"lineNumber":7,"author":{"gitId":"pzhengze"},"content":"        this.isDone \u003d false;","lastModifiedDate":"2023-01-16"},{"lineNumber":8,"author":{"gitId":"pzhengze"},"content":"    }","lastModifiedDate":"2023-01-16"},{"lineNumber":9,"author":{"gitId":"pzhengze"},"content":"","lastModifiedDate":"2023-01-16"},{"lineNumber":10,"author":{"gitId":"pzhengze"},"content":"    public String mark() {","lastModifiedDate":"2023-01-16"},{"lineNumber":11,"author":{"gitId":"pzhengze"},"content":"        this.isDone \u003d true;","lastModifiedDate":"2023-01-16"},{"lineNumber":12,"author":{"gitId":"pzhengze"},"content":"        return String.format(\"\\t Nice! I\u0027ve marked this task as done:\\n\\t   %s\", this);","lastModifiedDate":"2023-01-16"},{"lineNumber":13,"author":{"gitId":"pzhengze"},"content":"    }","lastModifiedDate":"2023-01-16"},{"lineNumber":14,"author":{"gitId":"pzhengze"},"content":"","lastModifiedDate":"2023-01-16"},{"lineNumber":15,"author":{"gitId":"pzhengze"},"content":"    public String unMark() {","lastModifiedDate":"2023-01-16"},{"lineNumber":16,"author":{"gitId":"pzhengze"},"content":"        this.isDone \u003d false;","lastModifiedDate":"2023-01-16"},{"lineNumber":17,"author":{"gitId":"pzhengze"},"content":"        return String.format(\"\\t Ok, I\u0027ve marked this task as not done yet:\\n\\t   %s\", this);","lastModifiedDate":"2023-01-16"},{"lineNumber":18,"author":{"gitId":"pzhengze"},"content":"    }","lastModifiedDate":"2023-01-16"},{"lineNumber":19,"author":{"gitId":"pzhengze"},"content":"","lastModifiedDate":"2023-01-16"},{"lineNumber":20,"author":{"gitId":"pzhengze"},"content":"    private String getStatusIcon() {","lastModifiedDate":"2023-01-16"},{"lineNumber":21,"author":{"gitId":"pzhengze"},"content":"        return (isDone ? \"X\" : \" \"); // mark done task with X","lastModifiedDate":"2023-01-16"},{"lineNumber":22,"author":{"gitId":"pzhengze"},"content":"    }","lastModifiedDate":"2023-01-16"},{"lineNumber":23,"author":{"gitId":"pzhengze"},"content":"","lastModifiedDate":"2023-01-16"},{"lineNumber":24,"author":{"gitId":"pzhengze"},"content":"    public String toString() {","lastModifiedDate":"2023-01-16"},{"lineNumber":25,"author":{"gitId":"pzhengze"},"content":"        return String.format(\"[%s] %s\", this.getStatusIcon(), this.description);","lastModifiedDate":"2023-01-16"},{"lineNumber":26,"author":{"gitId":"pzhengze"},"content":"    }","lastModifiedDate":"2023-01-16"},{"lineNumber":27,"author":{"gitId":"pzhengze"},"content":"}","lastModifiedDate":"2023-01-16"}],"authorContributionMap":{"pzhengze":27}},{"path":"src/main/java/TaskList.java","fileType":"java","lines":[{"lineNumber":1,"author":{"gitId":"pzhengze"},"content":"import java.util.ArrayList;","lastModifiedDate":"2023-01-19"},{"lineNumber":2,"author":{"gitId":"pzhengze"},"content":"","lastModifiedDate":"2023-01-19"},{"lineNumber":3,"author":{"gitId":"pzhengze"},"content":"public class TaskList {","lastModifiedDate":"2023-01-19"},{"lineNumber":4,"author":{"gitId":"pzhengze"},"content":"    ArrayList\u003cTask\u003e list \u003d new ArrayList\u003c\u003e();","lastModifiedDate":"2023-01-19"},{"lineNumber":5,"author":{"gitId":"pzhengze"},"content":"","lastModifiedDate":"2023-01-19"},{"lineNumber":6,"author":{"gitId":"pzhengze"},"content":"    public TaskList() {}","lastModifiedDate":"2023-01-19"},{"lineNumber":7,"author":{"gitId":"pzhengze"},"content":"","lastModifiedDate":"2023-01-19"},{"lineNumber":8,"author":{"gitId":"pzhengze"},"content":"    public String add(TaskType type, String s) throws DukeException {","lastModifiedDate":"2023-01-19"},{"lineNumber":9,"author":{"gitId":"pzhengze"},"content":"","lastModifiedDate":"2023-01-19"},{"lineNumber":10,"author":{"gitId":"pzhengze"},"content":"        String output \u003d \"\\t Got it. I\u0027ve added this task:\\n\";","lastModifiedDate":"2023-01-19"},{"lineNumber":11,"author":{"gitId":"pzhengze"},"content":"        switch (type) {","lastModifiedDate":"2023-01-19"},{"lineNumber":12,"author":{"gitId":"pzhengze"},"content":"            case ToDos:","lastModifiedDate":"2023-01-19"},{"lineNumber":13,"author":{"gitId":"pzhengze"},"content":"                if (s.isBlank()) {","lastModifiedDate":"2023-01-19"},{"lineNumber":14,"author":{"gitId":"pzhengze"},"content":"                    throw new DukeMissingDescriptionException();","lastModifiedDate":"2023-01-19"},{"lineNumber":15,"author":{"gitId":"pzhengze"},"content":"                }","lastModifiedDate":"2023-01-19"},{"lineNumber":16,"author":{"gitId":"pzhengze"},"content":"                ToDos todo \u003d new ToDos(s);","lastModifiedDate":"2023-01-19"},{"lineNumber":17,"author":{"gitId":"pzhengze"},"content":"                list.add(todo);","lastModifiedDate":"2023-01-19"},{"lineNumber":18,"author":{"gitId":"pzhengze"},"content":"                output +\u003d \"\\t   \" + todo;","lastModifiedDate":"2023-01-19"},{"lineNumber":19,"author":{"gitId":"pzhengze"},"content":"                break;","lastModifiedDate":"2023-01-19"},{"lineNumber":20,"author":{"gitId":"pzhengze"},"content":"","lastModifiedDate":"2023-01-19"},{"lineNumber":21,"author":{"gitId":"pzhengze"},"content":"            case Deadlines: {","lastModifiedDate":"2023-01-19"},{"lineNumber":22,"author":{"gitId":"pzhengze"},"content":"                if (s.isBlank()) {","lastModifiedDate":"2023-01-19"},{"lineNumber":23,"author":{"gitId":"pzhengze"},"content":"                    throw new DukeMissingDescriptionException();","lastModifiedDate":"2023-01-19"},{"lineNumber":24,"author":{"gitId":"pzhengze"},"content":"                }","lastModifiedDate":"2023-01-19"},{"lineNumber":25,"author":{"gitId":"pzhengze"},"content":"                int index \u003d s.indexOf(\" /by \");","lastModifiedDate":"2023-01-19"},{"lineNumber":26,"author":{"gitId":"pzhengze"},"content":"                if (index \u003d\u003d -1 || s.substring(index + 5)","lastModifiedDate":"2023-01-19"},{"lineNumber":27,"author":{"gitId":"pzhengze"},"content":"                        .isBlank()) {","lastModifiedDate":"2023-01-19"},{"lineNumber":28,"author":{"gitId":"pzhengze"},"content":"                    throw new DukeMissingDeadlineException();","lastModifiedDate":"2023-01-19"},{"lineNumber":29,"author":{"gitId":"pzhengze"},"content":"                }","lastModifiedDate":"2023-01-19"},{"lineNumber":30,"author":{"gitId":"pzhengze"},"content":"                String desc \u003d s.substring(0, index).strip();","lastModifiedDate":"2023-01-19"},{"lineNumber":31,"author":{"gitId":"pzhengze"},"content":"                if (index \u003d\u003d 0 || desc.isEmpty()) {","lastModifiedDate":"2023-01-19"},{"lineNumber":32,"author":{"gitId":"pzhengze"},"content":"                    throw new DukeMissingDescriptionException();","lastModifiedDate":"2023-01-19"},{"lineNumber":33,"author":{"gitId":"pzhengze"},"content":"                }","lastModifiedDate":"2023-01-19"},{"lineNumber":34,"author":{"gitId":"pzhengze"},"content":"","lastModifiedDate":"2023-01-19"},{"lineNumber":35,"author":{"gitId":"pzhengze"},"content":"                Deadlines deadline \u003d new Deadlines(desc,","lastModifiedDate":"2023-01-19"},{"lineNumber":36,"author":{"gitId":"pzhengze"},"content":"                        s.substring(index + 5).strip());","lastModifiedDate":"2023-01-19"},{"lineNumber":37,"author":{"gitId":"pzhengze"},"content":"                list.add(deadline);","lastModifiedDate":"2023-01-19"},{"lineNumber":38,"author":{"gitId":"pzhengze"},"content":"                output +\u003d \"\\t   \" + deadline;","lastModifiedDate":"2023-01-19"},{"lineNumber":39,"author":{"gitId":"pzhengze"},"content":"                break;","lastModifiedDate":"2023-01-19"},{"lineNumber":40,"author":{"gitId":"pzhengze"},"content":"            }","lastModifiedDate":"2023-01-19"},{"lineNumber":41,"author":{"gitId":"pzhengze"},"content":"","lastModifiedDate":"2023-01-19"},{"lineNumber":42,"author":{"gitId":"pzhengze"},"content":"            case Events: {","lastModifiedDate":"2023-01-19"},{"lineNumber":43,"author":{"gitId":"pzhengze"},"content":"                if (s.isBlank()) {","lastModifiedDate":"2023-01-19"},{"lineNumber":44,"author":{"gitId":"pzhengze"},"content":"                    throw new DukeMissingDescriptionException();","lastModifiedDate":"2023-01-19"},{"lineNumber":45,"author":{"gitId":"pzhengze"},"content":"                }","lastModifiedDate":"2023-01-19"},{"lineNumber":46,"author":{"gitId":"pzhengze"},"content":"                int from \u003d s.indexOf(\" /from \");","lastModifiedDate":"2023-01-19"},{"lineNumber":47,"author":{"gitId":"pzhengze"},"content":"                int to \u003d s.indexOf(\" /to \");","lastModifiedDate":"2023-01-19"},{"lineNumber":48,"author":{"gitId":"pzhengze"},"content":"                if (from \u003d\u003d -1 ||","lastModifiedDate":"2023-01-19"},{"lineNumber":49,"author":{"gitId":"pzhengze"},"content":"                        to \u003d\u003d -1 ||","lastModifiedDate":"2023-01-19"},{"lineNumber":50,"author":{"gitId":"pzhengze"},"content":"                        to \u003c from + 7 ||","lastModifiedDate":"2023-01-19"},{"lineNumber":51,"author":{"gitId":"pzhengze"},"content":"                        s.substring(from + 7, to).isBlank() ||","lastModifiedDate":"2023-01-19"},{"lineNumber":52,"author":{"gitId":"pzhengze"},"content":"                        s.substring(to + 5).isBlank()) {","lastModifiedDate":"2023-01-19"},{"lineNumber":53,"author":{"gitId":"pzhengze"},"content":"                    throw new DukeMissingEventDateException();","lastModifiedDate":"2023-01-19"},{"lineNumber":54,"author":{"gitId":"pzhengze"},"content":"                }","lastModifiedDate":"2023-01-19"},{"lineNumber":55,"author":{"gitId":"pzhengze"},"content":"                String desc \u003d s.substring(0, from).strip();","lastModifiedDate":"2023-01-19"},{"lineNumber":56,"author":{"gitId":"pzhengze"},"content":"","lastModifiedDate":"2023-01-19"},{"lineNumber":57,"author":{"gitId":"pzhengze"},"content":"                if (from \u003d\u003d 0 || to \u003d\u003d 0 || desc.isEmpty()) {","lastModifiedDate":"2023-01-19"},{"lineNumber":58,"author":{"gitId":"pzhengze"},"content":"                    throw new DukeMissingDescriptionException();","lastModifiedDate":"2023-01-19"},{"lineNumber":59,"author":{"gitId":"pzhengze"},"content":"                }","lastModifiedDate":"2023-01-19"},{"lineNumber":60,"author":{"gitId":"pzhengze"},"content":"","lastModifiedDate":"2023-01-19"},{"lineNumber":61,"author":{"gitId":"pzhengze"},"content":"                Events event \u003d new Events(s.substring(0, from)","lastModifiedDate":"2023-01-19"},{"lineNumber":62,"author":{"gitId":"pzhengze"},"content":"                        .strip(),","lastModifiedDate":"2023-01-19"},{"lineNumber":63,"author":{"gitId":"pzhengze"},"content":"                        s.substring(from + 7, to).strip(),","lastModifiedDate":"2023-01-19"},{"lineNumber":64,"author":{"gitId":"pzhengze"},"content":"                        s.substring(to + 5).strip());","lastModifiedDate":"2023-01-19"},{"lineNumber":65,"author":{"gitId":"pzhengze"},"content":"                list.add(event);","lastModifiedDate":"2023-01-19"},{"lineNumber":66,"author":{"gitId":"pzhengze"},"content":"                output +\u003d \"\\t   \" + event;","lastModifiedDate":"2023-01-19"},{"lineNumber":67,"author":{"gitId":"pzhengze"},"content":"                break;","lastModifiedDate":"2023-01-19"},{"lineNumber":68,"author":{"gitId":"pzhengze"},"content":"            }","lastModifiedDate":"2023-01-19"},{"lineNumber":69,"author":{"gitId":"pzhengze"},"content":"        }","lastModifiedDate":"2023-01-19"},{"lineNumber":70,"author":{"gitId":"pzhengze"},"content":"        return String.format(\"%s\\n\\t Now you have %d tasks in the list.\", output, list.size());","lastModifiedDate":"2023-01-19"},{"lineNumber":71,"author":{"gitId":"pzhengze"},"content":"    }","lastModifiedDate":"2023-01-19"},{"lineNumber":72,"author":{"gitId":"pzhengze"},"content":"","lastModifiedDate":"2023-01-19"},{"lineNumber":73,"author":{"gitId":"pzhengze"},"content":"    public String mark(String s) throws DukeException {","lastModifiedDate":"2023-01-19"},{"lineNumber":74,"author":{"gitId":"pzhengze"},"content":"        int num \u003d TaskList.stringToInt(s);","lastModifiedDate":"2023-01-19"},{"lineNumber":75,"author":{"gitId":"pzhengze"},"content":"","lastModifiedDate":"2023-01-19"},{"lineNumber":76,"author":{"gitId":"pzhengze"},"content":"        if (num \u003c -1 || num \u003e\u003d list.size()) {","lastModifiedDate":"2023-01-19"},{"lineNumber":77,"author":{"gitId":"pzhengze"},"content":"            throw new DukeTaskNumberOutOfRangeException();","lastModifiedDate":"2023-01-19"},{"lineNumber":78,"author":{"gitId":"pzhengze"},"content":"        }","lastModifiedDate":"2023-01-19"},{"lineNumber":79,"author":{"gitId":"pzhengze"},"content":"        return list.get(num).mark();","lastModifiedDate":"2023-01-19"},{"lineNumber":80,"author":{"gitId":"pzhengze"},"content":"    }","lastModifiedDate":"2023-01-19"},{"lineNumber":81,"author":{"gitId":"pzhengze"},"content":"","lastModifiedDate":"2023-01-19"},{"lineNumber":82,"author":{"gitId":"pzhengze"},"content":"    public String unMark(String s) throws DukeException {","lastModifiedDate":"2023-01-19"},{"lineNumber":83,"author":{"gitId":"pzhengze"},"content":"        int num \u003d TaskList.stringToInt(s);","lastModifiedDate":"2023-01-19"},{"lineNumber":84,"author":{"gitId":"pzhengze"},"content":"","lastModifiedDate":"2023-01-19"},{"lineNumber":85,"author":{"gitId":"pzhengze"},"content":"        if (num \u003c -1 || num \u003e\u003d list.size()) {","lastModifiedDate":"2023-01-19"},{"lineNumber":86,"author":{"gitId":"pzhengze"},"content":"            throw new DukeTaskNumberOutOfRangeException();","lastModifiedDate":"2023-01-19"},{"lineNumber":87,"author":{"gitId":"pzhengze"},"content":"        }","lastModifiedDate":"2023-01-19"},{"lineNumber":88,"author":{"gitId":"pzhengze"},"content":"        return list.get(num).unMark();","lastModifiedDate":"2023-01-19"},{"lineNumber":89,"author":{"gitId":"pzhengze"},"content":"    }","lastModifiedDate":"2023-01-19"},{"lineNumber":90,"author":{"gitId":"pzhengze"},"content":"","lastModifiedDate":"2023-01-19"},{"lineNumber":91,"author":{"gitId":"pzhengze"},"content":"    public String delete(String s) throws DukeException {","lastModifiedDate":"2023-01-19"},{"lineNumber":92,"author":{"gitId":"pzhengze"},"content":"        int num \u003d TaskList.stringToInt(s);","lastModifiedDate":"2023-01-19"},{"lineNumber":93,"author":{"gitId":"pzhengze"},"content":"","lastModifiedDate":"2023-01-19"},{"lineNumber":94,"author":{"gitId":"pzhengze"},"content":"        String output \u003d \"\\t Noted. I\u0027ve removed this task:\\n\";","lastModifiedDate":"2023-01-19"},{"lineNumber":95,"author":{"gitId":"pzhengze"},"content":"        if (num \u003c -1 || num \u003e\u003d list.size()) {","lastModifiedDate":"2023-01-19"},{"lineNumber":96,"author":{"gitId":"pzhengze"},"content":"            throw new DukeTaskNumberOutOfRangeException();","lastModifiedDate":"2023-01-19"},{"lineNumber":97,"author":{"gitId":"pzhengze"},"content":"        }","lastModifiedDate":"2023-01-19"},{"lineNumber":98,"author":{"gitId":"pzhengze"},"content":"        Task removed \u003d list.remove(num);","lastModifiedDate":"2023-01-19"},{"lineNumber":99,"author":{"gitId":"pzhengze"},"content":"        return String.format(\"%s\\t   %s\\n\\t Now you have %d tasks in the list.\", output, removed, list.size());","lastModifiedDate":"2023-01-19"},{"lineNumber":100,"author":{"gitId":"pzhengze"},"content":"    }","lastModifiedDate":"2023-01-19"},{"lineNumber":101,"author":{"gitId":"pzhengze"},"content":"","lastModifiedDate":"2023-01-19"},{"lineNumber":102,"author":{"gitId":"pzhengze"},"content":"    public String list() {","lastModifiedDate":"2023-01-19"},{"lineNumber":103,"author":{"gitId":"pzhengze"},"content":"        StringBuilder output \u003d new StringBuilder();","lastModifiedDate":"2023-01-19"},{"lineNumber":104,"author":{"gitId":"pzhengze"},"content":"        output.append(\"\\t Here are the tasks in your list:\\n\");","lastModifiedDate":"2023-01-19"},{"lineNumber":105,"author":{"gitId":"pzhengze"},"content":"        int index \u003d 1;","lastModifiedDate":"2023-01-19"},{"lineNumber":106,"author":{"gitId":"pzhengze"},"content":"        for (Task task : list) {","lastModifiedDate":"2023-01-19"},{"lineNumber":107,"author":{"gitId":"pzhengze"},"content":"            output.append(String.format(\"\\t %d.%s\\n\",","lastModifiedDate":"2023-01-19"},{"lineNumber":108,"author":{"gitId":"pzhengze"},"content":"                    index,","lastModifiedDate":"2023-01-19"},{"lineNumber":109,"author":{"gitId":"pzhengze"},"content":"                    task.toString()));","lastModifiedDate":"2023-01-19"},{"lineNumber":110,"author":{"gitId":"pzhengze"},"content":"            index++;","lastModifiedDate":"2023-01-19"},{"lineNumber":111,"author":{"gitId":"pzhengze"},"content":"        }","lastModifiedDate":"2023-01-19"},{"lineNumber":112,"author":{"gitId":"pzhengze"},"content":"","lastModifiedDate":"2023-01-19"},{"lineNumber":113,"author":{"gitId":"pzhengze"},"content":"        return output.substring(0, output.length() - 1);","lastModifiedDate":"2023-01-19"},{"lineNumber":114,"author":{"gitId":"pzhengze"},"content":"    }","lastModifiedDate":"2023-01-19"},{"lineNumber":115,"author":{"gitId":"pzhengze"},"content":"","lastModifiedDate":"2023-01-19"},{"lineNumber":116,"author":{"gitId":"pzhengze"},"content":"    private static int stringToInt(String s) throws DukeInvalidTaskNumberException {","lastModifiedDate":"2023-01-19"},{"lineNumber":117,"author":{"gitId":"pzhengze"},"content":"        try {","lastModifiedDate":"2023-01-19"},{"lineNumber":118,"author":{"gitId":"pzhengze"},"content":"            return Integer.parseInt(s);","lastModifiedDate":"2023-01-19"},{"lineNumber":119,"author":{"gitId":"pzhengze"},"content":"        } catch (NumberFormatException e) {","lastModifiedDate":"2023-01-19"},{"lineNumber":120,"author":{"gitId":"pzhengze"},"content":"            throw new DukeInvalidTaskNumberException();","lastModifiedDate":"2023-01-19"},{"lineNumber":121,"author":{"gitId":"pzhengze"},"content":"        }","lastModifiedDate":"2023-01-19"},{"lineNumber":122,"author":{"gitId":"pzhengze"},"content":"    }","lastModifiedDate":"2023-01-19"},{"lineNumber":123,"author":{"gitId":"pzhengze"},"content":"}","lastModifiedDate":"2023-01-19"}],"authorContributionMap":{"pzhengze":123}},{"path":"src/main/java/TaskType.java","fileType":"java","lines":[{"lineNumber":1,"author":{"gitId":"pzhengze"},"content":"public enum TaskType {","lastModifiedDate":"2023-01-16"},{"lineNumber":2,"author":{"gitId":"pzhengze"},"content":"    ToDos, Deadlines, Events","lastModifiedDate":"2023-01-16"},{"lineNumber":3,"author":{"gitId":"pzhengze"},"content":"}","lastModifiedDate":"2023-01-16"}],"authorContributionMap":{"pzhengze":3}},{"path":"src/main/java/ToDos.java","fileType":"java","lines":[{"lineNumber":1,"author":{"gitId":"pzhengze"},"content":"public class ToDos extends Task {","lastModifiedDate":"2023-01-16"},{"lineNumber":2,"author":{"gitId":"pzhengze"},"content":"    public ToDos(String description) {","lastModifiedDate":"2023-01-16"},{"lineNumber":3,"author":{"gitId":"pzhengze"},"content":"        super(description);","lastModifiedDate":"2023-01-16"},{"lineNumber":4,"author":{"gitId":"pzhengze"},"content":"    }","lastModifiedDate":"2023-01-16"},{"lineNumber":5,"author":{"gitId":"pzhengze"},"content":"","lastModifiedDate":"2023-01-16"},{"lineNumber":6,"author":{"gitId":"pzhengze"},"content":"    @Override","lastModifiedDate":"2023-01-16"},{"lineNumber":7,"author":{"gitId":"pzhengze"},"content":"    public String toString() {","lastModifiedDate":"2023-01-16"},{"lineNumber":8,"author":{"gitId":"pzhengze"},"content":"        return \"[T]\" + super.toString();","lastModifiedDate":"2023-01-16"},{"lineNumber":9,"author":{"gitId":"pzhengze"},"content":"    }","lastModifiedDate":"2023-01-16"},{"lineNumber":10,"author":{"gitId":"pzhengze"},"content":"}","lastModifiedDate":"2023-01-16"}],"authorContributionMap":{"pzhengze":10}},{"path":"text-ui-test/input.txt","fileType":"txt","lines":[{"lineNumber":1,"author":{"gitId":"pzhengze"},"content":"todo","lastModifiedDate":"2023-01-17"},{"lineNumber":2,"author":{"gitId":"pzhengze"},"content":"todo test","lastModifiedDate":"2023-01-17"},{"lineNumber":3,"author":{"gitId":"pzhengze"},"content":"todo     test","lastModifiedDate":"2023-01-17"},{"lineNumber":4,"author":{"gitId":"pzhengze"},"content":"mark","lastModifiedDate":"2023-01-17"},{"lineNumber":5,"author":{"gitId":"pzhengze"},"content":"mark 7","lastModifiedDate":"2023-01-17"},{"lineNumber":6,"author":{"gitId":"pzhengze"},"content":"mark 4  6","lastModifiedDate":"2023-01-19"},{"lineNumber":7,"author":{"gitId":"pzhengze"},"content":"mark abc","lastModifiedDate":"2023-01-19"},{"lineNumber":8,"author":{"gitId":"pzhengze"},"content":"mark 1","lastModifiedDate":"2023-01-17"},{"lineNumber":9,"author":{"gitId":"pzhengze"},"content":"unmark","lastModifiedDate":"2023-01-17"},{"lineNumber":10,"author":{"gitId":"pzhengze"},"content":"unmark 2","lastModifiedDate":"2023-01-17"},{"lineNumber":11,"author":{"gitId":"pzhengze"},"content":"unmark 5    4","lastModifiedDate":"2023-01-19"},{"lineNumber":12,"author":{"gitId":"pzhengze"},"content":"unmark ab","lastModifiedDate":"2023-01-19"},{"lineNumber":13,"author":{"gitId":"pzhengze"},"content":"unmark 1","lastModifiedDate":"2023-01-17"},{"lineNumber":14,"author":{"gitId":"pzhengze"},"content":"delete","lastModifiedDate":"2023-01-17"},{"lineNumber":15,"author":{"gitId":"pzhengze"},"content":"delete 6","lastModifiedDate":"2023-01-17"},{"lineNumber":16,"author":{"gitId":"pzhengze"},"content":"delete 6    4","lastModifiedDate":"2023-01-19"},{"lineNumber":17,"author":{"gitId":"pzhengze"},"content":"delete hf","lastModifiedDate":"2023-01-19"},{"lineNumber":18,"author":{"gitId":"pzhengze"},"content":"delete 1","lastModifiedDate":"2023-01-17"},{"lineNumber":19,"author":{"gitId":"pzhengze"},"content":"list","lastModifiedDate":"2023-01-17"},{"lineNumber":20,"author":{"gitId":"pzhengze"},"content":"deadline","lastModifiedDate":"2023-01-17"},{"lineNumber":21,"author":{"gitId":"pzhengze"},"content":"deadline finish level 6","lastModifiedDate":"2023-01-17"},{"lineNumber":22,"author":{"gitId":"pzhengze"},"content":"deadline /by week 2","lastModifiedDate":"2023-01-17"},{"lineNumber":23,"author":{"gitId":"pzhengze"},"content":"deadline   /by week 2","lastModifiedDate":"2023-01-17"},{"lineNumber":24,"author":{"gitId":"pzhengze"},"content":"deadline finish level-6 /by","lastModifiedDate":"2023-01-17"},{"lineNumber":25,"author":{"gitId":"pzhengze"},"content":"deadline finish level-6 /by","lastModifiedDate":"2023-01-17"},{"lineNumber":26,"author":{"gitId":"pzhengze"},"content":"deadline finish level-6    /by","lastModifiedDate":"2023-01-17"},{"lineNumber":27,"author":{"gitId":"pzhengze"},"content":"deadline finish level-6 /by week 2","lastModifiedDate":"2023-01-17"},{"lineNumber":28,"author":{"gitId":"pzhengze"},"content":"deadline     finish level-6    /by     week 2","lastModifiedDate":"2023-01-17"},{"lineNumber":29,"author":{"gitId":"pzhengze"},"content":"mark      1","lastModifiedDate":"2023-01-17"},{"lineNumber":30,"author":{"gitId":"pzhengze"},"content":"unmark     1","lastModifiedDate":"2023-01-17"},{"lineNumber":31,"author":{"gitId":"pzhengze"},"content":"delete      1","lastModifiedDate":"2023-01-17"},{"lineNumber":32,"author":{"gitId":"pzhengze"},"content":"list","lastModifiedDate":"2023-01-17"},{"lineNumber":33,"author":{"gitId":"pzhengze"},"content":"event","lastModifiedDate":"2023-01-17"},{"lineNumber":34,"author":{"gitId":"pzhengze"},"content":"event work out","lastModifiedDate":"2023-01-17"},{"lineNumber":35,"author":{"gitId":"pzhengze"},"content":"event /from 2pm /to 4pm","lastModifiedDate":"2023-01-17"},{"lineNumber":36,"author":{"gitId":"pzhengze"},"content":"event       /from 2pm /to 4pm","lastModifiedDate":"2023-01-17"},{"lineNumber":37,"author":{"gitId":"pzhengze"},"content":"event work out /from 2pm /to","lastModifiedDate":"2023-01-17"},{"lineNumber":38,"author":{"gitId":"pzhengze"},"content":"event work out /from 2pm /to","lastModifiedDate":"2023-01-17"},{"lineNumber":39,"author":{"gitId":"pzhengze"},"content":"event work out /from 2pm      /to","lastModifiedDate":"2023-01-17"},{"lineNumber":40,"author":{"gitId":"pzhengze"},"content":"event work out /from /to 4pm","lastModifiedDate":"2023-01-17"},{"lineNumber":41,"author":{"gitId":"pzhengze"},"content":"event work out /from      /to 4pm","lastModifiedDate":"2023-01-17"},{"lineNumber":42,"author":{"gitId":"pzhengze"},"content":"event work out /from 2pm /to 4pm","lastModifiedDate":"2023-01-17"},{"lineNumber":43,"author":{"gitId":"pzhengze"},"content":"event     work out   /from    2pm    /to     4pm","lastModifiedDate":"2023-01-17"},{"lineNumber":44,"author":{"gitId":"pzhengze"},"content":"list","lastModifiedDate":"2023-01-17"},{"lineNumber":45,"author":{"gitId":"pzhengze"},"content":"bye","lastModifiedDate":"2023-01-17"}],"authorContributionMap":{"pzhengze":45}}]
