{"authorDailyContributionsMap":{"SeanChinJunKai":[{"date":"2023-01-19","commitResults":[{"hash":"6822983046657341ed2fd5651e76f7b4830ac6e3","messageTitle":"Completed Level 1","messageBody":"","tags":["Level-1"],"fileTypesAndContributionMap":{"java":{"insertions":16,"deletions":2}}},{"hash":"5cae928e4f12f2ee0646092193b90b90e6f81666","messageTitle":"Edited console display by inserting tab","messageBody":"","fileTypesAndContributionMap":{"java":{"insertions":2,"deletions":2}}},{"hash":"3c4e9ecac0df36bb1f519c19b00101184b983d94","messageTitle":"Completed Level 2","messageBody":"","tags":["Level-2"],"fileTypesAndContributionMap":{"java":{"insertions":28,"deletions":8}}},{"hash":"15412a9df79d6de7e5f679ed91745167e324e77a","messageTitle":"Completed Level 3","messageBody":"","tags":["Level-3"],"fileTypesAndContributionMap":{"java":{"insertions":27,"deletions":1}}},{"hash":"b6c832ac5dcd84070f6b3cd7290e6dcc6c6fefb6","messageTitle":"Added getStatusIcon and removed id","messageBody":"","fileTypesAndContributionMap":{"java":{"insertions":15,"deletions":11}}}]},{"date":"2023-01-20","commitResults":[{"hash":"31659494fa16406bf4f2720de34123bd42315da2","messageTitle":"Completed Level 4","messageBody":"","tags":["Level-4"],"fileTypesAndContributionMap":{"java":{"insertions":63,"deletions":15}}},{"hash":"6b5d4b1ea2e94c5f0126049d8727a0c1671715b4","messageTitle":"Completed A-TextUiTesting","messageBody":"","tags":["A-TextUiTesting"],"fileTypesAndContributionMap":{"txt":{"insertions":5,"deletions":0},"java":{"insertions":18,"deletions":18},"sh":{"insertions":2,"deletions":6}}},{"hash":"9a878c1e410f8b6a505aaf0ecbf815b7f6d3af42","messageTitle":"Completed Level-5","messageBody":"","tags":["Level-5"],"fileTypesAndContributionMap":{"java":{"insertions":112,"deletions":38}}},{"hash":"5439fe826308b1d98ad81f52409bf341eec737bc","messageTitle":"Completed Level-6","messageBody":"","tags":["Level-6"],"fileTypesAndContributionMap":{"java":{"insertions":17,"deletions":0}}}]},{"date":"2023-01-21","commitResults":[{"hash":"9e1cdb98d893888de7a55c269f07b93a1c11275f","messageTitle":"Code reformatting","messageBody":"","fileTypesAndContributionMap":{"java":{"insertions":24,"deletions":37}}},{"hash":"59ef8014542e501c8440f49fb101a431632fb816","messageTitle":"Updated A-TextUITesting","messageBody":"","fileTypesAndContributionMap":{"txt":{"insertions":15,"deletions":0},"java":{"insertions":4,"deletions":5}}}]}]},"authorFileTypeContributionMap":{"SeanChinJunKai":{"java":195,"md":0,"fxml":0,"sh":1,"bat":0,"gradle":0,"txt":20}},"authorContributionVariance":{"SeanChinJunKai":8824.247},"authorDisplayNameMap":{"SeanChinJunKai":"SEAN.. KAI"}}
