{"authorDailyContributionsMap":{"rachtan27":[{"date":"2023-01-19","commitResults":[{"hash":"a6eea846409a51f63a434076deaccb97dadf213b","messageTitle":"Completed Level1","messageBody":"","tags":["Level-1"],"fileTypesAndContributionMap":{"java":{"insertions":12,"deletions":1}}},{"hash":"618703dc66ec2bf59823a7bf3b43e1c101cfcc24","messageTitle":"Corrected missing bracket","messageBody":"","fileTypesAndContributionMap":{"java":{"insertions":1,"deletions":1}}},{"hash":"5c73f09e69f2805457b9762c91677570888c0e68","messageTitle":"Completed Level-2","messageBody":"","tags":["Level-2"],"fileTypesAndContributionMap":{"java":{"insertions":14,"deletions":1}}},{"hash":"8f9b2d497d8346d151bb07dda5d4d03a1f19772a","messageTitle":"Level3","messageBody":"","tags":["Level-3"],"fileTypesAndContributionMap":{"java":{"insertions":56,"deletions":7}}},{"hash":"b74369e2de8b610ea53988525f09d38178248bd5","messageTitle":"completed level3","messageBody":"","tags":["Level-4"],"fileTypesAndContributionMap":{"java":{"insertions":149,"deletions":3}}}]},{"date":"2023-01-20","commitResults":[{"hash":"fdf749d18f6469e01501510c43f0f7fa60cc8aae","messageTitle":"ui testing","messageBody":"","fileTypesAndContributionMap":{"txt":{"insertions":9,"deletions":0}}}]}]},"authorFileTypeContributionMap":{"rachtan27":{"java":219,"md":0,"fxml":0,"sh":0,"bat":0,"gradle":0,"txt":9}},"authorContributionVariance":{"rachtan27":6505.1875},"authorDisplayNameMap":{"rachtan27":"TAN ..CHEL"}}
