{"authorDailyContributionsMap":{"rachtan27":[{"date":"2023-01-19","commitResults":[{"hash":"a6eea846409a51f63a434076deaccb97dadf213b","messageTitle":"Completed Level1","messageBody":"","tags":["Level-1"],"fileTypesAndContributionMap":{"java":{"insertions":12,"deletions":1}}},{"hash":"618703dc66ec2bf59823a7bf3b43e1c101cfcc24","messageTitle":"Corrected missing bracket","messageBody":"","fileTypesAndContributionMap":{"java":{"insertions":1,"deletions":1}}},{"hash":"5c73f09e69f2805457b9762c91677570888c0e68","messageTitle":"Completed Level-2","messageBody":"","tags":["Level-2"],"fileTypesAndContributionMap":{"java":{"insertions":14,"deletions":1}}},{"hash":"8f9b2d497d8346d151bb07dda5d4d03a1f19772a","messageTitle":"Level3","messageBody":"","tags":["Level-3"],"fileTypesAndContributionMap":{"java":{"insertions":56,"deletions":7}}},{"hash":"b74369e2de8b610ea53988525f09d38178248bd5","messageTitle":"completed level3","messageBody":"","tags":["Level-4"],"fileTypesAndContributionMap":{"java":{"insertions":149,"deletions":3}}}]},{"date":"2023-01-20","commitResults":[{"hash":"fdf749d18f6469e01501510c43f0f7fa60cc8aae","messageTitle":"ui testing","messageBody":"","tags":["A-TextUiTesting"],"fileTypesAndContributionMap":{"txt":{"insertions":9,"deletions":0}}}]},{"date":"2023-01-24","commitResults":[{"hash":"bff588a66027ae47a4490eefd8e8047ad9326660","messageTitle":"completed Level-6","messageBody":"","tags":["Level-5"],"fileTypesAndContributionMap":{"java":{"insertions":48,"deletions":19}}}]},{"date":"2023-01-25","commitResults":[{"hash":"f2243f36b97b2b94dc4177b3c708570bf6a66e41","messageTitle":"completed level6","messageBody":"","tags":["Level-6"],"fileTypesAndContributionMap":{"java":{"insertions":20,"deletions":14}}}]},{"date":"2023-01-30","commitResults":[{"hash":"5045ea56a26b4343a1842e953af8952b00b136e3","messageTitle":"completed Level-7","messageBody":"","tags":["Level-7"],"fileTypesAndContributionMap":{"txt":{"insertions":7,"deletions":0},"java":{"insertions":65,"deletions":4}}}]},{"date":"2023-02-01","commitResults":[{"hash":"1a315473d2cfb1c13050786341d41ca43809943a","messageTitle":"Completed Level-8","messageBody":"","fileTypesAndContributionMap":{"txt":{"insertions":2,"deletions":2},"java":{"insertions":69,"deletions":77}}},{"hash":"d6c9612a50f472550285355290f0d0e5d287a942","messageTitle":"Completed Level-8","messageBody":"","tags":["Level-8"],"fileTypesAndContributionMap":{"txt":{"insertions":3,"deletions":7},"java":{"insertions":16,"deletions":0}}},{"hash":"fbad12f713469f2952d583cd6638e94ffe956399","messageTitle":"Orgianise code to be more OOP","messageBody":"","tags":["A-MoreOOP"],"fileTypesAndContributionMap":{"txt":{"insertions":2,"deletions":0},"java":{"insertions":490,"deletions":237}}},{"hash":"b610dc002c8300606c6f0786f3768d6bd0b40356","messageTitle":"Reorganise into packages","messageBody":"","tags":["A-Packages"],"fileTypesAndContributionMap":{"java":{"insertions":139,"deletions":48},"md":{"insertions":2,"deletions":2}}}]},{"date":"2023-02-02","commitResults":[{"hash":"afa2071e95dde0375a277fe2ff604d78f69478c6","messageTitle":"Add JUnit tests for Todo and Event","messageBody":"","tags":["A-JUnit"],"fileTypesAndContributionMap":{"java":{"insertions":36,"deletions":0}}},{"hash":"4427b23015e69efe5e41ae8de0232fa8598ba0e2","messageTitle":"Create JAR file","messageBody":"","tags":["A-Jar"],"fileTypesAndContributionMap":{"gradle":{"insertions":15,"deletions":1}}},{"hash":"45f5592fa2f460268ba876d94ffe742fadcdc3d9","messageTitle":"Added JavaDoc","messageBody":"","tags":["A-JavaDoc","A-CodingStandard"],"fileTypesAndContributionMap":{"java":{"insertions":344,"deletions":46}}},{"hash":"ba927fd0903dcbc3ac7a8a386bd8bdc7e87c103c","messageTitle":"Completed Level-9","messageBody":"","tags":["Level-9"],"fileTypesAndContributionMap":{"java":{"insertions":69,"deletions":4}}},{"hash":"b4cb11e8ab6dff6995cacda5de2c8c8ea902f176","messageTitle":"Fixed bug of programme not terminating","messageBody":"","fileTypesAndContributionMap":{"java":{"insertions":4,"deletions":0}}}]},{"date":"2023-02-07","commitResults":[{"hash":"a545041cb1dce64f51d6716566939213e6c638fa","messageTitle":"Completed Level-10","messageBody":"","tags":["Level-10"],"fileTypesAndContributionMap":{"txt":{"insertions":13,"deletions":7},"fxml":{"insertions":35,"deletions":0},"java":{"insertions":379,"deletions":146},"bat":{"insertions":1,"deletions":1}}}]}]},"authorFileTypeContributionMap":{"rachtan27":{"java":1325,"md":2,"fxml":35,"sh":0,"bat":1,"gradle":15,"txt":20}},"authorContributionVariance":{"rachtan27":62122.992},"authorDisplayNameMap":{"rachtan27":"CS2103T-F12-3 TAN ..CHEL"}}
