{"authorDailyContributionsMap":{"sachindavid96":[{"date":"2023-01-24","commitResults":[{"hash":"f975ec22edfc252f2587718952c76ec0c168d5c5","messageTitle":"Level 1 added","messageBody":"","tags":["Level-1"],"fileTypesAndContributionMap":{"java":{"insertions":39,"deletions":1}}}]},{"date":"2023-01-25","commitResults":[{"hash":"3f92e9b401285c081ba2312d3058d22dd5c50caf","messageTitle":"Added Request and Request List classes","messageBody":"","tags":["Level-2"],"fileTypesAndContributionMap":{"java":{"insertions":54,"deletions":5}}},{"hash":"aecb4f0e09bbb118e2529ebef2dbba6271df27f4","messageTitle":"Changed Request class name to Task. Also, changed the name of the RequestList class to TaskList","messageBody":"","tags":["Level-3"],"fileTypesAndContributionMap":{"java":{"insertions":89,"deletions":45}}}]},{"date":"2023-01-26","commitResults":[{"hash":"41d748a9f9b3ec42528cdb3e6ed17e9f8d18a94a","messageTitle":"Level 4 added","messageBody":"","tags":["Level-4"],"fileTypesAndContributionMap":{"java":{"insertions":106,"deletions":8}}},{"hash":"480a1389527f4cede30862efb9c6a3813a16802f","messageTitle":"A-TextUiTesting - this commit was added","messageBody":"","tags":["A-TextUiTesting"],"fileTypesAndContributionMap":{"txt":{"insertions":9,"deletions":0}}},{"hash":"b232df8504c3f421152e1f252e5513d2498ba51e","messageTitle":"Exception handling added","messageBody":"","tags":["Level-5"],"fileTypesAndContributionMap":{"java":{"insertions":22,"deletions":11}}},{"hash":"138de6e08fd2e15318bec0ad43a7c6f916d6a42e","messageTitle":"Added ability to delete a task","messageBody":"","tags":["Level-6"],"fileTypesAndContributionMap":{"java":{"insertions":13,"deletions":0}}}]},{"date":"2023-01-29","commitResults":[{"hash":"b37069197db4ff9fc4baa03fcbcaf44c41cd9cd9","messageTitle":"Added Enums","messageBody":"","tags":["A-Enums"],"fileTypesAndContributionMap":{"java":{"insertions":123,"deletions":3}}}]},{"date":"2023-02-02","commitResults":[{"hash":"55e2d98e4446c8a899f0292dd81405941978ab44","messageTitle":"Functionality of saving the tasks to the hard disk has been added","messageBody":"","tags":["Level-7"],"fileTypesAndContributionMap":{"txt":{"insertions":1,"deletions":0},"java":{"insertions":125,"deletions":9}}}]},{"date":"2023-02-03","commitResults":[{"hash":"8590d8143b92ab91c2520b93dc135b4d8972dc0f","messageTitle":"Added Date and Time API","messageBody":"","fileTypesAndContributionMap":{"java":{"insertions":141,"deletions":16}}},{"hash":"57615ad7075cf4153aff36d466dd1192f342260d","messageTitle":"Added Parser, Storage, and UI classes","messageBody":"","fileTypesAndContributionMap":{"java":{"insertions":116,"deletions":179}}}]},{"date":"2023-02-04","commitResults":[{"hash":"bcf27c5e18dc9bda9da44f358ec6f9b50c2c92f5","messageTitle":"Added the storage class","messageBody":"","fileTypesAndContributionMap":{"java":{"insertions":5,"deletions":0}}}]},{"date":"2023-02-13","commitResults":[{"hash":"eb5ae2eaff214b00e1511a4b4a63e39fcb573ae3","messageTitle":"Storage class has been slightly edited","messageBody":"","fileTypesAndContributionMap":{"java":{"insertions":1,"deletions":0}}}]},{"date":"2023-02-15","commitResults":[{"hash":"bab6d994b0851f83e3729fe688ea9e1a53df993a","messageTitle":"Changing how the different functionalities are divided into classes","messageBody":"","fileTypesAndContributionMap":{"java":{"insertions":225,"deletions":83}}},{"hash":"47a64bf4c1663ea8f9d01efcbeb00b984f685ccb","messageTitle":"Storage class was enhanced","messageBody":"","fileTypesAndContributionMap":{"txt":{"insertions":1,"deletions":1},"java":{"insertions":134,"deletions":248}}},{"hash":"a50d64ec8982aad8fb4571a0eed67545b85d496c","messageTitle":"Cleared certain files to prevent merge conflicts","messageBody":"","fileTypesAndContributionMap":{"java":{"insertions":0,"deletions":219}}},{"hash":"46619d5a3d47252945b2da7761fefd3da5832b07","messageTitle":"UI class was slightly edited","messageBody":"","fileTypesAndContributionMap":{"java":{"insertions":1,"deletions":1}}}]},{"date":"2023-02-16","commitResults":[{"hash":"dfb65b6d7bc3a36bd566aeb2ad1ea5ffde63a292","messageTitle":"UI class was re-added","messageBody":"","fileTypesAndContributionMap":{"java":{"insertions":29,"deletions":1}}},{"hash":"34d3949e58a6b3b98f711f4c61ca99189c89cd2d","messageTitle":"New request type was added","messageBody":"","fileTypesAndContributionMap":{"java":{"insertions":2,"deletions":1}}},{"hash":"9b93806614c12c3fa257047288f56a511a6b6d6b","messageTitle":"Made some changes to the Date and Time functionality","messageBody":"","fileTypesAndContributionMap":{"java":{"insertions":6,"deletions":60}}},{"hash":"ab6b7d1b7bf78472750d6d06fdc99b05546d34a1","messageTitle":"Removed unwanted exceptions","messageBody":"","fileTypesAndContributionMap":{"java":{"insertions":2,"deletions":2}}},{"hash":"1e7444b69b2d5c353fc72f5a81db4a6bd162d9f3","messageTitle":"Added some explanatory comments","messageBody":"","fileTypesAndContributionMap":{"java":{"insertions":1,"deletions":1}}}]},{"date":"2023-02-17","commitResults":[{"hash":"0ac98948f263cc90ce20b4529c0ae31e5ec74eda","messageTitle":"Fixed some bugs","messageBody":"","tags":["A-MoreOOP"],"fileTypesAndContributionMap":{"txt":{"insertions":1,"deletions":1},"java":{"insertions":155,"deletions":110}}}]},{"date":"2023-02-18","commitResults":[{"hash":"4d4fec88f7bf637393360c44be4ae761c70b6ee7","messageTitle":"The classes were divided into two packages","messageBody":"","tags":["A-Packages"],"fileTypesAndContributionMap":{"txt":{"insertions":1,"deletions":1},"java":{"insertions":95,"deletions":35},"bat":{"insertions":1,"deletions":1},"md":{"insertions":2,"deletions":2}}}]}]},"authorFileTypeContributionMap":{"sachindavid96":{"java":679,"md":2,"fxml":0,"sh":0,"bat":1,"gradle":0,"txt":10}},"authorContributionVariance":{"sachindavid96":28806.781},"authorDisplayNameMap":{"sachindavid96":"CS2103T-W14-1 KALI..AVID"}}
