{"authorDailyContributionsMap":{"wz2k":[{"date":"2023-01-18","commitResults":[{"hash":"9ba0632978cc8173c252a0a98d7b3b2b60968ec3","messageTitle":"feat: chatbot greeting and echoing","messageBody":"","tags":["Level-1"],"fileTypesAndContributionMap":{"java":{"insertions":21,"deletions":6}}},{"hash":"16531d7e1c124b411c6ccae6fde93e9d60fbeab6","messageTitle":"docs: added javadocs","messageBody":"","fileTypesAndContributionMap":{"java":{"insertions":16,"deletions":0}}},{"hash":"a03e77b53f3cd1eeec8d47435035783d7766ab6f","messageTitle":"feat: storing text and displaying text","messageBody":"","tags":["Level-2"],"fileTypesAndContributionMap":{"java":{"insertions":81,"deletions":11}}},{"hash":"dae2d2a8c1843e0e1e9e8188bfde5a7b0d6a7c8e","messageTitle":"feat: marking tasks as done","messageBody":"","tags":["Level-3"],"fileTypesAndContributionMap":{"java":{"insertions":113,"deletions":21}}},{"hash":"f1c60e2c11e9bef08b4c49db16adb3d3815deb9a","messageTitle":"feat: tracking for todos, deadlines and events","messageBody":"","tags":["Level-4"],"fileTypesAndContributionMap":{"java":{"insertions":136,"deletions":24}}},{"hash":"5a0231e7f4e31cef0113396dd83b19fae210f163","messageTitle":"test: input and output","messageBody":"","tags":["A-TextUiTesting"],"fileTypesAndContributionMap":{"txt":{"insertions":16,"deletions":0}}},{"hash":"ee723d01367fbbcec42d69f2ecb0ce60f24e0fa1","messageTitle":"fix: extra whitespaces causing incorrect output","messageBody":"","fileTypesAndContributionMap":{"java":{"insertions":6,"deletions":4}}},{"hash":"3e72444ae228df6bb315a43cc662e737b34f7ad6","messageTitle":"feat: responses to invalid inputs","messageBody":"","tags":["Level-5"],"fileTypesAndContributionMap":{"java":{"insertions":72,"deletions":33}}},{"hash":"45b2f47142936ce49ead6fbafc2ede15cd0fa306","messageTitle":"docs: small wording changes","messageBody":"","fileTypesAndContributionMap":{"java":{"insertions":4,"deletions":4}}},{"hash":"8450fa21aab447794383146e3b86ab1e3b5b261f","messageTitle":"feat: delete tasks","messageBody":"","tags":["Level-6"],"fileTypesAndContributionMap":{"java":{"insertions":32,"deletions":14}}}]}]},"authorFileTypeContributionMap":{"wz2k":{"java":369,"md":0,"fxml":0,"sh":0,"bat":0,"gradle":0,"txt":16}},"authorContributionVariance":{"wz2k":52360.55},"authorDisplayNameMap":{"wz2k":"TAN .. ZHE"}}
