{"authorDailyContributionsMap":{"wz2k":[{"date":"2023-01-18","commitResults":[{"hash":"9ba0632978cc8173c252a0a98d7b3b2b60968ec3","messageTitle":"feat: chatbot greeting and echoing","messageBody":"","tags":["Level-1"],"fileTypesAndContributionMap":{"java":{"insertions":21,"deletions":6}}},{"hash":"16531d7e1c124b411c6ccae6fde93e9d60fbeab6","messageTitle":"docs: added javadocs","messageBody":"","fileTypesAndContributionMap":{"java":{"insertions":16,"deletions":0}}},{"hash":"a03e77b53f3cd1eeec8d47435035783d7766ab6f","messageTitle":"feat: storing text and displaying text","messageBody":"","tags":["Level-2"],"fileTypesAndContributionMap":{"java":{"insertions":81,"deletions":11}}},{"hash":"dae2d2a8c1843e0e1e9e8188bfde5a7b0d6a7c8e","messageTitle":"feat: marking tasks as done","messageBody":"","tags":["Level-3"],"fileTypesAndContributionMap":{"java":{"insertions":113,"deletions":21}}},{"hash":"f1c60e2c11e9bef08b4c49db16adb3d3815deb9a","messageTitle":"feat: tracking for todos, deadlines and events","messageBody":"","tags":["Level-4"],"fileTypesAndContributionMap":{"java":{"insertions":136,"deletions":24}}},{"hash":"5a0231e7f4e31cef0113396dd83b19fae210f163","messageTitle":"test: input and output","messageBody":"","tags":["A-TextUiTesting"],"fileTypesAndContributionMap":{"txt":{"insertions":16,"deletions":0}}},{"hash":"ee723d01367fbbcec42d69f2ecb0ce60f24e0fa1","messageTitle":"fix: extra whitespaces causing incorrect output","messageBody":"","fileTypesAndContributionMap":{"java":{"insertions":6,"deletions":4}}},{"hash":"3e72444ae228df6bb315a43cc662e737b34f7ad6","messageTitle":"feat: responses to invalid inputs","messageBody":"","tags":["Level-5"],"fileTypesAndContributionMap":{"java":{"insertions":72,"deletions":33}}},{"hash":"45b2f47142936ce49ead6fbafc2ede15cd0fa306","messageTitle":"docs: small wording changes","messageBody":"","fileTypesAndContributionMap":{"java":{"insertions":4,"deletions":4}}},{"hash":"8450fa21aab447794383146e3b86ab1e3b5b261f","messageTitle":"feat: delete tasks","messageBody":"","tags":["Level-6"],"fileTypesAndContributionMap":{"java":{"insertions":32,"deletions":14}}}]},{"date":"2023-01-21","commitResults":[{"hash":"b9f8d7aeea4978a34611d61959c6720ea355de98","messageTitle":"Add saving of data locally","messageBody":"","fileTypesAndContributionMap":{"java":{"insertions":156,"deletions":31}}}]},{"date":"2023-01-22","commitResults":[{"hash":"bed663f0b19ae22e3fae9b121325ea88d4b03454","messageTitle":"Add date handling for deadlines and events","messageBody":"","fileTypesAndContributionMap":{"java":{"insertions":18,"deletions":10}}},{"hash":"cdb0c6c1e577d7ff5ffb71647d7b0e4b9cdf57ac","messageTitle":"Refactor code into more classes","messageBody":"","tags":["A-MoreOOP"],"fileTypesAndContributionMap":{"java":{"insertions":401,"deletions":228}}},{"hash":"29fca61b385f9a203bf6db5f4d46b86eb919b441","messageTitle":"Refactor classes into packages","messageBody":"","tags":["A-Packages"],"fileTypesAndContributionMap":{"java":{"insertions":101,"deletions":10},"bat":{"insertions":1,"deletions":1},"md":{"insertions":2,"deletions":2}}},{"hash":"25bb745b2dd101050813edaa0def627b0ca69535","messageTitle":"Add spacing to deadline and event sentences","messageBody":"","fileTypesAndContributionMap":{"java":{"insertions":2,"deletions":2}}},{"hash":"7e1fbd0335879c1782c3f9419a455ba2df5ab129","messageTitle":"Add Junit tests for all task types","messageBody":"","tags":["A-JUnit"],"fileTypesAndContributionMap":{"java":{"insertions":141,"deletions":0}}},{"hash":"4988018b8bb67493a849c7efa986fd95f054a0b4","messageTitle":"Update main class name","messageBody":"","fileTypesAndContributionMap":{"gradle":{"insertions":1,"deletions":1}}},{"hash":"620c9d42c27af97b80c89d36d651313173de7a19","messageTitle":"Update storage initialization","messageBody":"","tags":["A-Jar"],"fileTypesAndContributionMap":{"java":{"insertions":2,"deletions":5}}}]},{"date":"2023-01-23","commitResults":[{"hash":"5378077c1c1c0d1e9f021c263659628e87707f5d","messageTitle":"Add JavaDoc comments","messageBody":"","fileTypesAndContributionMap":{"java":{"insertions":406,"deletions":56}}}]},{"date":"2023-01-24","commitResults":[{"hash":"00f92b0b90ac4edcf9bcad5b35730ee1dea85e7e","messageTitle":"Refactor code to meet coding standard","messageBody":"","fileTypesAndContributionMap":{"java":{"insertions":133,"deletions":103}}},{"hash":"0974b1d65831b6aa9a486016a5d2ac62b77bc4f0","messageTitle":"Add searching for tasks using keywords","messageBody":"","fileTypesAndContributionMap":{"java":{"insertions":55,"deletions":0}}},{"hash":"9f41918d0be977864db20e227bceb57ed908c601","messageTitle":"Update JavaDocs","messageBody":"","fileTypesAndContributionMap":{"java":{"insertions":24,"deletions":0}}}]},{"date":"2023-01-26","commitResults":[{"hash":"1c084b7f0813a9bc9f40d5f509254c4972419cfe","messageTitle":"Add checkstyle to functionality to gradle","messageBody":"","tags":["A-CheckStyle"],"fileTypesAndContributionMap":{"gradle":{"insertions":5,"deletions":0}}},{"hash":"be0cc57d2d62d1ba64c5d5dfda68963b8891f5e0","messageTitle":"Clean up checkstyle errors","messageBody":"","fileTypesAndContributionMap":{"java":{"insertions":45,"deletions":44}}}]},{"date":"2023-01-28","commitResults":[{"hash":"571d7dcebb7ba3a495e1268981b06dbbb919149c","messageTitle":"Update README.md","messageBody":"","fileTypesAndContributionMap":{"md":{"insertions":27,"deletions":20}}}]},{"date":"2023-01-29","commitResults":[{"hash":"a8b0833f800e39aad75614b38cf21d6d401f31bb","messageTitle":"Update README.md to include syntax highlighting","messageBody":"","fileTypesAndContributionMap":{"md":{"insertions":3,"deletions":3}}}]},{"date":"2023-01-30","commitResults":[{"hash":"87d1341bd1ea686891bad30170e8ad04a20f7cca","messageTitle":"Update README.md to group up code","messageBody":"","fileTypesAndContributionMap":{"md":{"insertions":6,"deletions":8}}}]},{"date":"2023-01-31","commitResults":[{"hash":"28b808a7813c635ab5876746f86cc965dac4838b","messageTitle":"Add a GUI for duke","messageBody":"","fileTypesAndContributionMap":{"gradle":{"insertions":21,"deletions":0},"fxml":{"insertions":35,"deletions":0},"java":{"insertions":279,"deletions":275}}}]},{"date":"2023-02-01","commitResults":[{"hash":"787e3443e28278c99787c8e89db5b85933098fec","messageTitle":"Add index numbering when listing tasks","messageBody":"","fileTypesAndContributionMap":{"java":{"insertions":5,"deletions":3}}}]},{"date":"2023-02-04","commitResults":[{"hash":"48a45054bb84fb8e34a83f3629ca10b26e425cc4","messageTitle":"Add assertions to enforce program state","messageBody":"Command messages should have the correct amount of\ndividers so assertions are used to check if there\nis a correct amount of parts after splitting the\ncommand messages.\n","fileTypesAndContributionMap":{"java":{"insertions":9,"deletions":0}}},{"hash":"4a4ba140f3409a43a88ef8f35aec54a2dff82439","messageTitle":"Refactor code to improve code quality.","messageBody":"Added default case to switch statements, renamed\na few variables and practiced some SLAP to make\ncode more readable\n","fileTypesAndContributionMap":{"java":{"insertions":194,"deletions":71}}},{"hash":"6d4ee628a7561dfca3f866e397ced30c570d9b39","messageTitle":"Refactor code to improve code quality.","messageBody":"Added line breaks after assert to separate code\nlogic.\n","tags":["A-FullCommitMessage"],"fileTypesAndContributionMap":{"java":{"insertions":3,"deletions":0}}}]},{"date":"2023-02-05","commitResults":[{"hash":"51feb65e5ced87f4cb2b89e56db6a5f196a325de","messageTitle":"Add reminders by chatbot on launch","messageBody":"","fileTypesAndContributionMap":{"java":{"insertions":147,"deletions":12}}},{"hash":"8054263553982381867120b1586dd999b2142ef4","messageTitle":"Clean up code","messageBody":"","fileTypesAndContributionMap":{"java":{"insertions":7,"deletions":7}}}]}]},"authorFileTypeContributionMap":{"wz2k":{"java":1630,"md":25,"fxml":35,"sh":0,"bat":1,"gradle":27,"txt":16}},"authorContributionVariance":{"wz2k":62277.39},"authorDisplayNameMap":{"wz2k":"CS2103T-W12-1 TAN .. ZHE"}}
