{"authorDailyContributionsMap":{"laihuiqi":[{"date":"2023-01-17","commitResults":[{"hash":"92b9bf84fbb8e3a7e122c814eb6d6e75b0149cdc","messageTitle":"change Duke.java to Chattime.java complete ip week2 Level-1","messageBody":"","tags":["Level-1"],"fileTypesAndContributionMap":{"java":{"insertions":50,"deletions":10}}},{"hash":"130a0fa17d86969cf0c799f30ca207bec6b66701","messageTitle":"add Week 2 Level 2","messageBody":"","tags":["Level-2"],"fileTypesAndContributionMap":{"java":{"insertions":38,"deletions":3}}},{"hash":"b2664901a78de2668796584603a61d52f845b506","messageTitle":"add class Task","messageBody":"","tags":["A-Classes"],"fileTypesAndContributionMap":{"java":{"insertions":29,"deletions":0}}},{"hash":"2cc1b412a2820d8001a8a465fc89243bbb3b62dc","messageTitle":"add Week 2 Level 3","messageBody":"","tags":["Level-3"],"fileTypesAndContributionMap":{"java":{"insertions":30,"deletions":10}}},{"hash":"5cdda9260d2393be1922f02cf5bf2c662e4ad7b8","messageTitle":"add Deadline.java, Event.java, Todo.java all inherit from Task class","messageBody":"","fileTypesAndContributionMap":{"java":{"insertions":53,"deletions":3}}},{"hash":"04c673fd862cddfeb1324974c13f732cbe4e747a","messageTitle":"add Week 2 Level 4","messageBody":"","tags":["Level-4","A-Inheritance"],"fileTypesAndContributionMap":{"java":{"insertions":76,"deletions":21}}},{"hash":"c14ab294ee37c6d430c57f4c06d43617975277b3","messageTitle":"done TextUITesting, change Duke in runtest.sh to Chattime, add input.txt and EXPECTED.txt as test input and output","messageBody":"","tags":["A-TextUiTesting"],"fileTypesAndContributionMap":{"txt":{"insertions":23,"deletions":0},"java":{"insertions":7,"deletions":7},"sh":{"insertions":1,"deletions":1}}}]},{"date":"2023-01-18","commitResults":[{"hash":"614110cb23fa162f963fa44a48a78bc174b10734","messageTitle":"add ChattimeException class inherited from Exception","messageBody":"","tags":["A-Exceptions"],"fileTypesAndContributionMap":{"java":{"insertions":5,"deletions":0}}},{"hash":"8d1cb87cd42a85a64a72aa8233bf43f58aa68edf","messageTitle":"add Week 2 Level-5","messageBody":"","tags":["Level-5"],"fileTypesAndContributionMap":{"java":{"insertions":100,"deletions":37}}},{"hash":"33faa2165950028d155275d1971ec3ccb80a5450","messageTitle":"add Week 2 Level 6, use ArrayList to store tasks","messageBody":"","tags":["Level-6","A-Collections"],"fileTypesAndContributionMap":{"java":{"insertions":30,"deletions":10}}},{"hash":"19ca645615158ab52a8c635c4f3c4190192c667f","messageTitle":"modify test input, not implementing enum (A-Enums) because not necessary (based on current implementation of code","messageBody":"","tags":["A-Enums"],"fileTypesAndContributionMap":{"txt":{"insertions":21,"deletions":0},"java":{"insertions":10,"deletions":6}}}]},{"date":"2023-01-24","commitResults":[{"hash":"874e4d8a5c5ac3e2e139c582d9af745c4169be5f","messageTitle":"Add Level-7 Save in new branch.","messageBody":"","tags":["Level-7"],"fileTypesAndContributionMap":{"txt":{"insertions":8,"deletions":0},"java":{"insertions":148,"deletions":0}}},{"hash":"6ebe8d39cbec3260f98ca1342a140f8ab2c68373","messageTitle":"Add Level 8 features. Add listTime command to enable date-task search.","messageBody":"","tags":["Level-8","A-Jar"],"fileTypesAndContributionMap":{"txt":{"insertions":3,"deletions":7},"java":{"insertions":158,"deletions":34}}}]},{"date":"2023-01-25","commitResults":[{"hash":"8d05aba366026edbf4610686105e5382f9246f3e","messageTitle":"Add gradle to project.","messageBody":"","fileTypesAndContributionMap":{"gradle":{"insertions":0,"deletions":0},"bat":{"insertions":89,"deletions":0}}},{"hash":"d2e9b3c1fa9582cdd097a6a424dbf86fa66d3491","messageTitle":"Implement OOP structure for the entire project.","messageBody":"","tags":["A-MoreOOP"],"fileTypesAndContributionMap":{"txt":{"insertions":4,"deletions":3},"java":{"insertions":599,"deletions":436}}},{"hash":"9db18db856321b8dda71f4dde581ed25c02c6762","messageTitle":"Add package chattime with child packages command, exception, parser, storage, task and ui.","messageBody":"","tags":["A-Packages"],"fileTypesAndContributionMap":{"java":{"insertions":93,"deletions":4}}},{"hash":"00603746fcb2a1d6d7ed11dbcfe2cd7e9d191e27","messageTitle":"Add Level-9 find function.","messageBody":"","fileTypesAndContributionMap":{"java":{"insertions":71,"deletions":10}}},{"hash":"5f2af9b368446e1b74232f3c970ebe477dc6b027","messageTitle":"no message","messageBody":"","fileTypesAndContributionMap":{"java":{"insertions":11,"deletions":11}}},{"hash":"7b16a8246ce0e6500cfe42e9873687fab9844106","messageTitle":"Add JavaDoc to project files.","messageBody":"","fileTypesAndContributionMap":{"java":{"insertions":502,"deletions":56}}},{"hash":"bbae79c9221ce3b95dd14ece74841915fee104a8","messageTitle":"Add gradle and checkstyle automation.","messageBody":"","tags":["A-Gradle"],"fileTypesAndContributionMap":{"gradle":{"insertions":6,"deletions":0},"java":{"insertions":2,"deletions":2}}},{"hash":"e2b010f9b4ff3b5c05af37ce5eb6c1c2f37b27a2","messageTitle":"Add JUnit test to all public non-void, non-static methods in project.","messageBody":"","tags":["A-JUnit"],"fileTypesAndContributionMap":{"java":{"insertions":194,"deletions":13},"sh":{"insertions":1,"deletions":1}}},{"hash":"892cd29464b682fbc34386d26869f3353799204a","messageTitle":"Package into jar file and set as \u0027pre-release\u0027.","messageBody":"","fileTypesAndContributionMap":{"gradle":{"insertions":2,"deletions":2}}},{"hash":"d7ff02be94e5d76d93a0a31c0ebf227979aa473d","messageTitle":"Check coding standards and conventions. Ignore Javadoc for future branch merging.","messageBody":"","tags":["A-CodingStandard"],"fileTypesAndContributionMap":{"java":{"insertions":262,"deletions":188}}}]},{"date":"2023-01-26","commitResults":[{"hash":"4ab762fcdf788b39ccd9a54756e40336b1284ef4","messageTitle":"Modify all access modifiers in Parser.java to be static. Delete constructor for Parser, create a parseInput method instead to process the user input.","messageBody":"","fileTypesAndContributionMap":{"java":{"insertions":34,"deletions":33}}}]},{"date":"2023-01-29","commitResults":[{"hash":"8f95c9b05f967dd47f26ea2750fb33943dc14a55","messageTitle":"Add CheckStyle to chattime bot.","messageBody":"","tags":["A-CheckStyle"],"fileTypesAndContributionMap":{"java":{"insertions":12,"deletions":22}}},{"hash":"325a66d498ec8d266cf25b8f288f8fbd3365140a","messageTitle":"Add enum TaskType to Task.java (use in /chattime/task package). Modify Deadline class constructor to take time input as varargs.","messageBody":"","tags":["A-Varargs","A-Enum"],"fileTypesAndContributionMap":{"java":{"insertions":54,"deletions":24}}}]},{"date":"2023-01-30","commitResults":[{"hash":"ac4e88e7dacf5e92e32cb2f603eb9c21bc01b6c6","messageTitle":"Add GUI to chat bot. Add `help` command to output user guide.","messageBody":"","tags":["Level-10"],"fileTypesAndContributionMap":{"gradle":{"insertions":6,"deletions":0},"txt":{"insertions":7,"deletions":3},"fxml":{"insertions":39,"deletions":0},"java":{"insertions":483,"deletions":224}}}]},{"date":"2023-01-31","commitResults":[{"hash":"2133d1952493793dcfa7d0c74cf2c95339b1dfd2","messageTitle":"Fix minor issues, set window to be not resizable.","messageBody":"","fileTypesAndContributionMap":{"java":{"insertions":2,"deletions":1}}}]}]},"authorFileTypeContributionMap":{"laihuiqi":{"java":1758,"md":0,"fxml":39,"sh":2,"bat":86,"gradle":14,"txt":53}},"authorContributionVariance":{"laihuiqi":338358.1},"authorDisplayNameMap":{"laihuiqi":"CS2103T-W15-4 LAI ..I QI"}}
