{"authorDailyContributionsMap":{"laihuiqi":[{"date":"2023-01-17","commitResults":[{"hash":"92b9bf84fbb8e3a7e122c814eb6d6e75b0149cdc","messageTitle":"change Duke.java to Chattime.java complete ip week2 Level-1","messageBody":"","tags":["Level-1"],"fileTypesAndContributionMap":{"java":{"insertions":50,"deletions":10}}},{"hash":"130a0fa17d86969cf0c799f30ca207bec6b66701","messageTitle":"add Week 2 Level 2","messageBody":"","tags":["Level-2"],"fileTypesAndContributionMap":{"java":{"insertions":38,"deletions":3}}},{"hash":"b2664901a78de2668796584603a61d52f845b506","messageTitle":"add class Task","messageBody":"","tags":["A-Classes"],"fileTypesAndContributionMap":{"java":{"insertions":29,"deletions":0}}},{"hash":"2cc1b412a2820d8001a8a465fc89243bbb3b62dc","messageTitle":"add Week 2 Level 3","messageBody":"","tags":["Level-3"],"fileTypesAndContributionMap":{"java":{"insertions":30,"deletions":10}}},{"hash":"5cdda9260d2393be1922f02cf5bf2c662e4ad7b8","messageTitle":"add Deadline.java, Event.java, Todo.java all inherit from Task class","messageBody":"","fileTypesAndContributionMap":{"java":{"insertions":53,"deletions":3}}},{"hash":"04c673fd862cddfeb1324974c13f732cbe4e747a","messageTitle":"add Week 2 Level 4","messageBody":"","tags":["Level-4","A-Inheritance"],"fileTypesAndContributionMap":{"java":{"insertions":76,"deletions":21}}},{"hash":"c14ab294ee37c6d430c57f4c06d43617975277b3","messageTitle":"done TextUITesting, change Duke in runtest.sh to Chattime, add input.txt and EXPECTED.txt as test input and output","messageBody":"","tags":["A-TextUiTesting"],"fileTypesAndContributionMap":{"txt":{"insertions":23,"deletions":0},"java":{"insertions":7,"deletions":7},"sh":{"insertions":1,"deletions":1}}}]},{"date":"2023-01-18","commitResults":[{"hash":"614110cb23fa162f963fa44a48a78bc174b10734","messageTitle":"add ChattimeException class inherited from Exception","messageBody":"","tags":["A-Exceptions"],"fileTypesAndContributionMap":{"java":{"insertions":5,"deletions":0}}},{"hash":"8d1cb87cd42a85a64a72aa8233bf43f58aa68edf","messageTitle":"add Week 2 Level-5","messageBody":"","tags":["Level-5"],"fileTypesAndContributionMap":{"java":{"insertions":100,"deletions":37}}},{"hash":"33faa2165950028d155275d1971ec3ccb80a5450","messageTitle":"add Week 2 Level 6, use ArrayList to store tasks","messageBody":"","tags":["Level-6","A-Collections"],"fileTypesAndContributionMap":{"java":{"insertions":30,"deletions":10}}},{"hash":"19ca645615158ab52a8c635c4f3c4190192c667f","messageTitle":"modify test input, not implementing enum (A-Enums) because not necessary (based on current implementation of code","messageBody":"","tags":["A-Enums"],"fileTypesAndContributionMap":{"txt":{"insertions":21,"deletions":0},"java":{"insertions":10,"deletions":6}}}]},{"date":"2023-01-24","commitResults":[{"hash":"874e4d8a5c5ac3e2e139c582d9af745c4169be5f","messageTitle":"Add Level-7 Save in new branch.","messageBody":"","tags":["Level-7"],"fileTypesAndContributionMap":{"txt":{"insertions":8,"deletions":0},"java":{"insertions":148,"deletions":0}}},{"hash":"6ebe8d39cbec3260f98ca1342a140f8ab2c68373","messageTitle":"Add Level 8 features. Add listTime command to enable date-task search.","messageBody":"","tags":["Level-8","A-Jar"],"fileTypesAndContributionMap":{"txt":{"insertions":3,"deletions":7},"java":{"insertions":158,"deletions":34}}}]},{"date":"2023-01-25","commitResults":[{"hash":"8d05aba366026edbf4610686105e5382f9246f3e","messageTitle":"Add gradle to project.","messageBody":"","fileTypesAndContributionMap":{"gradle":{"insertions":0,"deletions":0}}},{"hash":"d2e9b3c1fa9582cdd097a6a424dbf86fa66d3491","messageTitle":"Implement OOP structure for the entire project.","messageBody":"","tags":["A-MoreOOP"],"fileTypesAndContributionMap":{"txt":{"insertions":4,"deletions":3},"java":{"insertions":599,"deletions":436}}},{"hash":"9db18db856321b8dda71f4dde581ed25c02c6762","messageTitle":"Add package chattime with child packages command, exception, parser, storage, task and ui.","messageBody":"","tags":["A-Packages"],"fileTypesAndContributionMap":{"java":{"insertions":93,"deletions":4}}},{"hash":"00603746fcb2a1d6d7ed11dbcfe2cd7e9d191e27","messageTitle":"Add Level-9 find function.","messageBody":"","fileTypesAndContributionMap":{"java":{"insertions":71,"deletions":10}}},{"hash":"5f2af9b368446e1b74232f3c970ebe477dc6b027","messageTitle":"no message","messageBody":"","fileTypesAndContributionMap":{"java":{"insertions":11,"deletions":11}}},{"hash":"7b16a8246ce0e6500cfe42e9873687fab9844106","messageTitle":"Add JavaDoc to project files.","messageBody":"","fileTypesAndContributionMap":{"java":{"insertions":502,"deletions":56}}},{"hash":"bbae79c9221ce3b95dd14ece74841915fee104a8","messageTitle":"Add gradle and checkstyle automation.","messageBody":"","tags":["A-Gradle"],"fileTypesAndContributionMap":{"gradle":{"insertions":6,"deletions":0},"java":{"insertions":2,"deletions":2}}},{"hash":"e2b010f9b4ff3b5c05af37ce5eb6c1c2f37b27a2","messageTitle":"Add JUnit test to all public non-void, non-static methods in project.","messageBody":"","tags":["A-JUnit"],"fileTypesAndContributionMap":{"java":{"insertions":194,"deletions":13},"sh":{"insertions":1,"deletions":1}}},{"hash":"892cd29464b682fbc34386d26869f3353799204a","messageTitle":"Package into jar file and set as \u0027pre-release\u0027.","messageBody":"","fileTypesAndContributionMap":{"gradle":{"insertions":2,"deletions":2}}},{"hash":"d7ff02be94e5d76d93a0a31c0ebf227979aa473d","messageTitle":"Check coding standards and conventions. Ignore Javadoc for future branch merging.","messageBody":"","tags":["A-CodingStandard"],"fileTypesAndContributionMap":{"java":{"insertions":262,"deletions":188}}}]},{"date":"2023-01-26","commitResults":[{"hash":"4ab762fcdf788b39ccd9a54756e40336b1284ef4","messageTitle":"Modify all access modifiers in Parser.java to be static. Delete constructor for Parser, create a parseInput method instead to process the user input.","messageBody":"","fileTypesAndContributionMap":{"java":{"insertions":34,"deletions":33}}}]},{"date":"2023-01-29","commitResults":[{"hash":"8f95c9b05f967dd47f26ea2750fb33943dc14a55","messageTitle":"Add CheckStyle to chattime bot.","messageBody":"","tags":["A-CheckStyle"],"fileTypesAndContributionMap":{"java":{"insertions":12,"deletions":22}}},{"hash":"325a66d498ec8d266cf25b8f288f8fbd3365140a","messageTitle":"Add enum TaskType to Task.java (use in /chattime/task package). Modify Deadline class constructor to take time input as varargs.","messageBody":"","tags":["A-Varargs","A-Enum"],"fileTypesAndContributionMap":{"java":{"insertions":54,"deletions":24}}}]},{"date":"2023-01-30","commitResults":[{"hash":"ac4e88e7dacf5e92e32cb2f603eb9c21bc01b6c6","messageTitle":"Add GUI to chat bot. Add `help` command to output user guide.","messageBody":"","tags":["Level-10"],"fileTypesAndContributionMap":{"gradle":{"insertions":6,"deletions":0},"txt":{"insertions":7,"deletions":3},"fxml":{"insertions":39,"deletions":0},"java":{"insertions":483,"deletions":224}}}]},{"date":"2023-01-31","commitResults":[{"hash":"2133d1952493793dcfa7d0c74cf2c95339b1dfd2","messageTitle":"Fix minor issues, set window to be not resizable.","messageBody":"","fileTypesAndContributionMap":{"java":{"insertions":2,"deletions":1}}}]},{"date":"2023-02-03","commitResults":[{"hash":"8bcf22b5c0d095a67504ec6dac5f7193b59c79f5","messageTitle":"Fix minor checkstyle problems.","messageBody":"","fileTypesAndContributionMap":{"txt":{"insertions":2,"deletions":0},"fxml":{"insertions":3,"deletions":3},"java":{"insertions":24,"deletions":12}}}]},{"date":"2023-02-07","commitResults":[{"hash":"cb8f9228f149ab018bab2f19d7da36bf6ae5a1fd","messageTitle":"`.chattime.storage.Storage ` `loadData()`: need checking on loaded data                                            length `.chattime.Chattime` `getResponse(String input)`: need checking on                                                   processed commands","messageBody":"Lengths of data are specified for different types of tasks.\nProcessed commands should not be null.\n\nLet\u0027s add assertions on lengths of loaded data according to types.\nLet\u0027s add assertions that cmd should not be null.\n\nThe lengths of loaded data and the parsed commands are not accessible\nby users, they need to have assertions to ensure that the programs are\nrunning in a normal and good condition.\n\nAssertion error messages are added for clarification.\n","tags":["A-FullCommitMessage"],"fileTypesAndContributionMap":{"java":{"insertions":7,"deletions":3}}}]},{"date":"2023-02-08","commitResults":[{"hash":"e99b744b6bdd5187ac09191750e193a9641a00b3","messageTitle":"`FindCommand.execute` method : long method `Parser.parse` method : long method `Storage.loadData` method : long method `ChattimeException` class : can have better application of OOP","messageBody":"The 3 methods have long methods with LoC \u003e 30, which may reduce the\nreadability.\nThe exception class can be use to have a better OOP utilized on\n`toString()`.\n\nLet\u0027s add `findIn` method to implement the find algorithm for\n`FindCommand.execute`.\nLet\u0027s add `parseAddCommand` and `parseIndexCommand` to `Parser` class\nto lightweight `parse` method according to the cases functionality.\nLet\u0027s add `createTaskFromStorage` method to create different types of\ntasks based on the task code in the stored data.\nLet\u0027s modify the `toString()` method to have a better generalized format\nof error message.\n\nUsing sub- private functions can help to split the codes and enhance\nreadability.\nGeneralizing error messages output style can make the code short and\nsimple.\n\nAdd other minor changes to increase code quality.\n","fileTypesAndContributionMap":{"java":{"insertions":108,"deletions":78}}},{"hash":"d90357aa3260b28ee19d9d13807b6a002539f587","messageTitle":"`FindCommand.execute`: nested for-loop","messageBody":"`FindCommand.execute` contains nested for-loop that can be modified\nusing Streams.\n\nLet\u0027s replace the for-loop with Streams.\n\nStructure becomes more compact by using Streams.\n\nSupplier is used to regenerate the Streams.\n","fileTypesAndContributionMap":{"java":{"insertions":16,"deletions":16}}},{"hash":"a5800e382a461b62a89a1b473d60ea4b105bf0c8","messageTitle":"Add `ScheduleCommand` class to show daily schedule in hourly manner.","messageBody":"","tags":["BCD-Extension","B-ViewSchedules"],"fileTypesAndContributionMap":{"java":{"insertions":70,"deletions":0}}},{"hash":"2afda3b1b3c5f7876cdd3b7e899fa57bbfe815b0","messageTitle":"Modify files to suit the need of `schedule` command.","messageBody":"","fileTypesAndContributionMap":{"txt":{"insertions":5,"deletions":5},"java":{"insertions":123,"deletions":35}}},{"hash":"9b269c7660e23267aae3be56663a2ba0eb683514","messageTitle":"Fix minor issues.","messageBody":"","fileTypesAndContributionMap":{"java":{"insertions":11,"deletions":5}}},{"hash":"7f3332052669b490b68443b3ad7ae60e1a869eb9","messageTitle":"Modify `gradle.build` to suit jar file. Add `isDuplicates` method in `TaskList` to detect duplicated input.","messageBody":"","tags":["C-DetectDuplicates"],"fileTypesAndContributionMap":{"gradle":{"insertions":1,"deletions":1},"fxml":{"insertions":1,"deletions":1},"java":{"insertions":149,"deletions":4}}}]},{"date":"2023-02-09","commitResults":[{"hash":"c4b1961382ea1041ba267ebdf7cc946af43a3703","messageTitle":"Modify the GUI to make window resizable, change the window title bar icon, add names under profiles pictures.","messageBody":"","tags":["A-BetterGui"],"fileTypesAndContributionMap":{"fxml":{"insertions":16,"deletions":7},"java":{"insertions":27,"deletions":8}}},{"hash":"6455c4ddcd0b54b7dec18e911fa3e3c4ceb3d46f","messageTitle":"Modify some bot-replies to give personality to Chattime.","messageBody":"","tags":["A-Personality"],"fileTypesAndContributionMap":{"java":{"insertions":5,"deletions":5}}},{"hash":"5712efbc6af1ccd6ad6062ad961edd1576263d79","messageTitle":"Modify error handling method of `Storage` to reflect error message as bot reply. Modify time constraints for event, start \u003c\u003d end. Improve coding quality, modify long method.","messageBody":"","tags":["A-MoreErrorHandling"],"fileTypesAndContributionMap":{"txt":{"insertions":4,"deletions":4},"java":{"insertions":313,"deletions":189}}}]},{"date":"2023-02-10","commitResults":[{"hash":"10a3624213e93757fe9bbfa76918072187b546f1","messageTitle":"Add tests to original Junit test files. Modify code according to checkStyle.","messageBody":"","tags":["A-MoreTesting"],"fileTypesAndContributionMap":{"java":{"insertions":84,"deletions":24}}},{"hash":"5de89686718e41a420da8951f4b7f59c61c805aa","messageTitle":"Add user guide in `docs/README.md` to help user familiar with Chattime. Clarify commands through instructional images attached. Modify `README.md` to suit Chattime\u0027s personality.","messageBody":"","tags":["A-UserGuide"],"fileTypesAndContributionMap":{"txt":{"insertions":7,"deletions":2},"fxml":{"insertions":1,"deletions":1},"java":{"insertions":48,"deletions":34},"md":{"insertions":292,"deletions":24}}},{"hash":"9c6956d956a15273fe48b11d0a70e1d92d0c84ff","messageTitle":"Change images. All of them are of own source.","messageBody":"","fileTypesAndContributionMap":{"txt":{"insertions":0,"deletions":6},"java":{"insertions":3,"deletions":1}}},{"hash":"b85efac4c1f236d9b08f18da4c0b58183d07b8a7","messageTitle":"Modify exit `bye` method, user can exit immediately by inputting `bye`.","messageBody":"","fileTypesAndContributionMap":{"java":{"insertions":2,"deletions":2}}},{"hash":"c22ea5bbfdecf4556930e307358b1bef68f98644","messageTitle":"Minor modification due to checkstyle.","messageBody":"","fileTypesAndContributionMap":{"java":{"insertions":0,"deletions":1}}},{"hash":"2038a473fca6b50908a4547c8e56722fb1c4cc20","messageTitle":"Update README.md","messageBody":"","fileTypesAndContributionMap":{"md":{"insertions":61,"deletions":30}}},{"hash":"9a6cdfff4e9b71145f313490bfeba314c2b12d32","messageTitle":"Update README.md","messageBody":"","fileTypesAndContributionMap":{"md":{"insertions":11,"deletions":0}}}]},{"date":"2023-02-14","commitResults":[{"hash":"3d10584eb5c54bd1cb7187296c92453a6a3e1478","messageTitle":"Adjusts code to fix minor violations of javadoc convention.","messageBody":"","fileTypesAndContributionMap":{"txt":{"insertions":5,"deletions":10},"java":{"insertions":239,"deletions":236},"md":{"insertions":20,"deletions":28}}},{"hash":"191096941cf723c3a98cfe78cadabcb843854def","messageTitle":"Update `README.md` in docs.","messageBody":"","fileTypesAndContributionMap":{"md":{"insertions":13,"deletions":16}}},{"hash":"9d34fb1ca59d8f8649ef248b9547033e1a2584b1","messageTitle":"Adjust README.md","messageBody":"","fileTypesAndContributionMap":{"md":{"insertions":23,"deletions":12}}},{"hash":"e029f28859a6a3e622c6a11a1285608e486a58d7","messageTitle":"Update README.md","messageBody":"","tags":["A-Release"],"fileTypesAndContributionMap":{"md":{"insertions":1,"deletions":1}}}]}]},"authorFileTypeContributionMap":{"laihuiqi":{"java":2281,"md":322,"fxml":48,"sh":2,"bat":0,"gradle":14,"txt":49}},"authorContributionVariance":{"laihuiqi":215004.38},"authorDisplayNameMap":{"laihuiqi":"CS2103T-W15-4 LAI ..I QI"}}
