{"authorDailyContributionsMap":{"SFCoding123":[{"date":"2023-01-19","commitResults":[{"hash":"22b26df15123167fe72a8ec3fc6cca07a1dca63c","messageTitle":"Level 1","messageBody":"","fileTypesAndContributionMap":{"java":{"insertions":20,"deletions":6}}}]},{"date":"2023-01-20","commitResults":[{"hash":"a8baf991f8df73bf99ec9027db6497c4e6921768","messageTitle":"Level 1","messageBody":"","tags":["Level-1"],"fileTypesAndContributionMap":{"java":{"insertions":21,"deletions":12}}},{"hash":"a8ae81596db2d72e6e814f28d84ed9a17f8ebac9","messageTitle":"Level 2","messageBody":"","tags":["Level-2"],"fileTypesAndContributionMap":{"java":{"insertions":49,"deletions":6}}},{"hash":"be99e8919c7ff4208102ed31e7454a3efe239475","messageTitle":"Level 3","messageBody":"","tags":["Level-3"],"fileTypesAndContributionMap":{"java":{"insertions":40,"deletions":3}}}]},{"date":"2023-01-22","commitResults":[{"hash":"0ff2d44944974cdb84f6ccbcc47855e033d41f3f","messageTitle":"Level 4","messageBody":"","tags":["Level-4"],"fileTypesAndContributionMap":{"java":{"insertions":220,"deletions":10}}},{"hash":"21c59e53eda061a3f948cd621cd397354df0b8f2","messageTitle":"Level 5","messageBody":"","tags":["Level-5"],"fileTypesAndContributionMap":{"java":{"insertions":78,"deletions":44}}},{"hash":"091e3c1c2eacbc4b050776f20863c3a457f4c904","messageTitle":"Level 6","messageBody":"","tags":["Level-6"],"fileTypesAndContributionMap":{"java":{"insertions":102,"deletions":49}}}]},{"date":"2023-01-23","commitResults":[{"hash":"7dd4f1f1737f454e06e32c0e52adc0c61e25c95e","messageTitle":"Level 7","messageBody":"","fileTypesAndContributionMap":{"txt":{"insertions":1,"deletions":0},"java":{"insertions":163,"deletions":33}}},{"hash":"c6c36970c01c0d016209692a91215a39f739e3d0","messageTitle":"Level 7","messageBody":"","tags":["Level-7"],"fileTypesAndContributionMap":{"txt":{"insertions":0,"deletions":1}}}]},{"date":"2023-01-24","commitResults":[{"hash":"5039e1ce08c275ce4c69b0f943a3e3bec4667489","messageTitle":"Level 7.5","messageBody":"","fileTypesAndContributionMap":{"java":{"insertions":52,"deletions":0}}},{"hash":"f65dd83e165c4defee24b662997204f1a893da98","messageTitle":"Level 8","messageBody":"","tags":["Level-8"],"fileTypesAndContributionMap":{"java":{"insertions":61,"deletions":33}}},{"hash":"69e79ad18659ea11be35e8e0a5c400104af31659","messageTitle":"A-MoreOOP:use more OOP","messageBody":"","tags":["A-MoreOOP"],"fileTypesAndContributionMap":{"java":{"insertions":68,"deletions":106}}},{"hash":"673515c32f98319d3751830f366e532ac492e401","messageTitle":"A-packages","messageBody":"","tags":["A-Packages"],"fileTypesAndContributionMap":{"java":{"insertions":539,"deletions":504}}}]},{"date":"2023-01-25","commitResults":[{"hash":"11f5eb6660f14056b74ae908fef028013bab5b28","messageTitle":"A-packages","messageBody":"","fileTypesAndContributionMap":{"java":{"insertions":0,"deletions":1}}},{"hash":"1ef159421ce061de7d05a3eb24e46e98ad829c7b","messageTitle":"Testing branch","messageBody":"","fileTypesAndContributionMap":{"java":{"insertions":2,"deletions":1}}},{"hash":"6ed64ce1dab1015de5bff13f1c66850a2df40f19","messageTitle":"Testing branch 8","messageBody":"","fileTypesAndContributionMap":{"java":{"insertions":1,"deletions":0}}},{"hash":"74129f045b76d3d81c7b7d238a9a364255dd0b5f","messageTitle":"Testing branch 8","messageBody":"","fileTypesAndContributionMap":{"java":{"insertions":1,"deletions":1}}},{"hash":"7f3daa86a53bf07b2f50fddbfcfd56d8f9be30ce","messageTitle":"Testing branch 8 1","messageBody":"","fileTypesAndContributionMap":{"java":{"insertions":1,"deletions":0}}},{"hash":"656527d71f06043d0ca7a78833a1af2c37f23957","messageTitle":"Testing branch 8 2","messageBody":"","fileTypesAndContributionMap":{"java":{"insertions":1,"deletions":0}}},{"hash":"05e903632dd81831bdaa12eccaaced361ef952a3","messageTitle":"Testing branch 8 3","messageBody":"","tags":["branch-Level-8"],"fileTypesAndContributionMap":{"java":{"insertions":1,"deletions":0}}},{"hash":"4ff4565c6c8125585ac72467ec81a5fa174e6f1d","messageTitle":"A-TextUiTesting of basic functions","messageBody":"","tags":["A-TextUiTesting"],"fileTypesAndContributionMap":{"gradle":{"insertions":3,"deletions":0},"txt":{"insertions":11,"deletions":0},"java":{"insertions":12,"deletions":9},"sh":{"insertions":1,"deletions":1}}},{"hash":"3903864be714d95aebecd459e9b833e161ffb833","messageTitle":"Unit testing Baisc","messageBody":"","fileTypesAndContributionMap":{"java":{"insertions":22,"deletions":6}}},{"hash":"de9c373ca9124f9392bc30dd1d8e644c58497a80","messageTitle":"Unit Testing Done on ToDo Class methods","messageBody":"","tags":["A-JUnit"],"fileTypesAndContributionMap":{"java":{"insertions":48,"deletions":0}}},{"hash":"4f6375b248735fe58292d55b3481f8587d70ca99","messageTitle":"JAR file added","messageBody":"","tags":["A-Jar"],"fileTypesAndContributionMap":{"java":{"insertions":17,"deletions":12}}}]}]},"authorFileTypeContributionMap":{"SFCoding123":{"java":689,"md":0,"fxml":0,"sh":1,"bat":0,"gradle":3,"txt":11}},"authorContributionVariance":{"SFCoding123":135212.27},"authorDisplayNameMap":{"SFCoding123":"CS2103T-W11-4 WANG..FENG"}}
