{"authorDailyContributionsMap":{"cyiting":[{"date":"2023-01-18","commitResults":[{"hash":"c11ec9e02cfeb3588b986be825fe638c496f8b79","messageTitle":"created simple duke","messageBody":"","tags":["Level-1"],"fileTypesAndContributionMap":{"java":{"insertions":26,"deletions":6}}},{"hash":"865489787bd640635ea324c9fc39af2200927402","messageTitle":"added ability to save tasks in list","messageBody":"","tags":["Level-2"],"fileTypesAndContributionMap":{"java":{"insertions":19,"deletions":4}}}]},{"date":"2023-01-19","commitResults":[{"hash":"65f557e2eba17fb55859b0f2af3aac13c6df7bb8","messageTitle":"implemented TaskList and Task as classes added functionality of marking and unmarking tasks","messageBody":"","tags":["Level-3"],"fileTypesAndContributionMap":{"java":{"insertions":81,"deletions":29}}},{"hash":"511d6504e925f5949084025d7bc207a188356316","messageTitle":"added Deadline, Event, ToDo as subclasses of Task converted Task to abstract class","messageBody":"","tags":["Level-4"],"fileTypesAndContributionMap":{"java":{"insertions":68,"deletions":4}}},{"hash":"cf02433d0df80a914bb36b3dee6827c1a07d4443","messageTitle":"included automated text ui testing updated tab to 3 spaces when printing added/marked tasks","messageBody":"","tags":["A-TextUiTesting"],"fileTypesAndContributionMap":{"txt":{"insertions":9,"deletions":0},"java":{"insertions":3,"deletions":3}}}]}]},"authorFileTypeContributionMap":{"cyiting":{"java":157,"md":0,"fxml":0,"sh":0,"bat":0,"gradle":0,"txt":9}},"authorContributionVariance":{"cyiting":4680.2856},"authorDisplayNameMap":{"cyiting":"CHU ..TING"}}
