{"authorDailyContributionsMap":{"harin0826":[{"date":"2023-01-19","commitResults":[{"hash":"6aff4ed33ca4e4957d7e3f1fb3ae6ae0cd61185b","messageTitle":"add String dividor modified greeting","messageBody":"","fileTypesAndContributionMap":{"java":{"insertions":8,"deletions":2}}},{"hash":"bb33f651b9674aa67c1c617d8a8d09a89d3461f2","messageTitle":"Renamed String dividor to div_open add String div_close","messageBody":"","fileTypesAndContributionMap":{"java":{"insertions":2,"deletions":1}}},{"hash":"26c5ef430fb2447e4655888adfc35515e80433a5","messageTitle":"Separated greetings message from logo","messageBody":"","fileTypesAndContributionMap":{"java":{"insertions":3,"deletions":3}}},{"hash":"6c08a081e1ddcf51382d143e73e90624452f0239","messageTitle":"Added echo and exit","messageBody":"","tags":["Level-1"],"fileTypesAndContributionMap":{"java":{"insertions":19,"deletions":1}}},{"hash":"0c400dc800f29a17d4d4c65e59d6483b101f2c48","messageTitle":"Added String array list","messageBody":"","fileTypesAndContributionMap":{"java":{"insertions":4,"deletions":2}}},{"hash":"a7411ac550060a8317f6b66cbd5cbcd2dbcc29ab","messageTitle":"Modified dividor names","messageBody":"","fileTypesAndContributionMap":{"java":{"insertions":6,"deletions":5}}},{"hash":"719d72c359125d36c68e8403d062d7179be894f7","messageTitle":"Add list command","messageBody":"","fileTypesAndContributionMap":{"java":{"insertions":19,"deletions":4}}},{"hash":"3527fb33d8cf6c23783479f7ce06dc7bdc11245c","messageTitle":"Added add, fixed bugs for wrong list numbering","messageBody":"","tags":["Level-2"],"fileTypesAndContributionMap":{"java":{"insertions":5,"deletions":3}}},{"hash":"bf02f4c45de126d1592ee800af2454e9d613708d","messageTitle":"Added class Task","messageBody":"","fileTypesAndContributionMap":{"java":{"insertions":21,"deletions":0}}},{"hash":"5d852e00448e4860e581a432b5731bc045f8cdc3","messageTitle":"Added toString method","messageBody":"","fileTypesAndContributionMap":{"java":{"insertions":5,"deletions":0}}},{"hash":"e1af58c070b5c71d4830cc7ffcf41a8bd4bc320e","messageTitle":"Changed if-else to switch cases","messageBody":"","fileTypesAndContributionMap":{"java":{"insertions":23,"deletions":11}}},{"hash":"5e7590517b8bb7c14696478fc4debfe74b0c5439","messageTitle":"Fixed Duke to utilize class Task","messageBody":"","fileTypesAndContributionMap":{"java":{"insertions":5,"deletions":3}}},{"hash":"a4ca681994ec3745212efd1f08f3332cee086aed","messageTitle":"Completed mark and unmark commands","messageBody":"","tags":["Level-3"],"fileTypesAndContributionMap":{"java":{"insertions":10,"deletions":3}}},{"hash":"7728cb863328cbb1ef314b1ab1729a5be32a94ca","messageTitle":"Added classes Todo, Deadline and Event","messageBody":"","fileTypesAndContributionMap":{"java":{"insertions":42,"deletions":1}}},{"hash":"7b14ad11d433fc0f2b8c6dfec46c2c1c4c0f9533","messageTitle":"Added commands todo, deadline, event Added print for number of tasks","messageBody":"","fileTypesAndContributionMap":{"java":{"insertions":36,"deletions":1}}},{"hash":"4a2b7c0b7c5252619546b1f2649b7e5257522f15","messageTitle":"Fixed minor formatting issue to exclude blank character","messageBody":"","tags":["Level-4"],"fileTypesAndContributionMap":{"java":{"insertions":5,"deletions":3}}},{"hash":"e67ac869dd47682b371c635ab6e19eeaccb08485","messageTitle":"Automated Text UI testing","messageBody":"","tags":["A-TextUiTesting"],"fileTypesAndContributionMap":{"txt":{"insertions":11,"deletions":0},"java":{"insertions":1,"deletions":1}}},{"hash":"fdf2d80ec471b8275a9f15ef864b84753d5905a5","messageTitle":"Added DukeException class","messageBody":"","fileTypesAndContributionMap":{"java":{"insertions":7,"deletions":0}}},{"hash":"bb9b8467f151f338536f018a494ca8d9e9ab8a90","messageTitle":"Attempt to separate commands with methods","messageBody":"","fileTypesAndContributionMap":{"java":{"insertions":2,"deletions":1}}},{"hash":"823a930410ebcee8f518cc96072a864c5769e3de","messageTitle":"Added parser method","messageBody":"","fileTypesAndContributionMap":{"java":{"insertions":85,"deletions":72}}},{"hash":"a121d24a20bd50bbcfaa1553cc78ad66afe55252","messageTitle":"Set up necessary methods to be called after parser","messageBody":"","fileTypesAndContributionMap":{"java":{"insertions":73,"deletions":18}}}]},{"date":"2023-01-20","commitResults":[{"hash":"0c36c223305cd802862e9ee55d9faa469bba077d","messageTitle":"Draft for todo, deadline, event methods","messageBody":"","fileTypesAndContributionMap":{"java":{"insertions":47,"deletions":30}}},{"hash":"fa0f7191485f8ccadb3ff0375e57858098035a98","messageTitle":"Fixed bugs where taskName is not displayed fully","messageBody":"","fileTypesAndContributionMap":{"java":{"insertions":11,"deletions":5}}},{"hash":"98afa91a3908ff9a78d71ae4b7243c48ebcb52c3","messageTitle":"Added more exception descriptions","messageBody":"","tags":["Level-5"],"fileTypesAndContributionMap":{"java":{"insertions":9,"deletions":3}}},{"hash":"80f16c35a5d74e3bf934af6ba8da355b7726b394","messageTitle":"Changed list to ArrayList","messageBody":"","fileTypesAndContributionMap":{"java":{"insertions":3,"deletions":2}}},{"hash":"392f4650b022e876cf8b208f1d6361aa7199cbf1","messageTitle":"Modified program to utilize ArrayList, added unknown command exception","messageBody":"","fileTypesAndContributionMap":{"java":{"insertions":16,"deletions":26}}},{"hash":"075d44b8dbad88d7cf2ef69769b43c03b6333bad","messageTitle":"Added delete command and its test cases","messageBody":"","tags":["Level-6"],"fileTypesAndContributionMap":{"txt":{"insertions":2,"deletions":0},"java":{"insertions":23,"deletions":1}}},{"hash":"9591b178f258239182bb29a1ea20e50d09ab1443","messageTitle":"Modified Task class to use enums as task status, added new status \"DOING\"","messageBody":"","tags":["A-Enums"],"fileTypesAndContributionMap":{"java":{"insertions":24,"deletions":5}}}]},{"date":"2023-01-26","commitResults":[{"hash":"dda1b469e2ed2569d98fa9d82709c2fe92937280","messageTitle":"Adjust case indentation to follow java convention","messageBody":"","fileTypesAndContributionMap":{"java":{"insertions":52,"deletions":52}}},{"hash":"576fc91cdfe3451e700df142be55343404a74e47","messageTitle":"Add basic file support to open /data/data.txt","messageBody":"Need a system to save and load tasks for Duke.\n\nJava NIO Paths class is used to load up directory for Duke\u0027s data\nand load data.txt file to load any existing tasks from previous\nexecution of the program.\n\nStructure for data.txt on how it will be saved is implemented later.\n","fileTypesAndContributionMap":{"java":{"insertions":40,"deletions":3}}},{"hash":"95aa98fbb0bf821ef184c24275b2d29e954d351c","messageTitle":"Add saveFile method that saves current list of tasks to data.txt","messageBody":"Need a way to save current list of tasks to be loaded in future.\n\nUpdate Task class and all of its subclasses to tokenise the current\ntasks in the list. Write this to data.txt and save it.\n","fileTypesAndContributionMap":{"java":{"insertions":50,"deletions":4}}},{"hash":"b019388c0d0ae58d6c45e8225408e52a44ba8f08","messageTitle":"Add switch case in loadFile method to parse data read","messageBody":"","fileTypesAndContributionMap":{"java":{"insertions":11,"deletions":1}}},{"hash":"595c8a9604c7cf6a8f7d7152e8abc7221e38ec0a","messageTitle":"Add new constructor for Task class","messageBody":"data.txt is able to contain information about task\u0027s status. This\nconstructor allows the information to be loaded in as well when\nDuke runs and load data in from data.txt\n","fileTypesAndContributionMap":{"java":{"insertions":5,"deletions":0}}},{"hash":"df03ed7f2c1c1184c401424ac9536674b23c4ff6","messageTitle":"Complete save and load function","messageBody":"Update constructors for all subclasses of Task class to allow\ntask status to be loaded from previous data. Duke program is also\nupdated to allow data saving every update of tasks.\n\nNeed to work out a way to make duke only update added/deleted\ntasks as it overwrites the whole data.txt, costing running time.\n","fileTypesAndContributionMap":{"java":{"insertions":39,"deletions":10}}},{"hash":"0692c1ac7e48ca69084dfce06302955d05eddf86","messageTitle":"Add experimental LocalDate when parsing for Deadline class","messageBody":"","fileTypesAndContributionMap":{"java":{"insertions":3,"deletions":0}}}]},{"date":"2023-02-02","commitResults":[{"hash":"0d7263df4faeae8d5a508c69d1f0aaadbd226c2d","messageTitle":"Add LocalDate variable to Deadline","messageBody":"Implementing LocalDate within Deadline class is simpler and more\nOOP, hence it was moved off the parser within Duke class over to\nthe Deadline class.\n","fileTypesAndContributionMap":{"java":{"insertions":5,"deletions":2}}},{"hash":"b9ed46cf2e8fd11a74418e4e100f10b913854e89","messageTitle":"Implement LocalDate class to store dates within Task classes","messageBody":"Expanded on top of previous commit and implemented LocalDate within\nEvent class too. Added extra format method in toString method to\ndisplay dates in different format.\n","fileTypesAndContributionMap":{"java":{"insertions":11,"deletions":2}}},{"hash":"3db4d0194b90cce203400b4978e7323a59204742","messageTitle":"Add new classes for more OOP implementation","messageBody":"","fileTypesAndContributionMap":{"java":{"insertions":22,"deletions":0}}}]},{"date":"2023-02-03","commitResults":[{"hash":"9156138cea70ed4be41b1fafabf0193fb89ae3cc","messageTitle":"Implement Storage class to open and load data file","messageBody":"","fileTypesAndContributionMap":{"java":{"insertions":69,"deletions":0}}},{"hash":"2d399f188310dabda4b30f592e00eadd30399810","messageTitle":"Implement TaskList class to manage tasks","messageBody":"","fileTypesAndContributionMap":{"java":{"insertions":108,"deletions":0}}},{"hash":"fd85de7aef2e3194dcfa84bbb35411e309f83102","messageTitle":"Make the code more OOP","messageBody":"Methods are extracted into respective classes to support more OOP.\n","fileTypesAndContributionMap":{"java":{"insertions":172,"deletions":277}}},{"hash":"de585640e9f0eadf13b92b4615b26ce4edb7a420","messageTitle":"Fix bugs where wrong date input format would crash the program","messageBody":"Not all constructors for tasks were updated and loading would result\nin tasks not having proper LocalDate attribute.\n\nApplied relevant changes to load tasks correctly with proper dates.\n","tags":["A-MoreOOP"],"fileTypesAndContributionMap":{"java":{"insertions":31,"deletions":9}}},{"hash":"7e490d3acf11d52b1470a38e76d78704c2f354a1","messageTitle":"Pack all classes under duke package","messageBody":"","tags":["A-Packages"],"fileTypesAndContributionMap":{"java":{"insertions":21,"deletions":9}}}]},{"date":"2023-02-07","commitResults":[{"hash":"e8353b52d5514d4aee9de8248ec784f6b764d388","messageTitle":"Add JUnit tests for Todo and Storage","messageBody":"","tags":["A-JUnit"],"fileTypesAndContributionMap":{"txt":{"insertions":2,"deletions":0},"java":{"insertions":44,"deletions":0}}},{"hash":"8e4ecaebd7dfab903c01f54b71e6d500b99172ea","messageTitle":"Update build.gradle for shadowjar","messageBody":"","fileTypesAndContributionMap":{"gradle":{"insertions":14,"deletions":0}}},{"hash":"3f58e4a99d8e299cf3a0f151d9b1c38877e7cc16","messageTitle":"Change build.gradle\u0027s mainClassName","messageBody":"","tags":["A-Jar"],"fileTypesAndContributionMap":{"gradle":{"insertions":1,"deletions":1}}},{"hash":"ab00e4c230466b8622844c5a1e8bc6729ed8637d","messageTitle":"Add JavaDoc comments for all public methods","messageBody":"","tags":["A-JavaDoc"],"fileTypesAndContributionMap":{"java":{"insertions":174,"deletions":2}}},{"hash":"d0248a0120b3d9ce3b687098b3e75c656f9f4e6a","messageTitle":"Tweak the code to comply with a coding standard","messageBody":"","tags":["A-CodingStandard"],"fileTypesAndContributionMap":{"java":{"insertions":4,"deletions":4}}},{"hash":"1ea526ab84fb1996689623a314f6d2e92e2a41f3","messageTitle":"Add find method that prints all tasks with matching keyword","messageBody":"","tags":["Level-9"],"fileTypesAndContributionMap":{"java":{"insertions":35,"deletions":0}}}]}]},"authorFileTypeContributionMap":{"harin0826":{"java":833,"md":0,"fxml":0,"sh":0,"bat":0,"gradle":15,"txt":15}},"authorContributionVariance":{"harin0826":30815.926},"authorDisplayNameMap":{"harin0826":"CS2103T-F12-2 NAM ..ARIN"}}
