{"authorDailyContributionsMap":{"harin0826":[{"date":"2023-01-19","commitResults":[{"hash":"6aff4ed33ca4e4957d7e3f1fb3ae6ae0cd61185b","messageTitle":"add String dividor modified greeting","messageBody":"","fileTypesAndContributionMap":{"java":{"insertions":8,"deletions":2}}},{"hash":"bb33f651b9674aa67c1c617d8a8d09a89d3461f2","messageTitle":"Renamed String dividor to div_open add String div_close","messageBody":"","fileTypesAndContributionMap":{"java":{"insertions":2,"deletions":1}}},{"hash":"26c5ef430fb2447e4655888adfc35515e80433a5","messageTitle":"Separated greetings message from logo","messageBody":"","fileTypesAndContributionMap":{"java":{"insertions":3,"deletions":3}}},{"hash":"6c08a081e1ddcf51382d143e73e90624452f0239","messageTitle":"Added echo and exit","messageBody":"","tags":["Level-1"],"fileTypesAndContributionMap":{"java":{"insertions":19,"deletions":1}}},{"hash":"0c400dc800f29a17d4d4c65e59d6483b101f2c48","messageTitle":"Added String array list","messageBody":"","fileTypesAndContributionMap":{"java":{"insertions":4,"deletions":2}}},{"hash":"a7411ac550060a8317f6b66cbd5cbcd2dbcc29ab","messageTitle":"Modified dividor names","messageBody":"","fileTypesAndContributionMap":{"java":{"insertions":6,"deletions":5}}},{"hash":"719d72c359125d36c68e8403d062d7179be894f7","messageTitle":"Add list command","messageBody":"","fileTypesAndContributionMap":{"java":{"insertions":19,"deletions":4}}},{"hash":"3527fb33d8cf6c23783479f7ce06dc7bdc11245c","messageTitle":"Added add, fixed bugs for wrong list numbering","messageBody":"","tags":["Level-2"],"fileTypesAndContributionMap":{"java":{"insertions":5,"deletions":3}}},{"hash":"bf02f4c45de126d1592ee800af2454e9d613708d","messageTitle":"Added class Task","messageBody":"","fileTypesAndContributionMap":{"java":{"insertions":21,"deletions":0}}},{"hash":"5d852e00448e4860e581a432b5731bc045f8cdc3","messageTitle":"Added toString method","messageBody":"","fileTypesAndContributionMap":{"java":{"insertions":5,"deletions":0}}},{"hash":"e1af58c070b5c71d4830cc7ffcf41a8bd4bc320e","messageTitle":"Changed if-else to switch cases","messageBody":"","fileTypesAndContributionMap":{"java":{"insertions":23,"deletions":11}}},{"hash":"5e7590517b8bb7c14696478fc4debfe74b0c5439","messageTitle":"Fixed Duke to utilize class Task","messageBody":"","fileTypesAndContributionMap":{"java":{"insertions":5,"deletions":3}}},{"hash":"a4ca681994ec3745212efd1f08f3332cee086aed","messageTitle":"Completed mark and unmark commands","messageBody":"","tags":["Level-3"],"fileTypesAndContributionMap":{"java":{"insertions":10,"deletions":3}}}]}]},"authorFileTypeContributionMap":{"harin0826":{"java":94,"md":0,"fxml":0,"sh":0,"bat":0,"gradle":0,"txt":0}},"authorContributionVariance":{"harin0826":3456.0},"authorDisplayNameMap":{"harin0826":"NAM ..ARIN"}}
