[{"path":"src/main/java/Duke/CommandException.java","fileType":"java","lines":[{"lineNumber":1,"author":{"gitId":"junianob"},"content":"package Duke;","lastModifiedDate":"2023-01-29"},{"lineNumber":2,"author":{"gitId":"junianob"},"content":"public class CommandException {","lastModifiedDate":"2023-01-26"},{"lineNumber":3,"author":{"gitId":"junianob"},"content":"}","lastModifiedDate":"2023-01-26"}],"authorContributionMap":{"junianob":3}},{"path":"src/main/java/Duke/Deadline.java","fileType":"java","lines":[{"lineNumber":1,"author":{"gitId":"junianob"},"content":"package Duke;","lastModifiedDate":"2023-01-29"},{"lineNumber":2,"author":{"gitId":"junianob"},"content":"","lastModifiedDate":"2023-01-29"},{"lineNumber":3,"author":{"gitId":"junianob"},"content":"import java.time.LocalDate;","lastModifiedDate":"2023-01-29"},{"lineNumber":4,"author":{"gitId":"junianob"},"content":"public class Deadline extends Task {","lastModifiedDate":"2023-01-26"},{"lineNumber":5,"author":{"gitId":"junianob"},"content":"    private LocalDate end;","lastModifiedDate":"2023-01-29"},{"lineNumber":6,"author":{"gitId":"junianob"},"content":"    public Deadline (String name, LocalDate end) {","lastModifiedDate":"2023-01-29"},{"lineNumber":7,"author":{"gitId":"junianob"},"content":"        super(name);","lastModifiedDate":"2023-01-26"},{"lineNumber":8,"author":{"gitId":"junianob"},"content":"        this.end \u003d end;","lastModifiedDate":"2023-01-26"},{"lineNumber":9,"author":{"gitId":"junianob"},"content":"    }","lastModifiedDate":"2023-01-26"},{"lineNumber":10,"author":{"gitId":"junianob"},"content":"","lastModifiedDate":"2023-01-26"},{"lineNumber":11,"author":{"gitId":"junianob"},"content":"    @Override","lastModifiedDate":"2023-01-26"},{"lineNumber":12,"author":{"gitId":"junianob"},"content":"    public String toString() {","lastModifiedDate":"2023-01-26"},{"lineNumber":13,"author":{"gitId":"junianob"},"content":"        return \"[D] \" + super.toString() + \"(by: \" + this.end + \")\";","lastModifiedDate":"2023-01-26"},{"lineNumber":14,"author":{"gitId":"junianob"},"content":"    }","lastModifiedDate":"2023-01-26"},{"lineNumber":15,"author":{"gitId":"junianob"},"content":"}","lastModifiedDate":"2023-01-26"}],"authorContributionMap":{"junianob":15}},{"path":"src/main/java/Duke/Duke.java","fileType":"java","lines":[{"lineNumber":1,"author":{"gitId":"junianob"},"content":"package Duke;","lastModifiedDate":"2023-01-29"},{"lineNumber":2,"author":{"gitId":"junianob"},"content":"import java.util.Locale;","lastModifiedDate":"2023-01-26"},{"lineNumber":3,"author":{"gitId":"junianob"},"content":"import java.util.Scanner;","lastModifiedDate":"2023-01-19"},{"lineNumber":4,"author":{"gitId":"junianob"},"content":"import java.time.LocalDate;","lastModifiedDate":"2023-01-29"},{"lineNumber":5,"author":{"gitId":"junianob"},"content":"import java.time.format.DateTimeFormatter;","lastModifiedDate":"2023-01-29"},{"lineNumber":6,"author":{"gitId":"junianob"},"content":"import java.time.temporal.ChronoUnit;","lastModifiedDate":"2023-01-29"},{"lineNumber":7,"author":{"gitId":"junianob"},"content":"","lastModifiedDate":"2023-01-29"},{"lineNumber":8,"author":{"gitId":"junianob"},"content":"","lastModifiedDate":"2023-01-19"},{"lineNumber":9,"author":{"gitId":"-"},"content":"public class Duke {","lastModifiedDate":"2019-07-29"},{"lineNumber":10,"author":{"gitId":"junianob"},"content":"    private enum Commands {","lastModifiedDate":"2023-01-26"},{"lineNumber":11,"author":{"gitId":"junianob"},"content":"         BYE, LIST, MARK, UNMARK, DELETE, TODO, EVENT, DEADLINE, FIND","lastModifiedDate":"2023-01-29"},{"lineNumber":12,"author":{"gitId":"junianob"},"content":"    }","lastModifiedDate":"2023-01-19"},{"lineNumber":13,"author":{"gitId":"junianob"},"content":"","lastModifiedDate":"2023-01-26"},{"lineNumber":14,"author":{"gitId":"junianob"},"content":"    public static Enum getCommand(String input){ //get the command","lastModifiedDate":"2023-01-29"},{"lineNumber":15,"author":{"gitId":"junianob"},"content":"        return Commands.valueOf(input.split(\" \")[0].toUpperCase());","lastModifiedDate":"2023-01-26"},{"lineNumber":16,"author":{"gitId":"junianob"},"content":"    }","lastModifiedDate":"2023-01-19"},{"lineNumber":17,"author":{"gitId":"junianob"},"content":"","lastModifiedDate":"2023-01-26"},{"lineNumber":18,"author":{"gitId":"junianob"},"content":"    public static String[] getParameters(String input){ //get all tokens after the command","lastModifiedDate":"2023-01-29"},{"lineNumber":19,"author":{"gitId":"junianob"},"content":"        return input.split(\" \", 2)[1].split(\" \");","lastModifiedDate":"2023-01-26"},{"lineNumber":20,"author":{"gitId":"junianob"},"content":"    }","lastModifiedDate":"2023-01-19"},{"lineNumber":21,"author":{"gitId":"junianob"},"content":"","lastModifiedDate":"2023-01-26"},{"lineNumber":22,"author":{"gitId":"junianob"},"content":"    public static String[] parseParameters(Enum command, String[] parameters){ //get only the useful tokens","lastModifiedDate":"2023-01-29"},{"lineNumber":23,"author":{"gitId":"junianob"},"content":"        if(command.equals(Commands.MARK) || command.equals(Commands.UNMARK) || command.equals(Commands.DELETE) ||","lastModifiedDate":"2023-01-29"},{"lineNumber":24,"author":{"gitId":"junianob"},"content":"        command.equals(Commands.FIND)){","lastModifiedDate":"2023-01-29"},{"lineNumber":25,"author":{"gitId":"junianob"},"content":"            String[] cleanedParameters \u003d new String[1];","lastModifiedDate":"2023-01-26"},{"lineNumber":26,"author":{"gitId":"junianob"},"content":"            cleanedParameters[0] \u003d parameters[0];","lastModifiedDate":"2023-01-26"},{"lineNumber":27,"author":{"gitId":"junianob"},"content":"            return cleanedParameters;","lastModifiedDate":"2023-01-26"},{"lineNumber":28,"author":{"gitId":"junianob"},"content":"        }","lastModifiedDate":"2023-01-26"},{"lineNumber":29,"author":{"gitId":"junianob"},"content":"        else if(command.equals(Commands.TODO)){","lastModifiedDate":"2023-01-26"},{"lineNumber":30,"author":{"gitId":"junianob"},"content":"            String[] cleanedParameters \u003d new String[1];","lastModifiedDate":"2023-01-26"},{"lineNumber":31,"author":{"gitId":"junianob"},"content":"            cleanedParameters[0] \u003d parameters[0];","lastModifiedDate":"2023-01-26"},{"lineNumber":32,"author":{"gitId":"junianob"},"content":"            return cleanedParameters;","lastModifiedDate":"2023-01-26"},{"lineNumber":33,"author":{"gitId":"junianob"},"content":"","lastModifiedDate":"2023-01-26"},{"lineNumber":34,"author":{"gitId":"junianob"},"content":"        }","lastModifiedDate":"2023-01-26"},{"lineNumber":35,"author":{"gitId":"junianob"},"content":"        else if(command.equals(Commands.DEADLINE)){","lastModifiedDate":"2023-01-26"},{"lineNumber":36,"author":{"gitId":"junianob"},"content":"            String[] cleanedParameters \u003d new String[2];","lastModifiedDate":"2023-01-26"},{"lineNumber":37,"author":{"gitId":"junianob"},"content":"            cleanedParameters[0] \u003d parameters[0];","lastModifiedDate":"2023-01-26"},{"lineNumber":38,"author":{"gitId":"junianob"},"content":"            cleanedParameters[1] \u003d parameters[2];","lastModifiedDate":"2023-01-26"},{"lineNumber":39,"author":{"gitId":"junianob"},"content":"            return cleanedParameters;","lastModifiedDate":"2023-01-26"},{"lineNumber":40,"author":{"gitId":"junianob"},"content":"","lastModifiedDate":"2023-01-26"},{"lineNumber":41,"author":{"gitId":"junianob"},"content":"        }","lastModifiedDate":"2023-01-26"},{"lineNumber":42,"author":{"gitId":"junianob"},"content":"        else if(command.equals(Commands.EVENT)){","lastModifiedDate":"2023-01-26"},{"lineNumber":43,"author":{"gitId":"junianob"},"content":"            String[] cleanedParameters \u003d new String[3];","lastModifiedDate":"2023-01-26"},{"lineNumber":44,"author":{"gitId":"junianob"},"content":"            cleanedParameters[0] \u003d parameters[0];","lastModifiedDate":"2023-01-26"},{"lineNumber":45,"author":{"gitId":"junianob"},"content":"            cleanedParameters[1] \u003d parameters[2];","lastModifiedDate":"2023-01-26"},{"lineNumber":46,"author":{"gitId":"junianob"},"content":"            cleanedParameters[2] \u003d parameters[4];","lastModifiedDate":"2023-01-26"},{"lineNumber":47,"author":{"gitId":"junianob"},"content":"            return cleanedParameters;","lastModifiedDate":"2023-01-26"},{"lineNumber":48,"author":{"gitId":"junianob"},"content":"        }","lastModifiedDate":"2023-01-26"},{"lineNumber":49,"author":{"gitId":"junianob"},"content":"        else{","lastModifiedDate":"2023-01-26"},{"lineNumber":50,"author":{"gitId":"junianob"},"content":"            return null;","lastModifiedDate":"2023-01-26"},{"lineNumber":51,"author":{"gitId":"junianob"},"content":"        }","lastModifiedDate":"2023-01-26"},{"lineNumber":52,"author":{"gitId":"junianob"},"content":"","lastModifiedDate":"2023-01-26"},{"lineNumber":53,"author":{"gitId":"junianob"},"content":"    }","lastModifiedDate":"2023-01-26"},{"lineNumber":54,"author":{"gitId":"junianob"},"content":"    public static void main(String[] args) {","lastModifiedDate":"2023-01-26"},{"lineNumber":55,"author":{"gitId":"junianob"},"content":"        Enum command;","lastModifiedDate":"2023-01-26"},{"lineNumber":56,"author":{"gitId":"junianob"},"content":"        String[] parameters;","lastModifiedDate":"2023-01-26"},{"lineNumber":57,"author":{"gitId":"junianob"},"content":"        TaskList taskList \u003d new TaskList();","lastModifiedDate":"2023-01-26"},{"lineNumber":58,"author":{"gitId":"junianob"},"content":"        Scanner myObj \u003d new Scanner(System.in);","lastModifiedDate":"2023-01-26"},{"lineNumber":59,"author":{"gitId":"junianob"},"content":"","lastModifiedDate":"2023-01-26"},{"lineNumber":60,"author":{"gitId":"junianob"},"content":"        while (true) {","lastModifiedDate":"2023-01-26"},{"lineNumber":61,"author":{"gitId":"junianob"},"content":"            String input \u003d myObj.nextLine();","lastModifiedDate":"2023-01-26"},{"lineNumber":62,"author":{"gitId":"junianob"},"content":"            command \u003d getCommand(input);","lastModifiedDate":"2023-01-26"},{"lineNumber":63,"author":{"gitId":"junianob"},"content":"            if (command.equals(Commands.BYE)) { // no parameters","lastModifiedDate":"2023-01-26"},{"lineNumber":64,"author":{"gitId":"junianob"},"content":"                System.out.println(\"bai\");","lastModifiedDate":"2023-01-26"},{"lineNumber":65,"author":{"gitId":"junianob"},"content":"            } else if (command.equals(Commands.LIST)) {","lastModifiedDate":"2023-01-26"},{"lineNumber":66,"author":{"gitId":"junianob"},"content":"                System.out.println(taskList.listTasks());","lastModifiedDate":"2023-01-26"},{"lineNumber":67,"author":{"gitId":"junianob"},"content":"            } else { //has parameters","lastModifiedDate":"2023-01-26"},{"lineNumber":68,"author":{"gitId":"junianob"},"content":"                parameters \u003d parseParameters(command,getParameters(input));","lastModifiedDate":"2023-01-26"},{"lineNumber":69,"author":{"gitId":"junianob"},"content":"                if (command.equals(Commands.MARK)) {","lastModifiedDate":"2023-01-26"},{"lineNumber":70,"author":{"gitId":"junianob"},"content":"                    System.out.println(taskList.markTask(Integer.parseInt(parameters[0])));","lastModifiedDate":"2023-01-26"},{"lineNumber":71,"author":{"gitId":"junianob"},"content":"                } else if (command.equals(Commands.UNMARK)) {","lastModifiedDate":"2023-01-26"},{"lineNumber":72,"author":{"gitId":"junianob"},"content":"                    System.out.println(taskList.unmarkTask(Integer.parseInt(parameters[0])));","lastModifiedDate":"2023-01-26"},{"lineNumber":73,"author":{"gitId":"junianob"},"content":"                } else if (command.equals(Commands.TODO)) {","lastModifiedDate":"2023-01-26"},{"lineNumber":74,"author":{"gitId":"junianob"},"content":"                    System.out.println(taskList.addTask(parameters[0]));","lastModifiedDate":"2023-01-26"},{"lineNumber":75,"author":{"gitId":"junianob"},"content":"                } else if (command.equals(Commands.DELETE)) {","lastModifiedDate":"2023-01-26"},{"lineNumber":76,"author":{"gitId":"junianob"},"content":"                    System.out.println(taskList.deleteTask(Integer.parseInt(parameters[0])));","lastModifiedDate":"2023-01-26"},{"lineNumber":77,"author":{"gitId":"junianob"},"content":"                } else if (command.equals(Commands.DEADLINE)) {","lastModifiedDate":"2023-01-26"},{"lineNumber":78,"author":{"gitId":"junianob"},"content":"                    System.out.println(taskList.addTask(parameters[0], LocalDate.parse(parameters[1])));","lastModifiedDate":"2023-01-29"},{"lineNumber":79,"author":{"gitId":"junianob"},"content":"                } else if (command.equals(Commands.EVENT)) {","lastModifiedDate":"2023-01-26"},{"lineNumber":80,"author":{"gitId":"junianob"},"content":"                    System.out.println(taskList.addTask(parameters[0], LocalDate.parse(parameters[1]),","lastModifiedDate":"2023-01-29"},{"lineNumber":81,"author":{"gitId":"junianob"},"content":"                            LocalDate.parse(parameters[2])));","lastModifiedDate":"2023-01-29"},{"lineNumber":82,"author":{"gitId":"junianob"},"content":"                } else if (command.equals(Commands.FIND)) {","lastModifiedDate":"2023-01-29"},{"lineNumber":83,"author":{"gitId":"junianob"},"content":"                    System.out.println(taskList.findTasks(parameters[0]));","lastModifiedDate":"2023-01-29"},{"lineNumber":84,"author":{"gitId":"junianob"},"content":"                }","lastModifiedDate":"2023-01-19"},{"lineNumber":85,"author":{"gitId":"junianob"},"content":"            }","lastModifiedDate":"2023-01-19"},{"lineNumber":86,"author":{"gitId":"junianob"},"content":"        }","lastModifiedDate":"2023-01-19"},{"lineNumber":87,"author":{"gitId":"-"},"content":"    }","lastModifiedDate":"2019-07-29"},{"lineNumber":88,"author":{"gitId":"-"},"content":"}","lastModifiedDate":"2019-07-29"}],"authorContributionMap":{"junianob":85,"-":3}},{"path":"src/main/java/Duke/Event.java","fileType":"java","lines":[{"lineNumber":1,"author":{"gitId":"junianob"},"content":"package Duke;","lastModifiedDate":"2023-01-29"},{"lineNumber":2,"author":{"gitId":"junianob"},"content":"import java.time.LocalDate;","lastModifiedDate":"2023-01-29"},{"lineNumber":3,"author":{"gitId":"junianob"},"content":"public class Event extends Task {","lastModifiedDate":"2023-01-26"},{"lineNumber":4,"author":{"gitId":"junianob"},"content":"    private LocalDate start;","lastModifiedDate":"2023-01-29"},{"lineNumber":5,"author":{"gitId":"junianob"},"content":"    private LocalDate end;","lastModifiedDate":"2023-01-29"},{"lineNumber":6,"author":{"gitId":"junianob"},"content":"","lastModifiedDate":"2023-01-26"},{"lineNumber":7,"author":{"gitId":"junianob"},"content":"    public Event(String name, LocalDate start, LocalDate end) {","lastModifiedDate":"2023-01-29"},{"lineNumber":8,"author":{"gitId":"junianob"},"content":"        super(name);","lastModifiedDate":"2023-01-26"},{"lineNumber":9,"author":{"gitId":"junianob"},"content":"        this.start \u003d start;","lastModifiedDate":"2023-01-26"},{"lineNumber":10,"author":{"gitId":"junianob"},"content":"        this.end \u003d end;","lastModifiedDate":"2023-01-26"},{"lineNumber":11,"author":{"gitId":"junianob"},"content":"    }","lastModifiedDate":"2023-01-26"},{"lineNumber":12,"author":{"gitId":"junianob"},"content":"","lastModifiedDate":"2023-01-26"},{"lineNumber":13,"author":{"gitId":"junianob"},"content":"    @Override","lastModifiedDate":"2023-01-26"},{"lineNumber":14,"author":{"gitId":"junianob"},"content":"    public String toString() {","lastModifiedDate":"2023-01-26"},{"lineNumber":15,"author":{"gitId":"junianob"},"content":"        return \"[E] \" + super.toString() + \" (from: \" + this.start + \" to: \" + this.end + \")\";","lastModifiedDate":"2023-01-26"},{"lineNumber":16,"author":{"gitId":"junianob"},"content":"    }","lastModifiedDate":"2023-01-26"},{"lineNumber":17,"author":{"gitId":"junianob"},"content":"}","lastModifiedDate":"2023-01-26"}],"authorContributionMap":{"junianob":17}},{"path":"src/main/java/Duke/ParameterException.java","fileType":"java","lines":[{"lineNumber":1,"author":{"gitId":"junianob"},"content":"package Duke;","lastModifiedDate":"2023-01-29"},{"lineNumber":2,"author":{"gitId":"junianob"},"content":"public class ParameterException {","lastModifiedDate":"2023-01-26"},{"lineNumber":3,"author":{"gitId":"junianob"},"content":"}","lastModifiedDate":"2023-01-26"}],"authorContributionMap":{"junianob":3}},{"path":"src/main/java/Duke/Saver.java","fileType":"java","lines":[{"lineNumber":1,"author":{"gitId":"junianob"},"content":"package Duke;","lastModifiedDate":"2023-01-29"},{"lineNumber":2,"author":{"gitId":"junianob"},"content":"import java.io.File;","lastModifiedDate":"2023-01-29"},{"lineNumber":3,"author":{"gitId":"junianob"},"content":"import java.io.IOException;","lastModifiedDate":"2023-01-29"},{"lineNumber":4,"author":{"gitId":"junianob"},"content":"import java.io.FileWriter;","lastModifiedDate":"2023-01-29"},{"lineNumber":5,"author":{"gitId":"junianob"},"content":"import java.util.ArrayList;","lastModifiedDate":"2023-01-29"},{"lineNumber":6,"author":{"gitId":"junianob"},"content":"import java.time.LocalDate;","lastModifiedDate":"2023-01-29"},{"lineNumber":7,"author":{"gitId":"junianob"},"content":"","lastModifiedDate":"2023-01-29"},{"lineNumber":8,"author":{"gitId":"junianob"},"content":"public class Saver {","lastModifiedDate":"2023-01-29"},{"lineNumber":9,"author":{"gitId":"junianob"},"content":"    protected final String PATH \u003d \"./data\";","lastModifiedDate":"2023-01-29"},{"lineNumber":10,"author":{"gitId":"junianob"},"content":"    protected final String FILE_NAME \u003d \"/tasks.txt\";","lastModifiedDate":"2023-01-29"},{"lineNumber":11,"author":{"gitId":"junianob"},"content":"","lastModifiedDate":"2023-01-29"},{"lineNumber":12,"author":{"gitId":"junianob"},"content":"    public void save(TaskList taskList){","lastModifiedDate":"2023-01-29"},{"lineNumber":13,"author":{"gitId":"junianob"},"content":"    }","lastModifiedDate":"2023-01-29"},{"lineNumber":14,"author":{"gitId":"junianob"},"content":"","lastModifiedDate":"2023-01-29"},{"lineNumber":15,"author":{"gitId":"junianob"},"content":"    public void load(){","lastModifiedDate":"2023-01-29"},{"lineNumber":16,"author":{"gitId":"junianob"},"content":"","lastModifiedDate":"2023-01-29"},{"lineNumber":17,"author":{"gitId":"junianob"},"content":"    }","lastModifiedDate":"2023-01-29"},{"lineNumber":18,"author":{"gitId":"junianob"},"content":"","lastModifiedDate":"2023-01-29"},{"lineNumber":19,"author":{"gitId":"junianob"},"content":"}","lastModifiedDate":"2023-01-29"}],"authorContributionMap":{"junianob":19}},{"path":"src/main/java/Duke/Task.java","fileType":"java","lines":[{"lineNumber":1,"author":{"gitId":"junianob"},"content":"package Duke;","lastModifiedDate":"2023-01-29"},{"lineNumber":2,"author":{"gitId":"junianob"},"content":"public abstract class Task {","lastModifiedDate":"2023-01-26"},{"lineNumber":3,"author":{"gitId":"junianob"},"content":"    private String name;","lastModifiedDate":"2023-01-26"},{"lineNumber":4,"author":{"gitId":"junianob"},"content":"    private boolean isDone;","lastModifiedDate":"2023-01-26"},{"lineNumber":5,"author":{"gitId":"junianob"},"content":"","lastModifiedDate":"2023-01-26"},{"lineNumber":6,"author":{"gitId":"junianob"},"content":"    public Task(String name) {","lastModifiedDate":"2023-01-26"},{"lineNumber":7,"author":{"gitId":"junianob"},"content":"        this.name \u003d name;","lastModifiedDate":"2023-01-26"},{"lineNumber":8,"author":{"gitId":"junianob"},"content":"        this.isDone \u003d false;","lastModifiedDate":"2023-01-26"},{"lineNumber":9,"author":{"gitId":"junianob"},"content":"    }","lastModifiedDate":"2023-01-26"},{"lineNumber":10,"author":{"gitId":"junianob"},"content":"","lastModifiedDate":"2023-01-26"},{"lineNumber":11,"author":{"gitId":"junianob"},"content":"    public boolean isDone() {","lastModifiedDate":"2023-01-26"},{"lineNumber":12,"author":{"gitId":"junianob"},"content":"        return this.isDone;","lastModifiedDate":"2023-01-26"},{"lineNumber":13,"author":{"gitId":"junianob"},"content":"    }","lastModifiedDate":"2023-01-26"},{"lineNumber":14,"author":{"gitId":"junianob"},"content":"","lastModifiedDate":"2023-01-26"},{"lineNumber":15,"author":{"gitId":"junianob"},"content":"    public void mark() {","lastModifiedDate":"2023-01-26"},{"lineNumber":16,"author":{"gitId":"junianob"},"content":"        this.isDone \u003d true;","lastModifiedDate":"2023-01-26"},{"lineNumber":17,"author":{"gitId":"junianob"},"content":"    }","lastModifiedDate":"2023-01-26"},{"lineNumber":18,"author":{"gitId":"junianob"},"content":"","lastModifiedDate":"2023-01-26"},{"lineNumber":19,"author":{"gitId":"junianob"},"content":"    public void unMark() {","lastModifiedDate":"2023-01-26"},{"lineNumber":20,"author":{"gitId":"junianob"},"content":"        this.isDone \u003d false;","lastModifiedDate":"2023-01-26"},{"lineNumber":21,"author":{"gitId":"junianob"},"content":"    }","lastModifiedDate":"2023-01-26"},{"lineNumber":22,"author":{"gitId":"junianob"},"content":"","lastModifiedDate":"2023-01-26"},{"lineNumber":23,"author":{"gitId":"junianob"},"content":"    @Override","lastModifiedDate":"2023-01-26"},{"lineNumber":24,"author":{"gitId":"junianob"},"content":"    public String toString() {","lastModifiedDate":"2023-01-26"},{"lineNumber":25,"author":{"gitId":"junianob"},"content":"        if(this.isDone) {","lastModifiedDate":"2023-01-26"},{"lineNumber":26,"author":{"gitId":"junianob"},"content":"            return \"[X] \" + this.name;","lastModifiedDate":"2023-01-26"},{"lineNumber":27,"author":{"gitId":"junianob"},"content":"        }","lastModifiedDate":"2023-01-26"},{"lineNumber":28,"author":{"gitId":"junianob"},"content":"        else {","lastModifiedDate":"2023-01-26"},{"lineNumber":29,"author":{"gitId":"junianob"},"content":"            return \"[ ] \" + this.name;","lastModifiedDate":"2023-01-26"},{"lineNumber":30,"author":{"gitId":"junianob"},"content":"        }","lastModifiedDate":"2023-01-26"},{"lineNumber":31,"author":{"gitId":"junianob"},"content":"    }","lastModifiedDate":"2023-01-26"},{"lineNumber":32,"author":{"gitId":"junianob"},"content":"}","lastModifiedDate":"2023-01-26"}],"authorContributionMap":{"junianob":32}},{"path":"src/main/java/Duke/TaskList.java","fileType":"java","lines":[{"lineNumber":1,"author":{"gitId":"junianob"},"content":"package Duke;","lastModifiedDate":"2023-01-29"},{"lineNumber":2,"author":{"gitId":"junianob"},"content":"import java.util.ArrayList;","lastModifiedDate":"2023-01-26"},{"lineNumber":3,"author":{"gitId":"junianob"},"content":"import java.time.LocalDate;","lastModifiedDate":"2023-01-29"},{"lineNumber":4,"author":{"gitId":"junianob"},"content":"public class TaskList {","lastModifiedDate":"2023-01-26"},{"lineNumber":5,"author":{"gitId":"junianob"},"content":"    private ArrayList\u003cTask\u003e taskList;","lastModifiedDate":"2023-01-26"},{"lineNumber":6,"author":{"gitId":"junianob"},"content":"    private int numTasks;","lastModifiedDate":"2023-01-26"},{"lineNumber":7,"author":{"gitId":"junianob"},"content":"","lastModifiedDate":"2023-01-26"},{"lineNumber":8,"author":{"gitId":"junianob"},"content":"    public TaskList() {","lastModifiedDate":"2023-01-26"},{"lineNumber":9,"author":{"gitId":"junianob"},"content":"        this.taskList \u003d new ArrayList\u003c\u003e();","lastModifiedDate":"2023-01-26"},{"lineNumber":10,"author":{"gitId":"junianob"},"content":"        this.numTasks \u003d 0;","lastModifiedDate":"2023-01-26"},{"lineNumber":11,"author":{"gitId":"junianob"},"content":"    }","lastModifiedDate":"2023-01-26"},{"lineNumber":12,"author":{"gitId":"junianob"},"content":"    public String processTask(Task task){","lastModifiedDate":"2023-01-26"},{"lineNumber":13,"author":{"gitId":"junianob"},"content":"        this.taskList.add(task);","lastModifiedDate":"2023-01-26"},{"lineNumber":14,"author":{"gitId":"junianob"},"content":"        this.numTasks +\u003d1;","lastModifiedDate":"2023-01-26"},{"lineNumber":15,"author":{"gitId":"junianob"},"content":"        return \"Task added. You now have:\" + this.numTasks + \" task(s).\";","lastModifiedDate":"2023-01-26"},{"lineNumber":16,"author":{"gitId":"junianob"},"content":"    }","lastModifiedDate":"2023-01-26"},{"lineNumber":17,"author":{"gitId":"junianob"},"content":"    public String addTask(String name){ //todo","lastModifiedDate":"2023-01-26"},{"lineNumber":18,"author":{"gitId":"junianob"},"content":"        Task task \u003d new ToDo(name);","lastModifiedDate":"2023-01-26"},{"lineNumber":19,"author":{"gitId":"junianob"},"content":"        return processTask(task);","lastModifiedDate":"2023-01-26"},{"lineNumber":20,"author":{"gitId":"junianob"},"content":"    }","lastModifiedDate":"2023-01-26"},{"lineNumber":21,"author":{"gitId":"junianob"},"content":"","lastModifiedDate":"2023-01-26"},{"lineNumber":22,"author":{"gitId":"junianob"},"content":"    public String addTask(String name, LocalDate end){ //deadline","lastModifiedDate":"2023-01-29"},{"lineNumber":23,"author":{"gitId":"junianob"},"content":"        Task task \u003d new Deadline(name,end);","lastModifiedDate":"2023-01-26"},{"lineNumber":24,"author":{"gitId":"junianob"},"content":"        return processTask(task);","lastModifiedDate":"2023-01-26"},{"lineNumber":25,"author":{"gitId":"junianob"},"content":"    }","lastModifiedDate":"2023-01-26"},{"lineNumber":26,"author":{"gitId":"junianob"},"content":"","lastModifiedDate":"2023-01-26"},{"lineNumber":27,"author":{"gitId":"junianob"},"content":"    public String addTask(String name, LocalDate  start, LocalDate  end){ //event","lastModifiedDate":"2023-01-29"},{"lineNumber":28,"author":{"gitId":"junianob"},"content":"        Task task \u003d new Event(name,start,end);","lastModifiedDate":"2023-01-26"},{"lineNumber":29,"author":{"gitId":"junianob"},"content":"        return processTask(task);","lastModifiedDate":"2023-01-26"},{"lineNumber":30,"author":{"gitId":"junianob"},"content":"    }","lastModifiedDate":"2023-01-26"},{"lineNumber":31,"author":{"gitId":"junianob"},"content":"","lastModifiedDate":"2023-01-26"},{"lineNumber":32,"author":{"gitId":"junianob"},"content":"    public ArrayList getTasks(){","lastModifiedDate":"2023-01-29"},{"lineNumber":33,"author":{"gitId":"junianob"},"content":"        return taskList;","lastModifiedDate":"2023-01-29"},{"lineNumber":34,"author":{"gitId":"junianob"},"content":"    }","lastModifiedDate":"2023-01-29"},{"lineNumber":35,"author":{"gitId":"junianob"},"content":"    public String listTasks(){","lastModifiedDate":"2023-01-26"},{"lineNumber":36,"author":{"gitId":"junianob"},"content":"        String output \u003d \"\";","lastModifiedDate":"2023-01-26"},{"lineNumber":37,"author":{"gitId":"junianob"},"content":"        for(int i \u003d 0; i\u003ctaskList.size(); i++){","lastModifiedDate":"2023-01-26"},{"lineNumber":38,"author":{"gitId":"junianob"},"content":"            output +\u003d taskList.get(i) + \"\\n\";","lastModifiedDate":"2023-01-26"},{"lineNumber":39,"author":{"gitId":"junianob"},"content":"        }","lastModifiedDate":"2023-01-26"},{"lineNumber":40,"author":{"gitId":"junianob"},"content":"        return output;","lastModifiedDate":"2023-01-26"},{"lineNumber":41,"author":{"gitId":"junianob"},"content":"    }","lastModifiedDate":"2023-01-26"},{"lineNumber":42,"author":{"gitId":"junianob"},"content":"    public String markTask(int index){","lastModifiedDate":"2023-01-26"},{"lineNumber":43,"author":{"gitId":"junianob"},"content":"        this.taskList.get(index-1).mark();","lastModifiedDate":"2023-01-26"},{"lineNumber":44,"author":{"gitId":"junianob"},"content":"        return \"Task \" + index + \" marked.\";","lastModifiedDate":"2023-01-26"},{"lineNumber":45,"author":{"gitId":"junianob"},"content":"    }","lastModifiedDate":"2023-01-26"},{"lineNumber":46,"author":{"gitId":"junianob"},"content":"","lastModifiedDate":"2023-01-26"},{"lineNumber":47,"author":{"gitId":"junianob"},"content":"    public String unmarkTask(int index){","lastModifiedDate":"2023-01-26"},{"lineNumber":48,"author":{"gitId":"junianob"},"content":"        this.taskList.get(index-1).unMark();","lastModifiedDate":"2023-01-26"},{"lineNumber":49,"author":{"gitId":"junianob"},"content":"        return \"Task \" + index + \" unmarked.\";","lastModifiedDate":"2023-01-26"},{"lineNumber":50,"author":{"gitId":"junianob"},"content":"    }","lastModifiedDate":"2023-01-26"},{"lineNumber":51,"author":{"gitId":"junianob"},"content":"","lastModifiedDate":"2023-01-26"},{"lineNumber":52,"author":{"gitId":"junianob"},"content":"    public String deleteTask(int index){","lastModifiedDate":"2023-01-26"},{"lineNumber":53,"author":{"gitId":"junianob"},"content":"        this.taskList.remove(index-1);","lastModifiedDate":"2023-01-26"},{"lineNumber":54,"author":{"gitId":"junianob"},"content":"        this.numTasks -\u003d 1;","lastModifiedDate":"2023-01-26"},{"lineNumber":55,"author":{"gitId":"junianob"},"content":"        return \"Task \" + index + \" deleted.\";","lastModifiedDate":"2023-01-26"},{"lineNumber":56,"author":{"gitId":"junianob"},"content":"    }","lastModifiedDate":"2023-01-26"},{"lineNumber":57,"author":{"gitId":"junianob"},"content":"","lastModifiedDate":"2023-01-29"},{"lineNumber":58,"author":{"gitId":"junianob"},"content":"    public String findTasks(String query){","lastModifiedDate":"2023-01-29"},{"lineNumber":59,"author":{"gitId":"junianob"},"content":"        int matches \u003d 0;","lastModifiedDate":"2023-01-29"},{"lineNumber":60,"author":{"gitId":"junianob"},"content":"        String output \u003d \"Here are your matching tasks:\\n\";","lastModifiedDate":"2023-01-29"},{"lineNumber":61,"author":{"gitId":"junianob"},"content":"        for (int i \u003d 0; i \u003c this.numTasks; i++) {","lastModifiedDate":"2023-01-29"},{"lineNumber":62,"author":{"gitId":"junianob"},"content":"            if(taskList.get(i).toString().contains(query)){","lastModifiedDate":"2023-01-29"},{"lineNumber":63,"author":{"gitId":"junianob"},"content":"                matches +\u003d 1;","lastModifiedDate":"2023-01-29"},{"lineNumber":64,"author":{"gitId":"junianob"},"content":"                output+\u003d i +\". \" + taskList.get(i) + \"\\n\";","lastModifiedDate":"2023-01-29"},{"lineNumber":65,"author":{"gitId":"junianob"},"content":"            }","lastModifiedDate":"2023-01-29"},{"lineNumber":66,"author":{"gitId":"junianob"},"content":"        }","lastModifiedDate":"2023-01-29"},{"lineNumber":67,"author":{"gitId":"junianob"},"content":"        if(matches \u003d\u003d 0){","lastModifiedDate":"2023-01-29"},{"lineNumber":68,"author":{"gitId":"junianob"},"content":"            return \"Oops! Could not find any tasks matching your query\";","lastModifiedDate":"2023-01-29"},{"lineNumber":69,"author":{"gitId":"junianob"},"content":"        }","lastModifiedDate":"2023-01-29"},{"lineNumber":70,"author":{"gitId":"junianob"},"content":"        return output;","lastModifiedDate":"2023-01-29"},{"lineNumber":71,"author":{"gitId":"junianob"},"content":"    }","lastModifiedDate":"2023-01-29"},{"lineNumber":72,"author":{"gitId":"junianob"},"content":"}","lastModifiedDate":"2023-01-26"}],"authorContributionMap":{"junianob":72}},{"path":"src/main/java/Duke/ToDo.java","fileType":"java","lines":[{"lineNumber":1,"author":{"gitId":"junianob"},"content":"package Duke;","lastModifiedDate":"2023-01-29"},{"lineNumber":2,"author":{"gitId":"junianob"},"content":"public class ToDo extends Task {","lastModifiedDate":"2023-01-26"},{"lineNumber":3,"author":{"gitId":"junianob"},"content":"    public ToDo(String name) {","lastModifiedDate":"2023-01-26"},{"lineNumber":4,"author":{"gitId":"junianob"},"content":"        super(name);","lastModifiedDate":"2023-01-26"},{"lineNumber":5,"author":{"gitId":"junianob"},"content":"    }","lastModifiedDate":"2023-01-26"},{"lineNumber":6,"author":{"gitId":"junianob"},"content":"","lastModifiedDate":"2023-01-26"},{"lineNumber":7,"author":{"gitId":"junianob"},"content":"    @Override","lastModifiedDate":"2023-01-26"},{"lineNumber":8,"author":{"gitId":"junianob"},"content":"    public String toString() {","lastModifiedDate":"2023-01-26"},{"lineNumber":9,"author":{"gitId":"junianob"},"content":"        return \"[T] \" + super.toString();","lastModifiedDate":"2023-01-26"},{"lineNumber":10,"author":{"gitId":"junianob"},"content":"    }","lastModifiedDate":"2023-01-26"},{"lineNumber":11,"author":{"gitId":"junianob"},"content":"}","lastModifiedDate":"2023-01-26"}],"authorContributionMap":{"junianob":11}},{"path":"test/Duke/DukeTest.java","fileType":"java","lines":[{"lineNumber":1,"author":{"gitId":"junianob"},"content":"package Duke;","lastModifiedDate":"2023-01-29"},{"lineNumber":2,"author":{"gitId":"junianob"},"content":"","lastModifiedDate":"2023-01-29"},{"lineNumber":3,"author":{"gitId":"junianob"},"content":"import org.junit.jupiter.api.Test;","lastModifiedDate":"2023-01-29"},{"lineNumber":4,"author":{"gitId":"junianob"},"content":"import static org.junit.jupiter.api.Assertions.assertEquals;","lastModifiedDate":"2023-01-29"},{"lineNumber":5,"author":{"gitId":"junianob"},"content":"","lastModifiedDate":"2023-01-29"},{"lineNumber":6,"author":{"gitId":"junianob"},"content":"class DukeTest {","lastModifiedDate":"2023-01-29"},{"lineNumber":7,"author":{"gitId":"junianob"},"content":"    @Test","lastModifiedDate":"2023-01-29"},{"lineNumber":8,"author":{"gitId":"junianob"},"content":"    public void testCommandParsing() {","lastModifiedDate":"2023-01-29"},{"lineNumber":9,"author":{"gitId":"junianob"},"content":"        assertEquals(\"TODO\", new Duke().getCommand(\"todo homework\").toString());","lastModifiedDate":"2023-01-29"},{"lineNumber":10,"author":{"gitId":"junianob"},"content":"    }","lastModifiedDate":"2023-01-29"},{"lineNumber":11,"author":{"gitId":"junianob"},"content":"    @Test","lastModifiedDate":"2023-01-29"},{"lineNumber":12,"author":{"gitId":"junianob"},"content":"    public void testParameterParsing() {","lastModifiedDate":"2023-01-29"},{"lineNumber":13,"author":{"gitId":"junianob"},"content":"        String[] parameters \u003d {\"1\",\"2\",\"3\"};","lastModifiedDate":"2023-01-29"},{"lineNumber":14,"author":{"gitId":"junianob"},"content":"        assertEquals(parameters[0], new Duke().getParameters(\"todo 1 2 3\")[0]);","lastModifiedDate":"2023-01-29"},{"lineNumber":15,"author":{"gitId":"junianob"},"content":"        assertEquals(parameters[1], new Duke().getParameters(\"todo 1 2 3\")[1]);","lastModifiedDate":"2023-01-29"},{"lineNumber":16,"author":{"gitId":"junianob"},"content":"        assertEquals(parameters[2], new Duke().getParameters(\"todo 1 2 3\")[2]);","lastModifiedDate":"2023-01-29"},{"lineNumber":17,"author":{"gitId":"junianob"},"content":"    }","lastModifiedDate":"2023-01-29"},{"lineNumber":18,"author":{"gitId":"junianob"},"content":"","lastModifiedDate":"2023-01-29"},{"lineNumber":19,"author":{"gitId":"junianob"},"content":"}","lastModifiedDate":"2023-01-29"}],"authorContributionMap":{"junianob":19}},{"path":"test/Duke/TaskTest.java","fileType":"java","lines":[{"lineNumber":1,"author":{"gitId":"junianob"},"content":"package Duke;","lastModifiedDate":"2023-01-29"},{"lineNumber":2,"author":{"gitId":"junianob"},"content":"","lastModifiedDate":"2023-01-29"},{"lineNumber":3,"author":{"gitId":"junianob"},"content":"import org.junit.jupiter.api.Test;","lastModifiedDate":"2023-01-29"},{"lineNumber":4,"author":{"gitId":"junianob"},"content":"import static org.junit.jupiter.api.Assertions.assertEquals;","lastModifiedDate":"2023-01-29"},{"lineNumber":5,"author":{"gitId":"junianob"},"content":"","lastModifiedDate":"2023-01-29"},{"lineNumber":6,"author":{"gitId":"junianob"},"content":"class TaskTest {","lastModifiedDate":"2023-01-29"},{"lineNumber":7,"author":{"gitId":"junianob"},"content":"    @Test","lastModifiedDate":"2023-01-29"},{"lineNumber":8,"author":{"gitId":"junianob"},"content":"    public void defaultDoneTest() {","lastModifiedDate":"2023-01-29"},{"lineNumber":9,"author":{"gitId":"junianob"},"content":"        assertEquals(false, new ToDo(\"homework\").isDone());","lastModifiedDate":"2023-01-29"},{"lineNumber":10,"author":{"gitId":"junianob"},"content":"    }","lastModifiedDate":"2023-01-29"},{"lineNumber":11,"author":{"gitId":"junianob"},"content":"    @Test","lastModifiedDate":"2023-01-29"},{"lineNumber":12,"author":{"gitId":"junianob"},"content":"    public void outputTest() {","lastModifiedDate":"2023-01-29"},{"lineNumber":13,"author":{"gitId":"junianob"},"content":"        assertEquals(\"[T] [ ] homework\", new ToDo(\"homework\").toString());","lastModifiedDate":"2023-01-29"},{"lineNumber":14,"author":{"gitId":"junianob"},"content":"    }","lastModifiedDate":"2023-01-29"},{"lineNumber":15,"author":{"gitId":"junianob"},"content":"}","lastModifiedDate":"2023-01-29"}],"authorContributionMap":{"junianob":15}},{"path":"text-ui-test/input.txt","fileType":"txt","lines":[{"lineNumber":1,"author":{"gitId":"junianob"},"content":"todo borrow book","lastModifiedDate":"2023-01-19"},{"lineNumber":2,"author":{"gitId":"junianob"},"content":"list","lastModifiedDate":"2023-01-19"},{"lineNumber":3,"author":{"gitId":"junianob"},"content":"deadline return book /by Sunday","lastModifiedDate":"2023-01-19"},{"lineNumber":4,"author":{"gitId":"junianob"},"content":"event project meeting /from Mon 2pm /to 4pm","lastModifiedDate":"2023-01-19"}],"authorContributionMap":{"junianob":4}}]
