{"authorDailyContributionsMap":{"junianob":[{"date":"2023-01-19","commitResults":[{"hash":"7bf84fbe44bf7e4007acf42a99117a3d3289a011","messageTitle":"Level-1","messageBody":"Level-1 done\n","tags":["Level-1"],"fileTypesAndContributionMap":{"java":{"insertions":12,"deletions":0}}},{"hash":"0137c459f0d43d80ac44c5256ddcb6da165ee6a9","messageTitle":"Completed Level-2","messageBody":"Level-2\n","tags":["Level-2"],"fileTypesAndContributionMap":{"java":{"insertions":12,"deletions":1}}},{"hash":"453a63d202af3dc000b32648e1bd9cd740e3673d","messageTitle":"Completed Level-3","messageBody":"Level-3\n","tags":["Level-3"],"fileTypesAndContributionMap":{"java":{"insertions":24,"deletions":2}}},{"hash":"3c252ce23be9b83dbc595706651d5717666f9f1d","messageTitle":"Completed Level-4","messageBody":"Level-4\n","tags":["Level-4"],"fileTypesAndContributionMap":{"java":{"insertions":36,"deletions":12}}},{"hash":"ac41584f04523f4e877ef59c3e948bd62b183b35","messageTitle":"Completed A-TextUiTesting","messageBody":"A-TextUiTesting\n","tags":["A-TextUiTesting"],"fileTypesAndContributionMap":{"txt":{"insertions":4,"deletions":0},"java":{"insertions":3,"deletions":0}}},{"hash":"a733342d6588dde6050191cf7f0c583bffd7d684","messageTitle":"Completed Level-5","messageBody":"Level-5\n","tags":["Level-5"],"fileTypesAndContributionMap":{"java":{"insertions":20,"deletions":0}}},{"hash":"5c77c9958f41294139a653280efff559d5dee192","messageTitle":"Completed Level-6","messageBody":"Level-6\n","tags":["Level-6"],"fileTypesAndContributionMap":{"java":{"insertions":20,"deletions":2}}}]},{"date":"2023-01-26","commitResults":[{"hash":"947539fd05d9507708dc00fc8d75723f3bf8a6d8","messageTitle":"Updated tasks","messageBody":"","fileTypesAndContributionMap":{"java":{"insertions":68,"deletions":0}}},{"hash":"d16d577845e6210b08e357271f5ed09380f11459","messageTitle":"Refactored Duke","messageBody":"","tags":["A-Enums"],"fileTypesAndContributionMap":{"java":{"insertions":32,"deletions":108}}},{"hash":"549ae11fe1f1936ab18bfd157d0b13d58da3158f","messageTitle":"Added TaskList.java","messageBody":"Moved the array of task into a separate class\n","fileTypesAndContributionMap":{"java":{"insertions":46,"deletions":6}}},{"hash":"1a327695024b4f2bcacc046f8f4ecc968cd4d582","messageTitle":"updated tasklist","messageBody":"Updated tasklist.java\n","fileTypesAndContributionMap":{"java":{"insertions":21,"deletions":0}}},{"hash":"40f51429d47a544eb137668387712bbe2f631558","messageTitle":"update duke","messageBody":"Updated duke.java and tasklist.java\n","fileTypesAndContributionMap":{"java":{"insertions":7,"deletions":11}}},{"hash":"adaa2cb484d7dffc59b62691064cc6b91dba045f","messageTitle":"Update Duke.java","messageBody":"","fileTypesAndContributionMap":{"java":{"insertions":1,"deletions":1}}},{"hash":"57228713b3565fd6faab0e3374f618827c83f717","messageTitle":"Update Duke.java","messageBody":"","fileTypesAndContributionMap":{"java":{"insertions":19,"deletions":6}}},{"hash":"7c266d84b6bedb37b5aad8ef1ac234f344974e79","messageTitle":"Updated Duke.java","messageBody":"","fileTypesAndContributionMap":{"java":{"insertions":19,"deletions":2}}},{"hash":"952ebd202b559af0b8e1169cfe15da8a0e7a4443","messageTitle":"update","messageBody":"fixed inconsistencies\n","fileTypesAndContributionMap":{"java":{"insertions":26,"deletions":28}}},{"hash":"a50a81060520529a9c3f7f217501640c3f1fc471","messageTitle":"Exceptions","messageBody":"added exceptions\n","fileTypesAndContributionMap":{"java":{"insertions":7,"deletions":0}}},{"hash":"9f7eef7815fd4c9c58c0929e98ca50684e071723","messageTitle":"Create branch.txt","messageBody":"","fileTypesAndContributionMap":{"txt":{"insertions":0,"deletions":0}}}]},{"date":"2023-01-29","commitResults":[{"hash":"1992a25e9ffca0c600b10c8a79e7a5db5c0eb94a","messageTitle":"Create Saver.java","messageBody":"","fileTypesAndContributionMap":{"java":{"insertions":13,"deletions":0}}},{"hash":"ba719125b418abd2a893dc92f012dc64fc5d8937","messageTitle":"Time","messageBody":"Add Time\n","fileTypesAndContributionMap":{"java":{"insertions":17,"deletions":10}}},{"hash":"b2cc65e58343f2ed1440630a8db52a5edd48b33a","messageTitle":"Update Saver.java","messageBody":"","fileTypesAndContributionMap":{"java":{"insertions":3,"deletions":0}}},{"hash":"bd2dbf54f9054974a9232c2a0ee354a338b519fe","messageTitle":"More OOP","messageBody":"More OOP\n","tags":["A-MoreOOP"],"fileTypesAndContributionMap":{"java":{"insertions":3,"deletions":0}}},{"hash":"dfb42e921435f3bb14223351f709a8c7d7a63550","messageTitle":"javadoc","messageBody":"","tags":["A-JavaDoc"],"fileTypesAndContributionMap":{"java":{"insertions":11,"deletions":6}}},{"hash":"3fe4268d32d056e43e90fa887a8a638c27255bb5","messageTitle":"package","messageBody":"package\n","tags":["A-Packages","A-Package"],"fileTypesAndContributionMap":{"java":{"insertions":11,"deletions":1}}},{"hash":"592dbdf64ee8689ee635ca97ba8f005b8420c8bd","messageTitle":"update","messageBody":"","fileTypesAndContributionMap":{"java":{"insertions":6,"deletions":8}}},{"hash":"a69807b01616eea8ab3236b93abe9e61c44367bf","messageTitle":"add find","messageBody":"added find command\n","tags":["level-9"],"fileTypesAndContributionMap":{"java":{"insertions":20,"deletions":3}}},{"hash":"21fcde5d12fa4b36e3e63579628b98fe4aa837bf","messageTitle":"Add JUnit Tests","messageBody":"","tags":["A-JUnit"],"fileTypesAndContributionMap":{"java":{"insertions":37,"deletions":3}}}]},{"date":"2023-01-31","commitResults":[{"hash":"1b170ed0886c559fb4cb219ac2916217c0911865","messageTitle":"Update Saver","messageBody":"","fileTypesAndContributionMap":{"txt":{"insertions":3,"deletions":0},"java":{"insertions":95,"deletions":23}}},{"hash":"fa6dc5353f291e5abbfcb9946f94c4a770032d8f","messageTitle":"Add Handler class to handle commands","messageBody":"","fileTypesAndContributionMap":{"java":{"insertions":15,"deletions":10}}},{"hash":"5a52c31362bd4771e999b2724d2838e426a9e050","messageTitle":"Add Javadoc","messageBody":"","fileTypesAndContributionMap":{"java":{"insertions":42,"deletions":4}}},{"hash":"3c95a07359d56c02077faf4e6f9a2b7986de01c3","messageTitle":"Add more JavaDocs","messageBody":"","fileTypesAndContributionMap":{"java":{"insertions":53,"deletions":0}}},{"hash":"566c17bfdb2c8950379f168c9f6b85c001cf9757","messageTitle":"Add Handler class to handle commands","messageBody":"","fileTypesAndContributionMap":{"txt":{"insertions":1,"deletions":2},"java":{"insertions":77,"deletions":94}}},{"hash":"66af1ce75433f0ccd7dd26dba2673bdaa731bcf5","messageTitle":"Improved code to follow coding standard","messageBody":"","fileTypesAndContributionMap":{"java":{"insertions":40,"deletions":50}}},{"hash":"436eae7c686d23182ab0938ee69efcc8c6b76170","messageTitle":"Fix minor graphical bugs","messageBody":"","fileTypesAndContributionMap":{"java":{"insertions":1,"deletions":1}}},{"hash":"5197838a3f18696644574c1af4a6e6b66cb295c5","messageTitle":"Revert \"Improved code to follow coding standard\"","messageBody":"This reverts commit 66af1ce75433f0ccd7dd26dba2673bdaa731bcf5.\n","fileTypesAndContributionMap":{"java":{"insertions":50,"deletions":40}}},{"hash":"0cac05d0964b34d1c4d79eff8b1d9b69e90fa23b","messageTitle":"Minor cleaning","messageBody":"","fileTypesAndContributionMap":{"java":{"insertions":1,"deletions":1}}},{"hash":"eec861fec90f72c4cbb0363d024f3a6a487b44df","messageTitle":"Add Jar file","messageBody":"","tags":["A-Jar"],"fileTypesAndContributionMap":{"txt":{"insertions":2,"deletions":2},"java":{"insertions":3,"deletions":0}}}]},{"date":"2023-02-04","commitResults":[{"hash":"aed5122dfdbe251b501b2fbadf979a510d48d97c","messageTitle":"Update tasks.txt","messageBody":"","fileTypesAndContributionMap":{"txt":{"insertions":3,"deletions":0}}}]},{"date":"2023-02-11","commitResults":[{"hash":"0d57bd5db63e675aaf59377c73b06fb04d9359b2","messageTitle":"Add JavaFX GUI","messageBody":"","tags":["Level-10"],"fileTypesAndContributionMap":{"java":{"insertions":176,"deletions":14}}}]},{"date":"2023-02-19","commitResults":[{"hash":"2b2d826b6a700a17ad6385151626366bb549a45a","messageTitle":"Refactor Commands","messageBody":"","fileTypesAndContributionMap":{"java":{"insertions":359,"deletions":123}}}]},{"date":"2023-02-20","commitResults":[{"hash":"541b473a899796537c4a6804fdff1c8ee6ddc15f","messageTitle":"Add Exception Handling","messageBody":"","fileTypesAndContributionMap":{"java":{"insertions":19,"deletions":3}}},{"hash":"b15494a5378f6487fdb1f62df71332ad56d991f6","messageTitle":"Fix bugs","messageBody":"","fileTypesAndContributionMap":{"java":{"insertions":25,"deletions":8}}},{"hash":"ec06843a278ec82b3b523b426597d765f26e0954","messageTitle":"Add more Error Handling","messageBody":"","fileTypesAndContributionMap":{"java":{"insertions":42,"deletions":15}}},{"hash":"8595af7a7588d8877dcbc8b095fe61a6cd5b990a","messageTitle":"Fix bugs","messageBody":"","fileTypesAndContributionMap":{"java":{"insertions":9,"deletions":12}}},{"hash":"e3c03ec6eddc8651db54df1feeaa570e044b719b","messageTitle":"Fix formatting","messageBody":"","fileTypesAndContributionMap":{"java":{"insertions":5,"deletions":9}}},{"hash":"6264b95e1d6ba920f648d37c2e062c55ae082a71","messageTitle":"Fix Save and Load","messageBody":"","fileTypesAndContributionMap":{"txt":{"insertions":0,"deletions":4},"java":{"insertions":95,"deletions":39}}},{"hash":"8ae70349aa2c566a8ed4cb8ba3733b2de86d4607","messageTitle":"Add Tag","messageBody":"","fileTypesAndContributionMap":{"txt":{"insertions":2,"deletions":0},"java":{"insertions":139,"deletions":35}}},{"hash":"c7b27251585c80e8d6796fdcac89d6cdff699f68","messageTitle":"Add Tag","messageBody":"","fileTypesAndContributionMap":{"txt":{"insertions":0,"deletions":2},"java":{"insertions":32,"deletions":12}}},{"hash":"d9193c05d63233dc7a59b75540fd0730425314f2","messageTitle":"Improve OOP","messageBody":"","fileTypesAndContributionMap":{"java":{"insertions":6,"deletions":4}}},{"hash":"30b3b4815219f2f7dc279ba62918546bc4e79946","messageTitle":"Fix Saver bug","messageBody":"","fileTypesAndContributionMap":{"txt":{"insertions":4,"deletions":0},"java":{"insertions":8,"deletions":2}}},{"hash":"7ea225d7261b8b8d1e0eb933cc506e3391db048a","messageTitle":"Add Readme","messageBody":"","fileTypesAndContributionMap":{"txt":{"insertions":2,"deletions":0},"fxml":{"insertions":35,"deletions":0},"java":{"insertions":122,"deletions":135}}},{"hash":"38ab11194d1d66a070e478cc0c8359dd9b40bb66","messageTitle":"Add Personality","messageBody":"","fileTypesAndContributionMap":{"fxml":{"insertions":3,"deletions":3},"java":{"insertions":45,"deletions":34}}},{"hash":"b1b42ba46222260140ac2e9b64b1e84725834ea4","messageTitle":"Add Style","messageBody":"","fileTypesAndContributionMap":{"fxml":{"insertions":7,"deletions":0}}},{"hash":"dfa7099f733fe82864d006e4167de22403739722","messageTitle":"Add UI","messageBody":"","fileTypesAndContributionMap":{"txt":{"insertions":2,"deletions":4},"fxml":{"insertions":6,"deletions":8},"java":{"insertions":37,"deletions":21}}}]}]},"authorFileTypeContributionMap":{"junianob":{"java":1100,"md":0,"fxml":40,"sh":0,"bat":0,"gradle":0,"txt":8}},"authorContributionVariance":{"junianob":41361.63},"authorDisplayNameMap":{"junianob":"CS2103T-W11-3 BRYA..IANO"}}
