[{"path":"src/main/java/Deadlines.java","fileType":"java","lines":[{"lineNumber":1,"author":{"gitId":"chen-jerry-junior"},"content":"public class Deadlines extends Task {","lastModifiedDate":"2023-01-19"},{"lineNumber":2,"author":{"gitId":"chen-jerry-junior"},"content":"    private String time;","lastModifiedDate":"2023-01-19"},{"lineNumber":3,"author":{"gitId":"chen-jerry-junior"},"content":"","lastModifiedDate":"2023-01-19"},{"lineNumber":4,"author":{"gitId":"chen-jerry-junior"},"content":"    public Deadlines(String name, String time) {","lastModifiedDate":"2023-01-19"},{"lineNumber":5,"author":{"gitId":"chen-jerry-junior"},"content":"        super(name);","lastModifiedDate":"2023-01-19"},{"lineNumber":6,"author":{"gitId":"chen-jerry-junior"},"content":"        this.time \u003d time;","lastModifiedDate":"2023-01-19"},{"lineNumber":7,"author":{"gitId":"chen-jerry-junior"},"content":"    }","lastModifiedDate":"2023-01-19"},{"lineNumber":8,"author":{"gitId":"chen-jerry-junior"},"content":"","lastModifiedDate":"2023-01-19"},{"lineNumber":9,"author":{"gitId":"chen-jerry-junior"},"content":"    public String getTime() {","lastModifiedDate":"2023-01-19"},{"lineNumber":10,"author":{"gitId":"chen-jerry-junior"},"content":"        return this.time;","lastModifiedDate":"2023-01-19"},{"lineNumber":11,"author":{"gitId":"chen-jerry-junior"},"content":"    }","lastModifiedDate":"2023-01-19"},{"lineNumber":12,"author":{"gitId":"chen-jerry-junior"},"content":"}","lastModifiedDate":"2023-01-19"}],"authorContributionMap":{"chen-jerry-junior":12}},{"path":"src/main/java/Duke.java","fileType":"java","lines":[{"lineNumber":1,"author":{"gitId":"chen-jerry-junior"},"content":"import java.util.ArrayList;","lastModifiedDate":"2023-01-18"},{"lineNumber":2,"author":{"gitId":"chen-jerry-junior"},"content":"import java.util.Scanner;","lastModifiedDate":"2023-01-18"},{"lineNumber":3,"author":{"gitId":"-"},"content":"public class Duke {","lastModifiedDate":"2019-07-29"},{"lineNumber":4,"author":{"gitId":"chen-jerry-junior"},"content":"    /**","lastModifiedDate":"2023-01-18"},{"lineNumber":5,"author":{"gitId":"chen-jerry-junior"},"content":"     * A level 3 chat bot Duke.","lastModifiedDate":"2023-01-18"},{"lineNumber":6,"author":{"gitId":"chen-jerry-junior"},"content":"     */","lastModifiedDate":"2023-01-18"},{"lineNumber":7,"author":{"gitId":"-"},"content":"    public static void main(String[] args) {","lastModifiedDate":"2019-07-29"},{"lineNumber":8,"author":{"gitId":"-"},"content":"        String logo \u003d \" ____        _        \\n\"","lastModifiedDate":"2019-07-29"},{"lineNumber":9,"author":{"gitId":"-"},"content":"                + \"|  _ \\\\ _   _| | _____ \\n\"","lastModifiedDate":"2019-07-29"},{"lineNumber":10,"author":{"gitId":"-"},"content":"                + \"| | | | | | | |/ / _ \\\\\\n\"","lastModifiedDate":"2019-07-29"},{"lineNumber":11,"author":{"gitId":"-"},"content":"                + \"| |_| | |_| |   \u003c  __/\\n\"","lastModifiedDate":"2019-07-29"},{"lineNumber":12,"author":{"gitId":"-"},"content":"                + \"|____/ \\\\__,_|_|\\\\_\\\\___|\\n\";","lastModifiedDate":"2019-07-29"},{"lineNumber":13,"author":{"gitId":"-"},"content":"        System.out.println(\"Hello from\\n\" + logo);","lastModifiedDate":"2019-07-29"},{"lineNumber":14,"author":{"gitId":"chen-jerry-junior"},"content":"        Scanner ai \u003d new Scanner(System.in);","lastModifiedDate":"2023-01-18"},{"lineNumber":15,"author":{"gitId":"chen-jerry-junior"},"content":"        String greetings \u003d \"Hello! I\u0027m Duke\" + \"\\nWhat can I do for you?\";","lastModifiedDate":"2023-01-18"},{"lineNumber":16,"author":{"gitId":"chen-jerry-junior"},"content":"        System.out.println(greetings);","lastModifiedDate":"2023-01-18"},{"lineNumber":17,"author":{"gitId":"chen-jerry-junior"},"content":"        ArrayList\u003cTask\u003e todo \u003d new ArrayList\u003c\u003e();","lastModifiedDate":"2023-01-18"},{"lineNumber":18,"author":{"gitId":"chen-jerry-junior"},"content":"        String input \u003d ai.nextLine();","lastModifiedDate":"2023-01-18"},{"lineNumber":19,"author":{"gitId":"chen-jerry-junior"},"content":"        while (!input.equals(\"bye\")) {","lastModifiedDate":"2023-01-18"},{"lineNumber":20,"author":{"gitId":"chen-jerry-junior"},"content":"            String arr1[] \u003d input.split(\"/\");","lastModifiedDate":"2023-01-19"},{"lineNumber":21,"author":{"gitId":"chen-jerry-junior"},"content":"            String arr2[] \u003d arr1[0].split(\" \");","lastModifiedDate":"2023-01-19"},{"lineNumber":22,"author":{"gitId":"chen-jerry-junior"},"content":"            switch (arr2[0]) {","lastModifiedDate":"2023-01-19"},{"lineNumber":23,"author":{"gitId":"chen-jerry-junior"},"content":"                case \"\":","lastModifiedDate":"2023-01-18"},{"lineNumber":24,"author":{"gitId":"chen-jerry-junior"},"content":"                    break;","lastModifiedDate":"2023-01-18"},{"lineNumber":25,"author":{"gitId":"chen-jerry-junior"},"content":"","lastModifiedDate":"2023-01-19"},{"lineNumber":26,"author":{"gitId":"chen-jerry-junior"},"content":"                case \"list\":","lastModifiedDate":"2023-01-18"},{"lineNumber":27,"author":{"gitId":"chen-jerry-junior"},"content":"                    System.out.println(\"Here are the tasks in your list:\");","lastModifiedDate":"2023-01-18"},{"lineNumber":28,"author":{"gitId":"chen-jerry-junior"},"content":"                    for (int i \u003d 0; i \u003c todo.size(); i++) {","lastModifiedDate":"2023-01-18"},{"lineNumber":29,"author":{"gitId":"chen-jerry-junior"},"content":"                        System.out.print(i + 1 + \".\");","lastModifiedDate":"2023-01-18"},{"lineNumber":30,"author":{"gitId":"chen-jerry-junior"},"content":"","lastModifiedDate":"2023-01-19"},{"lineNumber":31,"author":{"gitId":"chen-jerry-junior"},"content":"                        if (todo.get(i) instanceof Todos) {","lastModifiedDate":"2023-01-19"},{"lineNumber":32,"author":{"gitId":"chen-jerry-junior"},"content":"                            System.out.print(\"[T]\");","lastModifiedDate":"2023-01-19"},{"lineNumber":33,"author":{"gitId":"chen-jerry-junior"},"content":"                        } else if (todo.get(i) instanceof Deadlines) {","lastModifiedDate":"2023-01-19"},{"lineNumber":34,"author":{"gitId":"chen-jerry-junior"},"content":"                            System.out.print(\"[D]\");","lastModifiedDate":"2023-01-19"},{"lineNumber":35,"author":{"gitId":"chen-jerry-junior"},"content":"                        } else if (todo.get(i) instanceof Events) {","lastModifiedDate":"2023-01-19"},{"lineNumber":36,"author":{"gitId":"chen-jerry-junior"},"content":"                            System.out.print(\"[E]\");","lastModifiedDate":"2023-01-19"},{"lineNumber":37,"author":{"gitId":"chen-jerry-junior"},"content":"                        }","lastModifiedDate":"2023-01-19"},{"lineNumber":38,"author":{"gitId":"chen-jerry-junior"},"content":"","lastModifiedDate":"2023-01-19"},{"lineNumber":39,"author":{"gitId":"chen-jerry-junior"},"content":"                        if (todo.get(i).getStatus()) {","lastModifiedDate":"2023-01-18"},{"lineNumber":40,"author":{"gitId":"chen-jerry-junior"},"content":"                            System.out.print(\"[X] \");","lastModifiedDate":"2023-01-18"},{"lineNumber":41,"author":{"gitId":"chen-jerry-junior"},"content":"                        } else {","lastModifiedDate":"2023-01-18"},{"lineNumber":42,"author":{"gitId":"chen-jerry-junior"},"content":"                            System.out.print(\"[ ] \");","lastModifiedDate":"2023-01-18"},{"lineNumber":43,"author":{"gitId":"chen-jerry-junior"},"content":"                        }","lastModifiedDate":"2023-01-18"},{"lineNumber":44,"author":{"gitId":"chen-jerry-junior"},"content":"                        System.out.print(todo.get(i).getName());","lastModifiedDate":"2023-01-19"},{"lineNumber":45,"author":{"gitId":"chen-jerry-junior"},"content":"","lastModifiedDate":"2023-01-19"},{"lineNumber":46,"author":{"gitId":"chen-jerry-junior"},"content":"                        if (todo.get(i) instanceof Deadlines) {","lastModifiedDate":"2023-01-19"},{"lineNumber":47,"author":{"gitId":"chen-jerry-junior"},"content":"                            System.out.printf(\" (by: %s)\\n\", ((Deadlines) todo.get(i)).getTime());","lastModifiedDate":"2023-01-19"},{"lineNumber":48,"author":{"gitId":"chen-jerry-junior"},"content":"                        } else if (todo.get(i) instanceof Events) {","lastModifiedDate":"2023-01-19"},{"lineNumber":49,"author":{"gitId":"chen-jerry-junior"},"content":"                            System.out.printf(\" (from: %s to: %s)\\n\", ((Events) todo.get(i)).getStrtime(), ((Events) todo.get(i)).getEndtime());","lastModifiedDate":"2023-01-19"},{"lineNumber":50,"author":{"gitId":"chen-jerry-junior"},"content":"                        } else {","lastModifiedDate":"2023-01-19"},{"lineNumber":51,"author":{"gitId":"chen-jerry-junior"},"content":"                            System.out.println(\"\");","lastModifiedDate":"2023-01-19"},{"lineNumber":52,"author":{"gitId":"chen-jerry-junior"},"content":"                        }","lastModifiedDate":"2023-01-19"},{"lineNumber":53,"author":{"gitId":"chen-jerry-junior"},"content":"                    }","lastModifiedDate":"2023-01-18"},{"lineNumber":54,"author":{"gitId":"chen-jerry-junior"},"content":"                    break;","lastModifiedDate":"2023-01-18"},{"lineNumber":55,"author":{"gitId":"chen-jerry-junior"},"content":"","lastModifiedDate":"2023-01-19"},{"lineNumber":56,"author":{"gitId":"chen-jerry-junior"},"content":"                case \"mark\":","lastModifiedDate":"2023-01-18"},{"lineNumber":57,"author":{"gitId":"chen-jerry-junior"},"content":"                    int index \u003d Integer.parseInt(arr2[1]);","lastModifiedDate":"2023-01-19"},{"lineNumber":58,"author":{"gitId":"chen-jerry-junior"},"content":"                    if (index \u003c 1 || index \u003e todo.size()) {","lastModifiedDate":"2023-01-18"},{"lineNumber":59,"author":{"gitId":"chen-jerry-junior"},"content":"                        System.out.println(\"Sorry, this task number is invalid.\");","lastModifiedDate":"2023-01-18"},{"lineNumber":60,"author":{"gitId":"chen-jerry-junior"},"content":"                        break;","lastModifiedDate":"2023-01-18"},{"lineNumber":61,"author":{"gitId":"chen-jerry-junior"},"content":"                    }","lastModifiedDate":"2023-01-18"},{"lineNumber":62,"author":{"gitId":"chen-jerry-junior"},"content":"                    todo.get(index - 1).setStatus(true);","lastModifiedDate":"2023-01-18"},{"lineNumber":63,"author":{"gitId":"chen-jerry-junior"},"content":"                    System.out.println(\"Nice! I\u0027ve marked this task as done:\");","lastModifiedDate":"2023-01-18"},{"lineNumber":64,"author":{"gitId":"chen-jerry-junior"},"content":"                    if (todo.get(index - 1) instanceof Todos) {","lastModifiedDate":"2023-01-19"},{"lineNumber":65,"author":{"gitId":"chen-jerry-junior"},"content":"                        System.out.print(\"[T]\");","lastModifiedDate":"2023-01-19"},{"lineNumber":66,"author":{"gitId":"chen-jerry-junior"},"content":"                    } else if (todo.get(index - 1) instanceof Deadlines) {","lastModifiedDate":"2023-01-19"},{"lineNumber":67,"author":{"gitId":"chen-jerry-junior"},"content":"                        System.out.print(\"[D]\");","lastModifiedDate":"2023-01-19"},{"lineNumber":68,"author":{"gitId":"chen-jerry-junior"},"content":"                    } else if (todo.get(index - 1) instanceof Events) {","lastModifiedDate":"2023-01-19"},{"lineNumber":69,"author":{"gitId":"chen-jerry-junior"},"content":"                        System.out.print(\"[E]\");","lastModifiedDate":"2023-01-19"},{"lineNumber":70,"author":{"gitId":"chen-jerry-junior"},"content":"                    }","lastModifiedDate":"2023-01-19"},{"lineNumber":71,"author":{"gitId":"chen-jerry-junior"},"content":"                    System.out.print(\"[X] \" + todo.get(index - 1).getName());","lastModifiedDate":"2023-01-19"},{"lineNumber":72,"author":{"gitId":"chen-jerry-junior"},"content":"                    if (todo.get(index - 1) instanceof Deadlines) {","lastModifiedDate":"2023-01-19"},{"lineNumber":73,"author":{"gitId":"chen-jerry-junior"},"content":"                        System.out.printf(\" (by: %s)\\n\", ((Deadlines) todo.get(index - 1)).getTime());","lastModifiedDate":"2023-01-19"},{"lineNumber":74,"author":{"gitId":"chen-jerry-junior"},"content":"                    } else if (todo.get(index - 1) instanceof Events) {","lastModifiedDate":"2023-01-19"},{"lineNumber":75,"author":{"gitId":"chen-jerry-junior"},"content":"                        System.out.printf(\" (from: %s to: %s)\\n\", ((Events) todo.get(index - 1)).getStrtime(), ((Events) todo.get(index - 1)).getEndtime());","lastModifiedDate":"2023-01-19"},{"lineNumber":76,"author":{"gitId":"chen-jerry-junior"},"content":"                    } else {","lastModifiedDate":"2023-01-19"},{"lineNumber":77,"author":{"gitId":"chen-jerry-junior"},"content":"                        System.out.println(\"\");","lastModifiedDate":"2023-01-19"},{"lineNumber":78,"author":{"gitId":"chen-jerry-junior"},"content":"                    }","lastModifiedDate":"2023-01-19"},{"lineNumber":79,"author":{"gitId":"chen-jerry-junior"},"content":"                    break;","lastModifiedDate":"2023-01-18"},{"lineNumber":80,"author":{"gitId":"chen-jerry-junior"},"content":"","lastModifiedDate":"2023-01-19"},{"lineNumber":81,"author":{"gitId":"chen-jerry-junior"},"content":"                case \"unmark\":","lastModifiedDate":"2023-01-18"},{"lineNumber":82,"author":{"gitId":"chen-jerry-junior"},"content":"                    int No \u003d Integer.parseInt(arr2[1]);","lastModifiedDate":"2023-01-19"},{"lineNumber":83,"author":{"gitId":"chen-jerry-junior"},"content":"                    if (No \u003c 1 || No \u003e todo.size()) {","lastModifiedDate":"2023-01-18"},{"lineNumber":84,"author":{"gitId":"chen-jerry-junior"},"content":"                        System.out.println(\"Sorry, this task number is invalid.\");","lastModifiedDate":"2023-01-18"},{"lineNumber":85,"author":{"gitId":"chen-jerry-junior"},"content":"                        break;","lastModifiedDate":"2023-01-18"},{"lineNumber":86,"author":{"gitId":"chen-jerry-junior"},"content":"                    }","lastModifiedDate":"2023-01-18"},{"lineNumber":87,"author":{"gitId":"chen-jerry-junior"},"content":"                    todo.get(No - 1).setStatus(false);","lastModifiedDate":"2023-01-18"},{"lineNumber":88,"author":{"gitId":"chen-jerry-junior"},"content":"                    System.out.println(\"OK, I\u0027ve marked this task as not done yet:\");","lastModifiedDate":"2023-01-18"},{"lineNumber":89,"author":{"gitId":"chen-jerry-junior"},"content":"                    if (todo.get(No - 1) instanceof Todos) {","lastModifiedDate":"2023-01-19"},{"lineNumber":90,"author":{"gitId":"chen-jerry-junior"},"content":"                        System.out.print(\"[T]\");","lastModifiedDate":"2023-01-19"},{"lineNumber":91,"author":{"gitId":"chen-jerry-junior"},"content":"                    } else if (todo.get(No - 1) instanceof Deadlines) {","lastModifiedDate":"2023-01-19"},{"lineNumber":92,"author":{"gitId":"chen-jerry-junior"},"content":"                        System.out.print(\"[D]\");","lastModifiedDate":"2023-01-19"},{"lineNumber":93,"author":{"gitId":"chen-jerry-junior"},"content":"                    } else if (todo.get(No - 1) instanceof Events) {","lastModifiedDate":"2023-01-19"},{"lineNumber":94,"author":{"gitId":"chen-jerry-junior"},"content":"                        System.out.print(\"[E]\");","lastModifiedDate":"2023-01-19"},{"lineNumber":95,"author":{"gitId":"chen-jerry-junior"},"content":"                    }","lastModifiedDate":"2023-01-19"},{"lineNumber":96,"author":{"gitId":"chen-jerry-junior"},"content":"                    System.out.print(\"[ ] \" + todo.get(No - 1).getName());","lastModifiedDate":"2023-01-19"},{"lineNumber":97,"author":{"gitId":"chen-jerry-junior"},"content":"                    if (todo.get(No - 1) instanceof Deadlines) {","lastModifiedDate":"2023-01-19"},{"lineNumber":98,"author":{"gitId":"chen-jerry-junior"},"content":"                        System.out.printf(\" (by: %s)\\n\", ((Deadlines) todo.get(No - 1)).getTime());","lastModifiedDate":"2023-01-19"},{"lineNumber":99,"author":{"gitId":"chen-jerry-junior"},"content":"                    } else if (todo.get(No - 1) instanceof Events) {","lastModifiedDate":"2023-01-19"},{"lineNumber":100,"author":{"gitId":"chen-jerry-junior"},"content":"                        System.out.printf(\" (from: %s to: %s)\\n\", ((Events) todo.get(No - 1)).getStrtime(), ((Events) todo.get(No - 1)).getEndtime());","lastModifiedDate":"2023-01-19"},{"lineNumber":101,"author":{"gitId":"chen-jerry-junior"},"content":"                    } else {","lastModifiedDate":"2023-01-19"},{"lineNumber":102,"author":{"gitId":"chen-jerry-junior"},"content":"                        System.out.println(\"\");","lastModifiedDate":"2023-01-19"},{"lineNumber":103,"author":{"gitId":"chen-jerry-junior"},"content":"                    }","lastModifiedDate":"2023-01-19"},{"lineNumber":104,"author":{"gitId":"chen-jerry-junior"},"content":"                    break;","lastModifiedDate":"2023-01-19"},{"lineNumber":105,"author":{"gitId":"chen-jerry-junior"},"content":"","lastModifiedDate":"2023-01-19"},{"lineNumber":106,"author":{"gitId":"chen-jerry-junior"},"content":"                case \"todo\":","lastModifiedDate":"2023-01-19"},{"lineNumber":107,"author":{"gitId":"chen-jerry-junior"},"content":"                    String name \u003d arr1[0].substring(arr1[0].indexOf(\" \") + 1);","lastModifiedDate":"2023-01-19"},{"lineNumber":108,"author":{"gitId":"chen-jerry-junior"},"content":"                    todo.add(new Todos(name));","lastModifiedDate":"2023-01-19"},{"lineNumber":109,"author":{"gitId":"chen-jerry-junior"},"content":"                    System.out.println(\"Got it. I\u0027ve added this task:\");","lastModifiedDate":"2023-01-19"},{"lineNumber":110,"author":{"gitId":"chen-jerry-junior"},"content":"                    System.out.println(\"[T][ ] \" + name);","lastModifiedDate":"2023-01-19"},{"lineNumber":111,"author":{"gitId":"chen-jerry-junior"},"content":"                    System.out.printf(\"Now you have %d tasks in the list.\\n\", todo.size());","lastModifiedDate":"2023-01-19"},{"lineNumber":112,"author":{"gitId":"chen-jerry-junior"},"content":"                    break;","lastModifiedDate":"2023-01-18"},{"lineNumber":113,"author":{"gitId":"chen-jerry-junior"},"content":"","lastModifiedDate":"2023-01-19"},{"lineNumber":114,"author":{"gitId":"chen-jerry-junior"},"content":"                case \"deadline\":","lastModifiedDate":"2023-01-19"},{"lineNumber":115,"author":{"gitId":"chen-jerry-junior"},"content":"                    String dname \u003d arr1[0].substring(arr1[0].indexOf(\" \") + 1, arr1[0].length() - 1);","lastModifiedDate":"2023-01-19"},{"lineNumber":116,"author":{"gitId":"chen-jerry-junior"},"content":"                    String dtime \u003d arr1[1].substring(arr1[1].indexOf(\" \") + 1);","lastModifiedDate":"2023-01-19"},{"lineNumber":117,"author":{"gitId":"chen-jerry-junior"},"content":"                    todo.add(new Deadlines(dname, dtime));","lastModifiedDate":"2023-01-19"},{"lineNumber":118,"author":{"gitId":"chen-jerry-junior"},"content":"                    System.out.println(\"Got it. I\u0027ve added this task:\");","lastModifiedDate":"2023-01-19"},{"lineNumber":119,"author":{"gitId":"chen-jerry-junior"},"content":"                    System.out.printf(\"[D][ ] \" + dname + \" (by: %s)\\n\", dtime);","lastModifiedDate":"2023-01-19"},{"lineNumber":120,"author":{"gitId":"chen-jerry-junior"},"content":"                    System.out.printf(\"Now you have %d tasks in the list.\\n\", todo.size());","lastModifiedDate":"2023-01-19"},{"lineNumber":121,"author":{"gitId":"chen-jerry-junior"},"content":"                    break;","lastModifiedDate":"2023-01-19"},{"lineNumber":122,"author":{"gitId":"chen-jerry-junior"},"content":"","lastModifiedDate":"2023-01-19"},{"lineNumber":123,"author":{"gitId":"chen-jerry-junior"},"content":"                case \"event\":","lastModifiedDate":"2023-01-19"},{"lineNumber":124,"author":{"gitId":"chen-jerry-junior"},"content":"                    String ename \u003d arr1[0].substring(arr1[0].indexOf(\" \") + 1, arr1[0].length() - 1);","lastModifiedDate":"2023-01-19"},{"lineNumber":125,"author":{"gitId":"chen-jerry-junior"},"content":"                    String strtime \u003d arr1[1].substring(arr1[1].indexOf(\" \") + 1, arr1[1].length() - 1);","lastModifiedDate":"2023-01-19"},{"lineNumber":126,"author":{"gitId":"chen-jerry-junior"},"content":"                    String endtime \u003d arr1[2].substring(arr1[2].indexOf(\" \") + 1);","lastModifiedDate":"2023-01-19"},{"lineNumber":127,"author":{"gitId":"chen-jerry-junior"},"content":"                    todo.add(new Events(ename, strtime, endtime));","lastModifiedDate":"2023-01-19"},{"lineNumber":128,"author":{"gitId":"chen-jerry-junior"},"content":"                    System.out.println(\"Got it. I\u0027ve added this task:\");","lastModifiedDate":"2023-01-19"},{"lineNumber":129,"author":{"gitId":"chen-jerry-junior"},"content":"                    System.out.printf(\"[E][ ] \" + ename + \" (from: %s to: %s)\\n\", strtime, endtime);","lastModifiedDate":"2023-01-19"},{"lineNumber":130,"author":{"gitId":"chen-jerry-junior"},"content":"                    System.out.printf(\"Now you have %d tasks in the list.\\n\", todo.size());","lastModifiedDate":"2023-01-19"},{"lineNumber":131,"author":{"gitId":"chen-jerry-junior"},"content":"                    break;","lastModifiedDate":"2023-01-19"},{"lineNumber":132,"author":{"gitId":"chen-jerry-junior"},"content":"","lastModifiedDate":"2023-01-19"},{"lineNumber":133,"author":{"gitId":"chen-jerry-junior"},"content":"                default:","lastModifiedDate":"2023-01-18"},{"lineNumber":134,"author":{"gitId":"chen-jerry-junior"},"content":"                    System.out.println(\"You have input a invalid message!\");","lastModifiedDate":"2023-01-19"},{"lineNumber":135,"author":{"gitId":"chen-jerry-junior"},"content":"                    break;","lastModifiedDate":"2023-01-19"},{"lineNumber":136,"author":{"gitId":"chen-jerry-junior"},"content":"            }","lastModifiedDate":"2023-01-18"},{"lineNumber":137,"author":{"gitId":"chen-jerry-junior"},"content":"            input \u003d ai.nextLine();","lastModifiedDate":"2023-01-18"},{"lineNumber":138,"author":{"gitId":"chen-jerry-junior"},"content":"        }","lastModifiedDate":"2023-01-18"},{"lineNumber":139,"author":{"gitId":"chen-jerry-junior"},"content":"        System.out.println(\"Bye. Hope to see you again soon!\");","lastModifiedDate":"2023-01-18"},{"lineNumber":140,"author":{"gitId":"-"},"content":"    }","lastModifiedDate":"2019-07-29"},{"lineNumber":141,"author":{"gitId":"-"},"content":"}","lastModifiedDate":"2019-07-29"}],"authorContributionMap":{"chen-jerry-junior":131,"-":10}},{"path":"src/main/java/Events.java","fileType":"java","lines":[{"lineNumber":1,"author":{"gitId":"chen-jerry-junior"},"content":"public class Events extends Task {","lastModifiedDate":"2023-01-19"},{"lineNumber":2,"author":{"gitId":"chen-jerry-junior"},"content":"    private String strtime;","lastModifiedDate":"2023-01-19"},{"lineNumber":3,"author":{"gitId":"chen-jerry-junior"},"content":"    private String endtime;","lastModifiedDate":"2023-01-19"},{"lineNumber":4,"author":{"gitId":"chen-jerry-junior"},"content":"","lastModifiedDate":"2023-01-19"},{"lineNumber":5,"author":{"gitId":"chen-jerry-junior"},"content":"    public Events(String name, String strtime, String endtime) {","lastModifiedDate":"2023-01-19"},{"lineNumber":6,"author":{"gitId":"chen-jerry-junior"},"content":"        super(name);","lastModifiedDate":"2023-01-19"},{"lineNumber":7,"author":{"gitId":"chen-jerry-junior"},"content":"        this.strtime \u003d strtime;","lastModifiedDate":"2023-01-19"},{"lineNumber":8,"author":{"gitId":"chen-jerry-junior"},"content":"        this.endtime \u003d endtime;","lastModifiedDate":"2023-01-19"},{"lineNumber":9,"author":{"gitId":"chen-jerry-junior"},"content":"    }","lastModifiedDate":"2023-01-19"},{"lineNumber":10,"author":{"gitId":"chen-jerry-junior"},"content":"","lastModifiedDate":"2023-01-19"},{"lineNumber":11,"author":{"gitId":"chen-jerry-junior"},"content":"    public String getStrtime() {","lastModifiedDate":"2023-01-19"},{"lineNumber":12,"author":{"gitId":"chen-jerry-junior"},"content":"        return this.strtime;","lastModifiedDate":"2023-01-19"},{"lineNumber":13,"author":{"gitId":"chen-jerry-junior"},"content":"    }","lastModifiedDate":"2023-01-19"},{"lineNumber":14,"author":{"gitId":"chen-jerry-junior"},"content":"","lastModifiedDate":"2023-01-19"},{"lineNumber":15,"author":{"gitId":"chen-jerry-junior"},"content":"    public String getEndtime() {","lastModifiedDate":"2023-01-19"},{"lineNumber":16,"author":{"gitId":"chen-jerry-junior"},"content":"        return this.endtime;","lastModifiedDate":"2023-01-19"},{"lineNumber":17,"author":{"gitId":"chen-jerry-junior"},"content":"    }","lastModifiedDate":"2023-01-19"},{"lineNumber":18,"author":{"gitId":"chen-jerry-junior"},"content":"}","lastModifiedDate":"2023-01-19"}],"authorContributionMap":{"chen-jerry-junior":18}},{"path":"src/main/java/Task.java","fileType":"java","lines":[{"lineNumber":1,"author":{"gitId":"chen-jerry-junior"},"content":"import javax.print.DocFlavor;","lastModifiedDate":"2023-01-18"},{"lineNumber":2,"author":{"gitId":"chen-jerry-junior"},"content":"","lastModifiedDate":"2023-01-18"},{"lineNumber":3,"author":{"gitId":"chen-jerry-junior"},"content":"public class Task {","lastModifiedDate":"2023-01-18"},{"lineNumber":4,"author":{"gitId":"chen-jerry-junior"},"content":"    private String name;","lastModifiedDate":"2023-01-18"},{"lineNumber":5,"author":{"gitId":"chen-jerry-junior"},"content":"    private boolean status;","lastModifiedDate":"2023-01-18"},{"lineNumber":6,"author":{"gitId":"chen-jerry-junior"},"content":"","lastModifiedDate":"2023-01-18"},{"lineNumber":7,"author":{"gitId":"chen-jerry-junior"},"content":"    public Task(String name) {","lastModifiedDate":"2023-01-18"},{"lineNumber":8,"author":{"gitId":"chen-jerry-junior"},"content":"        this.status \u003d false;","lastModifiedDate":"2023-01-18"},{"lineNumber":9,"author":{"gitId":"chen-jerry-junior"},"content":"        this.name \u003d name;","lastModifiedDate":"2023-01-18"},{"lineNumber":10,"author":{"gitId":"chen-jerry-junior"},"content":"    }","lastModifiedDate":"2023-01-18"},{"lineNumber":11,"author":{"gitId":"chen-jerry-junior"},"content":"","lastModifiedDate":"2023-01-18"},{"lineNumber":12,"author":{"gitId":"chen-jerry-junior"},"content":"    public void setStatus(boolean status) {","lastModifiedDate":"2023-01-18"},{"lineNumber":13,"author":{"gitId":"chen-jerry-junior"},"content":"        this.status \u003d status;","lastModifiedDate":"2023-01-18"},{"lineNumber":14,"author":{"gitId":"chen-jerry-junior"},"content":"    }","lastModifiedDate":"2023-01-18"},{"lineNumber":15,"author":{"gitId":"chen-jerry-junior"},"content":"","lastModifiedDate":"2023-01-18"},{"lineNumber":16,"author":{"gitId":"chen-jerry-junior"},"content":"    public boolean getStatus() {","lastModifiedDate":"2023-01-18"},{"lineNumber":17,"author":{"gitId":"chen-jerry-junior"},"content":"        return this.status;","lastModifiedDate":"2023-01-18"},{"lineNumber":18,"author":{"gitId":"chen-jerry-junior"},"content":"    }","lastModifiedDate":"2023-01-18"},{"lineNumber":19,"author":{"gitId":"chen-jerry-junior"},"content":"","lastModifiedDate":"2023-01-18"},{"lineNumber":20,"author":{"gitId":"chen-jerry-junior"},"content":"    public String getName() {","lastModifiedDate":"2023-01-18"},{"lineNumber":21,"author":{"gitId":"chen-jerry-junior"},"content":"        return this.name;","lastModifiedDate":"2023-01-18"},{"lineNumber":22,"author":{"gitId":"chen-jerry-junior"},"content":"    }","lastModifiedDate":"2023-01-18"},{"lineNumber":23,"author":{"gitId":"chen-jerry-junior"},"content":"}","lastModifiedDate":"2023-01-18"}],"authorContributionMap":{"chen-jerry-junior":23}},{"path":"src/main/java/Todos.java","fileType":"java","lines":[{"lineNumber":1,"author":{"gitId":"chen-jerry-junior"},"content":"public class Todos extends Task {","lastModifiedDate":"2023-01-19"},{"lineNumber":2,"author":{"gitId":"chen-jerry-junior"},"content":"","lastModifiedDate":"2023-01-19"},{"lineNumber":3,"author":{"gitId":"chen-jerry-junior"},"content":"    public Todos(String name) {","lastModifiedDate":"2023-01-19"},{"lineNumber":4,"author":{"gitId":"chen-jerry-junior"},"content":"        super(name);","lastModifiedDate":"2023-01-19"},{"lineNumber":5,"author":{"gitId":"chen-jerry-junior"},"content":"    }","lastModifiedDate":"2023-01-19"},{"lineNumber":6,"author":{"gitId":"chen-jerry-junior"},"content":"","lastModifiedDate":"2023-01-19"},{"lineNumber":7,"author":{"gitId":"chen-jerry-junior"},"content":"}","lastModifiedDate":"2023-01-19"}],"authorContributionMap":{"chen-jerry-junior":7}}]
