[{"path":"src/main/java/Deadlines.java","fileType":"java","lines":[{"lineNumber":1,"author":{"gitId":"chen-jerry-junior"},"content":"public class Deadlines extends Task {","lastModifiedDate":"2023-01-19"},{"lineNumber":2,"author":{"gitId":"chen-jerry-junior"},"content":"    private String time;","lastModifiedDate":"2023-01-19"},{"lineNumber":3,"author":{"gitId":"chen-jerry-junior"},"content":"","lastModifiedDate":"2023-01-19"},{"lineNumber":4,"author":{"gitId":"chen-jerry-junior"},"content":"    public Deadlines(String name, String time) {","lastModifiedDate":"2023-01-19"},{"lineNumber":5,"author":{"gitId":"chen-jerry-junior"},"content":"        super(name);","lastModifiedDate":"2023-01-19"},{"lineNumber":6,"author":{"gitId":"chen-jerry-junior"},"content":"        this.time \u003d time;","lastModifiedDate":"2023-01-19"},{"lineNumber":7,"author":{"gitId":"chen-jerry-junior"},"content":"    }","lastModifiedDate":"2023-01-19"},{"lineNumber":8,"author":{"gitId":"chen-jerry-junior"},"content":"","lastModifiedDate":"2023-01-19"},{"lineNumber":9,"author":{"gitId":"chen-jerry-junior"},"content":"    public String getTime() {","lastModifiedDate":"2023-01-19"},{"lineNumber":10,"author":{"gitId":"chen-jerry-junior"},"content":"        return this.time;","lastModifiedDate":"2023-01-19"},{"lineNumber":11,"author":{"gitId":"chen-jerry-junior"},"content":"    }","lastModifiedDate":"2023-01-19"},{"lineNumber":12,"author":{"gitId":"chen-jerry-junior"},"content":"","lastModifiedDate":"2023-01-25"},{"lineNumber":13,"author":{"gitId":"chen-jerry-junior"},"content":"    public String toString() {","lastModifiedDate":"2023-01-25"},{"lineNumber":14,"author":{"gitId":"chen-jerry-junior"},"content":"        if (this.getStatus()) {","lastModifiedDate":"2023-01-25"},{"lineNumber":15,"author":{"gitId":"chen-jerry-junior"},"content":"            return \"[D][X] \" + this.getName() + \" (by: \" + this.getTime() + \")\";","lastModifiedDate":"2023-01-25"},{"lineNumber":16,"author":{"gitId":"chen-jerry-junior"},"content":"        } else {","lastModifiedDate":"2023-01-25"},{"lineNumber":17,"author":{"gitId":"chen-jerry-junior"},"content":"            return \"[D][ ] \" + this.getName() + \" (by: \" + this.getTime() + \")\";","lastModifiedDate":"2023-01-25"},{"lineNumber":18,"author":{"gitId":"chen-jerry-junior"},"content":"        }","lastModifiedDate":"2023-01-25"},{"lineNumber":19,"author":{"gitId":"chen-jerry-junior"},"content":"    }","lastModifiedDate":"2023-01-25"},{"lineNumber":20,"author":{"gitId":"chen-jerry-junior"},"content":"}","lastModifiedDate":"2023-01-19"}],"authorContributionMap":{"chen-jerry-junior":20}},{"path":"src/main/java/Duke.java","fileType":"java","lines":[{"lineNumber":1,"author":{"gitId":"chen-jerry-junior"},"content":"import java.util.ArrayList;","lastModifiedDate":"2023-01-18"},{"lineNumber":2,"author":{"gitId":"chen-jerry-junior"},"content":"import java.util.Scanner;","lastModifiedDate":"2023-01-18"},{"lineNumber":3,"author":{"gitId":"-"},"content":"public class Duke {","lastModifiedDate":"2019-07-29"},{"lineNumber":4,"author":{"gitId":"chen-jerry-junior"},"content":"    /**","lastModifiedDate":"2023-01-18"},{"lineNumber":5,"author":{"gitId":"chen-jerry-junior"},"content":"     * A level 3 chat bot Duke.","lastModifiedDate":"2023-01-18"},{"lineNumber":6,"author":{"gitId":"chen-jerry-junior"},"content":"     */","lastModifiedDate":"2023-01-18"},{"lineNumber":7,"author":{"gitId":"chen-jerry-junior"},"content":"    public static void main(String[] args) throws DukeException {","lastModifiedDate":"2023-01-19"},{"lineNumber":8,"author":{"gitId":"-"},"content":"        String logo \u003d \" ____        _        \\n\"","lastModifiedDate":"2019-07-29"},{"lineNumber":9,"author":{"gitId":"-"},"content":"                + \"|  _ \\\\ _   _| | _____ \\n\"","lastModifiedDate":"2019-07-29"},{"lineNumber":10,"author":{"gitId":"-"},"content":"                + \"| | | | | | | |/ / _ \\\\\\n\"","lastModifiedDate":"2019-07-29"},{"lineNumber":11,"author":{"gitId":"-"},"content":"                + \"| |_| | |_| |   \u003c  __/\\n\"","lastModifiedDate":"2019-07-29"},{"lineNumber":12,"author":{"gitId":"-"},"content":"                + \"|____/ \\\\__,_|_|\\\\_\\\\___|\\n\";","lastModifiedDate":"2019-07-29"},{"lineNumber":13,"author":{"gitId":"-"},"content":"        System.out.println(\"Hello from\\n\" + logo);","lastModifiedDate":"2019-07-29"},{"lineNumber":14,"author":{"gitId":"chen-jerry-junior"},"content":"        Scanner ai \u003d new Scanner(System.in);","lastModifiedDate":"2023-01-18"},{"lineNumber":15,"author":{"gitId":"chen-jerry-junior"},"content":"        String greetings \u003d \"Hello! I\u0027m Duke\" + \"\\nWhat can I do for you?\";","lastModifiedDate":"2023-01-18"},{"lineNumber":16,"author":{"gitId":"chen-jerry-junior"},"content":"        System.out.println(greetings);","lastModifiedDate":"2023-01-18"},{"lineNumber":17,"author":{"gitId":"chen-jerry-junior"},"content":"        ArrayList\u003cTask\u003e todo \u003d new ArrayList\u003c\u003e();","lastModifiedDate":"2023-01-18"},{"lineNumber":18,"author":{"gitId":"chen-jerry-junior"},"content":"        String input \u003d ai.nextLine();","lastModifiedDate":"2023-01-18"},{"lineNumber":19,"author":{"gitId":"chen-jerry-junior"},"content":"        while (!input.equals(\"bye\")) {","lastModifiedDate":"2023-01-18"},{"lineNumber":20,"author":{"gitId":"chen-jerry-junior"},"content":"            String arr1[] \u003d input.split(\"/\");","lastModifiedDate":"2023-01-19"},{"lineNumber":21,"author":{"gitId":"chen-jerry-junior"},"content":"            String arr2[] \u003d arr1[0].split(\" \");","lastModifiedDate":"2023-01-19"},{"lineNumber":22,"author":{"gitId":"chen-jerry-junior"},"content":"            try {","lastModifiedDate":"2023-01-19"},{"lineNumber":23,"author":{"gitId":"chen-jerry-junior"},"content":"                switch (arr2[0]) {","lastModifiedDate":"2023-01-19"},{"lineNumber":24,"author":{"gitId":"chen-jerry-junior"},"content":"                    case \"\":","lastModifiedDate":"2023-01-18"},{"lineNumber":25,"author":{"gitId":"chen-jerry-junior"},"content":"                        break;","lastModifiedDate":"2023-01-18"},{"lineNumber":26,"author":{"gitId":"chen-jerry-junior"},"content":"","lastModifiedDate":"2023-01-19"},{"lineNumber":27,"author":{"gitId":"chen-jerry-junior"},"content":"                    case \"list\":","lastModifiedDate":"2023-01-18"},{"lineNumber":28,"author":{"gitId":"chen-jerry-junior"},"content":"                        System.out.println(\"Here are the tasks in your list:\");","lastModifiedDate":"2023-01-18"},{"lineNumber":29,"author":{"gitId":"chen-jerry-junior"},"content":"                        for (int i \u003d 0; i \u003c todo.size(); i++) {","lastModifiedDate":"2023-01-18"},{"lineNumber":30,"author":{"gitId":"chen-jerry-junior"},"content":"                            System.out.print(i + 1 + \".\");","lastModifiedDate":"2023-01-18"},{"lineNumber":31,"author":{"gitId":"chen-jerry-junior"},"content":"                            System.out.println(todo.get(i).toString());","lastModifiedDate":"2023-01-25"},{"lineNumber":32,"author":{"gitId":"chen-jerry-junior"},"content":"                        }","lastModifiedDate":"2023-01-18"},{"lineNumber":33,"author":{"gitId":"chen-jerry-junior"},"content":"                        break;","lastModifiedDate":"2023-01-18"},{"lineNumber":34,"author":{"gitId":"chen-jerry-junior"},"content":"","lastModifiedDate":"2023-01-19"},{"lineNumber":35,"author":{"gitId":"chen-jerry-junior"},"content":"                    case \"mark\":","lastModifiedDate":"2023-01-18"},{"lineNumber":36,"author":{"gitId":"chen-jerry-junior"},"content":"                        int index \u003d Integer.parseInt(arr2[1]);","lastModifiedDate":"2023-01-19"},{"lineNumber":37,"author":{"gitId":"chen-jerry-junior"},"content":"                        if (index \u003c 1 || index \u003e todo.size()) {","lastModifiedDate":"2023-01-18"},{"lineNumber":38,"author":{"gitId":"chen-jerry-junior"},"content":"                            throw new DukeException(\"Sorry, this task number is invalid.\");","lastModifiedDate":"2023-01-19"},{"lineNumber":39,"author":{"gitId":"chen-jerry-junior"},"content":"                        }","lastModifiedDate":"2023-01-18"},{"lineNumber":40,"author":{"gitId":"chen-jerry-junior"},"content":"                        todo.get(index - 1).setStatus(true);","lastModifiedDate":"2023-01-18"},{"lineNumber":41,"author":{"gitId":"chen-jerry-junior"},"content":"                        System.out.println(\"Nice! I\u0027ve marked this task as done:\");","lastModifiedDate":"2023-01-18"},{"lineNumber":42,"author":{"gitId":"chen-jerry-junior"},"content":"                        System.out.println(todo.get(index - 1).toString());","lastModifiedDate":"2023-01-25"},{"lineNumber":43,"author":{"gitId":"chen-jerry-junior"},"content":"                        break;","lastModifiedDate":"2023-01-18"},{"lineNumber":44,"author":{"gitId":"chen-jerry-junior"},"content":"","lastModifiedDate":"2023-01-19"},{"lineNumber":45,"author":{"gitId":"chen-jerry-junior"},"content":"                    case \"unmark\":","lastModifiedDate":"2023-01-18"},{"lineNumber":46,"author":{"gitId":"chen-jerry-junior"},"content":"                        int No \u003d Integer.parseInt(arr2[1]);","lastModifiedDate":"2023-01-19"},{"lineNumber":47,"author":{"gitId":"chen-jerry-junior"},"content":"                        if (No \u003c 1 || No \u003e todo.size()) {","lastModifiedDate":"2023-01-18"},{"lineNumber":48,"author":{"gitId":"chen-jerry-junior"},"content":"                            throw new DukeException(\"Sorry, this task number is invalid.\");","lastModifiedDate":"2023-01-19"},{"lineNumber":49,"author":{"gitId":"chen-jerry-junior"},"content":"                        }","lastModifiedDate":"2023-01-18"},{"lineNumber":50,"author":{"gitId":"chen-jerry-junior"},"content":"                        todo.get(No - 1).setStatus(false);","lastModifiedDate":"2023-01-18"},{"lineNumber":51,"author":{"gitId":"chen-jerry-junior"},"content":"                        System.out.println(\"OK, I\u0027ve marked this task as not done yet:\");","lastModifiedDate":"2023-01-18"},{"lineNumber":52,"author":{"gitId":"chen-jerry-junior"},"content":"                        System.out.println(todo.get(No - 1).toString());","lastModifiedDate":"2023-01-25"},{"lineNumber":53,"author":{"gitId":"chen-jerry-junior"},"content":"                        break;","lastModifiedDate":"2023-01-19"},{"lineNumber":54,"author":{"gitId":"chen-jerry-junior"},"content":"","lastModifiedDate":"2023-01-19"},{"lineNumber":55,"author":{"gitId":"chen-jerry-junior"},"content":"                    case \"delete\":","lastModifiedDate":"2023-01-19"},{"lineNumber":56,"author":{"gitId":"chen-jerry-junior"},"content":"                        int dindex \u003d Integer.parseInt(arr2[1]);","lastModifiedDate":"2023-01-19"},{"lineNumber":57,"author":{"gitId":"chen-jerry-junior"},"content":"                        if (dindex \u003c 1 || dindex \u003e todo.size()) {","lastModifiedDate":"2023-01-19"},{"lineNumber":58,"author":{"gitId":"chen-jerry-junior"},"content":"                            throw new DukeException(\"Sorry, this task number is invalid.\");","lastModifiedDate":"2023-01-19"},{"lineNumber":59,"author":{"gitId":"chen-jerry-junior"},"content":"                        }","lastModifiedDate":"2023-01-19"},{"lineNumber":60,"author":{"gitId":"chen-jerry-junior"},"content":"                        Task removed \u003d todo.get(dindex - 1);","lastModifiedDate":"2023-01-19"},{"lineNumber":61,"author":{"gitId":"chen-jerry-junior"},"content":"                        todo.remove(dindex - 1);","lastModifiedDate":"2023-01-19"},{"lineNumber":62,"author":{"gitId":"chen-jerry-junior"},"content":"                        System.out.println(\"Noted. I\u0027ve removed this task:\");","lastModifiedDate":"2023-01-19"},{"lineNumber":63,"author":{"gitId":"chen-jerry-junior"},"content":"                        System.out.println(removed.toString());","lastModifiedDate":"2023-01-25"},{"lineNumber":64,"author":{"gitId":"chen-jerry-junior"},"content":"                        System.out.printf(\"Now you have %d tasks in the list.\\n\", todo.size());","lastModifiedDate":"2023-01-19"},{"lineNumber":65,"author":{"gitId":"chen-jerry-junior"},"content":"                        break;","lastModifiedDate":"2023-01-19"},{"lineNumber":66,"author":{"gitId":"chen-jerry-junior"},"content":"","lastModifiedDate":"2023-01-19"},{"lineNumber":67,"author":{"gitId":"chen-jerry-junior"},"content":"                    case \"todo\":","lastModifiedDate":"2023-01-19"},{"lineNumber":68,"author":{"gitId":"chen-jerry-junior"},"content":"                        if (arr2.length \u003c 2) {","lastModifiedDate":"2023-01-19"},{"lineNumber":69,"author":{"gitId":"chen-jerry-junior"},"content":"                            throw new DukeException(\"OOPS!!! The description of a todo cannot be empty.\");","lastModifiedDate":"2023-01-19"},{"lineNumber":70,"author":{"gitId":"chen-jerry-junior"},"content":"                        }","lastModifiedDate":"2023-01-19"},{"lineNumber":71,"author":{"gitId":"chen-jerry-junior"},"content":"                        String name \u003d arr1[0].substring(arr1[0].indexOf(\" \") + 1);","lastModifiedDate":"2023-01-19"},{"lineNumber":72,"author":{"gitId":"chen-jerry-junior"},"content":"                        todo.add(new Todos(name));","lastModifiedDate":"2023-01-19"},{"lineNumber":73,"author":{"gitId":"chen-jerry-junior"},"content":"                        System.out.println(\"Got it. I\u0027ve added this task:\");","lastModifiedDate":"2023-01-19"},{"lineNumber":74,"author":{"gitId":"chen-jerry-junior"},"content":"                        System.out.println(todo.get(todo.size() - 1).toString());","lastModifiedDate":"2023-01-25"},{"lineNumber":75,"author":{"gitId":"chen-jerry-junior"},"content":"                        System.out.printf(\"Now you have %d tasks in the list.\\n\", todo.size());","lastModifiedDate":"2023-01-19"},{"lineNumber":76,"author":{"gitId":"chen-jerry-junior"},"content":"                        break;","lastModifiedDate":"2023-01-18"},{"lineNumber":77,"author":{"gitId":"chen-jerry-junior"},"content":"","lastModifiedDate":"2023-01-19"},{"lineNumber":78,"author":{"gitId":"chen-jerry-junior"},"content":"                    case \"deadline\":","lastModifiedDate":"2023-01-19"},{"lineNumber":79,"author":{"gitId":"chen-jerry-junior"},"content":"                        if (arr2.length \u003c 2) {","lastModifiedDate":"2023-01-19"},{"lineNumber":80,"author":{"gitId":"chen-jerry-junior"},"content":"                            throw new DukeException(\"OOPS!!! The description of a deadline cannot be empty.\");","lastModifiedDate":"2023-01-19"},{"lineNumber":81,"author":{"gitId":"chen-jerry-junior"},"content":"                        }","lastModifiedDate":"2023-01-19"},{"lineNumber":82,"author":{"gitId":"chen-jerry-junior"},"content":"                        String dname \u003d arr1[0].substring(arr1[0].indexOf(\" \") + 1, arr1[0].length() - 1);","lastModifiedDate":"2023-01-19"},{"lineNumber":83,"author":{"gitId":"chen-jerry-junior"},"content":"                        String dtime \u003d arr1[1].substring(arr1[1].indexOf(\" \") + 1);","lastModifiedDate":"2023-01-19"},{"lineNumber":84,"author":{"gitId":"chen-jerry-junior"},"content":"                        todo.add(new Deadlines(dname, dtime));","lastModifiedDate":"2023-01-19"},{"lineNumber":85,"author":{"gitId":"chen-jerry-junior"},"content":"                        System.out.println(\"Got it. I\u0027ve added this task:\");","lastModifiedDate":"2023-01-19"},{"lineNumber":86,"author":{"gitId":"chen-jerry-junior"},"content":"                        System.out.println(todo.get(todo.size() - 1).toString());","lastModifiedDate":"2023-01-25"},{"lineNumber":87,"author":{"gitId":"chen-jerry-junior"},"content":"                        System.out.printf(\"Now you have %d tasks in the list.\\n\", todo.size());","lastModifiedDate":"2023-01-19"},{"lineNumber":88,"author":{"gitId":"chen-jerry-junior"},"content":"                        break;","lastModifiedDate":"2023-01-19"},{"lineNumber":89,"author":{"gitId":"chen-jerry-junior"},"content":"","lastModifiedDate":"2023-01-19"},{"lineNumber":90,"author":{"gitId":"chen-jerry-junior"},"content":"                    case \"event\":","lastModifiedDate":"2023-01-19"},{"lineNumber":91,"author":{"gitId":"chen-jerry-junior"},"content":"                        if (arr2.length \u003c 2) {","lastModifiedDate":"2023-01-19"},{"lineNumber":92,"author":{"gitId":"chen-jerry-junior"},"content":"                            throw new DukeException(\"OOPS!!! The description of a event cannot be empty.\");","lastModifiedDate":"2023-01-19"},{"lineNumber":93,"author":{"gitId":"chen-jerry-junior"},"content":"                        }","lastModifiedDate":"2023-01-19"},{"lineNumber":94,"author":{"gitId":"chen-jerry-junior"},"content":"                        String ename \u003d arr1[0].substring(arr1[0].indexOf(\" \") + 1, arr1[0].length() - 1);","lastModifiedDate":"2023-01-19"},{"lineNumber":95,"author":{"gitId":"chen-jerry-junior"},"content":"                        String strtime \u003d arr1[1].substring(arr1[1].indexOf(\" \") + 1, arr1[1].length() - 1);","lastModifiedDate":"2023-01-19"},{"lineNumber":96,"author":{"gitId":"chen-jerry-junior"},"content":"                        String endtime \u003d arr1[2].substring(arr1[2].indexOf(\" \") + 1);","lastModifiedDate":"2023-01-19"},{"lineNumber":97,"author":{"gitId":"chen-jerry-junior"},"content":"                        todo.add(new Events(ename, strtime, endtime));","lastModifiedDate":"2023-01-19"},{"lineNumber":98,"author":{"gitId":"chen-jerry-junior"},"content":"                        System.out.println(\"Got it. I\u0027ve added this task:\");","lastModifiedDate":"2023-01-19"},{"lineNumber":99,"author":{"gitId":"chen-jerry-junior"},"content":"                        System.out.println(todo.get(todo.size() - 1).toString());","lastModifiedDate":"2023-01-25"},{"lineNumber":100,"author":{"gitId":"chen-jerry-junior"},"content":"                        System.out.printf(\"Now you have %d tasks in the list.\\n\", todo.size());","lastModifiedDate":"2023-01-19"},{"lineNumber":101,"author":{"gitId":"chen-jerry-junior"},"content":"                        break;","lastModifiedDate":"2023-01-19"},{"lineNumber":102,"author":{"gitId":"chen-jerry-junior"},"content":"","lastModifiedDate":"2023-01-19"},{"lineNumber":103,"author":{"gitId":"chen-jerry-junior"},"content":"                    default:","lastModifiedDate":"2023-01-18"},{"lineNumber":104,"author":{"gitId":"chen-jerry-junior"},"content":"                        throw new DukeException(\"OOPS!!! I\u0027m sorry, but I don\u0027t know what that means :-(\");","lastModifiedDate":"2023-01-19"},{"lineNumber":105,"author":{"gitId":"chen-jerry-junior"},"content":"                }","lastModifiedDate":"2023-01-19"},{"lineNumber":106,"author":{"gitId":"chen-jerry-junior"},"content":"            } catch (DukeException e) {","lastModifiedDate":"2023-01-19"},{"lineNumber":107,"author":{"gitId":"chen-jerry-junior"},"content":"                System.out.println(e.getMessage());","lastModifiedDate":"2023-01-19"},{"lineNumber":108,"author":{"gitId":"chen-jerry-junior"},"content":"            }","lastModifiedDate":"2023-01-18"},{"lineNumber":109,"author":{"gitId":"chen-jerry-junior"},"content":"            input \u003d ai.nextLine();","lastModifiedDate":"2023-01-18"},{"lineNumber":110,"author":{"gitId":"chen-jerry-junior"},"content":"        }","lastModifiedDate":"2023-01-18"},{"lineNumber":111,"author":{"gitId":"chen-jerry-junior"},"content":"        System.out.println(\"Bye. Hope to see you again soon!\");","lastModifiedDate":"2023-01-18"},{"lineNumber":112,"author":{"gitId":"-"},"content":"    }","lastModifiedDate":"2019-07-29"},{"lineNumber":113,"author":{"gitId":"-"},"content":"}","lastModifiedDate":"2019-07-29"}],"authorContributionMap":{"chen-jerry-junior":104,"-":9}},{"path":"src/main/java/DukeException.java","fileType":"java","lines":[{"lineNumber":1,"author":{"gitId":"chen-jerry-junior"},"content":"public class DukeException extends Exception {","lastModifiedDate":"2023-01-19"},{"lineNumber":2,"author":{"gitId":"chen-jerry-junior"},"content":"    public DukeException(String str) {","lastModifiedDate":"2023-01-19"},{"lineNumber":3,"author":{"gitId":"chen-jerry-junior"},"content":"        super(str);","lastModifiedDate":"2023-01-19"},{"lineNumber":4,"author":{"gitId":"chen-jerry-junior"},"content":"    }","lastModifiedDate":"2023-01-19"},{"lineNumber":5,"author":{"gitId":"chen-jerry-junior"},"content":"}","lastModifiedDate":"2023-01-19"}],"authorContributionMap":{"chen-jerry-junior":5}},{"path":"src/main/java/Events.java","fileType":"java","lines":[{"lineNumber":1,"author":{"gitId":"chen-jerry-junior"},"content":"public class Events extends Task {","lastModifiedDate":"2023-01-19"},{"lineNumber":2,"author":{"gitId":"chen-jerry-junior"},"content":"    private String strtime;","lastModifiedDate":"2023-01-19"},{"lineNumber":3,"author":{"gitId":"chen-jerry-junior"},"content":"    private String endtime;","lastModifiedDate":"2023-01-19"},{"lineNumber":4,"author":{"gitId":"chen-jerry-junior"},"content":"","lastModifiedDate":"2023-01-19"},{"lineNumber":5,"author":{"gitId":"chen-jerry-junior"},"content":"    public Events(String name, String strtime, String endtime) {","lastModifiedDate":"2023-01-19"},{"lineNumber":6,"author":{"gitId":"chen-jerry-junior"},"content":"        super(name);","lastModifiedDate":"2023-01-19"},{"lineNumber":7,"author":{"gitId":"chen-jerry-junior"},"content":"        this.strtime \u003d strtime;","lastModifiedDate":"2023-01-19"},{"lineNumber":8,"author":{"gitId":"chen-jerry-junior"},"content":"        this.endtime \u003d endtime;","lastModifiedDate":"2023-01-19"},{"lineNumber":9,"author":{"gitId":"chen-jerry-junior"},"content":"    }","lastModifiedDate":"2023-01-19"},{"lineNumber":10,"author":{"gitId":"chen-jerry-junior"},"content":"","lastModifiedDate":"2023-01-19"},{"lineNumber":11,"author":{"gitId":"chen-jerry-junior"},"content":"    public String getStrtime() {","lastModifiedDate":"2023-01-19"},{"lineNumber":12,"author":{"gitId":"chen-jerry-junior"},"content":"        return this.strtime;","lastModifiedDate":"2023-01-19"},{"lineNumber":13,"author":{"gitId":"chen-jerry-junior"},"content":"    }","lastModifiedDate":"2023-01-19"},{"lineNumber":14,"author":{"gitId":"chen-jerry-junior"},"content":"","lastModifiedDate":"2023-01-19"},{"lineNumber":15,"author":{"gitId":"chen-jerry-junior"},"content":"    public String getEndtime() {","lastModifiedDate":"2023-01-19"},{"lineNumber":16,"author":{"gitId":"chen-jerry-junior"},"content":"        return this.endtime;","lastModifiedDate":"2023-01-19"},{"lineNumber":17,"author":{"gitId":"chen-jerry-junior"},"content":"    }","lastModifiedDate":"2023-01-19"},{"lineNumber":18,"author":{"gitId":"chen-jerry-junior"},"content":"","lastModifiedDate":"2023-01-25"},{"lineNumber":19,"author":{"gitId":"chen-jerry-junior"},"content":"    public String toString() {","lastModifiedDate":"2023-01-25"},{"lineNumber":20,"author":{"gitId":"chen-jerry-junior"},"content":"        if (this.getStatus()) {","lastModifiedDate":"2023-01-25"},{"lineNumber":21,"author":{"gitId":"chen-jerry-junior"},"content":"            return \"[E][X] \" + this.getName() + \" (from: \" + this.strtime + \"to: \" + this.endtime + \")\";","lastModifiedDate":"2023-01-25"},{"lineNumber":22,"author":{"gitId":"chen-jerry-junior"},"content":"        } else {","lastModifiedDate":"2023-01-25"},{"lineNumber":23,"author":{"gitId":"chen-jerry-junior"},"content":"            return \"[E][ ] \" + this.getName() + \" (from: \" + this.strtime + \"to: \" + this.endtime + \")\";","lastModifiedDate":"2023-01-25"},{"lineNumber":24,"author":{"gitId":"chen-jerry-junior"},"content":"        }","lastModifiedDate":"2023-01-25"},{"lineNumber":25,"author":{"gitId":"chen-jerry-junior"},"content":"    }","lastModifiedDate":"2023-01-25"},{"lineNumber":26,"author":{"gitId":"chen-jerry-junior"},"content":"}","lastModifiedDate":"2023-01-19"}],"authorContributionMap":{"chen-jerry-junior":26}},{"path":"src/main/java/Task.java","fileType":"java","lines":[{"lineNumber":1,"author":{"gitId":"chen-jerry-junior"},"content":"import javax.print.DocFlavor;","lastModifiedDate":"2023-01-18"},{"lineNumber":2,"author":{"gitId":"chen-jerry-junior"},"content":"","lastModifiedDate":"2023-01-18"},{"lineNumber":3,"author":{"gitId":"chen-jerry-junior"},"content":"public class Task {","lastModifiedDate":"2023-01-18"},{"lineNumber":4,"author":{"gitId":"chen-jerry-junior"},"content":"    private String name;","lastModifiedDate":"2023-01-18"},{"lineNumber":5,"author":{"gitId":"chen-jerry-junior"},"content":"    private boolean status;","lastModifiedDate":"2023-01-18"},{"lineNumber":6,"author":{"gitId":"chen-jerry-junior"},"content":"","lastModifiedDate":"2023-01-18"},{"lineNumber":7,"author":{"gitId":"chen-jerry-junior"},"content":"    public Task(String name) {","lastModifiedDate":"2023-01-18"},{"lineNumber":8,"author":{"gitId":"chen-jerry-junior"},"content":"        this.status \u003d false;","lastModifiedDate":"2023-01-18"},{"lineNumber":9,"author":{"gitId":"chen-jerry-junior"},"content":"        this.name \u003d name;","lastModifiedDate":"2023-01-18"},{"lineNumber":10,"author":{"gitId":"chen-jerry-junior"},"content":"    }","lastModifiedDate":"2023-01-18"},{"lineNumber":11,"author":{"gitId":"chen-jerry-junior"},"content":"","lastModifiedDate":"2023-01-18"},{"lineNumber":12,"author":{"gitId":"chen-jerry-junior"},"content":"    public void setStatus(boolean status) {","lastModifiedDate":"2023-01-18"},{"lineNumber":13,"author":{"gitId":"chen-jerry-junior"},"content":"        this.status \u003d status;","lastModifiedDate":"2023-01-18"},{"lineNumber":14,"author":{"gitId":"chen-jerry-junior"},"content":"    }","lastModifiedDate":"2023-01-18"},{"lineNumber":15,"author":{"gitId":"chen-jerry-junior"},"content":"","lastModifiedDate":"2023-01-18"},{"lineNumber":16,"author":{"gitId":"chen-jerry-junior"},"content":"    public boolean getStatus() {","lastModifiedDate":"2023-01-18"},{"lineNumber":17,"author":{"gitId":"chen-jerry-junior"},"content":"        return this.status;","lastModifiedDate":"2023-01-18"},{"lineNumber":18,"author":{"gitId":"chen-jerry-junior"},"content":"    }","lastModifiedDate":"2023-01-18"},{"lineNumber":19,"author":{"gitId":"chen-jerry-junior"},"content":"","lastModifiedDate":"2023-01-18"},{"lineNumber":20,"author":{"gitId":"chen-jerry-junior"},"content":"    public String getName() {","lastModifiedDate":"2023-01-18"},{"lineNumber":21,"author":{"gitId":"chen-jerry-junior"},"content":"        return this.name;","lastModifiedDate":"2023-01-18"},{"lineNumber":22,"author":{"gitId":"chen-jerry-junior"},"content":"    }","lastModifiedDate":"2023-01-18"},{"lineNumber":23,"author":{"gitId":"chen-jerry-junior"},"content":"","lastModifiedDate":"2023-01-25"},{"lineNumber":24,"author":{"gitId":"chen-jerry-junior"},"content":"    public String toString() {","lastModifiedDate":"2023-01-25"},{"lineNumber":25,"author":{"gitId":"chen-jerry-junior"},"content":"        return name;","lastModifiedDate":"2023-01-25"},{"lineNumber":26,"author":{"gitId":"chen-jerry-junior"},"content":"    }","lastModifiedDate":"2023-01-25"},{"lineNumber":27,"author":{"gitId":"chen-jerry-junior"},"content":"}","lastModifiedDate":"2023-01-18"}],"authorContributionMap":{"chen-jerry-junior":27}},{"path":"src/main/java/Todos.java","fileType":"java","lines":[{"lineNumber":1,"author":{"gitId":"chen-jerry-junior"},"content":"public class Todos extends Task {","lastModifiedDate":"2023-01-19"},{"lineNumber":2,"author":{"gitId":"chen-jerry-junior"},"content":"","lastModifiedDate":"2023-01-19"},{"lineNumber":3,"author":{"gitId":"chen-jerry-junior"},"content":"    public Todos(String name) {","lastModifiedDate":"2023-01-19"},{"lineNumber":4,"author":{"gitId":"chen-jerry-junior"},"content":"        super(name);","lastModifiedDate":"2023-01-19"},{"lineNumber":5,"author":{"gitId":"chen-jerry-junior"},"content":"    }","lastModifiedDate":"2023-01-19"},{"lineNumber":6,"author":{"gitId":"chen-jerry-junior"},"content":"","lastModifiedDate":"2023-01-19"},{"lineNumber":7,"author":{"gitId":"chen-jerry-junior"},"content":"    public String toString() {","lastModifiedDate":"2023-01-25"},{"lineNumber":8,"author":{"gitId":"chen-jerry-junior"},"content":"        if (this.getStatus()) {","lastModifiedDate":"2023-01-25"},{"lineNumber":9,"author":{"gitId":"chen-jerry-junior"},"content":"            return \"[T][X] \" + this.getName();","lastModifiedDate":"2023-01-25"},{"lineNumber":10,"author":{"gitId":"chen-jerry-junior"},"content":"        } else {","lastModifiedDate":"2023-01-25"},{"lineNumber":11,"author":{"gitId":"chen-jerry-junior"},"content":"            return \"[T][ ] \" + this.getName();","lastModifiedDate":"2023-01-25"},{"lineNumber":12,"author":{"gitId":"chen-jerry-junior"},"content":"        }","lastModifiedDate":"2023-01-25"},{"lineNumber":13,"author":{"gitId":"chen-jerry-junior"},"content":"    }","lastModifiedDate":"2023-01-25"},{"lineNumber":14,"author":{"gitId":"chen-jerry-junior"},"content":"","lastModifiedDate":"2023-01-25"},{"lineNumber":15,"author":{"gitId":"chen-jerry-junior"},"content":"}","lastModifiedDate":"2023-01-19"}],"authorContributionMap":{"chen-jerry-junior":15}},{"path":"text-ui-test/input.txt","fileType":"txt","lines":[{"lineNumber":1,"author":{"gitId":"chen-jerry-junior"},"content":"list","lastModifiedDate":"2023-01-19"},{"lineNumber":2,"author":{"gitId":"chen-jerry-junior"},"content":"ddd","lastModifiedDate":"2023-01-19"},{"lineNumber":3,"author":{"gitId":"chen-jerry-junior"},"content":"todo borrow book","lastModifiedDate":"2023-01-19"},{"lineNumber":4,"author":{"gitId":"chen-jerry-junior"},"content":"deadline return book /by Sunday","lastModifiedDate":"2023-01-19"},{"lineNumber":5,"author":{"gitId":"chen-jerry-junior"},"content":"event project meeting /from Mon 2pm /to 4pm","lastModifiedDate":"2023-01-19"},{"lineNumber":6,"author":{"gitId":"chen-jerry-junior"},"content":"mark 9","lastModifiedDate":"2023-01-19"},{"lineNumber":7,"author":{"gitId":"chen-jerry-junior"},"content":"mark 0","lastModifiedDate":"2023-01-19"},{"lineNumber":8,"author":{"gitId":"chen-jerry-junior"},"content":"mark 1","lastModifiedDate":"2023-01-19"},{"lineNumber":9,"author":{"gitId":"chen-jerry-junior"},"content":"mark 2","lastModifiedDate":"2023-01-19"},{"lineNumber":10,"author":{"gitId":"chen-jerry-junior"},"content":"list","lastModifiedDate":"2023-01-19"},{"lineNumber":11,"author":{"gitId":"chen-jerry-junior"},"content":"unmark 1","lastModifiedDate":"2023-01-19"},{"lineNumber":12,"author":{"gitId":"chen-jerry-junior"},"content":"list","lastModifiedDate":"2023-01-19"},{"lineNumber":13,"author":{"gitId":"chen-jerry-junior"},"content":"bye","lastModifiedDate":"2023-01-19"}],"authorContributionMap":{"chen-jerry-junior":13}}]
