{"authorDailyContributionsMap":{"chen-jerry-junior":[{"date":"2023-01-18","commitResults":[{"hash":"542c91a7b6c933d09d0fb2013b579d2f1342582d","messageTitle":"level 1","messageBody":"","tags":["Level-1"],"fileTypesAndContributionMap":{"java":{"insertions":13,"deletions":0}}},{"hash":"19d109b084a7b9d768d04567d06d98f592ace3fa","messageTitle":"level 2","messageBody":"","tags":["Level-2"],"fileTypesAndContributionMap":{"java":{"insertions":11,"deletions":2}}},{"hash":"d4b0c284f5c88109a676cadcb82e85b9a68ec947","messageTitle":"level 3","messageBody":"","tags":["Level-3"],"fileTypesAndContributionMap":{"java":{"insertions":64,"deletions":9}}}]},{"date":"2023-01-19","commitResults":[{"hash":"1f1057e72f06899ff2a6a57bd29d552ed34617a5","messageTitle":"level 4","messageBody":"","tags":["Level-4"],"fileTypesAndContributionMap":{"java":{"insertions":123,"deletions":9}}}]}]},"authorFileTypeContributionMap":{"chen-jerry-junior":{"java":191,"md":0,"fxml":0,"sh":0,"bat":0,"gradle":0,"txt":0}},"authorContributionVariance":{"chen-jerry-junior":2800.2856},"authorDisplayNameMap":{"chen-jerry-junior":"CHEN..ARUI"}}
