{"authorDailyContributionsMap":{"chen-jerry-junior":[{"date":"2023-01-18","commitResults":[{"hash":"542c91a7b6c933d09d0fb2013b579d2f1342582d","isMergeCommit":false,"messageTitle":"level 1","messageBody":"","tags":["Level-1"],"fileTypesAndContributionMap":{"java":{"insertions":13,"deletions":0}}},{"hash":"19d109b084a7b9d768d04567d06d98f592ace3fa","isMergeCommit":false,"messageTitle":"level 2","messageBody":"","tags":["Level-2"],"fileTypesAndContributionMap":{"java":{"insertions":11,"deletions":2}}},{"hash":"d4b0c284f5c88109a676cadcb82e85b9a68ec947","isMergeCommit":false,"messageTitle":"level 3","messageBody":"","tags":["Level-3"],"fileTypesAndContributionMap":{"java":{"insertions":64,"deletions":9}}}]},{"date":"2023-01-19","commitResults":[{"hash":"1f1057e72f06899ff2a6a57bd29d552ed34617a5","isMergeCommit":false,"messageTitle":"level 4","messageBody":"","tags":["Level-4"],"fileTypesAndContributionMap":{"java":{"insertions":123,"deletions":9}}},{"hash":"cc57e7ccf06bbf1be7c799c544d6ccd519cab080","isMergeCommit":false,"messageTitle":"A-TextUiTesting","messageBody":"","tags":["A-TextUiTesting"],"fileTypesAndContributionMap":{"txt":{"insertions":13,"deletions":0}}},{"hash":"711c15c04ad9242e21ffa2791bc5b5798d51c911","isMergeCommit":false,"messageTitle":"level 5","messageBody":"","tags":["Level-5"],"fileTypesAndContributionMap":{"java":{"insertions":112,"deletions":97}}},{"hash":"78c60919cdd4cbc6c565193352bfea280f7b1289","isMergeCommit":false,"messageTitle":"level 6","messageBody":"","tags":["Level-6"],"fileTypesAndContributionMap":{"java":{"insertions":31,"deletions":0}}}]},{"date":"2023-01-25","commitResults":[{"hash":"d4b168592bd8a2bb45843651b1b57d634bccee3d","isMergeCommit":false,"messageTitle":"level 6 improved","messageBody":"","tags":["Level-6-improved"],"fileTypesAndContributionMap":{"java":{"insertions":35,"deletions":76}}}]},{"date":"2023-01-26","commitResults":[{"hash":"ef2feb1be2f6006da1889fac96fdda9c76556bde","isMergeCommit":false,"messageTitle":"level 7","messageBody":"","tags":["Level-7"],"fileTypesAndContributionMap":{"java":{"insertions":90,"deletions":12}}},{"hash":"bacf22b8d062c89730536cb3a00546b0fe755494","isMergeCommit":false,"messageTitle":"level 8","messageBody":"","tags":["Level-8"],"fileTypesAndContributionMap":{"java":{"insertions":41,"deletions":6}}},{"hash":"13a72c8305d84d084a6a397262b4550fb09d2f49","isMergeCommit":true,"messageTitle":"Merge branch \u0027branch-Level-8\u0027","messageBody":"","tags":["Level-8-II"],"fileTypesAndContributionMap":{}}]},{"date":"2023-01-27","commitResults":[{"hash":"372bc697eae0a0aab86d5723b7451dbab0cb6ecc","isMergeCommit":false,"messageTitle":"add more OOP","messageBody":"","tags":["A-MoreOOP"],"fileTypesAndContributionMap":{"java":{"insertions":443,"deletions":177}}}]},{"date":"2023-01-29","commitResults":[{"hash":"bab9329ba4579cc62cd8786a2543b097a0ede9cf","isMergeCommit":false,"messageTitle":"add packages","messageBody":"","tags":["A-Packages"],"fileTypesAndContributionMap":{"java":{"insertions":96,"deletions":3}}},{"hash":"bc35fff05502c4ddc7254974169391ad20466258","isMergeCommit":true,"messageTitle":"Merge branch \u0027add-gradle-support\u0027","messageBody":"","tags":["A-Gradle"],"fileTypesAndContributionMap":{}},{"hash":"ca890cd67f41691b3323aa4e295e8470eec25cec","isMergeCommit":false,"messageTitle":"add JUnit","messageBody":"","tags":["A-JUnit"],"fileTypesAndContributionMap":{"java":{"insertions":73,"deletions":0}}},{"hash":"649c215459f94c45bd16f7c674b42a68af044ead","isMergeCommit":false,"messageTitle":"modify build.gradle","messageBody":"","tags":["A-Jar"],"fileTypesAndContributionMap":{"gradle":{"insertions":6,"deletions":1}}}]},{"date":"2023-01-30","commitResults":[{"hash":"3c5b8640b2761433097844bfc860eee628850ec1","isMergeCommit":false,"messageTitle":"add coding standard and checkstyle","messageBody":"","tags":["A-CodingStandard","A-CheckStyle"],"fileTypesAndContributionMap":{"java":{"insertions":85,"deletions":73}}},{"hash":"1878b8815fd61946993ef64427cd8fa350172244","isMergeCommit":false,"messageTitle":"add JavaDoc","messageBody":"","tags":["A-JavaDoc"],"fileTypesAndContributionMap":{"java":{"insertions":382,"deletions":3}}},{"hash":"fc89c966fa95e3d63e9af2151e73536e63f329bd","isMergeCommit":false,"messageTitle":"level 9","messageBody":"","tags":["Level-9"],"fileTypesAndContributionMap":{"java":{"insertions":73,"deletions":6}}},{"hash":"eedcf6fb4f37d63ff38b3e42e8a285425222183f","isMergeCommit":false,"messageTitle":"modified JavaDoc","messageBody":"","fileTypesAndContributionMap":{"java":{"insertions":8,"deletions":8}}},{"hash":"86325eb80d3efe276f1bde47142af36e4bba7c2d","isMergeCommit":true,"messageTitle":"Merge branch \u0027branch-A-JavaDoc\u0027","messageBody":"# Conflicts:\n#\tsrc/main/java/duke/Duke.java\n#\tsrc/main/java/duke/DukeException.java\n#\tsrc/main/java/duke/Todos.java\n\nfix1\n","fileTypesAndContributionMap":{}},{"hash":"bf336e8161e7bae027d7b17ba1a9f6cdfdc0aacc","isMergeCommit":false,"messageTitle":"modified fix1","messageBody":"","fileTypesAndContributionMap":{"java":{"insertions":0,"deletions":7}}},{"hash":"0cd23866b7ea0bf1c2f0c56d640e3232dd9e0ac0","isMergeCommit":true,"messageTitle":"Merge branch \u0027branch-Level-9\u0027","messageBody":"# Conflicts:\n#\tdata/duke.txt\n#\tsrc/main/java/duke/Parser.java\n\nfix2\n","fileTypesAndContributionMap":{}},{"hash":"5bddaee5101af85e50cbbb067ecb5d18c7f0959c","isMergeCommit":false,"messageTitle":"modified master branch after merging level 9","messageBody":"","fileTypesAndContributionMap":{"java":{"insertions":50,"deletions":50}}},{"hash":"3b2a79a3c254252d65ddcb367f5c284530c2bdb7","isMergeCommit":false,"messageTitle":"add CheckStyle","messageBody":"","fileTypesAndContributionMap":{"gradle":{"insertions":5,"deletions":5},"java":{"insertions":18,"deletions":0}}}]},{"date":"2023-02-03","commitResults":[{"hash":"c2804e84ac1f64c936eef8e3295b567516d8a5a9","isMergeCommit":false,"messageTitle":"add GUI","messageBody":"","tags":["Level-10"],"fileTypesAndContributionMap":{"gradle":{"insertions":16,"deletions":1},"fxml":{"insertions":35,"deletions":0},"java":{"insertions":230,"deletions":248}}}]},{"date":"2023-02-12","commitResults":[{"hash":"cbaef8a070ea7f3ff6a7394f760d2f2cdecf577b","isMergeCommit":false,"messageTitle":"Add assertion statement","messageBody":"There are many commands that can cause the duke to misbehave.\n\nAssertion statements can help to regulate the command input.\n\nLet\u0027s\n* add assertion to regulate mark command\n* add assertion to regulate unmark command\n","tags":["A-FullCommitMessage","A-Assertions"],"fileTypesAndContributionMap":{"java":{"insertions":2,"deletions":0}}}]},{"date":"2023-02-13","commitResults":[{"hash":"017528a78fcd027766339fc47aba9ce9d768267a","isMergeCommit":false,"messageTitle":"Modify the time format in Events.java","messageBody":"The time format in event command is string, which can not be calculated.\n\nI introduced LocalDateTime to regulate the time input following the event command. I also changed the variable name to improve the code quality.\n\nLet\u0027s\n* add LocalDate to regulate event command\n* add LocalTime to regulate event command\n","tags":["A-CodeQuality"],"fileTypesAndContributionMap":{"java":{"insertions":54,"deletions":11}}},{"hash":"a5376b30fcb5dd09b1c2a6143080913d68d5b09c","isMergeCommit":false,"messageTitle":"Replace the traversing operation of arrayList with stream.filter() method.","messageBody":"The loop to iterate the encapsulated arrayList is to verbose.\n\nI imported streams to help me filter the arrayList to find the target task.\n\nLet\u0027s\n* add Streams in MarkCommand\n* add Streams in UnmarkCommand\n* add Streams in FindCommand\n","tags":["A-Streams"],"fileTypesAndContributionMap":{"java":{"insertions":36,"deletions":12}}},{"hash":"40d73c416102748306c713219baa8c43c1444c48","isMergeCommit":true,"messageTitle":"Merge pull request #2 from chen-jerry-junior/branch-A-Assertions","messageBody":"Add assertion statement","fileTypesAndContributionMap":{}},{"hash":"f68d930c5e9db1f5a7943b395c3ccdeb3ac54692","isMergeCommit":false,"messageTitle":"delete the storage","messageBody":"","fileTypesAndContributionMap":{}},{"hash":"6e80226711a95b3adb2691434f2649f86beb8bad","isMergeCommit":true,"messageTitle":"Merge branch \u0027branch-A-CodeQuality\u0027","messageBody":"# Conflicts:\n#\tdata/duke.txt\n","fileTypesAndContributionMap":{}},{"hash":"2395462c3ee814bf3c39acad1ef50e5b7a615763","isMergeCommit":true,"messageTitle":"Merge branch \u0027branch-A-Streams\u0027","messageBody":"# Conflicts:\n#\tdata/duke.txt\n","fileTypesAndContributionMap":{}},{"hash":"d80d105b4e45fc8d121513f928b4d055ec978c95","isMergeCommit":false,"messageTitle":"Add extention C-DetectDuplicate","messageBody":"","tags":["BCD-Extension"],"fileTypesAndContributionMap":{"java":{"insertions":27,"deletions":7}}},{"hash":"b03f36ac1d6ffe1e1245bc0c7400b0e3e8a1d74a","isMergeCommit":false,"messageTitle":"revise according to iP code quality feedback","messageBody":"","fileTypesAndContributionMap":{"java":{"insertions":4,"deletions":4}}}]},{"date":"2023-02-15","commitResults":[{"hash":"b90ff2bb88d905374a012411787935837c388c35","isMergeCommit":false,"messageTitle":"Allow resizing of the Window, and ensure the content resize appropriately as the Window changes size","messageBody":"","fileTypesAndContributionMap":{"fxml":{"insertions":6,"deletions":6}}}]},{"date":"2023-02-16","commitResults":[{"hash":"2531a842d0b7891e7ceefbde49f210d008f97bba","isMergeCommit":false,"messageTitle":"Add a personality to duke","messageBody":"","fileTypesAndContributionMap":{"java":{"insertions":13,"deletions":15}}},{"hash":"cb653a018c5c5b0ed696932b003486bc3462071c","isMergeCommit":false,"messageTitle":"Add a better GUI","messageBody":"","tags":["A-BetterGui"],"fileTypesAndContributionMap":{"fxml":{"insertions":5,"deletions":5},"java":{"insertions":24,"deletions":9}}},{"hash":"2dfc6e5392a318ee053e4c3fce99272dc270bbfb","isMergeCommit":false,"messageTitle":"Add a greeting according to the previous personality","messageBody":"","tags":["A-Personality"],"fileTypesAndContributionMap":{"java":{"insertions":8,"deletions":0}}},{"hash":"52e7d6df80c06b686b0077107a82f1705e38ab0a","isMergeCommit":true,"messageTitle":"Merge branch \u0027branch-A-Personality\u0027","messageBody":"","fileTypesAndContributionMap":{}},{"hash":"4212b366c8ccf3615596cbc27cc099ec2dab0bb7","isMergeCommit":false,"messageTitle":"Modify MainWindow.java after merging A-personality and A-BetterGui","messageBody":"","fileTypesAndContributionMap":{"fxml":{"insertions":1,"deletions":1},"java":{"insertions":14,"deletions":18}}},{"hash":"ff56773b368a0a95a7238abc0815e655bb72c4fa","isMergeCommit":false,"messageTitle":"Add a ExceptionCommand class to handle more Exceptions","messageBody":"","tags":["A-MoreErrorHandling"],"fileTypesAndContributionMap":{"java":{"insertions":110,"deletions":75}}},{"hash":"99f4142e0cbdb211a1987610decbded0f9cded41","isMergeCommit":false,"messageTitle":"Modify more error handling","messageBody":"","fileTypesAndContributionMap":{"java":{"insertions":16,"deletions":9}}}]},{"date":"2023-02-17","commitResults":[{"hash":"06a00cd2ef5a03bdb455d7065f54f44cbb830e28","isMergeCommit":false,"messageTitle":"Add userguide","messageBody":"","tags":["A-UserGuide","A-Release"],"fileTypesAndContributionMap":{"md":{"insertions":27,"deletions":14}}},{"hash":"b24dcabab382e59a5aa4f9a20b1ce39351f2ce0d","isMergeCommit":false,"messageTitle":"Modify the .gradle to rename the .jar","messageBody":"","fileTypesAndContributionMap":{"gradle":{"insertions":1,"deletions":1}}}]},{"date":"2023-03-18","commitResults":[{"hash":"9f862b9c0e9584364c4615952f07c64024b8ee7c","isMergeCommit":false,"messageTitle":"A Jnit test","messageBody":"","fileTypesAndContributionMap":{"java":{"insertions":127,"deletions":6}}},{"hash":"285da7418364898fb930a09e36e6cbcfefa15bee","isMergeCommit":false,"messageTitle":"Fix the javadoc and Find command","messageBody":"","fileTypesAndContributionMap":{"java":{"insertions":154,"deletions":122}}}]}]},"authorFileTypeContributionMap":{"chen-jerry-junior":{"java":1510,"md":27,"fxml":35,"sh":0,"bat":0,"gradle":25,"txt":13}},"authorContributionVariance":{"chen-jerry-junior":24062.5},"authorDisplayNameMap":{"chen-jerry-junior":"CS2103T-T17-1 CHEN..ARUI"}}
