{"authorDailyContributionsMap":{"shazxrin":[{"date":"2023-01-15","commitResults":[{"hash":"165411aa216060ca4cbae18b642109f61f0163f4","messageTitle":"Base skeleton for chatbot","messageBody":"","tags":["Level-1"],"fileTypesAndContributionMap":{"java":{"insertions":49,"deletions":6}}},{"hash":"c7c5b32c36df03f641913dca5bb875807ca72731","messageTitle":"Add task and list tasks feature","messageBody":"","tags":["Level-2"],"fileTypesAndContributionMap":{"java":{"insertions":23,"deletions":3}}},{"hash":"a926f30117a7abc1765b6cbee362a47ed09089ee","messageTitle":"Mark and unmark tasks feature","messageBody":"","tags":["Level-3","A-Collections"],"fileTypesAndContributionMap":{"java":{"insertions":70,"deletions":8}}}]},{"date":"2023-01-16","commitResults":[{"hash":"43800aaf774255dcca2d4f439afe86597cfcb989","messageTitle":"Add ToDos, Events, Deadlines feature","messageBody":"","fileTypesAndContributionMap":{"java":{"insertions":122,"deletions":24}}},{"hash":"a4face2cfcc423f04aaecffba672d3bf08001cae","messageTitle":"Clean up command handling","messageBody":"","tags":["Level-4"],"fileTypesAndContributionMap":{"java":{"insertions":69,"deletions":81}}}]},{"date":"2023-01-17","commitResults":[{"hash":"ea0f155b85135b56cf483b041d3bbd243d745a93","messageTitle":"Add test input and expected test output","messageBody":"","tags":["A-TextUiTesting"],"fileTypesAndContributionMap":{"txt":{"insertions":34,"deletions":0}}},{"hash":"759396f52865657314bdd46049c13e9be1a999a1","messageTitle":"Add DukeException class","messageBody":"","tags":["A-Exceptions"],"fileTypesAndContributionMap":{"java":{"insertions":5,"deletions":0}}},{"hash":"e88cf39d899271251b3333ac44c1b6d48dcdb0db","messageTitle":"Error handling for incorrect and unknown command","messageBody":"","fileTypesAndContributionMap":{"txt":{"insertions":1,"deletions":0},"java":{"insertions":33,"deletions":18}}},{"hash":"e9f58e7b8ca9727e90fe80c98618042929bd3d91","messageTitle":"Error handling for mark and unmark commands","messageBody":"","tags":["Level-5"],"fileTypesAndContributionMap":{"txt":{"insertions":1,"deletions":0},"java":{"insertions":6,"deletions":2}}},{"hash":"acb18896de4f06c2f52b971b70cd55c9db6d498d","messageTitle":"Delete task feature","messageBody":"","tags":["Level-6"],"fileTypesAndContributionMap":{"txt":{"insertions":6,"deletions":0},"java":{"insertions":27,"deletions":0}}}]},{"date":"2023-01-23","commitResults":[{"hash":"b3eb0de3333a61ff0b0c494636614bb0d25e55fa","messageTitle":"Add tasks persistence","messageBody":"","fileTypesAndContributionMap":{"java":{"insertions":103,"deletions":9}}}]},{"date":"2023-01-24","commitResults":[{"hash":"5d6643110ab27b4fbd8d77aaafaa82ccaa94e43a","messageTitle":"Add date \u0026 time for deadline and event","messageBody":"","fileTypesAndContributionMap":{"java":{"insertions":34,"deletions":11}}},{"hash":"4cf93c015459987b5e4b0122022c944e37b436ad","messageTitle":"Update tests with actual date time","messageBody":"","fileTypesAndContributionMap":{"txt":{"insertions":10,"deletions":4}}},{"hash":"52bea0ff089c862464eb2305588071f9848a96d5","messageTitle":"Reorganize program into separate OOP classes","messageBody":"","tags":["A-MoreOOP"],"fileTypesAndContributionMap":{"java":{"insertions":498,"deletions":289}}},{"hash":"568ea8b642d31bc7e940dbb4108da9a00596efd1","messageTitle":"Move classes into their respective packages","messageBody":"","tags":["A-Packages"],"fileTypesAndContributionMap":{"java":{"insertions":143,"deletions":23}}}]},{"date":"2023-01-25","commitResults":[{"hash":"54c82cc3fa4546878a311cee13547a5e3b32eeda","messageTitle":"Setup gradle for tests and run","messageBody":"","tags":["A-Gradle"],"fileTypesAndContributionMap":{"gradle":{"insertions":1,"deletions":1},"java":{"insertions":10,"deletions":0}}}]},{"date":"2023-01-29","commitResults":[{"hash":"b2b7a466ad403db091277eec8b797c0c2c1e4eca","messageTitle":"Setup JUnit tests","messageBody":"","tags":["A-Jar","A-JUnit"],"fileTypesAndContributionMap":{"java":{"insertions":733,"deletions":65}}},{"hash":"bfd6d40e3a17ae193b38556af5e1f55dea8a9978","messageTitle":"Add JavaDoc comments","messageBody":"","fileTypesAndContributionMap":{"java":{"insertions":113,"deletions":0}}},{"hash":"fa5f53f082e2e221675e8d678af9604178e3ecc5","messageTitle":"Tweak code to comply to coding standard","messageBody":"","fileTypesAndContributionMap":{"java":{"insertions":19,"deletions":35}}},{"hash":"4827be09ae58c86ef51c9a95f54024ce06946614","messageTitle":"Add find tasks command","messageBody":"","fileTypesAndContributionMap":{"java":{"insertions":49,"deletions":0}}}]},{"date":"2023-02-01","commitResults":[{"hash":"0e321f8d0707d74c955062505910ed24d9dbcb46","messageTitle":"Add checkstyle and align codebase accordingly","messageBody":"","fileTypesAndContributionMap":{"gradle":{"insertions":5,"deletions":0},"java":{"insertions":151,"deletions":41}}}]},{"date":"2023-02-02","commitResults":[{"hash":"619bae3b108a7ae06ae35553ca406bbee4a0eaa7","messageTitle":"Add graphical user interface","messageBody":"","fileTypesAndContributionMap":{"gradle":{"insertions":16,"deletions":1},"fxml":{"insertions":45,"deletions":0},"java":{"insertions":270,"deletions":29}}},{"hash":"335b30eec1c420ac0ec8188aac22aebb77ac1675","messageTitle":"Use variable arguments in commands","messageBody":"","fileTypesAndContributionMap":{"java":{"insertions":45,"deletions":46}}},{"hash":"555df6231d329ff4ac38f82e31aa0de88e9d69cf","messageTitle":"Fix code to align with checkstyle","messageBody":"","fileTypesAndContributionMap":{"java":{"insertions":7,"deletions":10}}},{"hash":"e5401baccfb320151e11af7fa08bca7511bad3e4","messageTitle":"Rename variable for code quality","messageBody":"","fileTypesAndContributionMap":{"java":{"insertions":15,"deletions":15}}}]}]},"authorFileTypeContributionMap":{"shazxrin":{"java":1899,"md":0,"fxml":45,"sh":0,"bat":0,"gradle":21,"txt":48}},"authorContributionVariance":{"shazxrin":91518.24},"authorDisplayNameMap":{"shazxrin":"CS2103-W16-1 MUHA..FFIE"}}
