{"authorDailyContributionsMap":{"FredericChow00":[{"date":"2023-01-17","commitResults":[{"hash":"91bb51cbd1737989b99f2b2eae3228a9b07214fc","messageTitle":"Level-1 Completed","messageBody":"","tags":["Level-1"],"fileTypesAndContributionMap":{"java":{"insertions":16,"deletions":6}}},{"hash":"f39724f4690870466d35d1732b1a0a1339387659","messageTitle":"Level-2 Completed","messageBody":"","tags":["Level-2"],"fileTypesAndContributionMap":{"java":{"insertions":10,"deletions":3}}},{"hash":"ea839a3d4673863fce7400cbb354e5908217c89f","messageTitle":"Edited Level-2","messageBody":"","fileTypesAndContributionMap":{"java":{"insertions":1,"deletions":0}}},{"hash":"b286343cb93e87d8d7b3ef68939f647c1ae28077","messageTitle":"Level-3 and A-classes Completed","messageBody":"","tags":["Level-3","A-classes"],"fileTypesAndContributionMap":{"java":{"insertions":83,"deletions":7}}},{"hash":"5035f7482013e44702e0551db9e5814ff9d48f8b","messageTitle":"Level-4 and A-Inheritance Completed","messageBody":"","tags":["Level-4","A-Inheritance"],"fileTypesAndContributionMap":{"java":{"insertions":154,"deletions":37}}}]},{"date":"2023-01-18","commitResults":[{"hash":"9875cb86255cd9d21c3f7c89c4105de551c5de3e","messageTitle":"A-TextUiTesting Completed","messageBody":"","tags":["A-TextUiTesting"],"fileTypesAndContributionMap":{"txt":{"insertions":6,"deletions":0},"java":{"insertions":11,"deletions":12}}},{"hash":"f1dce6c66c96902dfb6f4d643aa403f485ceda39","messageTitle":"Level-5 and A-Exceptions Completed","messageBody":"","tags":["Level-5","A-Exceptions"],"fileTypesAndContributionMap":{"java":{"insertions":172,"deletions":44}}},{"hash":"59e6d7a2b535110e0293b5aefb257295cc4c9ac6","messageTitle":"Level-6 and A-Collections Completed","messageBody":"","tags":["Level-6","A-Collections"],"fileTypesAndContributionMap":{"java":{"insertions":155,"deletions":40}}}]},{"date":"2023-01-19","commitResults":[{"hash":"c31eda594f5784b19fe2d5497334dbeda9f1aaab","messageTitle":"A-Enums Completed","messageBody":"","tags":["A-Enums"],"fileTypesAndContributionMap":{"java":{"insertions":86,"deletions":160}}},{"hash":"577f4570f0f418e485804547ab0f8972c52ffc76","messageTitle":"Updated minor warnings","messageBody":"","fileTypesAndContributionMap":{"java":{"insertions":9,"deletions":15}}},{"hash":"9e9a0434354ffbf7e2c3d2d31c73bfa173544ae7","messageTitle":"Updated non-numeric exception handlings","messageBody":"","fileTypesAndContributionMap":{"java":{"insertions":29,"deletions":24}}}]},{"date":"2023-01-25","commitResults":[{"hash":"bcedb78f0b2f39fcecac3949c08ed29e9ef176ac","messageTitle":"Level-7 Completed","messageBody":"","tags":["Level-7"],"fileTypesAndContributionMap":{"txt":{"insertions":5,"deletions":0},"java":{"insertions":183,"deletions":97}}},{"hash":"4f2a73c174963fe90c0031ecb5a89eb76eb04379","messageTitle":"Edited Level-7","messageBody":"","fileTypesAndContributionMap":{"txt":{"insertions":0,"deletions":4},"java":{"insertions":1,"deletions":1}}},{"hash":"fcf41b250fe0da690f3011e8e4d8516d95ae6b56","messageTitle":"Level-8 Minimal","messageBody":"","tags":["Level-8"],"fileTypesAndContributionMap":{"txt":{"insertions":9,"deletions":0},"java":{"insertions":69,"deletions":23}}},{"hash":"3aa6b0af78fd7bd209359db62742962d1676a111","messageTitle":"Update File Pathing","messageBody":"","fileTypesAndContributionMap":{"txt":{"insertions":3,"deletions":3},"java":{"insertions":5,"deletions":4}}},{"hash":"840e78f44d7c37ba5083a3a0702fe77e129950d1","messageTitle":"Complete A-Gradle Minimal","messageBody":"","tags":["A-MoreOOP"],"fileTypesAndContributionMap":{"txt":{"insertions":0,"deletions":2}}},{"hash":"dfceea4fa5dec3396ba6be3740d59e67fce76dae","messageTitle":"Complete A-MoreOOP Minimal","messageBody":"","tags":["A-Packages"],"fileTypesAndContributionMap":{"txt":{"insertions":1,"deletions":8},"java":{"insertions":349,"deletions":285},"bat":{"insertions":1,"deletions":1}}},{"hash":"43c07d5823882496f26840fb4cea36216ad3a28a","messageTitle":"Complete A-Packages","messageBody":"","fileTypesAndContributionMap":{"txt":{"insertions":0,"deletions":1}}},{"hash":"b0fa7f5a4d4384a5d0404a5766587d4532f7483e","messageTitle":"Complete A-Packages","messageBody":"","tags":["A-JUnit"],"fileTypesAndContributionMap":{"txt":{"insertions":1,"deletions":0},"java":{"insertions":22,"deletions":7}}}]},{"date":"2023-01-26","commitResults":[{"hash":"4328fee295612916b7e116558639c0a8404586b0","messageTitle":"Complete A-Unit","messageBody":"","tags":["A-Jar"],"fileTypesAndContributionMap":{"txt":{"insertions":3,"deletions":1},"java":{"insertions":146,"deletions":44},"bat":{"insertions":1,"deletions":1}}},{"hash":"2c1c73e141184701cffcf6d34a9bbd2205e6918a","messageTitle":"Complete A-Jar","messageBody":"","fileTypesAndContributionMap":{"txt":{"insertions":0,"deletions":1}}},{"hash":"d921e810450aae16df5dc06bd09d6d99ccd9d6f2","messageTitle":"Complete A-JavaDoc","messageBody":"","fileTypesAndContributionMap":{"java":{"insertions":180,"deletions":24}}}]},{"date":"2023-01-27","commitResults":[{"hash":"8f7bc9248aa4be6cdeff48cb38296ab0fb28d349","messageTitle":"Add more JavaDocs","messageBody":"","fileTypesAndContributionMap":{"java":{"insertions":78,"deletions":2}}},{"hash":"d0cc7e942f31825bbeecc198d1816446524b57cd","messageTitle":"Complete A-CodingStandard","messageBody":"","fileTypesAndContributionMap":{"java":{"insertions":87,"deletions":87}}},{"hash":"c13979f62af73ecd3a1f73a99a77d4a7a8239081","messageTitle":"Edit Coding Standards and JavaDocs","messageBody":"","tags":["A-JavaDoc","A-CodingStandard"],"fileTypesAndContributionMap":{"txt":{"insertions":1,"deletions":0},"java":{"insertions":53,"deletions":0}}},{"hash":"208c71abf4c3db698b5bfff84b08ef21875e189c","messageTitle":"\"Edit some files\"","messageBody":"","fileTypesAndContributionMap":{"java":{"insertions":43,"deletions":41}}},{"hash":"8979751dc9332d434ac9be6ba6f55957e723caea","messageTitle":"Complete Level-9","messageBody":"","fileTypesAndContributionMap":{"txt":{"insertions":2,"deletions":0},"java":{"insertions":82,"deletions":30}}},{"hash":"2a6b50d740c0254d94212526076b465414062575","messageTitle":"Merge Level-9","messageBody":"","fileTypesAndContributionMap":{"txt":{"insertions":0,"deletions":1},"java":{"insertions":2,"deletions":3}}}]},{"date":"2023-02-01","commitResults":[{"hash":"f7f7fb0d621779517a39cd016cab20227589b4d5","messageTitle":"Change build.gradle","messageBody":"","fileTypesAndContributionMap":{"gradle":{"insertions":5,"deletions":0}}},{"hash":"78266e38f7447963f8c7a67e786924bf4db2afe8","messageTitle":"Complete A-Checkstyle","messageBody":"","tags":["A-CheckStyle"],"fileTypesAndContributionMap":{"java":{"insertions":2,"deletions":2}}},{"hash":"c8e5b11a9e3777aa5d4b8d2b6c341ca61814cf6b","messageTitle":"Complete Level-10","messageBody":"","tags":["Level-10"],"fileTypesAndContributionMap":{"gradle":{"insertions":14,"deletions":0},"txt":{"insertions":5,"deletions":3},"fxml":{"insertions":47,"deletions":0},"java":{"insertions":271,"deletions":60}}}]},{"date":"2023-02-02","commitResults":[{"hash":"1da53bb1dccc3cb3433818c9571821786585c6b0","messageTitle":"Edit GUI Aesthetics","messageBody":"","tags":["A-FullCommitMessage"],"fileTypesAndContributionMap":{"fxml":{"insertions":1,"deletions":1},"java":{"insertions":6,"deletions":1}}}]},{"date":"2023-02-08","commitResults":[{"hash":"12d3d9293b2683393befde594f863cbda877fdea","messageTitle":"Modify build.gradle for creation of new JAR file","messageBody":"Previous JAR file was outdated\n\nChanged the mainClassName so that the newly incorporated GUI using JavaFX can be included in the JAR file.\n\nAllows users to:\n* Refer to GUI for easier usage of Duke.\n* Type on text box in GUI instead of CLI commands.\n","fileTypesAndContributionMap":{"gradle":{"insertions":1,"deletions":1},"java":{"insertions":1,"deletions":3}}},{"hash":"0f4d7f685689a3eaeb0bda0db51c23ed3abdbe23","messageTitle":"Complete A-Assertions","messageBody":"There are some methods that did not have assertions to ensure that the code works as intended.\n\nAdd assertions to several methods to ensure that the code logic is working as intended.\n\nAllows developers to:\n- Have more layers of checks to ensure that code is working as intended.\n- Debug any issues easily\n","fileTypesAndContributionMap":{"txt":{"insertions":1,"deletions":5},"java":{"insertions":170,"deletions":75}}},{"hash":"11fc629d60141835272034596d7d44d68c2e911e","messageTitle":"Complete A-CodeQuality","messageBody":"There were several methods that spanned up to 80 lines of code that makes it difficult for developers to read and understand the code.\n\nAbstract repetitive code and follow SLAP principles to enhance quality of code.\n\nAllows developers to:\n* Have a better time trying to understand the code\n* Debug any issues easily\n","fileTypesAndContributionMap":{"java":{"insertions":27,"deletions":15}}},{"hash":"32ab4c9c17303ae12b462aaa3647a5389bf0fcb3","messageTitle":"Remove magic numbers","messageBody":"","tags":["A-CodeQuality","A-Assertions"],"fileTypesAndContributionMap":{"java":{"insertions":13,"deletions":6}}},{"hash":"e890056edb80b31ec0d25fa0c1f32eddea6dcbfd","messageTitle":"Remove use of wildcard in import","messageBody":"","tags":["A-CI"],"fileTypesAndContributionMap":{"java":{"insertions":4,"deletions":1}}}]},{"date":"2023-02-11","commitResults":[{"hash":"bf211be6ef1af998dfd6c6b2faee4c46d136c38a","messageTitle":"Complete A-CI","messageBody":"","fileTypesAndContributionMap":{"java":{"insertions":1,"deletions":1}}}]},{"date":"2023-02-12","commitResults":[{"hash":"2f40fba7d098a6ea2673574fb3c65f3e3bafca8f","messageTitle":"B-ViewSchedules","messageBody":"","tags":["B-ViewSchedules"],"fileTypesAndContributionMap":{"txt":{"insertions":4,"deletions":0},"fxml":{"insertions":3,"deletions":5},"java":{"insertions":71,"deletions":6}}}]},{"date":"2023-02-17","commitResults":[{"hash":"7afd84446953ee604a64bf98841d4d14bbd6aecd","messageTitle":"Add Ui Screenshot","messageBody":"","fileTypesAndContributionMap":{"txt":{"insertions":3,"deletions":5},"fxml":{"insertions":2,"deletions":2},"java":{"insertions":23,"deletions":35}}},{"hash":"2c7dcde27b9d9a92f842198f13197f9f6e5cb8bd","messageTitle":"Complete A-UserGuide","messageBody":"","tags":["A-UserGuide"],"fileTypesAndContributionMap":{"txt":{"insertions":2,"deletions":3},"md":{"insertions":121,"deletions":13}}},{"hash":"f1436426a502658acc654bf9e97f4ef6839422db","messageTitle":"Fix Java Version Warning","messageBody":"","fileTypesAndContributionMap":{"fxml":{"insertions":1,"deletions":1}}}]}]},"authorFileTypeContributionMap":{"FredericChow00":{"java":1423,"md":119,"fxml":45,"sh":0,"bat":1,"gradle":20,"txt":8}},"authorContributionVariance":{"FredericChow00":51416.242},"authorDisplayNameMap":{"FredericChow00":"CS2103T-W14-4 FRED.. HUI"}}
