{"authorDailyContributionsMap":{"c0j0s":[{"date":"2023-01-13","commitResults":[{"hash":"a000a7adcf232c1ca0f9ab9fbd508682e106544d","messageTitle":"Add Greet, Echo, Exit","messageBody":"","tags":["Level-1"],"fileTypesAndContributionMap":{"java":{"insertions":24,"deletions":0}}},{"hash":"66afc5168de3a390d733549c6ba759a0e10ce7d0","messageTitle":"Add Add, List","messageBody":"","tags":["Level-2"],"fileTypesAndContributionMap":{"java":{"insertions":10,"deletions":1}}},{"hash":"9a5adb716e4e5d6759469d38e50a13df1b94336a","messageTitle":"Add Mark as Done","messageBody":"","tags":["Level-3","A-Classes"],"fileTypesAndContributionMap":{"java":{"insertions":48,"deletions":5}}},{"hash":"d395401f5429fb0e1cd98009b5c6483c138adcf3","messageTitle":"Add ToDos, Events, Deadlines","messageBody":"","fileTypesAndContributionMap":{"java":{"insertions":160,"deletions":30}}}]},{"date":"2023-01-14","commitResults":[{"hash":"b8b2c084972f28f1652a1b036471add69d4f0b1c","messageTitle":"Add some ui text test cases","messageBody":"","tags":["A-TextUiTesting"],"fileTypesAndContributionMap":{"txt":{"insertions":12,"deletions":0},"java":{"insertions":2,"deletions":3},"sh":{"insertions":2,"deletions":2}}},{"hash":"244822911585e414695e5d14d78cea1e797ca02f","messageTitle":"Add Handle Errors","messageBody":"","fileTypesAndContributionMap":{"java":{"insertions":151,"deletions":39}}},{"hash":"7e3f8bc316f6284d5246d46091e044bfe62602db","messageTitle":"Add Delete","messageBody":"","fileTypesAndContributionMap":{"java":{"insertions":19,"deletions":0}}},{"hash":"07f1454b7d278405b928d6150635a49265c03d75","messageTitle":"Update test cases for delete function","messageBody":"","tags":["Level-6","A-Collections"],"fileTypesAndContributionMap":{"txt":{"insertions":1,"deletions":0}}},{"hash":"691ac213676d85bd9841ea661fb3a87b140c5015","messageTitle":"Add Enums","messageBody":"","fileTypesAndContributionMap":{"java":{"insertions":97,"deletions":78}}},{"hash":"ef65610cc3781e47d225ff332a0eaf75316af90a","messageTitle":"Update access modifiers","messageBody":"","tags":["A-Enums"],"fileTypesAndContributionMap":{"java":{"insertions":11,"deletions":11}}},{"hash":"7363a2d23ed388dc7e804153285517e3fb4a4c77","messageTitle":"Add Save","messageBody":"","tags":["Level-7"],"fileTypesAndContributionMap":{"java":{"insertions":702,"deletions":297}}},{"hash":"84d815561b3c57c4d585ef6d0bbfdf6edcc5403d","messageTitle":"Add Dates and Times","messageBody":"","fileTypesAndContributionMap":{"java":{"insertions":66,"deletions":11}}},{"hash":"9815344975b527a6a7d4b52b98cb70e5c7e5950b","messageTitle":"Add search task by date command","messageBody":"","fileTypesAndContributionMap":{"java":{"insertions":55,"deletions":3}}},{"hash":"937a7dcb32e6deb4a97e654372654a513f6c5771","messageTitle":"Resolve branch 7 \u0026 8 merging conflicts","messageBody":"","fileTypesAndContributionMap":{"java":{"insertions":86,"deletions":17}}},{"hash":"6fd28a604e9f15dcb96b6c0c2162536af6c9e2ab","messageTitle":"Fix issues with datetime conversion","messageBody":"","tags":["Level-8"],"fileTypesAndContributionMap":{"java":{"insertions":4,"deletions":2}}},{"hash":"eccd169d7889a9f6b07e052391e313c9b65cc010","messageTitle":"Move utils folder to duke package","messageBody":"","fileTypesAndContributionMap":{"java":{"insertions":4,"deletions":4}}},{"hash":"fd9d223c6aef4988000f91f559cec884a052274d","messageTitle":"Fix issue of finding task by datetime to date","messageBody":"","fileTypesAndContributionMap":{"java":{"insertions":55,"deletions":30}}}]},{"date":"2023-01-15","commitResults":[{"hash":"27b291e5363b9f790908139a27497c3ebfba0d7d","messageTitle":"Add more OOP","messageBody":"","fileTypesAndContributionMap":{"java":{"insertions":483,"deletions":462}}},{"hash":"9db79a05ba43facc890ff697d1e59e9ebddf5b06","messageTitle":"Update test cases for level 8","messageBody":"","tags":["A-Packages","A-MoreOOP"],"fileTypesAndContributionMap":{"txt":{"insertions":2,"deletions":2},"sh":{"insertions":2,"deletions":2}}},{"hash":"2b0a8277ea9aec9758ccc0b31a6c9b0bfdaccc2a","messageTitle":"Configure gradle","messageBody":"","tags":["A-Gradle"],"fileTypesAndContributionMap":{"gradle":{"insertions":1,"deletions":1},"bat":{"insertions":0,"deletions":103}}},{"hash":"471365b84213fec44b85e6dfaa45cb6957e844e2","messageTitle":"Clean up exceptions","messageBody":"","fileTypesAndContributionMap":{"java":{"insertions":89,"deletions":90}}},{"hash":"8fb16c3eceb8011be2e822a6ed91c67eeac441d2","messageTitle":"Move Ui class to ui folder","messageBody":"","fileTypesAndContributionMap":{"java":{"insertions":9,"deletions":11}}},{"hash":"b3a755a1cd17fbb585314f072fffa31747b7c7cb","messageTitle":"Update junit to support vscode test runner","messageBody":"","fileTypesAndContributionMap":{"gradle":{"insertions":2,"deletions":2}}}]},{"date":"2023-01-16","commitResults":[{"hash":"260520f22a2af0745ea8e7ce151d7d3ed7587a35","messageTitle":"Add test case for ui","messageBody":"","fileTypesAndContributionMap":{"java":{"insertions":67,"deletions":6}}},{"hash":"59ae0dbecd728b0fbd826806a630ecadc299eb38","messageTitle":"Add test case for parser","messageBody":"","fileTypesAndContributionMap":{"java":{"insertions":38,"deletions":0}}},{"hash":"0d48eface2510ce38ee89ce7c91c2e4a05e575e1","messageTitle":"Add test cases for parser, dateutil and database repo classes","messageBody":"","tags":["A-Jar","A-JUnit"],"fileTypesAndContributionMap":{"java":{"insertions":102,"deletions":0}}},{"hash":"bcb4c3c936a346033c9dda8cf9d17341f043a65a","messageTitle":"Add javadoc for most classes","messageBody":"","tags":["A-JavaDoc"],"fileTypesAndContributionMap":{"java":{"insertions":440,"deletions":57}}},{"hash":"96d3028c4a065aefe6597ad10d3542e145330cd2","messageTitle":"Add checkstyle support","messageBody":"","fileTypesAndContributionMap":{"gradle":{"insertions":5,"deletions":0}}},{"hash":"cecce0d0f1b3abdec087e87409efbde18502514f","messageTitle":"Change ListCommand to accept LocalDateTime instead of String","messageBody":"","fileTypesAndContributionMap":{"java":{"insertions":34,"deletions":37}}},{"hash":"71da9494c6944e3a2d8eb31cf9ccdccb03c958c9","messageTitle":"Resolve some checkstyle violations","messageBody":"","tags":["A-CodingStandard"],"fileTypesAndContributionMap":{"java":{"insertions":36,"deletions":22}}},{"hash":"085c74ebd007473173d1358c6bb336ede6d5dcab","messageTitle":"Add support to a prettier date string","messageBody":"","fileTypesAndContributionMap":{"java":{"insertions":7,"deletions":3}}},{"hash":"c96463b7ea49ddf7623de8b9b3b8bb0272aa1e9e","messageTitle":"Add Find command","messageBody":"","fileTypesAndContributionMap":{"java":{"insertions":50,"deletions":24}}},{"hash":"2e23a403637b1c6933ef3979bff648f5dc713809","messageTitle":"Add prompt for find command","messageBody":"","tags":["Level-9"],"fileTypesAndContributionMap":{"java":{"insertions":8,"deletions":2}}}]}]},"authorFileTypeContributionMap":{"c0j0s":{"java":1533,"md":0,"fxml":0,"sh":3,"bat":0,"gradle":8,"txt":13}},"authorContributionVariance":{"c0j0s":290606.2},"authorDisplayNameMap":{"c0j0s":"CHEN..HENG"}}
