{"authorDailyContributionsMap":{"venuslimm":[{"date":"2023-01-18","commitResults":[{"hash":"75e85cb7894526d6d4b404203c6d5a5322668009","messageTitle":"complete Level-1","messageBody":"","tags":["Level-1"],"fileTypesAndContributionMap":{"java":{"insertions":45,"deletions":6}}},{"hash":"75d88124712cad63fc5734de41354c3a19d47b53","messageTitle":"complete Level-2","messageBody":"","tags":["Level-2"],"fileTypesAndContributionMap":{"java":{"insertions":52,"deletions":9}}},{"hash":"f96bf62656ef218dff49b67e1e50c626d94a6d56","messageTitle":"Add Task class","messageBody":"","fileTypesAndContributionMap":{"java":{"insertions":28,"deletions":11}}},{"hash":"a2ad58821820cfdc3be75436a3b566388c968ebe","messageTitle":"Refactor code into methods","messageBody":"","fileTypesAndContributionMap":{"java":{"insertions":9,"deletions":5}}},{"hash":"e29a10036dac30b2cd102092a3f112ac6e33df53","messageTitle":"Add Mark as Done and Unmark as Undone features","messageBody":"","tags":["Level-3"],"fileTypesAndContributionMap":{"java":{"insertions":68,"deletions":17}}}]},{"date":"2023-01-19","commitResults":[{"hash":"729ddbc1dbab17ee332de6e1674c753ab0295014","messageTitle":"Create Deadline, Event, Todo classes","messageBody":"","fileTypesAndContributionMap":{"java":{"insertions":15,"deletions":0}}},{"hash":"f8464ab8041a033c7f19f0ed32fd03273b6ce2b3","messageTitle":"Add the 3 features to support todo, event, deadline tasks","messageBody":"","tags":["Level-4"],"fileTypesAndContributionMap":{"java":{"insertions":145,"deletions":28}}},{"hash":"68e732095572c1cc86003e0de182e39d6208a881","messageTitle":"Catch error if there is no user input","messageBody":"","fileTypesAndContributionMap":{"java":{"insertions":34,"deletions":30}}},{"hash":"a031ffd7ec8de4aab59cb88c4c6d95dbcf6ccc81","messageTitle":"Add automatic text UI testing","messageBody":"","tags":["A-TextUiTesting"],"fileTypesAndContributionMap":{"txt":{"insertions":10,"deletions":0}}},{"hash":"5bc8c3c6b109d82e96d2f9d6dd84af3f4cb42cd5","messageTitle":"Handle invalid input errors","messageBody":"","tags":["Level-5"],"fileTypesAndContributionMap":{"java":{"insertions":63,"deletions":49}}},{"hash":"e438ff2906d3f884c9a5f368996cc28677a5a058","messageTitle":"Add Delete feature","messageBody":"","fileTypesAndContributionMap":{"java":{"insertions":23,"deletions":0}}},{"hash":"32e286be6aa394d02160ea161f97286c74f177c2","messageTitle":"Update javadocs","messageBody":"","fileTypesAndContributionMap":{"java":{"insertions":1,"deletions":1}}},{"hash":"895349369f0aea38f1302611ded1296a153a50f6","messageTitle":"Handle error when invalid input is specified by user","messageBody":"","tags":["Level-6"],"fileTypesAndContributionMap":{"java":{"insertions":24,"deletions":9}}}]}]},"authorFileTypeContributionMap":{"venuslimm":{"java":347,"md":0,"fxml":0,"sh":0,"bat":0,"gradle":0,"txt":10}},"authorContributionVariance":{"venuslimm":26096.814},"authorDisplayNameMap":{"venuslimm":"LIM ..ENUS"}}
