[{"path":"README.md","fileType":"md","lines":[{"lineNumber":1,"author":{"gitId":"Diatbbin"},"content":"# duke.Duke project template","lastModifiedDate":"2023-01-25"},{"lineNumber":2,"author":{"gitId":"-"},"content":"","lastModifiedDate":"2020-05-25"},{"lineNumber":3,"author":{"gitId":"-"},"content":"This is a project template for a greenfield Java project. It\u0027s named after the Java mascot _Duke_. Given below are instructions on how to use it.","lastModifiedDate":"2020-05-25"},{"lineNumber":4,"author":{"gitId":"-"},"content":"","lastModifiedDate":"2020-05-25"},{"lineNumber":5,"author":{"gitId":"-"},"content":"## Setting up in Intellij","lastModifiedDate":"2020-05-25"},{"lineNumber":6,"author":{"gitId":"-"},"content":"","lastModifiedDate":"2020-05-25"},{"lineNumber":7,"author":{"gitId":"-"},"content":"Prerequisites: JDK 11, update Intellij to the most recent version.","lastModifiedDate":"2020-05-25"},{"lineNumber":8,"author":{"gitId":"-"},"content":"","lastModifiedDate":"2020-05-25"},{"lineNumber":9,"author":{"gitId":"-"},"content":"1. Open Intellij (if you are not in the welcome screen, click `File` \u003e `Close Project` to close the existing project first)","lastModifiedDate":"2021-01-17"},{"lineNumber":10,"author":{"gitId":"-"},"content":"1. Open the project into Intellij as follows:","lastModifiedDate":"2021-01-17"},{"lineNumber":11,"author":{"gitId":"-"},"content":"   1. Click `Open`.","lastModifiedDate":"2021-01-17"},{"lineNumber":12,"author":{"gitId":"-"},"content":"   1. Select the project directory, and click `OK`.","lastModifiedDate":"2021-01-17"},{"lineNumber":13,"author":{"gitId":"-"},"content":"   1. If there are any further prompts, accept the defaults.","lastModifiedDate":"2020-05-25"},{"lineNumber":14,"author":{"gitId":"-"},"content":"1. Configure the project to use **JDK 11** (not other versions) as explained in [here](https://www.jetbrains.com/help/idea/sdk.html#set-up-jdk).\u003cbr\u003e","lastModifiedDate":"2021-07-29"},{"lineNumber":15,"author":{"gitId":"-"},"content":"   In the same dialog, set the **Project language level** field to the `SDK default` option.","lastModifiedDate":"2021-07-29"},{"lineNumber":16,"author":{"gitId":"Diatbbin"},"content":"3. After that, locate the `src/main/java/duke/Duke.java` file, right-click it, and choose `Run duke/Duke.main()` (if the code editor is showing compile errors, try restarting the IDE). If the setup is correct, you should see something like the below as the output:","lastModifiedDate":"2023-01-25"},{"lineNumber":17,"author":{"gitId":"-"},"content":"   ```","lastModifiedDate":"2020-05-25"},{"lineNumber":18,"author":{"gitId":"-"},"content":"   Hello from","lastModifiedDate":"2020-05-25"},{"lineNumber":19,"author":{"gitId":"-"},"content":"    ____        _        ","lastModifiedDate":"2020-05-25"},{"lineNumber":20,"author":{"gitId":"-"},"content":"   |  _ \\ _   _| | _____ ","lastModifiedDate":"2020-05-25"},{"lineNumber":21,"author":{"gitId":"-"},"content":"   | | | | | | | |/ / _ \\","lastModifiedDate":"2020-05-25"},{"lineNumber":22,"author":{"gitId":"-"},"content":"   | |_| | |_| |   \u003c  __/","lastModifiedDate":"2020-05-25"},{"lineNumber":23,"author":{"gitId":"-"},"content":"   |____/ \\__,_|_|\\_\\___|","lastModifiedDate":"2020-05-25"},{"lineNumber":24,"author":{"gitId":"-"},"content":"   ```","lastModifiedDate":"2020-05-25"}],"authorContributionMap":{"Diatbbin":2,"-":22}},{"path":"data/dukeTasks.txt","fileType":"txt","lines":[{"lineNumber":1,"author":{"gitId":"Diatbbin"},"content":"[D][ ] return book (by: 2023-01-24 14:00)","lastModifiedDate":"2023-01-24"},{"lineNumber":2,"author":{"gitId":"Diatbbin"},"content":"[E][ ] project meeting (from: 2023-01-25 14:00 to: 2023-01-25 14:00)","lastModifiedDate":"2023-01-24"},{"lineNumber":3,"author":{"gitId":"Diatbbin"},"content":"[T][X] borrow book","lastModifiedDate":"2023-01-24"}],"authorContributionMap":{"Diatbbin":3}},{"path":"src/main/java/duke/Duke.java","fileType":"java","lines":[{"lineNumber":1,"author":{"gitId":"Diatbbin"},"content":"package duke;","lastModifiedDate":"2023-01-25"},{"lineNumber":2,"author":{"gitId":"Diatbbin"},"content":"","lastModifiedDate":"2023-01-25"},{"lineNumber":3,"author":{"gitId":"Diatbbin"},"content":"import duke.exception.DukeException;","lastModifiedDate":"2023-01-25"},{"lineNumber":4,"author":{"gitId":"Diatbbin"},"content":"import duke.helper.Parser;","lastModifiedDate":"2023-01-25"},{"lineNumber":5,"author":{"gitId":"Diatbbin"},"content":"import duke.helper.TaskList;","lastModifiedDate":"2023-01-25"},{"lineNumber":6,"author":{"gitId":"Diatbbin"},"content":"import duke.helper.Ui;","lastModifiedDate":"2023-01-25"},{"lineNumber":7,"author":{"gitId":"Diatbbin"},"content":"import duke.storage.Database;","lastModifiedDate":"2023-01-25"},{"lineNumber":8,"author":{"gitId":"Diatbbin"},"content":"","lastModifiedDate":"2023-01-25"},{"lineNumber":9,"author":{"gitId":"Diatbbin"},"content":"import java.io.IOException;","lastModifiedDate":"2023-01-24"},{"lineNumber":10,"author":{"gitId":"Diatbbin"},"content":"","lastModifiedDate":"2023-01-16"},{"lineNumber":11,"author":{"gitId":"-"},"content":"public class Duke {","lastModifiedDate":"2019-07-29"},{"lineNumber":12,"author":{"gitId":"Diatbbin"},"content":"    private final Ui ui;","lastModifiedDate":"2023-01-25"},{"lineNumber":13,"author":{"gitId":"Diatbbin"},"content":"    private final Parser parser;","lastModifiedDate":"2023-01-25"},{"lineNumber":14,"author":{"gitId":"Diatbbin"},"content":"    private Database db;","lastModifiedDate":"2023-01-24"},{"lineNumber":15,"author":{"gitId":"Diatbbin"},"content":"    private TaskList tasks;","lastModifiedDate":"2023-01-25"},{"lineNumber":16,"author":{"gitId":"Diatbbin"},"content":"","lastModifiedDate":"2023-01-17"},{"lineNumber":17,"author":{"gitId":"Diatbbin"},"content":"    public Duke(String filePath) {","lastModifiedDate":"2023-01-24"},{"lineNumber":18,"author":{"gitId":"Diatbbin"},"content":"        this.ui \u003d new Ui();","lastModifiedDate":"2023-01-24"},{"lineNumber":19,"author":{"gitId":"Diatbbin"},"content":"        this.parser \u003d new Parser();","lastModifiedDate":"2023-01-25"},{"lineNumber":20,"author":{"gitId":"Diatbbin"},"content":"","lastModifiedDate":"2023-01-16"},{"lineNumber":21,"author":{"gitId":"Diatbbin"},"content":"        try {","lastModifiedDate":"2023-01-24"},{"lineNumber":22,"author":{"gitId":"Diatbbin"},"content":"            this.db \u003d new Database(filePath);","lastModifiedDate":"2023-01-24"},{"lineNumber":23,"author":{"gitId":"Diatbbin"},"content":"            this.tasks \u003d new TaskList(this.db, this.ui);","lastModifiedDate":"2023-01-25"},{"lineNumber":24,"author":{"gitId":"Diatbbin"},"content":"        } catch (IOException e) {","lastModifiedDate":"2023-01-24"},{"lineNumber":25,"author":{"gitId":"Diatbbin"},"content":"            ui.showErrorMsg(\"IO\", e, this.tasks.getSize());","lastModifiedDate":"2023-01-25"},{"lineNumber":26,"author":{"gitId":"Diatbbin"},"content":"        } catch (DukeException e) {","lastModifiedDate":"2023-01-25"},{"lineNumber":27,"author":{"gitId":"Diatbbin"},"content":"            ui.showErrorMsg(\"duke.Duke\", e, this.tasks.getSize());","lastModifiedDate":"2023-01-25"},{"lineNumber":28,"author":{"gitId":"Diatbbin"},"content":"        }","lastModifiedDate":"2023-01-24"},{"lineNumber":29,"author":{"gitId":"Diatbbin"},"content":"    }","lastModifiedDate":"2023-01-24"},{"lineNumber":30,"author":{"gitId":"Diatbbin"},"content":"","lastModifiedDate":"2023-01-17"},{"lineNumber":31,"author":{"gitId":"Diatbbin"},"content":"    public void run() {","lastModifiedDate":"2023-01-24"},{"lineNumber":32,"author":{"gitId":"Diatbbin"},"content":"        String currInput \u003d ui.getNextLine();","lastModifiedDate":"2023-01-25"},{"lineNumber":33,"author":{"gitId":"Diatbbin"},"content":"        String[] splitStr \u003d currInput.split(\" \", 2);","lastModifiedDate":"2023-01-17"},{"lineNumber":34,"author":{"gitId":"Diatbbin"},"content":"","lastModifiedDate":"2023-01-16"},{"lineNumber":35,"author":{"gitId":"Diatbbin"},"content":"        ui.showWelcome();","lastModifiedDate":"2023-01-24"},{"lineNumber":36,"author":{"gitId":"Diatbbin"},"content":"        ui.showLine();","lastModifiedDate":"2023-01-24"},{"lineNumber":37,"author":{"gitId":"Diatbbin"},"content":"","lastModifiedDate":"2023-01-24"},{"lineNumber":38,"author":{"gitId":"Diatbbin"},"content":"        while(!currInput.equals(\"bye\")) {","lastModifiedDate":"2023-01-17"},{"lineNumber":39,"author":{"gitId":"Diatbbin"},"content":"            try {","lastModifiedDate":"2023-01-19"},{"lineNumber":40,"author":{"gitId":"Diatbbin"},"content":"                this.parser.parseInputs(splitStr, tasks);","lastModifiedDate":"2023-01-25"},{"lineNumber":41,"author":{"gitId":"Diatbbin"},"content":"            } catch (DukeException e) {","lastModifiedDate":"2023-01-23"},{"lineNumber":42,"author":{"gitId":"Diatbbin"},"content":"                ui.showErrorMsg(\"duke.Duke\", e, this.tasks.getSize());","lastModifiedDate":"2023-01-25"},{"lineNumber":43,"author":{"gitId":"Diatbbin"},"content":"            } catch (NumberFormatException e) {","lastModifiedDate":"2023-01-23"},{"lineNumber":44,"author":{"gitId":"Diatbbin"},"content":"                ui.showErrorMsg(\"NAN\", e, this.tasks.getSize());","lastModifiedDate":"2023-01-25"},{"lineNumber":45,"author":{"gitId":"Diatbbin"},"content":"            } catch (IndexOutOfBoundsException e) {","lastModifiedDate":"2023-01-23"},{"lineNumber":46,"author":{"gitId":"Diatbbin"},"content":"                ui.showErrorMsg(\"OutOfBounds\", e, this.tasks.getSize());","lastModifiedDate":"2023-01-25"},{"lineNumber":47,"author":{"gitId":"Diatbbin"},"content":"            } catch (IOException e) {","lastModifiedDate":"2023-01-24"},{"lineNumber":48,"author":{"gitId":"Diatbbin"},"content":"                ui.showErrorMsg(\"IO\", e, this.tasks.getSize());","lastModifiedDate":"2023-01-25"},{"lineNumber":49,"author":{"gitId":"Diatbbin"},"content":"            } finally {","lastModifiedDate":"2023-01-23"},{"lineNumber":50,"author":{"gitId":"Diatbbin"},"content":"                ui.showLine();","lastModifiedDate":"2023-01-24"},{"lineNumber":51,"author":{"gitId":"Diatbbin"},"content":"                currInput \u003d ui.getNextLine();","lastModifiedDate":"2023-01-25"},{"lineNumber":52,"author":{"gitId":"Diatbbin"},"content":"                splitStr \u003d currInput.split(\" \", 2);","lastModifiedDate":"2023-01-17"},{"lineNumber":53,"author":{"gitId":"Diatbbin"},"content":"                ui.showLine();","lastModifiedDate":"2023-01-24"},{"lineNumber":54,"author":{"gitId":"Diatbbin"},"content":"            }","lastModifiedDate":"2023-01-16"},{"lineNumber":55,"author":{"gitId":"Diatbbin"},"content":"        }","lastModifiedDate":"2023-01-23"},{"lineNumber":56,"author":{"gitId":"Diatbbin"},"content":"        ui.showExit();","lastModifiedDate":"2023-01-24"},{"lineNumber":57,"author":{"gitId":"Diatbbin"},"content":"        ui.closeScanner();","lastModifiedDate":"2023-01-25"},{"lineNumber":58,"author":{"gitId":"-"},"content":"    }","lastModifiedDate":"2019-07-29"},{"lineNumber":59,"author":{"gitId":"Diatbbin"},"content":"","lastModifiedDate":"2023-01-17"},{"lineNumber":60,"author":{"gitId":"Diatbbin"},"content":"    public static void main(String[] arg) {","lastModifiedDate":"2023-01-24"},{"lineNumber":61,"author":{"gitId":"Diatbbin"},"content":"        new Duke(\"data/dukeTasks.txt\").run();","lastModifiedDate":"2023-01-24"},{"lineNumber":62,"author":{"gitId":"Diatbbin"},"content":"    }","lastModifiedDate":"2023-01-17"},{"lineNumber":63,"author":{"gitId":"-"},"content":"}","lastModifiedDate":"2019-07-29"}],"authorContributionMap":{"Diatbbin":60,"-":3}},{"path":"src/main/java/duke/exception/DukeException.java","fileType":"java","lines":[{"lineNumber":1,"author":{"gitId":"Diatbbin"},"content":"package duke.exception;","lastModifiedDate":"2023-01-25"},{"lineNumber":2,"author":{"gitId":"Diatbbin"},"content":"","lastModifiedDate":"2023-01-25"},{"lineNumber":3,"author":{"gitId":"Diatbbin"},"content":"public class DukeException extends Exception {","lastModifiedDate":"2023-01-19"},{"lineNumber":4,"author":{"gitId":"Diatbbin"},"content":"    public DukeException(String message) {","lastModifiedDate":"2023-01-25"},{"lineNumber":5,"author":{"gitId":"Diatbbin"},"content":"        super(message);","lastModifiedDate":"2023-01-19"},{"lineNumber":6,"author":{"gitId":"Diatbbin"},"content":"    }","lastModifiedDate":"2023-01-19"},{"lineNumber":7,"author":{"gitId":"Diatbbin"},"content":"","lastModifiedDate":"2023-01-19"},{"lineNumber":8,"author":{"gitId":"Diatbbin"},"content":"    @Override","lastModifiedDate":"2023-01-19"},{"lineNumber":9,"author":{"gitId":"Diatbbin"},"content":"    public String toString() {","lastModifiedDate":"2023-01-19"},{"lineNumber":10,"author":{"gitId":"Diatbbin"},"content":"        return \"OOPS!!! \" + getMessage();","lastModifiedDate":"2023-01-19"},{"lineNumber":11,"author":{"gitId":"Diatbbin"},"content":"    }","lastModifiedDate":"2023-01-19"},{"lineNumber":12,"author":{"gitId":"Diatbbin"},"content":"}","lastModifiedDate":"2023-01-19"}],"authorContributionMap":{"Diatbbin":12}},{"path":"src/main/java/duke/exception/EmptyTaskException.java","fileType":"java","lines":[{"lineNumber":1,"author":{"gitId":"Diatbbin"},"content":"package duke.exception;","lastModifiedDate":"2023-01-25"},{"lineNumber":2,"author":{"gitId":"Diatbbin"},"content":"","lastModifiedDate":"2023-01-25"},{"lineNumber":3,"author":{"gitId":"Diatbbin"},"content":"public class EmptyTaskException extends DukeException {","lastModifiedDate":"2023-01-23"},{"lineNumber":4,"author":{"gitId":"Diatbbin"},"content":"    public EmptyTaskException(String taskType) {","lastModifiedDate":"2023-01-25"},{"lineNumber":5,"author":{"gitId":"Diatbbin"},"content":"        super(String.format(\"The description of a %s task cannot be empty.\", taskType));","lastModifiedDate":"2023-01-23"},{"lineNumber":6,"author":{"gitId":"Diatbbin"},"content":"    }","lastModifiedDate":"2023-01-23"},{"lineNumber":7,"author":{"gitId":"Diatbbin"},"content":"}","lastModifiedDate":"2023-01-23"}],"authorContributionMap":{"Diatbbin":7}},{"path":"src/main/java/duke/exception/InvalidDateTimeException.java","fileType":"java","lines":[{"lineNumber":1,"author":{"gitId":"Diatbbin"},"content":"package duke.exception;","lastModifiedDate":"2023-01-25"},{"lineNumber":2,"author":{"gitId":"Diatbbin"},"content":"","lastModifiedDate":"2023-01-25"},{"lineNumber":3,"author":{"gitId":"Diatbbin"},"content":"public class InvalidDateTimeException extends DukeException {","lastModifiedDate":"2023-01-24"},{"lineNumber":4,"author":{"gitId":"Diatbbin"},"content":"    public InvalidDateTimeException() {","lastModifiedDate":"2023-01-24"},{"lineNumber":5,"author":{"gitId":"Diatbbin"},"content":"        super(\"Invalid DateTime inputs!\");","lastModifiedDate":"2023-01-24"},{"lineNumber":6,"author":{"gitId":"Diatbbin"},"content":"    }","lastModifiedDate":"2023-01-24"},{"lineNumber":7,"author":{"gitId":"Diatbbin"},"content":"}","lastModifiedDate":"2023-01-24"}],"authorContributionMap":{"Diatbbin":7}},{"path":"src/main/java/duke/exception/InvalidTaskException.java","fileType":"java","lines":[{"lineNumber":1,"author":{"gitId":"Diatbbin"},"content":"package duke.exception;","lastModifiedDate":"2023-01-25"},{"lineNumber":2,"author":{"gitId":"Diatbbin"},"content":"","lastModifiedDate":"2023-01-25"},{"lineNumber":3,"author":{"gitId":"Diatbbin"},"content":"public class InvalidTaskException extends DukeException {","lastModifiedDate":"2023-01-25"},{"lineNumber":4,"author":{"gitId":"Diatbbin"},"content":"    public InvalidTaskException() {","lastModifiedDate":"2023-01-25"},{"lineNumber":5,"author":{"gitId":"Diatbbin"},"content":"        super(\"I\u0027m sorry, but I don\u0027t know what that means :-(\");","lastModifiedDate":"2023-01-25"},{"lineNumber":6,"author":{"gitId":"Diatbbin"},"content":"    }","lastModifiedDate":"2023-01-25"},{"lineNumber":7,"author":{"gitId":"Diatbbin"},"content":"}","lastModifiedDate":"2023-01-25"}],"authorContributionMap":{"Diatbbin":7}},{"path":"src/main/java/duke/helper/Parser.java","fileType":"java","lines":[{"lineNumber":1,"author":{"gitId":"Diatbbin"},"content":"package duke.helper;","lastModifiedDate":"2023-01-25"},{"lineNumber":2,"author":{"gitId":"Diatbbin"},"content":"","lastModifiedDate":"2023-01-25"},{"lineNumber":3,"author":{"gitId":"Diatbbin"},"content":"import duke.exception.DukeException;","lastModifiedDate":"2023-01-25"},{"lineNumber":4,"author":{"gitId":"Diatbbin"},"content":"import duke.exception.EmptyTaskException;","lastModifiedDate":"2023-01-25"},{"lineNumber":5,"author":{"gitId":"Diatbbin"},"content":"import duke.exception.InvalidTaskException;","lastModifiedDate":"2023-01-25"},{"lineNumber":6,"author":{"gitId":"Diatbbin"},"content":"import duke.task.Deadline;","lastModifiedDate":"2023-01-25"},{"lineNumber":7,"author":{"gitId":"Diatbbin"},"content":"import duke.task.Event;","lastModifiedDate":"2023-01-25"},{"lineNumber":8,"author":{"gitId":"Diatbbin"},"content":"import duke.task.Todo;","lastModifiedDate":"2023-01-25"},{"lineNumber":9,"author":{"gitId":"Diatbbin"},"content":"","lastModifiedDate":"2023-01-25"},{"lineNumber":10,"author":{"gitId":"Diatbbin"},"content":"import java.io.IOException;","lastModifiedDate":"2023-01-24"},{"lineNumber":11,"author":{"gitId":"Diatbbin"},"content":"","lastModifiedDate":"2023-01-24"},{"lineNumber":12,"author":{"gitId":"Diatbbin"},"content":"public class Parser {","lastModifiedDate":"2023-01-24"},{"lineNumber":13,"author":{"gitId":"Diatbbin"},"content":"    public void parseInputs(String[] inputs, TaskList tasks) throws DukeException, IOException {","lastModifiedDate":"2023-01-25"},{"lineNumber":14,"author":{"gitId":"Diatbbin"},"content":"        String type \u003d inputs[0];","lastModifiedDate":"2023-01-24"},{"lineNumber":15,"author":{"gitId":"Diatbbin"},"content":"","lastModifiedDate":"2023-01-24"},{"lineNumber":16,"author":{"gitId":"Diatbbin"},"content":"        switch (type) {","lastModifiedDate":"2023-01-24"},{"lineNumber":17,"author":{"gitId":"Diatbbin"},"content":"            case \"list\":","lastModifiedDate":"2023-01-24"},{"lineNumber":18,"author":{"gitId":"Diatbbin"},"content":"                tasks.outputList();","lastModifiedDate":"2023-01-25"},{"lineNumber":19,"author":{"gitId":"Diatbbin"},"content":"                break;","lastModifiedDate":"2023-01-24"},{"lineNumber":20,"author":{"gitId":"Diatbbin"},"content":"","lastModifiedDate":"2023-01-24"},{"lineNumber":21,"author":{"gitId":"Diatbbin"},"content":"            case \"mark\":","lastModifiedDate":"2023-01-24"},{"lineNumber":22,"author":{"gitId":"Diatbbin"},"content":"                tasks.mark(true, inputs[1]);","lastModifiedDate":"2023-01-25"},{"lineNumber":23,"author":{"gitId":"Diatbbin"},"content":"                break;","lastModifiedDate":"2023-01-24"},{"lineNumber":24,"author":{"gitId":"Diatbbin"},"content":"","lastModifiedDate":"2023-01-24"},{"lineNumber":25,"author":{"gitId":"Diatbbin"},"content":"            case \"unmark\":","lastModifiedDate":"2023-01-24"},{"lineNumber":26,"author":{"gitId":"Diatbbin"},"content":"                tasks.mark(false, inputs[1]);","lastModifiedDate":"2023-01-25"},{"lineNumber":27,"author":{"gitId":"Diatbbin"},"content":"                break;","lastModifiedDate":"2023-01-24"},{"lineNumber":28,"author":{"gitId":"Diatbbin"},"content":"","lastModifiedDate":"2023-01-24"},{"lineNumber":29,"author":{"gitId":"Diatbbin"},"content":"            case \"todo\":","lastModifiedDate":"2023-01-24"},{"lineNumber":30,"author":{"gitId":"Diatbbin"},"content":"                checkTaskDesc(inputs);","lastModifiedDate":"2023-01-24"},{"lineNumber":31,"author":{"gitId":"Diatbbin"},"content":"                tasks.addToTasks(new Todo(inputs[1]));","lastModifiedDate":"2023-01-25"},{"lineNumber":32,"author":{"gitId":"Diatbbin"},"content":"                tasks.handleTaskOutput();","lastModifiedDate":"2023-01-25"},{"lineNumber":33,"author":{"gitId":"Diatbbin"},"content":"                break;","lastModifiedDate":"2023-01-24"},{"lineNumber":34,"author":{"gitId":"Diatbbin"},"content":"","lastModifiedDate":"2023-01-24"},{"lineNumber":35,"author":{"gitId":"Diatbbin"},"content":"            case \"deadline\":","lastModifiedDate":"2023-01-24"},{"lineNumber":36,"author":{"gitId":"Diatbbin"},"content":"                checkTaskDesc(inputs);","lastModifiedDate":"2023-01-24"},{"lineNumber":37,"author":{"gitId":"Diatbbin"},"content":"                tasks.addToTasks(Deadline.createDeadline(inputs[1]));","lastModifiedDate":"2023-01-25"},{"lineNumber":38,"author":{"gitId":"Diatbbin"},"content":"                tasks.handleTaskOutput();","lastModifiedDate":"2023-01-25"},{"lineNumber":39,"author":{"gitId":"Diatbbin"},"content":"                break;","lastModifiedDate":"2023-01-24"},{"lineNumber":40,"author":{"gitId":"Diatbbin"},"content":"","lastModifiedDate":"2023-01-24"},{"lineNumber":41,"author":{"gitId":"Diatbbin"},"content":"            case \"event\":","lastModifiedDate":"2023-01-24"},{"lineNumber":42,"author":{"gitId":"Diatbbin"},"content":"                checkTaskDesc(inputs);","lastModifiedDate":"2023-01-24"},{"lineNumber":43,"author":{"gitId":"Diatbbin"},"content":"                tasks.addToTasks(Event.createEvent(inputs[1]));","lastModifiedDate":"2023-01-25"},{"lineNumber":44,"author":{"gitId":"Diatbbin"},"content":"                tasks.handleTaskOutput();","lastModifiedDate":"2023-01-25"},{"lineNumber":45,"author":{"gitId":"Diatbbin"},"content":"                break;","lastModifiedDate":"2023-01-24"},{"lineNumber":46,"author":{"gitId":"Diatbbin"},"content":"","lastModifiedDate":"2023-01-24"},{"lineNumber":47,"author":{"gitId":"Diatbbin"},"content":"            case \"delete\":","lastModifiedDate":"2023-01-24"},{"lineNumber":48,"author":{"gitId":"Diatbbin"},"content":"                int taskNo \u003d Integer.parseInt(inputs[1]) - 1;","lastModifiedDate":"2023-01-25"},{"lineNumber":49,"author":{"gitId":"Diatbbin"},"content":"                tasks.deleteTask(taskNo);","lastModifiedDate":"2023-01-25"},{"lineNumber":50,"author":{"gitId":"Diatbbin"},"content":"                break;","lastModifiedDate":"2023-01-24"},{"lineNumber":51,"author":{"gitId":"Diatbbin"},"content":"","lastModifiedDate":"2023-01-24"},{"lineNumber":52,"author":{"gitId":"Diatbbin"},"content":"            default:","lastModifiedDate":"2023-01-24"},{"lineNumber":53,"author":{"gitId":"Diatbbin"},"content":"                throw new InvalidTaskException();","lastModifiedDate":"2023-01-24"},{"lineNumber":54,"author":{"gitId":"Diatbbin"},"content":"        }","lastModifiedDate":"2023-01-24"},{"lineNumber":55,"author":{"gitId":"Diatbbin"},"content":"    }","lastModifiedDate":"2023-01-24"},{"lineNumber":56,"author":{"gitId":"Diatbbin"},"content":"","lastModifiedDate":"2023-01-24"},{"lineNumber":57,"author":{"gitId":"Diatbbin"},"content":"    public static void checkTaskDesc(String[] splitStr) throws EmptyTaskException {","lastModifiedDate":"2023-01-24"},{"lineNumber":58,"author":{"gitId":"Diatbbin"},"content":"        if(splitStr.length \u003d\u003d 1) {","lastModifiedDate":"2023-01-24"},{"lineNumber":59,"author":{"gitId":"Diatbbin"},"content":"            throw new EmptyTaskException(splitStr[0]);","lastModifiedDate":"2023-01-24"},{"lineNumber":60,"author":{"gitId":"Diatbbin"},"content":"        }","lastModifiedDate":"2023-01-24"},{"lineNumber":61,"author":{"gitId":"Diatbbin"},"content":"    }","lastModifiedDate":"2023-01-24"},{"lineNumber":62,"author":{"gitId":"Diatbbin"},"content":"}","lastModifiedDate":"2023-01-24"}],"authorContributionMap":{"Diatbbin":62}},{"path":"src/main/java/duke/helper/TaskList.java","fileType":"java","lines":[{"lineNumber":1,"author":{"gitId":"Diatbbin"},"content":"package duke.helper;","lastModifiedDate":"2023-01-25"},{"lineNumber":2,"author":{"gitId":"Diatbbin"},"content":"","lastModifiedDate":"2023-01-25"},{"lineNumber":3,"author":{"gitId":"Diatbbin"},"content":"import duke.exception.InvalidDateTimeException;","lastModifiedDate":"2023-01-25"},{"lineNumber":4,"author":{"gitId":"Diatbbin"},"content":"import duke.storage.*;","lastModifiedDate":"2023-01-25"},{"lineNumber":5,"author":{"gitId":"Diatbbin"},"content":"import duke.task.Deadline;","lastModifiedDate":"2023-01-25"},{"lineNumber":6,"author":{"gitId":"Diatbbin"},"content":"import duke.task.Event;","lastModifiedDate":"2023-01-25"},{"lineNumber":7,"author":{"gitId":"Diatbbin"},"content":"import duke.task.Task;","lastModifiedDate":"2023-01-25"},{"lineNumber":8,"author":{"gitId":"Diatbbin"},"content":"import duke.task.Todo;","lastModifiedDate":"2023-01-25"},{"lineNumber":9,"author":{"gitId":"Diatbbin"},"content":"","lastModifiedDate":"2023-01-25"},{"lineNumber":10,"author":{"gitId":"Diatbbin"},"content":"import java.io.IOException;","lastModifiedDate":"2023-01-25"},{"lineNumber":11,"author":{"gitId":"Diatbbin"},"content":"import java.util.ArrayList;","lastModifiedDate":"2023-01-25"},{"lineNumber":12,"author":{"gitId":"Diatbbin"},"content":"import java.util.Scanner;","lastModifiedDate":"2023-01-25"},{"lineNumber":13,"author":{"gitId":"Diatbbin"},"content":"","lastModifiedDate":"2023-01-25"},{"lineNumber":14,"author":{"gitId":"Diatbbin"},"content":"public class TaskList {","lastModifiedDate":"2023-01-25"},{"lineNumber":15,"author":{"gitId":"Diatbbin"},"content":"    private final ArrayList\u003cTask\u003e inputs \u003d new ArrayList\u003c\u003e();","lastModifiedDate":"2023-01-25"},{"lineNumber":16,"author":{"gitId":"Diatbbin"},"content":"    private Database db;","lastModifiedDate":"2023-01-25"},{"lineNumber":17,"author":{"gitId":"Diatbbin"},"content":"    private Ui ui;","lastModifiedDate":"2023-01-25"},{"lineNumber":18,"author":{"gitId":"Diatbbin"},"content":"    private int size;","lastModifiedDate":"2023-01-25"},{"lineNumber":19,"author":{"gitId":"Diatbbin"},"content":"","lastModifiedDate":"2023-01-25"},{"lineNumber":20,"author":{"gitId":"Diatbbin"},"content":"    public TaskList(Database db, Ui ui) throws IOException, InvalidDateTimeException {","lastModifiedDate":"2023-01-25"},{"lineNumber":21,"author":{"gitId":"Diatbbin"},"content":"        this.db \u003d db;","lastModifiedDate":"2023-01-25"},{"lineNumber":22,"author":{"gitId":"Diatbbin"},"content":"        this.ui \u003d ui;","lastModifiedDate":"2023-01-25"},{"lineNumber":23,"author":{"gitId":"Diatbbin"},"content":"        this.size \u003d 0;","lastModifiedDate":"2023-01-25"},{"lineNumber":24,"author":{"gitId":"Diatbbin"},"content":"        this.updateInputs();","lastModifiedDate":"2023-01-25"},{"lineNumber":25,"author":{"gitId":"Diatbbin"},"content":"    }","lastModifiedDate":"2023-01-25"},{"lineNumber":26,"author":{"gitId":"Diatbbin"},"content":"","lastModifiedDate":"2023-01-25"},{"lineNumber":27,"author":{"gitId":"Diatbbin"},"content":"    public void addToTasks(Task task) {","lastModifiedDate":"2023-01-25"},{"lineNumber":28,"author":{"gitId":"Diatbbin"},"content":"        this.inputs.add(task);","lastModifiedDate":"2023-01-25"},{"lineNumber":29,"author":{"gitId":"Diatbbin"},"content":"        this.size++;","lastModifiedDate":"2023-01-25"},{"lineNumber":30,"author":{"gitId":"Diatbbin"},"content":"    }","lastModifiedDate":"2023-01-25"},{"lineNumber":31,"author":{"gitId":"Diatbbin"},"content":"","lastModifiedDate":"2023-01-25"},{"lineNumber":32,"author":{"gitId":"Diatbbin"},"content":"    public void outputList() {","lastModifiedDate":"2023-01-25"},{"lineNumber":33,"author":{"gitId":"Diatbbin"},"content":"        System.out.println(\"Here are the tasks in your list:\");","lastModifiedDate":"2023-01-25"},{"lineNumber":34,"author":{"gitId":"Diatbbin"},"content":"        for (int i \u003d 0; i \u003c this.size; i++) {","lastModifiedDate":"2023-01-25"},{"lineNumber":35,"author":{"gitId":"Diatbbin"},"content":"            System.out.println((i + 1) + \".\" + this.getTask(i));","lastModifiedDate":"2023-01-25"},{"lineNumber":36,"author":{"gitId":"Diatbbin"},"content":"        }","lastModifiedDate":"2023-01-25"},{"lineNumber":37,"author":{"gitId":"Diatbbin"},"content":"    }","lastModifiedDate":"2023-01-25"},{"lineNumber":38,"author":{"gitId":"Diatbbin"},"content":"","lastModifiedDate":"2023-01-25"},{"lineNumber":39,"author":{"gitId":"Diatbbin"},"content":"    public void deleteTask(int taskNo) throws IOException {","lastModifiedDate":"2023-01-25"},{"lineNumber":40,"author":{"gitId":"Diatbbin"},"content":"        Task task \u003d this.getTask(taskNo);","lastModifiedDate":"2023-01-25"},{"lineNumber":41,"author":{"gitId":"Diatbbin"},"content":"        this.inputs.remove(taskNo);","lastModifiedDate":"2023-01-25"},{"lineNumber":42,"author":{"gitId":"Diatbbin"},"content":"        this.db.updateDatabase(inputs);","lastModifiedDate":"2023-01-25"},{"lineNumber":43,"author":{"gitId":"Diatbbin"},"content":"        this.size--;","lastModifiedDate":"2023-01-25"},{"lineNumber":44,"author":{"gitId":"Diatbbin"},"content":"        ui.showDelete(task, this.size);","lastModifiedDate":"2023-01-25"},{"lineNumber":45,"author":{"gitId":"Diatbbin"},"content":"    }","lastModifiedDate":"2023-01-25"},{"lineNumber":46,"author":{"gitId":"Diatbbin"},"content":"","lastModifiedDate":"2023-01-25"},{"lineNumber":47,"author":{"gitId":"Diatbbin"},"content":"    public int getSize() {","lastModifiedDate":"2023-01-25"},{"lineNumber":48,"author":{"gitId":"Diatbbin"},"content":"        return this.size;","lastModifiedDate":"2023-01-25"},{"lineNumber":49,"author":{"gitId":"Diatbbin"},"content":"    }","lastModifiedDate":"2023-01-25"},{"lineNumber":50,"author":{"gitId":"Diatbbin"},"content":"","lastModifiedDate":"2023-01-25"},{"lineNumber":51,"author":{"gitId":"Diatbbin"},"content":"    public Task getTask(int taskNo) {","lastModifiedDate":"2023-01-25"},{"lineNumber":52,"author":{"gitId":"Diatbbin"},"content":"        return this.inputs.get(taskNo);","lastModifiedDate":"2023-01-25"},{"lineNumber":53,"author":{"gitId":"Diatbbin"},"content":"    }","lastModifiedDate":"2023-01-25"},{"lineNumber":54,"author":{"gitId":"Diatbbin"},"content":"","lastModifiedDate":"2023-01-25"},{"lineNumber":55,"author":{"gitId":"Diatbbin"},"content":"    public void updateInputs() throws IOException, InvalidDateTimeException {","lastModifiedDate":"2023-01-25"},{"lineNumber":56,"author":{"gitId":"Diatbbin"},"content":"        Scanner scanner \u003d new Scanner(db.getFile());","lastModifiedDate":"2023-01-25"},{"lineNumber":57,"author":{"gitId":"Diatbbin"},"content":"        while(scanner.hasNextLine()) {","lastModifiedDate":"2023-01-25"},{"lineNumber":58,"author":{"gitId":"Diatbbin"},"content":"            String task \u003d scanner.nextLine();","lastModifiedDate":"2023-01-25"},{"lineNumber":59,"author":{"gitId":"Diatbbin"},"content":"","lastModifiedDate":"2023-01-25"},{"lineNumber":60,"author":{"gitId":"Diatbbin"},"content":"            char taskType \u003d task.charAt(2);","lastModifiedDate":"2023-01-25"},{"lineNumber":61,"author":{"gitId":"Diatbbin"},"content":"            boolean isMark \u003d task.charAt(5) \u003d\u003d \u0027X\u0027;","lastModifiedDate":"2023-01-25"},{"lineNumber":62,"author":{"gitId":"Diatbbin"},"content":"","lastModifiedDate":"2023-01-25"},{"lineNumber":63,"author":{"gitId":"Diatbbin"},"content":"            switch (taskType) {","lastModifiedDate":"2023-01-25"},{"lineNumber":64,"author":{"gitId":"Diatbbin"},"content":"                case \u0027T\u0027:","lastModifiedDate":"2023-01-25"},{"lineNumber":65,"author":{"gitId":"Diatbbin"},"content":"                    inputs.add(new Todo(task.substring(8)));","lastModifiedDate":"2023-01-25"},{"lineNumber":66,"author":{"gitId":"Diatbbin"},"content":"                    break;","lastModifiedDate":"2023-01-25"},{"lineNumber":67,"author":{"gitId":"Diatbbin"},"content":"                case \u0027D\u0027:","lastModifiedDate":"2023-01-25"},{"lineNumber":68,"author":{"gitId":"Diatbbin"},"content":"                    inputs.add(Deadline.createDeadline(task.substring(8)));","lastModifiedDate":"2023-01-25"},{"lineNumber":69,"author":{"gitId":"Diatbbin"},"content":"                    break;","lastModifiedDate":"2023-01-25"},{"lineNumber":70,"author":{"gitId":"Diatbbin"},"content":"                case \u0027E\u0027:","lastModifiedDate":"2023-01-25"},{"lineNumber":71,"author":{"gitId":"Diatbbin"},"content":"                    inputs.add(Event.createEvent(task.substring(8)));","lastModifiedDate":"2023-01-25"},{"lineNumber":72,"author":{"gitId":"Diatbbin"},"content":"                    break;","lastModifiedDate":"2023-01-25"},{"lineNumber":73,"author":{"gitId":"Diatbbin"},"content":"            }","lastModifiedDate":"2023-01-25"},{"lineNumber":74,"author":{"gitId":"Diatbbin"},"content":"","lastModifiedDate":"2023-01-25"},{"lineNumber":75,"author":{"gitId":"Diatbbin"},"content":"            if(isMark) {","lastModifiedDate":"2023-01-25"},{"lineNumber":76,"author":{"gitId":"Diatbbin"},"content":"                inputs.get(this.size - 1).setIsDone(true);","lastModifiedDate":"2023-01-25"},{"lineNumber":77,"author":{"gitId":"Diatbbin"},"content":"            }","lastModifiedDate":"2023-01-25"},{"lineNumber":78,"author":{"gitId":"Diatbbin"},"content":"        }","lastModifiedDate":"2023-01-25"},{"lineNumber":79,"author":{"gitId":"Diatbbin"},"content":"    }","lastModifiedDate":"2023-01-25"},{"lineNumber":80,"author":{"gitId":"Diatbbin"},"content":"","lastModifiedDate":"2023-01-25"},{"lineNumber":81,"author":{"gitId":"Diatbbin"},"content":"    public void mark(boolean isDone, String taskId) {","lastModifiedDate":"2023-01-25"},{"lineNumber":82,"author":{"gitId":"Diatbbin"},"content":"        int taskNo \u003d Integer.parseInt(taskId) - 1;","lastModifiedDate":"2023-01-25"},{"lineNumber":83,"author":{"gitId":"Diatbbin"},"content":"        Task taskToMark \u003d this.getTask(taskNo);","lastModifiedDate":"2023-01-25"},{"lineNumber":84,"author":{"gitId":"Diatbbin"},"content":"        taskToMark.setIsDone(isDone);","lastModifiedDate":"2023-01-25"},{"lineNumber":85,"author":{"gitId":"Diatbbin"},"content":"        this.ui.showMark(isDone, taskToMark);","lastModifiedDate":"2023-01-25"},{"lineNumber":86,"author":{"gitId":"Diatbbin"},"content":"    }","lastModifiedDate":"2023-01-25"},{"lineNumber":87,"author":{"gitId":"Diatbbin"},"content":"","lastModifiedDate":"2023-01-25"},{"lineNumber":88,"author":{"gitId":"Diatbbin"},"content":"    public void handleTaskOutput() throws IOException {","lastModifiedDate":"2023-01-25"},{"lineNumber":89,"author":{"gitId":"Diatbbin"},"content":"        Task task \u003d this.getTask(this.size - 1);","lastModifiedDate":"2023-01-25"},{"lineNumber":90,"author":{"gitId":"Diatbbin"},"content":"        this.ui.showTaskOutput(task, this.size);","lastModifiedDate":"2023-01-25"},{"lineNumber":91,"author":{"gitId":"Diatbbin"},"content":"        this.db.appendToFile(task.toString());","lastModifiedDate":"2023-01-25"},{"lineNumber":92,"author":{"gitId":"Diatbbin"},"content":"    }","lastModifiedDate":"2023-01-25"},{"lineNumber":93,"author":{"gitId":"Diatbbin"},"content":"}","lastModifiedDate":"2023-01-25"}],"authorContributionMap":{"Diatbbin":93}},{"path":"src/main/java/duke/helper/Ui.java","fileType":"java","lines":[{"lineNumber":1,"author":{"gitId":"Diatbbin"},"content":"package duke.helper;","lastModifiedDate":"2023-01-25"},{"lineNumber":2,"author":{"gitId":"Diatbbin"},"content":"","lastModifiedDate":"2023-01-25"},{"lineNumber":3,"author":{"gitId":"Diatbbin"},"content":"import duke.task.Task;","lastModifiedDate":"2023-01-25"},{"lineNumber":4,"author":{"gitId":"Diatbbin"},"content":"","lastModifiedDate":"2023-01-25"},{"lineNumber":5,"author":{"gitId":"Diatbbin"},"content":"import java.util.Scanner;","lastModifiedDate":"2023-01-24"},{"lineNumber":6,"author":{"gitId":"Diatbbin"},"content":"","lastModifiedDate":"2023-01-24"},{"lineNumber":7,"author":{"gitId":"Diatbbin"},"content":"public class Ui {","lastModifiedDate":"2023-01-24"},{"lineNumber":8,"author":{"gitId":"Diatbbin"},"content":"    private final String line \u003d \"_______________________________________________________________________\";","lastModifiedDate":"2023-01-25"},{"lineNumber":9,"author":{"gitId":"Diatbbin"},"content":"    private Scanner scanner;","lastModifiedDate":"2023-01-24"},{"lineNumber":10,"author":{"gitId":"Diatbbin"},"content":"","lastModifiedDate":"2023-01-24"},{"lineNumber":11,"author":{"gitId":"Diatbbin"},"content":"    public Ui() {","lastModifiedDate":"2023-01-24"},{"lineNumber":12,"author":{"gitId":"Diatbbin"},"content":"        this.scanner \u003d new Scanner(System.in);","lastModifiedDate":"2023-01-24"},{"lineNumber":13,"author":{"gitId":"Diatbbin"},"content":"    }","lastModifiedDate":"2023-01-24"},{"lineNumber":14,"author":{"gitId":"Diatbbin"},"content":"","lastModifiedDate":"2023-01-24"},{"lineNumber":15,"author":{"gitId":"Diatbbin"},"content":"    public void showErrorMsg(String errorType, Exception e, int size) {","lastModifiedDate":"2023-01-25"},{"lineNumber":16,"author":{"gitId":"Diatbbin"},"content":"        switch(errorType) {","lastModifiedDate":"2023-01-25"},{"lineNumber":17,"author":{"gitId":"Diatbbin"},"content":"            case \"IO\":","lastModifiedDate":"2023-01-25"},{"lineNumber":18,"author":{"gitId":"Diatbbin"},"content":"                e.printStackTrace();","lastModifiedDate":"2023-01-25"},{"lineNumber":19,"author":{"gitId":"Diatbbin"},"content":"                break;","lastModifiedDate":"2023-01-25"},{"lineNumber":20,"author":{"gitId":"Diatbbin"},"content":"            case \"duke.Duke\":","lastModifiedDate":"2023-01-25"},{"lineNumber":21,"author":{"gitId":"Diatbbin"},"content":"                System.out.println(e);","lastModifiedDate":"2023-01-25"},{"lineNumber":22,"author":{"gitId":"Diatbbin"},"content":"                break;","lastModifiedDate":"2023-01-25"},{"lineNumber":23,"author":{"gitId":"Diatbbin"},"content":"            case \"NAN\":","lastModifiedDate":"2023-01-25"},{"lineNumber":24,"author":{"gitId":"Diatbbin"},"content":"                System.out.println(\"Mark commands need to be followed by an integer!\");","lastModifiedDate":"2023-01-25"},{"lineNumber":25,"author":{"gitId":"Diatbbin"},"content":"                break;","lastModifiedDate":"2023-01-25"},{"lineNumber":26,"author":{"gitId":"Diatbbin"},"content":"            case \"OutOfBounds\":","lastModifiedDate":"2023-01-25"},{"lineNumber":27,"author":{"gitId":"Diatbbin"},"content":"                System.out.println(String.format(\"Sorry but there are only %d tasks stored!\", size));","lastModifiedDate":"2023-01-25"},{"lineNumber":28,"author":{"gitId":"Diatbbin"},"content":"                break;","lastModifiedDate":"2023-01-25"},{"lineNumber":29,"author":{"gitId":"Diatbbin"},"content":"        }","lastModifiedDate":"2023-01-25"},{"lineNumber":30,"author":{"gitId":"Diatbbin"},"content":"    }","lastModifiedDate":"2023-01-25"},{"lineNumber":31,"author":{"gitId":"Diatbbin"},"content":"","lastModifiedDate":"2023-01-25"},{"lineNumber":32,"author":{"gitId":"Diatbbin"},"content":"    public String getNextLine() {","lastModifiedDate":"2023-01-25"},{"lineNumber":33,"author":{"gitId":"Diatbbin"},"content":"        return this.scanner.nextLine();","lastModifiedDate":"2023-01-25"},{"lineNumber":34,"author":{"gitId":"Diatbbin"},"content":"    }","lastModifiedDate":"2023-01-25"},{"lineNumber":35,"author":{"gitId":"Diatbbin"},"content":"","lastModifiedDate":"2023-01-24"},{"lineNumber":36,"author":{"gitId":"Diatbbin"},"content":"    public void closeScanner() {","lastModifiedDate":"2023-01-25"},{"lineNumber":37,"author":{"gitId":"Diatbbin"},"content":"        this.scanner.close();","lastModifiedDate":"2023-01-25"},{"lineNumber":38,"author":{"gitId":"Diatbbin"},"content":"    }","lastModifiedDate":"2023-01-24"},{"lineNumber":39,"author":{"gitId":"Diatbbin"},"content":"","lastModifiedDate":"2023-01-24"},{"lineNumber":40,"author":{"gitId":"Diatbbin"},"content":"    public void showWelcome() {","lastModifiedDate":"2023-01-24"},{"lineNumber":41,"author":{"gitId":"Diatbbin"},"content":"        this.showLine();","lastModifiedDate":"2023-01-24"},{"lineNumber":42,"author":{"gitId":"Diatbbin"},"content":"        System.out.println(\"Hello! I\u0027m duke.Duke\");","lastModifiedDate":"2023-01-25"},{"lineNumber":43,"author":{"gitId":"Diatbbin"},"content":"        System.out.println(\"What can I do for you?\");","lastModifiedDate":"2023-01-24"},{"lineNumber":44,"author":{"gitId":"Diatbbin"},"content":"        this.showLine();","lastModifiedDate":"2023-01-24"},{"lineNumber":45,"author":{"gitId":"Diatbbin"},"content":"    }","lastModifiedDate":"2023-01-24"},{"lineNumber":46,"author":{"gitId":"Diatbbin"},"content":"","lastModifiedDate":"2023-01-24"},{"lineNumber":47,"author":{"gitId":"Diatbbin"},"content":"    public void showLine() {","lastModifiedDate":"2023-01-24"},{"lineNumber":48,"author":{"gitId":"Diatbbin"},"content":"        System.out.println(this.line);","lastModifiedDate":"2023-01-24"},{"lineNumber":49,"author":{"gitId":"Diatbbin"},"content":"    }","lastModifiedDate":"2023-01-24"},{"lineNumber":50,"author":{"gitId":"Diatbbin"},"content":"","lastModifiedDate":"2023-01-24"},{"lineNumber":51,"author":{"gitId":"Diatbbin"},"content":"    public void showExit() {","lastModifiedDate":"2023-01-24"},{"lineNumber":52,"author":{"gitId":"Diatbbin"},"content":"        System.out.println(\"Bye. Hope to see you again soon!\");","lastModifiedDate":"2023-01-24"},{"lineNumber":53,"author":{"gitId":"Diatbbin"},"content":"        this.showLine();","lastModifiedDate":"2023-01-24"},{"lineNumber":54,"author":{"gitId":"Diatbbin"},"content":"    }","lastModifiedDate":"2023-01-24"},{"lineNumber":55,"author":{"gitId":"Diatbbin"},"content":"","lastModifiedDate":"2023-01-25"},{"lineNumber":56,"author":{"gitId":"Diatbbin"},"content":"    public void showDelete(Task task, int size) {","lastModifiedDate":"2023-01-25"},{"lineNumber":57,"author":{"gitId":"Diatbbin"},"content":"        System.out.println(\"Noted. I\u0027ve removed this task:\");","lastModifiedDate":"2023-01-25"},{"lineNumber":58,"author":{"gitId":"Diatbbin"},"content":"        System.out.println(task);","lastModifiedDate":"2023-01-25"},{"lineNumber":59,"author":{"gitId":"Diatbbin"},"content":"        System.out.println(String.format(\"Now you have %d tasks in the list.\", size));","lastModifiedDate":"2023-01-25"},{"lineNumber":60,"author":{"gitId":"Diatbbin"},"content":"    }","lastModifiedDate":"2023-01-25"},{"lineNumber":61,"author":{"gitId":"Diatbbin"},"content":"","lastModifiedDate":"2023-01-25"},{"lineNumber":62,"author":{"gitId":"Diatbbin"},"content":"    public void showMark(boolean isDone, Task taskToMark) {","lastModifiedDate":"2023-01-25"},{"lineNumber":63,"author":{"gitId":"Diatbbin"},"content":"        if(isDone) {","lastModifiedDate":"2023-01-25"},{"lineNumber":64,"author":{"gitId":"Diatbbin"},"content":"            System.out.println(\"Nice! I\u0027ve marked this task as done:\");","lastModifiedDate":"2023-01-25"},{"lineNumber":65,"author":{"gitId":"Diatbbin"},"content":"        } else {","lastModifiedDate":"2023-01-25"},{"lineNumber":66,"author":{"gitId":"Diatbbin"},"content":"            System.out.println(\"OK, I\u0027ve marked this task as not done yet:\");","lastModifiedDate":"2023-01-25"},{"lineNumber":67,"author":{"gitId":"Diatbbin"},"content":"        }","lastModifiedDate":"2023-01-25"},{"lineNumber":68,"author":{"gitId":"Diatbbin"},"content":"        System.out.println(taskToMark);","lastModifiedDate":"2023-01-25"},{"lineNumber":69,"author":{"gitId":"Diatbbin"},"content":"    }","lastModifiedDate":"2023-01-25"},{"lineNumber":70,"author":{"gitId":"Diatbbin"},"content":"","lastModifiedDate":"2023-01-25"},{"lineNumber":71,"author":{"gitId":"Diatbbin"},"content":"    public void showTaskOutput(Task task, int size) {","lastModifiedDate":"2023-01-25"},{"lineNumber":72,"author":{"gitId":"Diatbbin"},"content":"        System.out.println(\"Got it. I\u0027ve added this task:\");","lastModifiedDate":"2023-01-25"},{"lineNumber":73,"author":{"gitId":"Diatbbin"},"content":"        System.out.println(task);","lastModifiedDate":"2023-01-25"},{"lineNumber":74,"author":{"gitId":"Diatbbin"},"content":"        System.out.println(\"Now you have \" + size + \" tasks in the list.\");","lastModifiedDate":"2023-01-25"},{"lineNumber":75,"author":{"gitId":"Diatbbin"},"content":"    }","lastModifiedDate":"2023-01-25"},{"lineNumber":76,"author":{"gitId":"Diatbbin"},"content":"}","lastModifiedDate":"2023-01-24"}],"authorContributionMap":{"Diatbbin":76}},{"path":"src/main/java/duke/storage/Database.java","fileType":"java","lines":[{"lineNumber":1,"author":{"gitId":"Diatbbin"},"content":"package duke.storage;","lastModifiedDate":"2023-01-25"},{"lineNumber":2,"author":{"gitId":"Diatbbin"},"content":"","lastModifiedDate":"2023-01-25"},{"lineNumber":3,"author":{"gitId":"Diatbbin"},"content":"import duke.task.Task;","lastModifiedDate":"2023-01-25"},{"lineNumber":4,"author":{"gitId":"Diatbbin"},"content":"","lastModifiedDate":"2023-01-25"},{"lineNumber":5,"author":{"gitId":"Diatbbin"},"content":"import java.io.BufferedWriter;","lastModifiedDate":"2023-01-24"},{"lineNumber":6,"author":{"gitId":"Diatbbin"},"content":"import java.io.File;","lastModifiedDate":"2023-01-24"},{"lineNumber":7,"author":{"gitId":"Diatbbin"},"content":"import java.io.FileWriter;","lastModifiedDate":"2023-01-24"},{"lineNumber":8,"author":{"gitId":"Diatbbin"},"content":"import java.io.IOException;","lastModifiedDate":"2023-01-24"},{"lineNumber":9,"author":{"gitId":"Diatbbin"},"content":"import java.nio.file.Files;","lastModifiedDate":"2023-01-24"},{"lineNumber":10,"author":{"gitId":"Diatbbin"},"content":"import java.nio.file.Path;","lastModifiedDate":"2023-01-24"},{"lineNumber":11,"author":{"gitId":"Diatbbin"},"content":"import java.nio.file.Paths;","lastModifiedDate":"2023-01-24"},{"lineNumber":12,"author":{"gitId":"Diatbbin"},"content":"import java.util.ArrayList;","lastModifiedDate":"2023-01-24"},{"lineNumber":13,"author":{"gitId":"Diatbbin"},"content":"","lastModifiedDate":"2023-01-24"},{"lineNumber":14,"author":{"gitId":"Diatbbin"},"content":"public class Database {","lastModifiedDate":"2023-01-24"},{"lineNumber":15,"author":{"gitId":"Diatbbin"},"content":"    private File file;","lastModifiedDate":"2023-01-24"},{"lineNumber":16,"author":{"gitId":"Diatbbin"},"content":"","lastModifiedDate":"2023-01-24"},{"lineNumber":17,"author":{"gitId":"Diatbbin"},"content":"    public Database(String relFilePath) throws IOException {","lastModifiedDate":"2023-01-24"},{"lineNumber":18,"author":{"gitId":"Diatbbin"},"content":"        String home \u003d System.getProperty(\"user.home\");","lastModifiedDate":"2023-01-24"},{"lineNumber":19,"author":{"gitId":"Diatbbin"},"content":"        Path dirPath \u003d Paths.get(home, \"cs2103t/ip\", relFilePath.split(\"/\")[0]);","lastModifiedDate":"2023-01-24"},{"lineNumber":20,"author":{"gitId":"Diatbbin"},"content":"        Files.createDirectories(dirPath);","lastModifiedDate":"2023-01-24"},{"lineNumber":21,"author":{"gitId":"Diatbbin"},"content":"","lastModifiedDate":"2023-01-24"},{"lineNumber":22,"author":{"gitId":"Diatbbin"},"content":"        Path absFilePath \u003d Paths.get(dirPath.toString(), relFilePath.split(\"/\")[1]);","lastModifiedDate":"2023-01-24"},{"lineNumber":23,"author":{"gitId":"Diatbbin"},"content":"        this.file \u003d new File(absFilePath.toString());","lastModifiedDate":"2023-01-24"},{"lineNumber":24,"author":{"gitId":"Diatbbin"},"content":"        file.createNewFile();","lastModifiedDate":"2023-01-24"},{"lineNumber":25,"author":{"gitId":"Diatbbin"},"content":"    }","lastModifiedDate":"2023-01-24"},{"lineNumber":26,"author":{"gitId":"Diatbbin"},"content":"","lastModifiedDate":"2023-01-24"},{"lineNumber":27,"author":{"gitId":"Diatbbin"},"content":"    public void updateDatabase(ArrayList\u003cTask\u003e task) throws IOException {","lastModifiedDate":"2023-01-24"},{"lineNumber":28,"author":{"gitId":"Diatbbin"},"content":"        file.delete();","lastModifiedDate":"2023-01-24"},{"lineNumber":29,"author":{"gitId":"Diatbbin"},"content":"        file.createNewFile();","lastModifiedDate":"2023-01-24"},{"lineNumber":30,"author":{"gitId":"Diatbbin"},"content":"        for(Task t : task) {","lastModifiedDate":"2023-01-24"},{"lineNumber":31,"author":{"gitId":"Diatbbin"},"content":"            appendToFile(t.toString());","lastModifiedDate":"2023-01-24"},{"lineNumber":32,"author":{"gitId":"Diatbbin"},"content":"        }","lastModifiedDate":"2023-01-24"},{"lineNumber":33,"author":{"gitId":"Diatbbin"},"content":"    }","lastModifiedDate":"2023-01-24"},{"lineNumber":34,"author":{"gitId":"Diatbbin"},"content":"","lastModifiedDate":"2023-01-24"},{"lineNumber":35,"author":{"gitId":"Diatbbin"},"content":"    public void appendToFile(String textToAppend) throws IOException {","lastModifiedDate":"2023-01-24"},{"lineNumber":36,"author":{"gitId":"Diatbbin"},"content":"        BufferedWriter fw \u003d new BufferedWriter(new FileWriter(file, true));","lastModifiedDate":"2023-01-24"},{"lineNumber":37,"author":{"gitId":"Diatbbin"},"content":"        fw.write(textToAppend);","lastModifiedDate":"2023-01-24"},{"lineNumber":38,"author":{"gitId":"Diatbbin"},"content":"        fw.newLine();","lastModifiedDate":"2023-01-24"},{"lineNumber":39,"author":{"gitId":"Diatbbin"},"content":"        fw.close();","lastModifiedDate":"2023-01-24"},{"lineNumber":40,"author":{"gitId":"Diatbbin"},"content":"    }","lastModifiedDate":"2023-01-24"},{"lineNumber":41,"author":{"gitId":"Diatbbin"},"content":"","lastModifiedDate":"2023-01-25"},{"lineNumber":42,"author":{"gitId":"Diatbbin"},"content":"    public File getFile() {","lastModifiedDate":"2023-01-25"},{"lineNumber":43,"author":{"gitId":"Diatbbin"},"content":"        return this.file;","lastModifiedDate":"2023-01-25"},{"lineNumber":44,"author":{"gitId":"Diatbbin"},"content":"    }","lastModifiedDate":"2023-01-25"},{"lineNumber":45,"author":{"gitId":"Diatbbin"},"content":"}","lastModifiedDate":"2023-01-24"}],"authorContributionMap":{"Diatbbin":45}},{"path":"src/main/java/duke/task/Deadline.java","fileType":"java","lines":[{"lineNumber":1,"author":{"gitId":"Diatbbin"},"content":"package duke.task;","lastModifiedDate":"2023-01-25"},{"lineNumber":2,"author":{"gitId":"Diatbbin"},"content":"","lastModifiedDate":"2023-01-25"},{"lineNumber":3,"author":{"gitId":"Diatbbin"},"content":"import duke.exception.InvalidDateTimeException;","lastModifiedDate":"2023-01-25"},{"lineNumber":4,"author":{"gitId":"Diatbbin"},"content":"","lastModifiedDate":"2023-01-25"},{"lineNumber":5,"author":{"gitId":"Diatbbin"},"content":"import java.time.LocalDateTime;","lastModifiedDate":"2023-01-24"},{"lineNumber":6,"author":{"gitId":"Diatbbin"},"content":"","lastModifiedDate":"2023-01-24"},{"lineNumber":7,"author":{"gitId":"Diatbbin"},"content":"public class Deadline extends Task {","lastModifiedDate":"2023-01-17"},{"lineNumber":8,"author":{"gitId":"Diatbbin"},"content":"    private LocalDateTime dueDateTime;","lastModifiedDate":"2023-01-24"},{"lineNumber":9,"author":{"gitId":"Diatbbin"},"content":"","lastModifiedDate":"2023-01-17"},{"lineNumber":10,"author":{"gitId":"Diatbbin"},"content":"    public Deadline(String description, String by) throws InvalidDateTimeException {","lastModifiedDate":"2023-01-24"},{"lineNumber":11,"author":{"gitId":"Diatbbin"},"content":"        super(description);","lastModifiedDate":"2023-01-17"},{"lineNumber":12,"author":{"gitId":"Diatbbin"},"content":"        this.dueDateTime \u003d handleDateTime(by);","lastModifiedDate":"2023-01-24"},{"lineNumber":13,"author":{"gitId":"Diatbbin"},"content":"    }","lastModifiedDate":"2023-01-17"},{"lineNumber":14,"author":{"gitId":"Diatbbin"},"content":"","lastModifiedDate":"2023-01-24"},{"lineNumber":15,"author":{"gitId":"Diatbbin"},"content":"    public static Deadline createDeadline(String desc) throws InvalidDateTimeException {","lastModifiedDate":"2023-01-24"},{"lineNumber":16,"author":{"gitId":"Diatbbin"},"content":"        String[] deadlineArr \u003d desc.split(\" /by \");","lastModifiedDate":"2023-01-24"},{"lineNumber":17,"author":{"gitId":"Diatbbin"},"content":"        String deadlineDesc \u003d deadlineArr[0].trim();","lastModifiedDate":"2023-01-24"},{"lineNumber":18,"author":{"gitId":"Diatbbin"},"content":"        String by \u003d deadlineArr[1];","lastModifiedDate":"2023-01-24"},{"lineNumber":19,"author":{"gitId":"Diatbbin"},"content":"        return new Deadline(deadlineDesc, by);","lastModifiedDate":"2023-01-24"},{"lineNumber":20,"author":{"gitId":"Diatbbin"},"content":"    }","lastModifiedDate":"2023-01-24"},{"lineNumber":21,"author":{"gitId":"Diatbbin"},"content":"","lastModifiedDate":"2023-01-24"},{"lineNumber":22,"author":{"gitId":"Diatbbin"},"content":"    @Override","lastModifiedDate":"2023-01-17"},{"lineNumber":23,"author":{"gitId":"Diatbbin"},"content":"    public String toString() {","lastModifiedDate":"2023-01-17"},{"lineNumber":24,"author":{"gitId":"Diatbbin"},"content":"        return String.format(\"[D]%s (by: %s %s)\", super.toString(),","lastModifiedDate":"2023-01-24"},{"lineNumber":25,"author":{"gitId":"Diatbbin"},"content":"                dueDateTime.toLocalDate(), dueDateTime.toLocalTime());","lastModifiedDate":"2023-01-24"},{"lineNumber":26,"author":{"gitId":"Diatbbin"},"content":"    }","lastModifiedDate":"2023-01-17"},{"lineNumber":27,"author":{"gitId":"Diatbbin"},"content":"}","lastModifiedDate":"2023-01-17"}],"authorContributionMap":{"Diatbbin":27}},{"path":"src/main/java/duke/task/Event.java","fileType":"java","lines":[{"lineNumber":1,"author":{"gitId":"Diatbbin"},"content":"package duke.task;","lastModifiedDate":"2023-01-25"},{"lineNumber":2,"author":{"gitId":"Diatbbin"},"content":"","lastModifiedDate":"2023-01-25"},{"lineNumber":3,"author":{"gitId":"Diatbbin"},"content":"import duke.exception.InvalidDateTimeException;","lastModifiedDate":"2023-01-25"},{"lineNumber":4,"author":{"gitId":"Diatbbin"},"content":"","lastModifiedDate":"2023-01-25"},{"lineNumber":5,"author":{"gitId":"Diatbbin"},"content":"import java.time.LocalDateTime;","lastModifiedDate":"2023-01-24"},{"lineNumber":6,"author":{"gitId":"Diatbbin"},"content":"","lastModifiedDate":"2023-01-24"},{"lineNumber":7,"author":{"gitId":"Diatbbin"},"content":"public class Event extends Task {","lastModifiedDate":"2023-01-17"},{"lineNumber":8,"author":{"gitId":"Diatbbin"},"content":"    private LocalDateTime startDateTime;","lastModifiedDate":"2023-01-24"},{"lineNumber":9,"author":{"gitId":"Diatbbin"},"content":"    private LocalDateTime dueDateTime;","lastModifiedDate":"2023-01-24"},{"lineNumber":10,"author":{"gitId":"Diatbbin"},"content":"","lastModifiedDate":"2023-01-17"},{"lineNumber":11,"author":{"gitId":"Diatbbin"},"content":"    public Event(String description, String from, String to) throws InvalidDateTimeException {","lastModifiedDate":"2023-01-24"},{"lineNumber":12,"author":{"gitId":"Diatbbin"},"content":"        super(description);","lastModifiedDate":"2023-01-17"},{"lineNumber":13,"author":{"gitId":"Diatbbin"},"content":"","lastModifiedDate":"2023-01-17"},{"lineNumber":14,"author":{"gitId":"Diatbbin"},"content":"        this.startDateTime \u003d handleDateTime(from);","lastModifiedDate":"2023-01-24"},{"lineNumber":15,"author":{"gitId":"Diatbbin"},"content":"        this.dueDateTime \u003d handleDateTime(to);","lastModifiedDate":"2023-01-24"},{"lineNumber":16,"author":{"gitId":"Diatbbin"},"content":"    }","lastModifiedDate":"2023-01-17"},{"lineNumber":17,"author":{"gitId":"Diatbbin"},"content":"","lastModifiedDate":"2023-01-24"},{"lineNumber":18,"author":{"gitId":"Diatbbin"},"content":"    public static Event createEvent(String desc) throws InvalidDateTimeException {","lastModifiedDate":"2023-01-24"},{"lineNumber":19,"author":{"gitId":"Diatbbin"},"content":"        String[] eventArr \u003d desc.split(\" /from \");","lastModifiedDate":"2023-01-24"},{"lineNumber":20,"author":{"gitId":"Diatbbin"},"content":"        String[] dataTimes \u003d eventArr[1].split(\" /to \");","lastModifiedDate":"2023-01-24"},{"lineNumber":21,"author":{"gitId":"Diatbbin"},"content":"        String eventDesc \u003d eventArr[0].trim();","lastModifiedDate":"2023-01-24"},{"lineNumber":22,"author":{"gitId":"Diatbbin"},"content":"        String from \u003d dataTimes[0].trim();","lastModifiedDate":"2023-01-24"},{"lineNumber":23,"author":{"gitId":"Diatbbin"},"content":"        String to \u003d dataTimes[1].trim();","lastModifiedDate":"2023-01-24"},{"lineNumber":24,"author":{"gitId":"Diatbbin"},"content":"        return new Event(eventDesc, from, to);","lastModifiedDate":"2023-01-24"},{"lineNumber":25,"author":{"gitId":"Diatbbin"},"content":"    }","lastModifiedDate":"2023-01-24"},{"lineNumber":26,"author":{"gitId":"Diatbbin"},"content":"","lastModifiedDate":"2023-01-24"},{"lineNumber":27,"author":{"gitId":"Diatbbin"},"content":"    @Override","lastModifiedDate":"2023-01-17"},{"lineNumber":28,"author":{"gitId":"Diatbbin"},"content":"    public String toString() {","lastModifiedDate":"2023-01-17"},{"lineNumber":29,"author":{"gitId":"Diatbbin"},"content":"        return String.format(\"[E]%s (from: %s %s to: %s %s)\", super.toString(),","lastModifiedDate":"2023-01-24"},{"lineNumber":30,"author":{"gitId":"Diatbbin"},"content":"                this.startDateTime.toLocalDate(), this.startDateTime.toLocalTime(),","lastModifiedDate":"2023-01-24"},{"lineNumber":31,"author":{"gitId":"Diatbbin"},"content":"                this.dueDateTime.toLocalDate(), this.startDateTime.toLocalTime());","lastModifiedDate":"2023-01-24"},{"lineNumber":32,"author":{"gitId":"Diatbbin"},"content":"    }","lastModifiedDate":"2023-01-17"},{"lineNumber":33,"author":{"gitId":"Diatbbin"},"content":"}","lastModifiedDate":"2023-01-17"}],"authorContributionMap":{"Diatbbin":33}},{"path":"src/main/java/duke/task/Task.java","fileType":"java","lines":[{"lineNumber":1,"author":{"gitId":"Diatbbin"},"content":"package duke.task;","lastModifiedDate":"2023-01-25"},{"lineNumber":2,"author":{"gitId":"Diatbbin"},"content":"","lastModifiedDate":"2023-01-25"},{"lineNumber":3,"author":{"gitId":"Diatbbin"},"content":"import duke.exception.InvalidDateTimeException;","lastModifiedDate":"2023-01-25"},{"lineNumber":4,"author":{"gitId":"Diatbbin"},"content":"","lastModifiedDate":"2023-01-25"},{"lineNumber":5,"author":{"gitId":"Diatbbin"},"content":"import java.time.DateTimeException;","lastModifiedDate":"2023-01-24"},{"lineNumber":6,"author":{"gitId":"Diatbbin"},"content":"import java.time.LocalDateTime;","lastModifiedDate":"2023-01-24"},{"lineNumber":7,"author":{"gitId":"Diatbbin"},"content":"","lastModifiedDate":"2023-01-24"},{"lineNumber":8,"author":{"gitId":"Diatbbin"},"content":"public class Task {","lastModifiedDate":"2023-01-17"},{"lineNumber":9,"author":{"gitId":"Diatbbin"},"content":"    private String description;","lastModifiedDate":"2023-01-24"},{"lineNumber":10,"author":{"gitId":"Diatbbin"},"content":"    private boolean isDone;","lastModifiedDate":"2023-01-24"},{"lineNumber":11,"author":{"gitId":"Diatbbin"},"content":"","lastModifiedDate":"2023-01-17"},{"lineNumber":12,"author":{"gitId":"Diatbbin"},"content":"    public Task(String description) {","lastModifiedDate":"2023-01-17"},{"lineNumber":13,"author":{"gitId":"Diatbbin"},"content":"        this.description \u003d description;","lastModifiedDate":"2023-01-17"},{"lineNumber":14,"author":{"gitId":"Diatbbin"},"content":"        this.isDone \u003d false;","lastModifiedDate":"2023-01-17"},{"lineNumber":15,"author":{"gitId":"Diatbbin"},"content":"    }","lastModifiedDate":"2023-01-17"},{"lineNumber":16,"author":{"gitId":"Diatbbin"},"content":"","lastModifiedDate":"2023-01-17"},{"lineNumber":17,"author":{"gitId":"Diatbbin"},"content":"    public String getStatusIcon() {","lastModifiedDate":"2023-01-17"},{"lineNumber":18,"author":{"gitId":"Diatbbin"},"content":"        return (isDone ? \"X\" : \" \");","lastModifiedDate":"2023-01-17"},{"lineNumber":19,"author":{"gitId":"Diatbbin"},"content":"    }","lastModifiedDate":"2023-01-17"},{"lineNumber":20,"author":{"gitId":"Diatbbin"},"content":"","lastModifiedDate":"2023-01-17"},{"lineNumber":21,"author":{"gitId":"Diatbbin"},"content":"    public void setIsDone(boolean isDone) {","lastModifiedDate":"2023-01-17"},{"lineNumber":22,"author":{"gitId":"Diatbbin"},"content":"        this.isDone \u003d isDone;","lastModifiedDate":"2023-01-17"},{"lineNumber":23,"author":{"gitId":"Diatbbin"},"content":"    }","lastModifiedDate":"2023-01-17"},{"lineNumber":24,"author":{"gitId":"Diatbbin"},"content":"","lastModifiedDate":"2023-01-17"},{"lineNumber":25,"author":{"gitId":"Diatbbin"},"content":"    public LocalDateTime handleDateTime(String dateTime) throws InvalidDateTimeException {","lastModifiedDate":"2023-01-24"},{"lineNumber":26,"author":{"gitId":"Diatbbin"},"content":"        try {","lastModifiedDate":"2023-01-24"},{"lineNumber":27,"author":{"gitId":"Diatbbin"},"content":"            String[] period \u003d dateTime.split(\"/\", 3);","lastModifiedDate":"2023-01-24"},{"lineNumber":28,"author":{"gitId":"Diatbbin"},"content":"            String[] yearTime \u003d period[2].split(\" \");","lastModifiedDate":"2023-01-24"},{"lineNumber":29,"author":{"gitId":"Diatbbin"},"content":"            int year \u003d Integer.parseInt(yearTime[0]);","lastModifiedDate":"2023-01-24"},{"lineNumber":30,"author":{"gitId":"Diatbbin"},"content":"            int month \u003d Integer.parseInt(period[1]);","lastModifiedDate":"2023-01-24"},{"lineNumber":31,"author":{"gitId":"Diatbbin"},"content":"            int day \u003d Integer.parseInt(period[0]);","lastModifiedDate":"2023-01-24"},{"lineNumber":32,"author":{"gitId":"Diatbbin"},"content":"            int hour \u003d Integer.parseInt(yearTime[1].substring(0, 2));","lastModifiedDate":"2023-01-24"},{"lineNumber":33,"author":{"gitId":"Diatbbin"},"content":"            int min \u003d Integer.parseInt(yearTime[1].substring(2));","lastModifiedDate":"2023-01-24"},{"lineNumber":34,"author":{"gitId":"Diatbbin"},"content":"            return LocalDateTime.of(year, month, day, hour, min);","lastModifiedDate":"2023-01-24"},{"lineNumber":35,"author":{"gitId":"Diatbbin"},"content":"        } catch (NumberFormatException | IndexOutOfBoundsException | DateTimeException e) {","lastModifiedDate":"2023-01-24"},{"lineNumber":36,"author":{"gitId":"Diatbbin"},"content":"            throw new InvalidDateTimeException();","lastModifiedDate":"2023-01-24"},{"lineNumber":37,"author":{"gitId":"Diatbbin"},"content":"        }","lastModifiedDate":"2023-01-24"},{"lineNumber":38,"author":{"gitId":"Diatbbin"},"content":"    }","lastModifiedDate":"2023-01-24"},{"lineNumber":39,"author":{"gitId":"Diatbbin"},"content":"","lastModifiedDate":"2023-01-24"},{"lineNumber":40,"author":{"gitId":"Diatbbin"},"content":"    @Override","lastModifiedDate":"2023-01-17"},{"lineNumber":41,"author":{"gitId":"Diatbbin"},"content":"    public String toString() {","lastModifiedDate":"2023-01-17"},{"lineNumber":42,"author":{"gitId":"Diatbbin"},"content":"        return String.format(\"[%s] %s\",this.getStatusIcon(), this.description);","lastModifiedDate":"2023-01-24"},{"lineNumber":43,"author":{"gitId":"Diatbbin"},"content":"    }","lastModifiedDate":"2023-01-17"},{"lineNumber":44,"author":{"gitId":"Diatbbin"},"content":"}","lastModifiedDate":"2023-01-17"}],"authorContributionMap":{"Diatbbin":44}},{"path":"src/main/java/duke/task/Todo.java","fileType":"java","lines":[{"lineNumber":1,"author":{"gitId":"Diatbbin"},"content":"package duke.task;","lastModifiedDate":"2023-01-25"},{"lineNumber":2,"author":{"gitId":"Diatbbin"},"content":"","lastModifiedDate":"2023-01-25"},{"lineNumber":3,"author":{"gitId":"Diatbbin"},"content":"public class Todo extends Task {","lastModifiedDate":"2023-01-17"},{"lineNumber":4,"author":{"gitId":"Diatbbin"},"content":"    public Todo(String description) {","lastModifiedDate":"2023-01-17"},{"lineNumber":5,"author":{"gitId":"Diatbbin"},"content":"        super(description);","lastModifiedDate":"2023-01-17"},{"lineNumber":6,"author":{"gitId":"Diatbbin"},"content":"    }","lastModifiedDate":"2023-01-17"},{"lineNumber":7,"author":{"gitId":"Diatbbin"},"content":"","lastModifiedDate":"2023-01-17"},{"lineNumber":8,"author":{"gitId":"Diatbbin"},"content":"    @Override","lastModifiedDate":"2023-01-17"},{"lineNumber":9,"author":{"gitId":"Diatbbin"},"content":"    public String toString() {","lastModifiedDate":"2023-01-17"},{"lineNumber":10,"author":{"gitId":"Diatbbin"},"content":"        return String.format(\"[T]%s\", super.toString());","lastModifiedDate":"2023-01-24"},{"lineNumber":11,"author":{"gitId":"Diatbbin"},"content":"    }","lastModifiedDate":"2023-01-17"},{"lineNumber":12,"author":{"gitId":"Diatbbin"},"content":"}","lastModifiedDate":"2023-01-17"}],"authorContributionMap":{"Diatbbin":12}},{"path":"text-ui-test/input.txt","fileType":"txt","lines":[{"lineNumber":1,"author":{"gitId":"Diatbbin"},"content":"deadline return book /by 24/1/2023 1400","lastModifiedDate":"2023-01-24"},{"lineNumber":2,"author":{"gitId":"Diatbbin"},"content":"event project meeting /from 25/1/2023 1400 /to 25/1/2023 1600","lastModifiedDate":"2023-01-24"},{"lineNumber":3,"author":{"gitId":"Diatbbin"},"content":"deadline do homework /by 26/1/2023 1500","lastModifiedDate":"2023-01-24"},{"lineNumber":4,"author":{"gitId":"Diatbbin"},"content":"","lastModifiedDate":"2023-01-19"},{"lineNumber":5,"author":{"gitId":"Diatbbin"},"content":"todo borrow book","lastModifiedDate":"2023-01-17"},{"lineNumber":6,"author":{"gitId":"Diatbbin"},"content":"list","lastModifiedDate":"2023-01-19"},{"lineNumber":7,"author":{"gitId":"Diatbbin"},"content":"mark 2","lastModifiedDate":"2023-01-19"},{"lineNumber":8,"author":{"gitId":"Diatbbin"},"content":"unmark 2","lastModifiedDate":"2023-01-19"},{"lineNumber":9,"author":{"gitId":"Diatbbin"},"content":"mark 4","lastModifiedDate":"2023-01-17"},{"lineNumber":10,"author":{"gitId":"Diatbbin"},"content":"list","lastModifiedDate":"2023-01-17"},{"lineNumber":11,"author":{"gitId":"Diatbbin"},"content":"todo","lastModifiedDate":"2023-01-19"},{"lineNumber":12,"author":{"gitId":"Diatbbin"},"content":"blah","lastModifiedDate":"2023-01-19"},{"lineNumber":13,"author":{"gitId":"Diatbbin"},"content":"delete 3","lastModifiedDate":"2023-01-19"},{"lineNumber":14,"author":{"gitId":"Diatbbin"},"content":"list","lastModifiedDate":"2023-01-19"},{"lineNumber":15,"author":{"gitId":"Diatbbin"},"content":"mark 4","lastModifiedDate":"2023-01-19"},{"lineNumber":16,"author":{"gitId":"Diatbbin"},"content":"mark test","lastModifiedDate":"2023-01-19"},{"lineNumber":17,"author":{"gitId":"Diatbbin"},"content":"deadline do homework /by 26/1/2023 2500","lastModifiedDate":"2023-01-24"}],"authorContributionMap":{"Diatbbin":17}},{"path":"text-ui-test/runtest.sh","fileType":"sh","lines":[{"lineNumber":1,"author":{"gitId":"-"},"content":"#!/usr/bin/env bash","lastModifiedDate":"2020-05-25"},{"lineNumber":2,"author":{"gitId":"-"},"content":"","lastModifiedDate":"2020-05-25"},{"lineNumber":3,"author":{"gitId":"-"},"content":"# create bin directory if it doesn\u0027t exist","lastModifiedDate":"2020-05-25"},{"lineNumber":4,"author":{"gitId":"-"},"content":"if [ ! -d \"../bin\" ]","lastModifiedDate":"2020-05-25"},{"lineNumber":5,"author":{"gitId":"-"},"content":"then","lastModifiedDate":"2020-05-25"},{"lineNumber":6,"author":{"gitId":"-"},"content":"    mkdir ../bin","lastModifiedDate":"2020-05-25"},{"lineNumber":7,"author":{"gitId":"-"},"content":"fi","lastModifiedDate":"2020-05-25"},{"lineNumber":8,"author":{"gitId":"-"},"content":"","lastModifiedDate":"2020-05-25"},{"lineNumber":9,"author":{"gitId":"-"},"content":"# delete output from previous run","lastModifiedDate":"2020-05-25"},{"lineNumber":10,"author":{"gitId":"-"},"content":"if [ -e \"./ACTUAL.TXT\" ]","lastModifiedDate":"2020-05-25"},{"lineNumber":11,"author":{"gitId":"-"},"content":"then","lastModifiedDate":"2020-05-25"},{"lineNumber":12,"author":{"gitId":"-"},"content":"    rm ACTUAL.TXT","lastModifiedDate":"2020-05-25"},{"lineNumber":13,"author":{"gitId":"-"},"content":"fi","lastModifiedDate":"2020-05-25"},{"lineNumber":14,"author":{"gitId":"-"},"content":"","lastModifiedDate":"2020-05-25"},{"lineNumber":15,"author":{"gitId":"-"},"content":"# compile the code into the bin folder, terminates if error occurred","lastModifiedDate":"2020-05-25"},{"lineNumber":16,"author":{"gitId":"Diatbbin"},"content":"if ! javac -cp ../src/main/java -Xlint:none -d ../bin ../src/main/java/duke/*.java","lastModifiedDate":"2023-01-25"},{"lineNumber":17,"author":{"gitId":"-"},"content":"then","lastModifiedDate":"2020-05-25"},{"lineNumber":18,"author":{"gitId":"-"},"content":"    echo \"********** BUILD FAILURE **********\"","lastModifiedDate":"2020-05-25"},{"lineNumber":19,"author":{"gitId":"-"},"content":"    exit 1","lastModifiedDate":"2020-05-25"},{"lineNumber":20,"author":{"gitId":"-"},"content":"fi","lastModifiedDate":"2020-05-25"},{"lineNumber":21,"author":{"gitId":"-"},"content":"","lastModifiedDate":"2020-05-25"},{"lineNumber":22,"author":{"gitId":"Diatbbin"},"content":"# run the program, feed commands from input.txt file and redirect the output to the EXPECTED.TXT","lastModifiedDate":"2023-01-19"},{"lineNumber":23,"author":{"gitId":"Diatbbin"},"content":"java -classpath ../bin duke/Duke \u003c input.txt \u003e ACTUAL.TXT","lastModifiedDate":"2023-01-25"},{"lineNumber":24,"author":{"gitId":"-"},"content":"","lastModifiedDate":"2020-05-25"},{"lineNumber":25,"author":{"gitId":"-"},"content":"# convert to UNIX format","lastModifiedDate":"2020-05-25"},{"lineNumber":26,"author":{"gitId":"-"},"content":"cp EXPECTED.TXT EXPECTED-UNIX.TXT","lastModifiedDate":"2020-05-25"},{"lineNumber":27,"author":{"gitId":"-"},"content":"dos2unix ACTUAL.TXT EXPECTED-UNIX.TXT","lastModifiedDate":"2020-05-25"},{"lineNumber":28,"author":{"gitId":"-"},"content":"","lastModifiedDate":"2020-05-25"},{"lineNumber":29,"author":{"gitId":"-"},"content":"# compare the output to the expected output","lastModifiedDate":"2020-05-25"},{"lineNumber":30,"author":{"gitId":"-"},"content":"diff ACTUAL.TXT EXPECTED-UNIX.TXT","lastModifiedDate":"2020-05-25"},{"lineNumber":31,"author":{"gitId":"-"},"content":"if [ $? -eq 0 ]","lastModifiedDate":"2020-05-25"},{"lineNumber":32,"author":{"gitId":"-"},"content":"then","lastModifiedDate":"2020-05-25"},{"lineNumber":33,"author":{"gitId":"-"},"content":"    echo \"Test result: PASSED\"","lastModifiedDate":"2020-05-25"},{"lineNumber":34,"author":{"gitId":"-"},"content":"    exit 0","lastModifiedDate":"2020-05-25"},{"lineNumber":35,"author":{"gitId":"-"},"content":"else","lastModifiedDate":"2020-05-25"},{"lineNumber":36,"author":{"gitId":"-"},"content":"    echo \"Test result: FAILED\"","lastModifiedDate":"2020-05-25"},{"lineNumber":37,"author":{"gitId":"-"},"content":"    exit 1","lastModifiedDate":"2020-05-25"},{"lineNumber":38,"author":{"gitId":"-"},"content":"fi","lastModifiedDate":"2020-05-25"}],"authorContributionMap":{"Diatbbin":3,"-":35}}]
