[{"path":"src/main/java/Deadline.java","fileType":"java","lines":[{"lineNumber":1,"author":{"gitId":"Diatbbin"},"content":"public class Deadline extends Task {","lastModifiedDate":"2023-01-17"},{"lineNumber":2,"author":{"gitId":"Diatbbin"},"content":"    protected String by;","lastModifiedDate":"2023-01-17"},{"lineNumber":3,"author":{"gitId":"Diatbbin"},"content":"","lastModifiedDate":"2023-01-17"},{"lineNumber":4,"author":{"gitId":"Diatbbin"},"content":"    public Deadline(String description, String by) {","lastModifiedDate":"2023-01-17"},{"lineNumber":5,"author":{"gitId":"Diatbbin"},"content":"        super(description);","lastModifiedDate":"2023-01-17"},{"lineNumber":6,"author":{"gitId":"Diatbbin"},"content":"        this.by \u003d by;","lastModifiedDate":"2023-01-17"},{"lineNumber":7,"author":{"gitId":"Diatbbin"},"content":"    }","lastModifiedDate":"2023-01-17"},{"lineNumber":8,"author":{"gitId":"Diatbbin"},"content":"","lastModifiedDate":"2023-01-17"},{"lineNumber":9,"author":{"gitId":"Diatbbin"},"content":"    @Override","lastModifiedDate":"2023-01-17"},{"lineNumber":10,"author":{"gitId":"Diatbbin"},"content":"    public String toString() {","lastModifiedDate":"2023-01-17"},{"lineNumber":11,"author":{"gitId":"Diatbbin"},"content":"        return \"[D]\" + super.toString() + \" (by: \" + by + \")\";","lastModifiedDate":"2023-01-17"},{"lineNumber":12,"author":{"gitId":"Diatbbin"},"content":"    }","lastModifiedDate":"2023-01-17"},{"lineNumber":13,"author":{"gitId":"Diatbbin"},"content":"}","lastModifiedDate":"2023-01-17"}],"authorContributionMap":{"Diatbbin":13}},{"path":"src/main/java/Duke.java","fileType":"java","lines":[{"lineNumber":1,"author":{"gitId":"Diatbbin"},"content":"import java.util.ArrayList;","lastModifiedDate":"2023-01-19"},{"lineNumber":2,"author":{"gitId":"Diatbbin"},"content":"import java.util.Scanner;","lastModifiedDate":"2023-01-16"},{"lineNumber":3,"author":{"gitId":"Diatbbin"},"content":"","lastModifiedDate":"2023-01-16"},{"lineNumber":4,"author":{"gitId":"-"},"content":"public class Duke {","lastModifiedDate":"2019-07-29"},{"lineNumber":5,"author":{"gitId":"-"},"content":"    public static void main(String[] args) {","lastModifiedDate":"2023-01-19"},{"lineNumber":6,"author":{"gitId":"Diatbbin"},"content":"        ArrayList\u003cTask\u003e inputs \u003d new ArrayList\u003c\u003e();","lastModifiedDate":"2023-01-19"},{"lineNumber":7,"author":{"gitId":"Diatbbin"},"content":"","lastModifiedDate":"2023-01-17"},{"lineNumber":8,"author":{"gitId":"Diatbbin"},"content":"        System.out.println(\"____________________________________________________________\");","lastModifiedDate":"2023-01-19"},{"lineNumber":9,"author":{"gitId":"Diatbbin"},"content":"        System.out.println(\"Hello! I\u0027m Duke\");","lastModifiedDate":"2023-01-16"},{"lineNumber":10,"author":{"gitId":"Diatbbin"},"content":"        System.out.println(\"What can I do for you?\");","lastModifiedDate":"2023-01-19"},{"lineNumber":11,"author":{"gitId":"Diatbbin"},"content":"        System.out.println(\"____________________________________________________________\\n\");","lastModifiedDate":"2023-01-19"},{"lineNumber":12,"author":{"gitId":"Diatbbin"},"content":"","lastModifiedDate":"2023-01-16"},{"lineNumber":13,"author":{"gitId":"Diatbbin"},"content":"        Scanner scanner \u003d new Scanner(System.in);","lastModifiedDate":"2023-01-16"},{"lineNumber":14,"author":{"gitId":"Diatbbin"},"content":"        String currInput \u003d scanner.nextLine();","lastModifiedDate":"2023-01-17"},{"lineNumber":15,"author":{"gitId":"Diatbbin"},"content":"        System.out.println(\"____________________________________________________________\");","lastModifiedDate":"2023-01-19"},{"lineNumber":16,"author":{"gitId":"Diatbbin"},"content":"","lastModifiedDate":"2023-01-17"},{"lineNumber":17,"author":{"gitId":"Diatbbin"},"content":"        String[] splitStr \u003d currInput.split(\" \", 2);","lastModifiedDate":"2023-01-17"},{"lineNumber":18,"author":{"gitId":"Diatbbin"},"content":"","lastModifiedDate":"2023-01-16"},{"lineNumber":19,"author":{"gitId":"Diatbbin"},"content":"        while(!currInput.equals(\"bye\")) {","lastModifiedDate":"2023-01-17"},{"lineNumber":20,"author":{"gitId":"Diatbbin"},"content":"            String type \u003d \"\";","lastModifiedDate":"2023-01-19"},{"lineNumber":21,"author":{"gitId":"Diatbbin"},"content":"            try {","lastModifiedDate":"2023-01-19"},{"lineNumber":22,"author":{"gitId":"Diatbbin"},"content":"                type \u003d outputType(splitStr);","lastModifiedDate":"2023-01-19"},{"lineNumber":23,"author":{"gitId":"Diatbbin"},"content":"            } catch (DukeException e) {","lastModifiedDate":"2023-01-19"},{"lineNumber":24,"author":{"gitId":"Diatbbin"},"content":"                System.out.println(e);","lastModifiedDate":"2023-01-19"},{"lineNumber":25,"author":{"gitId":"Diatbbin"},"content":"            }","lastModifiedDate":"2023-01-19"},{"lineNumber":26,"author":{"gitId":"Diatbbin"},"content":"","lastModifiedDate":"2023-01-19"},{"lineNumber":27,"author":{"gitId":"Diatbbin"},"content":"            boolean isMarkTask \u003d type.equals(\"mark\") || type.equals(\"unmark\");","lastModifiedDate":"2023-01-19"},{"lineNumber":28,"author":{"gitId":"Diatbbin"},"content":"            boolean isSuppTask \u003d type.equals(\"todo\") || type.equals(\"deadline\") || type.equals(\"event\");","lastModifiedDate":"2023-01-19"},{"lineNumber":29,"author":{"gitId":"Diatbbin"},"content":"","lastModifiedDate":"2023-01-19"},{"lineNumber":30,"author":{"gitId":"Diatbbin"},"content":"            if(currInput.equals(\"list\")) {","lastModifiedDate":"2023-01-17"},{"lineNumber":31,"author":{"gitId":"Diatbbin"},"content":"                System.out.println(\"Here are the tasks in your list:\");","lastModifiedDate":"2023-01-17"},{"lineNumber":32,"author":{"gitId":"Diatbbin"},"content":"                for(int i \u003d 0; i \u003c inputs.size(); i++) {","lastModifiedDate":"2023-01-19"},{"lineNumber":33,"author":{"gitId":"Diatbbin"},"content":"                    System.out.println((i + 1) + \".\" + inputs.get(i));","lastModifiedDate":"2023-01-19"},{"lineNumber":34,"author":{"gitId":"Diatbbin"},"content":"                }","lastModifiedDate":"2023-01-16"},{"lineNumber":35,"author":{"gitId":"Diatbbin"},"content":"            } else if(isMarkTask) {","lastModifiedDate":"2023-01-17"},{"lineNumber":36,"author":{"gitId":"Diatbbin"},"content":"                int taskNo \u003d 0;","lastModifiedDate":"2023-01-19"},{"lineNumber":37,"author":{"gitId":"Diatbbin"},"content":"                try {","lastModifiedDate":"2023-01-19"},{"lineNumber":38,"author":{"gitId":"Diatbbin"},"content":"                    taskNo \u003d Integer.parseInt(splitStr[1]);","lastModifiedDate":"2023-01-19"},{"lineNumber":39,"author":{"gitId":"Diatbbin"},"content":"                    Task taskToMark \u003d inputs.get(taskNo - 1);","lastModifiedDate":"2023-01-19"},{"lineNumber":40,"author":{"gitId":"Diatbbin"},"content":"                    mark(type, taskToMark);","lastModifiedDate":"2023-01-17"},{"lineNumber":41,"author":{"gitId":"Diatbbin"},"content":"                    System.out.println(taskToMark);","lastModifiedDate":"2023-01-19"},{"lineNumber":42,"author":{"gitId":"Diatbbin"},"content":"                } catch (NumberFormatException e) {","lastModifiedDate":"2023-01-19"},{"lineNumber":43,"author":{"gitId":"Diatbbin"},"content":"                    System.out.println(\"Mark commands need to be followed by an integer!\");","lastModifiedDate":"2023-01-19"},{"lineNumber":44,"author":{"gitId":"Diatbbin"},"content":"                } catch (IndexOutOfBoundsException e) {","lastModifiedDate":"2023-01-19"},{"lineNumber":45,"author":{"gitId":"Diatbbin"},"content":"                    System.out.println(\"I\u0027m sorry but task number \" + taskNo + \" has not been added yet!\");","lastModifiedDate":"2023-01-19"},{"lineNumber":46,"author":{"gitId":"Diatbbin"},"content":"                }","lastModifiedDate":"2023-01-19"},{"lineNumber":47,"author":{"gitId":"Diatbbin"},"content":"            } else if(isSuppTask) {","lastModifiedDate":"2023-01-17"},{"lineNumber":48,"author":{"gitId":"Diatbbin"},"content":"                try {","lastModifiedDate":"2023-01-19"},{"lineNumber":49,"author":{"gitId":"Diatbbin"},"content":"                    addSuppTask(type, inputs, splitStr);","lastModifiedDate":"2023-01-19"},{"lineNumber":50,"author":{"gitId":"Diatbbin"},"content":"                    System.out.println(\"Got it. I\u0027ve added this task:\");","lastModifiedDate":"2023-01-17"},{"lineNumber":51,"author":{"gitId":"Diatbbin"},"content":"                    System.out.println(inputs.get(inputs.size() - 1));","lastModifiedDate":"2023-01-19"},{"lineNumber":52,"author":{"gitId":"Diatbbin"},"content":"                    System.out.println(\"Now you have \" + Task.getCount() + \" tasks in the list.\");","lastModifiedDate":"2023-01-19"},{"lineNumber":53,"author":{"gitId":"Diatbbin"},"content":"                } catch (DukeException e) {","lastModifiedDate":"2023-01-19"},{"lineNumber":54,"author":{"gitId":"Diatbbin"},"content":"                    System.out.println(e);","lastModifiedDate":"2023-01-19"},{"lineNumber":55,"author":{"gitId":"Diatbbin"},"content":"                }","lastModifiedDate":"2023-01-19"},{"lineNumber":56,"author":{"gitId":"Diatbbin"},"content":"            } else if(type.equals(\"delete\")) {","lastModifiedDate":"2023-01-19"},{"lineNumber":57,"author":{"gitId":"Diatbbin"},"content":"                Task taskToDelete \u003d inputs.get(Integer.parseInt(splitStr[1]) - 1);","lastModifiedDate":"2023-01-19"},{"lineNumber":58,"author":{"gitId":"Diatbbin"},"content":"                System.out.println(\"Noted. I\u0027ve removed this task:\");","lastModifiedDate":"2023-01-19"},{"lineNumber":59,"author":{"gitId":"Diatbbin"},"content":"                System.out.println(taskToDelete);","lastModifiedDate":"2023-01-19"},{"lineNumber":60,"author":{"gitId":"Diatbbin"},"content":"                Task.setCount(Task.getCount() - 1);","lastModifiedDate":"2023-01-19"},{"lineNumber":61,"author":{"gitId":"Diatbbin"},"content":"                inputs.remove(Integer.parseInt(splitStr[1]) - 1);","lastModifiedDate":"2023-01-19"},{"lineNumber":62,"author":{"gitId":"Diatbbin"},"content":"                System.out.println(\"Now you have \" + Task.getCount() + \" tasks in the list.\");","lastModifiedDate":"2023-01-19"},{"lineNumber":63,"author":{"gitId":"Diatbbin"},"content":"            }","lastModifiedDate":"2023-01-16"},{"lineNumber":64,"author":{"gitId":"Diatbbin"},"content":"            System.out.println(\"____________________________________________________________\\n\");","lastModifiedDate":"2023-01-19"},{"lineNumber":65,"author":{"gitId":"Diatbbin"},"content":"            currInput \u003d scanner.nextLine();","lastModifiedDate":"2023-01-17"},{"lineNumber":66,"author":{"gitId":"Diatbbin"},"content":"            splitStr \u003d currInput.split(\" \", 2);","lastModifiedDate":"2023-01-17"},{"lineNumber":67,"author":{"gitId":"Diatbbin"},"content":"            System.out.println(\"____________________________________________________________\");","lastModifiedDate":"2023-01-19"},{"lineNumber":68,"author":{"gitId":"Diatbbin"},"content":"        }","lastModifiedDate":"2023-01-16"},{"lineNumber":69,"author":{"gitId":"Diatbbin"},"content":"        System.out.println(\"Bye. Hope to see you again soon!\");","lastModifiedDate":"2023-01-16"},{"lineNumber":70,"author":{"gitId":"Diatbbin"},"content":"        System.out.println(\"____________________________________________________________\\n\");","lastModifiedDate":"2023-01-19"},{"lineNumber":71,"author":{"gitId":"Diatbbin"},"content":"        scanner.close();","lastModifiedDate":"2023-01-19"},{"lineNumber":72,"author":{"gitId":"-"},"content":"    }","lastModifiedDate":"2019-07-29"},{"lineNumber":73,"author":{"gitId":"Diatbbin"},"content":"","lastModifiedDate":"2023-01-17"},{"lineNumber":74,"author":{"gitId":"Diatbbin"},"content":"    public static void mark(String type, Task taskToMark) {","lastModifiedDate":"2023-01-17"},{"lineNumber":75,"author":{"gitId":"Diatbbin"},"content":"        if(type.equals(\"mark\")) {","lastModifiedDate":"2023-01-17"},{"lineNumber":76,"author":{"gitId":"Diatbbin"},"content":"            taskToMark.setIsDone(true);","lastModifiedDate":"2023-01-17"},{"lineNumber":77,"author":{"gitId":"Diatbbin"},"content":"            System.out.println(\"Nice! I\u0027ve marked this task as done:\");","lastModifiedDate":"2023-01-17"},{"lineNumber":78,"author":{"gitId":"Diatbbin"},"content":"        } else {","lastModifiedDate":"2023-01-17"},{"lineNumber":79,"author":{"gitId":"Diatbbin"},"content":"            taskToMark.setIsDone(false);","lastModifiedDate":"2023-01-17"},{"lineNumber":80,"author":{"gitId":"Diatbbin"},"content":"            System.out.println(\"OK, I\u0027ve marked this task as not done yet:\");","lastModifiedDate":"2023-01-17"},{"lineNumber":81,"author":{"gitId":"Diatbbin"},"content":"        }","lastModifiedDate":"2023-01-17"},{"lineNumber":82,"author":{"gitId":"Diatbbin"},"content":"    }","lastModifiedDate":"2023-01-17"},{"lineNumber":83,"author":{"gitId":"Diatbbin"},"content":"","lastModifiedDate":"2023-01-17"},{"lineNumber":84,"author":{"gitId":"Diatbbin"},"content":"    public static void addSuppTask(String type, ArrayList\u003cTask\u003e inputs, String[] splitstr) throws DukeException {","lastModifiedDate":"2023-01-19"},{"lineNumber":85,"author":{"gitId":"Diatbbin"},"content":"        if(splitstr.length \u003d\u003d 1) {","lastModifiedDate":"2023-01-19"},{"lineNumber":86,"author":{"gitId":"Diatbbin"},"content":"            throw new DukeException(String.format(\"The description of a %s cannot be empty.\", splitstr[0]));","lastModifiedDate":"2023-01-19"},{"lineNumber":87,"author":{"gitId":"Diatbbin"},"content":"        }","lastModifiedDate":"2023-01-19"},{"lineNumber":88,"author":{"gitId":"Diatbbin"},"content":"","lastModifiedDate":"2023-01-19"},{"lineNumber":89,"author":{"gitId":"Diatbbin"},"content":"        String task \u003d splitstr[1];","lastModifiedDate":"2023-01-19"},{"lineNumber":90,"author":{"gitId":"Diatbbin"},"content":"        if(type.equals(\"todo\")) {","lastModifiedDate":"2023-01-17"},{"lineNumber":91,"author":{"gitId":"Diatbbin"},"content":"            inputs.add(new Todo(task));","lastModifiedDate":"2023-01-19"},{"lineNumber":92,"author":{"gitId":"Diatbbin"},"content":"        } else if(type.equals(\"deadline\")) {","lastModifiedDate":"2023-01-17"},{"lineNumber":93,"author":{"gitId":"Diatbbin"},"content":"            String[] arr \u003d task.split(\"/\", 2);","lastModifiedDate":"2023-01-17"},{"lineNumber":94,"author":{"gitId":"Diatbbin"},"content":"            String desc \u003d arr[0].trim();","lastModifiedDate":"2023-01-17"},{"lineNumber":95,"author":{"gitId":"Diatbbin"},"content":"            String by \u003d arr[1].substring(3);","lastModifiedDate":"2023-01-17"},{"lineNumber":96,"author":{"gitId":"Diatbbin"},"content":"            inputs.add(new Deadline(desc, by));","lastModifiedDate":"2023-01-19"},{"lineNumber":97,"author":{"gitId":"Diatbbin"},"content":"        } else {","lastModifiedDate":"2023-01-17"},{"lineNumber":98,"author":{"gitId":"Diatbbin"},"content":"            String[] arr \u003d task.split(\"/\", 3);","lastModifiedDate":"2023-01-17"},{"lineNumber":99,"author":{"gitId":"Diatbbin"},"content":"            String desc \u003d arr[0].trim();","lastModifiedDate":"2023-01-17"},{"lineNumber":100,"author":{"gitId":"Diatbbin"},"content":"            String from \u003d arr[1].substring(5).trim();","lastModifiedDate":"2023-01-17"},{"lineNumber":101,"author":{"gitId":"Diatbbin"},"content":"            String to \u003d arr[2].substring(3);","lastModifiedDate":"2023-01-17"},{"lineNumber":102,"author":{"gitId":"Diatbbin"},"content":"            inputs.add(new Event(desc, from, to));","lastModifiedDate":"2023-01-19"},{"lineNumber":103,"author":{"gitId":"Diatbbin"},"content":"        }","lastModifiedDate":"2023-01-17"},{"lineNumber":104,"author":{"gitId":"Diatbbin"},"content":"    }","lastModifiedDate":"2023-01-17"},{"lineNumber":105,"author":{"gitId":"Diatbbin"},"content":"","lastModifiedDate":"2023-01-19"},{"lineNumber":106,"author":{"gitId":"Diatbbin"},"content":"    public static String outputType(String[] splitStr) throws DukeException {","lastModifiedDate":"2023-01-19"},{"lineNumber":107,"author":{"gitId":"Diatbbin"},"content":"        String currType \u003d splitStr[0];","lastModifiedDate":"2023-01-19"},{"lineNumber":108,"author":{"gitId":"Diatbbin"},"content":"        String[] validTypes \u003d new String[]{\"list\", \"mark\", \"unmark\", \"todo\", \"deadline\", \"event\", \"delete\"};","lastModifiedDate":"2023-01-19"},{"lineNumber":109,"author":{"gitId":"Diatbbin"},"content":"        boolean valid \u003d false;","lastModifiedDate":"2023-01-19"},{"lineNumber":110,"author":{"gitId":"Diatbbin"},"content":"","lastModifiedDate":"2023-01-19"},{"lineNumber":111,"author":{"gitId":"Diatbbin"},"content":"        for(String type : validTypes) {","lastModifiedDate":"2023-01-19"},{"lineNumber":112,"author":{"gitId":"Diatbbin"},"content":"            if(currType.equals(type)) {","lastModifiedDate":"2023-01-19"},{"lineNumber":113,"author":{"gitId":"Diatbbin"},"content":"                valid \u003d true;","lastModifiedDate":"2023-01-19"},{"lineNumber":114,"author":{"gitId":"Diatbbin"},"content":"            }","lastModifiedDate":"2023-01-19"},{"lineNumber":115,"author":{"gitId":"Diatbbin"},"content":"        }","lastModifiedDate":"2023-01-19"},{"lineNumber":116,"author":{"gitId":"Diatbbin"},"content":"","lastModifiedDate":"2023-01-19"},{"lineNumber":117,"author":{"gitId":"Diatbbin"},"content":"        if(!valid) {","lastModifiedDate":"2023-01-19"},{"lineNumber":118,"author":{"gitId":"Diatbbin"},"content":"            throw new DukeException(\"I\u0027m sorry, but I don\u0027t know what that means :-(\");","lastModifiedDate":"2023-01-19"},{"lineNumber":119,"author":{"gitId":"Diatbbin"},"content":"        } else {","lastModifiedDate":"2023-01-19"},{"lineNumber":120,"author":{"gitId":"Diatbbin"},"content":"            return currType;","lastModifiedDate":"2023-01-19"},{"lineNumber":121,"author":{"gitId":"Diatbbin"},"content":"        }","lastModifiedDate":"2023-01-19"},{"lineNumber":122,"author":{"gitId":"-"},"content":"    }","lastModifiedDate":"2023-01-19"},{"lineNumber":123,"author":{"gitId":"-"},"content":"}","lastModifiedDate":"2019-07-29"}],"authorContributionMap":{"Diatbbin":118,"-":5}},{"path":"src/main/java/DukeException.java","fileType":"java","lines":[{"lineNumber":1,"author":{"gitId":"Diatbbin"},"content":"public class DukeException extends Exception {","lastModifiedDate":"2023-01-19"},{"lineNumber":2,"author":{"gitId":"Diatbbin"},"content":"    DukeException(String message) {","lastModifiedDate":"2023-01-19"},{"lineNumber":3,"author":{"gitId":"Diatbbin"},"content":"        super(message);","lastModifiedDate":"2023-01-19"},{"lineNumber":4,"author":{"gitId":"Diatbbin"},"content":"    }","lastModifiedDate":"2023-01-19"},{"lineNumber":5,"author":{"gitId":"Diatbbin"},"content":"","lastModifiedDate":"2023-01-19"},{"lineNumber":6,"author":{"gitId":"Diatbbin"},"content":"    @Override","lastModifiedDate":"2023-01-19"},{"lineNumber":7,"author":{"gitId":"Diatbbin"},"content":"    public String toString() {","lastModifiedDate":"2023-01-19"},{"lineNumber":8,"author":{"gitId":"Diatbbin"},"content":"        return \"OOPS!!! \" + getMessage();","lastModifiedDate":"2023-01-19"},{"lineNumber":9,"author":{"gitId":"Diatbbin"},"content":"    }","lastModifiedDate":"2023-01-19"},{"lineNumber":10,"author":{"gitId":"Diatbbin"},"content":"}","lastModifiedDate":"2023-01-19"}],"authorContributionMap":{"Diatbbin":10}},{"path":"src/main/java/Event.java","fileType":"java","lines":[{"lineNumber":1,"author":{"gitId":"Diatbbin"},"content":"public class Event extends Task {","lastModifiedDate":"2023-01-17"},{"lineNumber":2,"author":{"gitId":"Diatbbin"},"content":"    protected String from;","lastModifiedDate":"2023-01-17"},{"lineNumber":3,"author":{"gitId":"Diatbbin"},"content":"    protected String to;","lastModifiedDate":"2023-01-17"},{"lineNumber":4,"author":{"gitId":"Diatbbin"},"content":"","lastModifiedDate":"2023-01-17"},{"lineNumber":5,"author":{"gitId":"Diatbbin"},"content":"    public Event(String description, String from, String to) {","lastModifiedDate":"2023-01-17"},{"lineNumber":6,"author":{"gitId":"Diatbbin"},"content":"        super(description);","lastModifiedDate":"2023-01-17"},{"lineNumber":7,"author":{"gitId":"Diatbbin"},"content":"        this.from \u003d from;","lastModifiedDate":"2023-01-17"},{"lineNumber":8,"author":{"gitId":"Diatbbin"},"content":"        this.to \u003d to;","lastModifiedDate":"2023-01-17"},{"lineNumber":9,"author":{"gitId":"Diatbbin"},"content":"    }","lastModifiedDate":"2023-01-17"},{"lineNumber":10,"author":{"gitId":"Diatbbin"},"content":"","lastModifiedDate":"2023-01-17"},{"lineNumber":11,"author":{"gitId":"Diatbbin"},"content":"    @Override","lastModifiedDate":"2023-01-17"},{"lineNumber":12,"author":{"gitId":"Diatbbin"},"content":"    public String toString() {","lastModifiedDate":"2023-01-17"},{"lineNumber":13,"author":{"gitId":"Diatbbin"},"content":"        return \"[E]\" + super.toString() + \" (from: \" + from + \" to: \" + to + \")\";","lastModifiedDate":"2023-01-17"},{"lineNumber":14,"author":{"gitId":"Diatbbin"},"content":"    }","lastModifiedDate":"2023-01-17"},{"lineNumber":15,"author":{"gitId":"Diatbbin"},"content":"}","lastModifiedDate":"2023-01-17"}],"authorContributionMap":{"Diatbbin":15}},{"path":"src/main/java/Task.java","fileType":"java","lines":[{"lineNumber":1,"author":{"gitId":"Diatbbin"},"content":"public class Task {","lastModifiedDate":"2023-01-17"},{"lineNumber":2,"author":{"gitId":"Diatbbin"},"content":"    protected String description;","lastModifiedDate":"2023-01-17"},{"lineNumber":3,"author":{"gitId":"Diatbbin"},"content":"    protected boolean isDone;","lastModifiedDate":"2023-01-17"},{"lineNumber":4,"author":{"gitId":"Diatbbin"},"content":"    private static int count \u003d 0;","lastModifiedDate":"2023-01-17"},{"lineNumber":5,"author":{"gitId":"Diatbbin"},"content":"","lastModifiedDate":"2023-01-17"},{"lineNumber":6,"author":{"gitId":"Diatbbin"},"content":"    public Task(String description) {","lastModifiedDate":"2023-01-17"},{"lineNumber":7,"author":{"gitId":"Diatbbin"},"content":"        this.description \u003d description;","lastModifiedDate":"2023-01-17"},{"lineNumber":8,"author":{"gitId":"Diatbbin"},"content":"        this.isDone \u003d false;","lastModifiedDate":"2023-01-17"},{"lineNumber":9,"author":{"gitId":"Diatbbin"},"content":"        count++;","lastModifiedDate":"2023-01-17"},{"lineNumber":10,"author":{"gitId":"Diatbbin"},"content":"    }","lastModifiedDate":"2023-01-17"},{"lineNumber":11,"author":{"gitId":"Diatbbin"},"content":"","lastModifiedDate":"2023-01-17"},{"lineNumber":12,"author":{"gitId":"Diatbbin"},"content":"    public String getStatusIcon() {","lastModifiedDate":"2023-01-17"},{"lineNumber":13,"author":{"gitId":"Diatbbin"},"content":"        return (isDone ? \"X\" : \" \");","lastModifiedDate":"2023-01-17"},{"lineNumber":14,"author":{"gitId":"Diatbbin"},"content":"    }","lastModifiedDate":"2023-01-17"},{"lineNumber":15,"author":{"gitId":"Diatbbin"},"content":"","lastModifiedDate":"2023-01-17"},{"lineNumber":16,"author":{"gitId":"Diatbbin"},"content":"    public void setIsDone(boolean isDone) {","lastModifiedDate":"2023-01-17"},{"lineNumber":17,"author":{"gitId":"Diatbbin"},"content":"        this.isDone \u003d isDone;","lastModifiedDate":"2023-01-17"},{"lineNumber":18,"author":{"gitId":"Diatbbin"},"content":"    }","lastModifiedDate":"2023-01-17"},{"lineNumber":19,"author":{"gitId":"Diatbbin"},"content":"","lastModifiedDate":"2023-01-17"},{"lineNumber":20,"author":{"gitId":"Diatbbin"},"content":"    public static int getCount() {","lastModifiedDate":"2023-01-17"},{"lineNumber":21,"author":{"gitId":"Diatbbin"},"content":"        return count;","lastModifiedDate":"2023-01-17"},{"lineNumber":22,"author":{"gitId":"Diatbbin"},"content":"    }","lastModifiedDate":"2023-01-17"},{"lineNumber":23,"author":{"gitId":"Diatbbin"},"content":"","lastModifiedDate":"2023-01-17"},{"lineNumber":24,"author":{"gitId":"Diatbbin"},"content":"    public static void setCount(int count) {","lastModifiedDate":"2023-01-19"},{"lineNumber":25,"author":{"gitId":"Diatbbin"},"content":"        Task.count \u003d count;","lastModifiedDate":"2023-01-19"},{"lineNumber":26,"author":{"gitId":"Diatbbin"},"content":"    }","lastModifiedDate":"2023-01-19"},{"lineNumber":27,"author":{"gitId":"Diatbbin"},"content":"","lastModifiedDate":"2023-01-19"},{"lineNumber":28,"author":{"gitId":"Diatbbin"},"content":"    @Override","lastModifiedDate":"2023-01-17"},{"lineNumber":29,"author":{"gitId":"Diatbbin"},"content":"    public String toString() {","lastModifiedDate":"2023-01-17"},{"lineNumber":30,"author":{"gitId":"Diatbbin"},"content":"        return \"[\" + this.getStatusIcon() + \"] \" + this.description;","lastModifiedDate":"2023-01-17"},{"lineNumber":31,"author":{"gitId":"Diatbbin"},"content":"    }","lastModifiedDate":"2023-01-17"},{"lineNumber":32,"author":{"gitId":"Diatbbin"},"content":"}","lastModifiedDate":"2023-01-17"}],"authorContributionMap":{"Diatbbin":32}},{"path":"src/main/java/Todo.java","fileType":"java","lines":[{"lineNumber":1,"author":{"gitId":"Diatbbin"},"content":"public class Todo extends Task {","lastModifiedDate":"2023-01-17"},{"lineNumber":2,"author":{"gitId":"Diatbbin"},"content":"    public Todo(String description) {","lastModifiedDate":"2023-01-17"},{"lineNumber":3,"author":{"gitId":"Diatbbin"},"content":"        super(description);","lastModifiedDate":"2023-01-17"},{"lineNumber":4,"author":{"gitId":"Diatbbin"},"content":"    }","lastModifiedDate":"2023-01-17"},{"lineNumber":5,"author":{"gitId":"Diatbbin"},"content":"","lastModifiedDate":"2023-01-17"},{"lineNumber":6,"author":{"gitId":"Diatbbin"},"content":"    @Override","lastModifiedDate":"2023-01-17"},{"lineNumber":7,"author":{"gitId":"Diatbbin"},"content":"    public String toString() {","lastModifiedDate":"2023-01-17"},{"lineNumber":8,"author":{"gitId":"Diatbbin"},"content":"        return \"[T]\" + super.toString();","lastModifiedDate":"2023-01-17"},{"lineNumber":9,"author":{"gitId":"Diatbbin"},"content":"    }","lastModifiedDate":"2023-01-17"},{"lineNumber":10,"author":{"gitId":"Diatbbin"},"content":"}","lastModifiedDate":"2023-01-17"}],"authorContributionMap":{"Diatbbin":10}},{"path":"text-ui-test/input.txt","fileType":"txt","lines":[{"lineNumber":1,"author":{"gitId":"Diatbbin"},"content":"deadline return book /by Sunday","lastModifiedDate":"2023-01-17"},{"lineNumber":2,"author":{"gitId":"Diatbbin"},"content":"event project meeting /from Mon 2pm /to 4pm","lastModifiedDate":"2023-01-17"},{"lineNumber":3,"author":{"gitId":"Diatbbin"},"content":"deadline do homework /by no idea :-p","lastModifiedDate":"2023-01-17"},{"lineNumber":4,"author":{"gitId":"Diatbbin"},"content":"","lastModifiedDate":"2023-01-19"},{"lineNumber":5,"author":{"gitId":"Diatbbin"},"content":"todo borrow book","lastModifiedDate":"2023-01-17"},{"lineNumber":6,"author":{"gitId":"Diatbbin"},"content":"list","lastModifiedDate":"2023-01-19"},{"lineNumber":7,"author":{"gitId":"Diatbbin"},"content":"mark 2","lastModifiedDate":"2023-01-19"},{"lineNumber":8,"author":{"gitId":"Diatbbin"},"content":"unmark 2","lastModifiedDate":"2023-01-19"},{"lineNumber":9,"author":{"gitId":"Diatbbin"},"content":"mark 4","lastModifiedDate":"2023-01-17"},{"lineNumber":10,"author":{"gitId":"Diatbbin"},"content":"list","lastModifiedDate":"2023-01-17"},{"lineNumber":11,"author":{"gitId":"Diatbbin"},"content":"todo","lastModifiedDate":"2023-01-19"},{"lineNumber":12,"author":{"gitId":"Diatbbin"},"content":"blah","lastModifiedDate":"2023-01-19"},{"lineNumber":13,"author":{"gitId":"Diatbbin"},"content":"delete 3","lastModifiedDate":"2023-01-19"},{"lineNumber":14,"author":{"gitId":"Diatbbin"},"content":"list","lastModifiedDate":"2023-01-19"},{"lineNumber":15,"author":{"gitId":"Diatbbin"},"content":"mark 4","lastModifiedDate":"2023-01-19"},{"lineNumber":16,"author":{"gitId":"Diatbbin"},"content":"mark test","lastModifiedDate":"2023-01-19"}],"authorContributionMap":{"Diatbbin":16}},{"path":"text-ui-test/runtest.sh","fileType":"sh","lines":[{"lineNumber":1,"author":{"gitId":"-"},"content":"#!/usr/bin/env bash","lastModifiedDate":"2020-05-25"},{"lineNumber":2,"author":{"gitId":"-"},"content":"","lastModifiedDate":"2020-05-25"},{"lineNumber":3,"author":{"gitId":"-"},"content":"# create bin directory if it doesn\u0027t exist","lastModifiedDate":"2020-05-25"},{"lineNumber":4,"author":{"gitId":"-"},"content":"if [ ! -d \"../bin\" ]","lastModifiedDate":"2020-05-25"},{"lineNumber":5,"author":{"gitId":"-"},"content":"then","lastModifiedDate":"2020-05-25"},{"lineNumber":6,"author":{"gitId":"-"},"content":"    mkdir ../bin","lastModifiedDate":"2020-05-25"},{"lineNumber":7,"author":{"gitId":"-"},"content":"fi","lastModifiedDate":"2020-05-25"},{"lineNumber":8,"author":{"gitId":"-"},"content":"","lastModifiedDate":"2020-05-25"},{"lineNumber":9,"author":{"gitId":"-"},"content":"# delete output from previous run","lastModifiedDate":"2020-05-25"},{"lineNumber":10,"author":{"gitId":"-"},"content":"if [ -e \"./ACTUAL.TXT\" ]","lastModifiedDate":"2020-05-25"},{"lineNumber":11,"author":{"gitId":"-"},"content":"then","lastModifiedDate":"2020-05-25"},{"lineNumber":12,"author":{"gitId":"-"},"content":"    rm ACTUAL.TXT","lastModifiedDate":"2020-05-25"},{"lineNumber":13,"author":{"gitId":"-"},"content":"fi","lastModifiedDate":"2020-05-25"},{"lineNumber":14,"author":{"gitId":"-"},"content":"","lastModifiedDate":"2020-05-25"},{"lineNumber":15,"author":{"gitId":"-"},"content":"# compile the code into the bin folder, terminates if error occurred","lastModifiedDate":"2020-05-25"},{"lineNumber":16,"author":{"gitId":"-"},"content":"if ! javac -cp ../src/main/java -Xlint:none -d ../bin ../src/main/java/*.java","lastModifiedDate":"2020-08-25"},{"lineNumber":17,"author":{"gitId":"-"},"content":"then","lastModifiedDate":"2020-05-25"},{"lineNumber":18,"author":{"gitId":"-"},"content":"    echo \"********** BUILD FAILURE **********\"","lastModifiedDate":"2020-05-25"},{"lineNumber":19,"author":{"gitId":"-"},"content":"    exit 1","lastModifiedDate":"2020-05-25"},{"lineNumber":20,"author":{"gitId":"-"},"content":"fi","lastModifiedDate":"2020-05-25"},{"lineNumber":21,"author":{"gitId":"-"},"content":"","lastModifiedDate":"2020-05-25"},{"lineNumber":22,"author":{"gitId":"Diatbbin"},"content":"# run the program, feed commands from input.txt file and redirect the output to the EXPECTED.TXT","lastModifiedDate":"2023-01-19"},{"lineNumber":23,"author":{"gitId":"-"},"content":"java -classpath ../bin Duke \u003c input.txt \u003e ACTUAL.TXT","lastModifiedDate":"2020-05-25"},{"lineNumber":24,"author":{"gitId":"-"},"content":"","lastModifiedDate":"2020-05-25"},{"lineNumber":25,"author":{"gitId":"-"},"content":"# convert to UNIX format","lastModifiedDate":"2020-05-25"},{"lineNumber":26,"author":{"gitId":"-"},"content":"cp EXPECTED.TXT EXPECTED-UNIX.TXT","lastModifiedDate":"2020-05-25"},{"lineNumber":27,"author":{"gitId":"-"},"content":"dos2unix ACTUAL.TXT EXPECTED-UNIX.TXT","lastModifiedDate":"2020-05-25"},{"lineNumber":28,"author":{"gitId":"-"},"content":"","lastModifiedDate":"2020-05-25"},{"lineNumber":29,"author":{"gitId":"-"},"content":"# compare the output to the expected output","lastModifiedDate":"2020-05-25"},{"lineNumber":30,"author":{"gitId":"-"},"content":"diff ACTUAL.TXT EXPECTED-UNIX.TXT","lastModifiedDate":"2020-05-25"},{"lineNumber":31,"author":{"gitId":"-"},"content":"if [ $? -eq 0 ]","lastModifiedDate":"2020-05-25"},{"lineNumber":32,"author":{"gitId":"-"},"content":"then","lastModifiedDate":"2020-05-25"},{"lineNumber":33,"author":{"gitId":"-"},"content":"    echo \"Test result: PASSED\"","lastModifiedDate":"2020-05-25"},{"lineNumber":34,"author":{"gitId":"-"},"content":"    exit 0","lastModifiedDate":"2020-05-25"},{"lineNumber":35,"author":{"gitId":"-"},"content":"else","lastModifiedDate":"2020-05-25"},{"lineNumber":36,"author":{"gitId":"-"},"content":"    echo \"Test result: FAILED\"","lastModifiedDate":"2020-05-25"},{"lineNumber":37,"author":{"gitId":"-"},"content":"    exit 1","lastModifiedDate":"2020-05-25"},{"lineNumber":38,"author":{"gitId":"-"},"content":"fi","lastModifiedDate":"2020-05-25"}],"authorContributionMap":{"Diatbbin":1,"-":37}}]
