{"authorDailyContributionsMap":{"Diatbbin":[{"date":"2023-01-16","commitResults":[{"hash":"965f8cdd002a75cbef3de814feb12fae1589c225","messageTitle":"Completed Level-1","messageBody":"","tags":["Level-1"],"fileTypesAndContributionMap":{"java":{"insertions":15,"deletions":6}}},{"hash":"7096223932080d01b0b030abf1bc6d7d7b799502","messageTitle":"Completed Level-2","messageBody":"","tags":["Level-2"],"fileTypesAndContributionMap":{"java":{"insertions":14,"deletions":6}}}]},{"date":"2023-01-17","commitResults":[{"hash":"8a80e6b1399e940a1ac2d4bb462be82fb7d69afd","messageTitle":"Completed Level-3","messageBody":"","tags":["Level-3"],"fileTypesAndContributionMap":{"java":{"insertions":47,"deletions":8}}},{"hash":"45e1e1e2c3255cf2cc8faba65ba0bc721079cbc6","messageTitle":"Completed Level-4: ToDos, Events, Deadlines","messageBody":"","tags":["Level-4"],"fileTypesAndContributionMap":{"java":{"insertions":86,"deletions":14}}},{"hash":"e6f4ab141193c4b33b05352970ff33858ef0fc1e","messageTitle":"Added A-TextUiTesting: Automated Text UI Testing","messageBody":"","tags":["A-TextUiTesting"],"fileTypesAndContributionMap":{"txt":{"insertions":12,"deletions":0},"java":{"insertions":1,"deletions":1}}}]},{"date":"2023-01-19","commitResults":[{"hash":"05ee900e9222e84a87a70e5db265c751b27ab8fb","messageTitle":"Completed Level-5: Handle Errors","messageBody":"","tags":["Level-5"],"fileTypesAndContributionMap":{"txt":{"insertions":7,"deletions":7},"java":{"insertions":56,"deletions":13},"sh":{"insertions":1,"deletions":1}}},{"hash":"2846f928dcd25e66a184b83b030b2cc193a3adcf","messageTitle":"Completed Level-6: Delete","messageBody":"","tags":["Level-6"],"fileTypesAndContributionMap":{"txt":{"insertions":3,"deletions":1},"java":{"insertions":34,"deletions":20}}},{"hash":"f77c1f25cb378bcd416cdd2bab99201bb9563c59","messageTitle":"Added exception handling for mark tasks","messageBody":"","fileTypesAndContributionMap":{"txt":{"insertions":3,"deletions":1},"java":{"insertions":10,"deletions":2}}}]},{"date":"2023-01-23","commitResults":[{"hash":"00297589c036e8d76bf771f7ef1eb9b6aa039ba0","messageTitle":"Change exception handling code structure","messageBody":"","fileTypesAndContributionMap":{"java":{"insertions":45,"deletions":59}}},{"hash":"5a6be13e610425edc58a317f71448cf63130f434","messageTitle":"Remove static field count from Task","messageBody":"","fileTypesAndContributionMap":{"java":{"insertions":3,"deletions":14}}},{"hash":"3da8a4fec7f630bed4503d6fafb6c7dba4f9b80f","messageTitle":"Replace if else with switch case","messageBody":"","fileTypesAndContributionMap":{"java":{"insertions":55,"deletions":36}}}]},{"date":"2023-01-24","commitResults":[{"hash":"d0614422ec784d376d498bc2a331e69550dd103a","messageTitle":"Complete level 7 save","messageBody":"","fileTypesAndContributionMap":{"txt":{"insertions":3,"deletions":0},"java":{"insertions":100,"deletions":20}}},{"hash":"5853278103f6f7601c82caed5d995cb3bacb76a9","messageTitle":"Complete level 8 dates and times","messageBody":"","fileTypesAndContributionMap":{"txt":{"insertions":5,"deletions":4},"java":{"insertions":51,"deletions":17}}},{"hash":"d077661910c2a764079cedc95908cb70f286d76e","messageTitle":"Refactor code to use Ui and Parser class","messageBody":"","fileTypesAndContributionMap":{"java":{"insertions":150,"deletions":94}}}]},{"date":"2023-01-25","commitResults":[{"hash":"0a41811a24cb2072ec0a9376b89c796a7c6d189c","messageTitle":"Refactor code to use TaskList class","messageBody":"","fileTypesAndContributionMap":{"java":{"insertions":129,"deletions":74}}},{"hash":"3e82bb8ad52f9d98ee34156ec76ce79dede9b5de","messageTitle":"Complete A-MoreOOP and clean code","messageBody":"","tags":["A-MoreOOP"],"fileTypesAndContributionMap":{"java":{"insertions":45,"deletions":34}}},{"hash":"acc04c9bca0a4ab408619201c0f5acb5b949dda9","messageTitle":"Organize files into Packages","messageBody":"","tags":["A-Packages"],"fileTypesAndContributionMap":{"java":{"insertions":68,"deletions":12},"sh":{"insertions":2,"deletions":2},"md":{"insertions":2,"deletions":2}}},{"hash":"c1b2c2449be557ec13ad0ed6abfb3719482d586a","messageTitle":"Set up gradle for Duke","messageBody":"","tags":["A-Gradle"],"fileTypesAndContributionMap":{"gradle":{"insertions":1,"deletions":1},"txt":{"insertions":1,"deletions":0}}}]},{"date":"2023-01-26","commitResults":[{"hash":"b7c02616ebeebeff16f29820c299c718e1e2b4a6","messageTitle":"Add JUnit tests","messageBody":"","tags":["A-JUnit"],"fileTypesAndContributionMap":{"gradle":{"insertions":1,"deletions":0},"txt":{"insertions":0,"deletions":1},"java":{"insertions":75,"deletions":3}}}]},{"date":"2023-01-27","commitResults":[{"hash":"4fef5c0d40a008094f9ce3846e3de48caca36a34","messageTitle":"Debug FileSystem class and clean up code","messageBody":"","fileTypesAndContributionMap":{"txt":{"insertions":5,"deletions":0},"java":{"insertions":219,"deletions":234}}},{"hash":"8de9d219271508b14931fa12d55a1115b09ce2e0","messageTitle":"Package the app as a JAR file","messageBody":"","tags":["A-Jar"],"fileTypesAndContributionMap":{"gradle":{"insertions":2,"deletions":3},"txt":{"insertions":0,"deletions":3}}},{"hash":"963c86903c827eb547edcce74f6563634a19c0a6","messageTitle":"Correct Duke\u0027s name","messageBody":"","fileTypesAndContributionMap":{"java":{"insertions":1,"deletions":1}}},{"hash":"37c9483db622f6ef29ca127ed4a07445eda0798f","messageTitle":"Add JavaDoc comments","messageBody":"","fileTypesAndContributionMap":{"java":{"insertions":179,"deletions":18}}},{"hash":"82c6d6e00281bbd1b78be755e5a401478d6d6f8d","messageTitle":"Tweak code to follow the coding standard","messageBody":"","fileTypesAndContributionMap":{"java":{"insertions":5,"deletions":6}}},{"hash":"7d44302639f1f877cc7bd19bdb83a2e2fda16e5c","messageTitle":"Add search functionality","messageBody":"","fileTypesAndContributionMap":{"txt":{"insertions":2,"deletions":1},"java":{"insertions":21,"deletions":0}}}]},{"date":"2023-01-30","commitResults":[{"hash":"07afb5e56b7b83a3ff0f1529ff41453b468f2f81","messageTitle":"Refactor Task subclasses","messageBody":"","fileTypesAndContributionMap":{"java":{"insertions":47,"deletions":52}}}]},{"date":"2023-02-01","commitResults":[{"hash":"e8a575da3e59fcb8f79675e897e3e0ff398aedc5","messageTitle":"Implement checkstyle","messageBody":"","fileTypesAndContributionMap":{"gradle":{"insertions":5,"deletions":0}}},{"hash":"41311af13bd0d4fe0cd898d83d06b60672c47ac9","messageTitle":"Fix checkstyle violations","messageBody":"","fileTypesAndContributionMap":{"java":{"insertions":135,"deletions":67}}}]},{"date":"2023-02-02","commitResults":[{"hash":"5932b2ef558502916677808160e7dafb4d88495c","messageTitle":"Add GUI for duke","messageBody":"","fileTypesAndContributionMap":{"gradle":{"insertions":16,"deletions":1},"txt":{"insertions":1,"deletions":0},"fxml":{"insertions":35,"deletions":0},"java":{"insertions":266,"deletions":120}}},{"hash":"c138d5a71bfda39e74ac89691ad42b524785724b","messageTitle":"Fix checkstyle violations","messageBody":"","fileTypesAndContributionMap":{"java":{"insertions":34,"deletions":19}}}]},{"date":"2023-02-03","commitResults":[{"hash":"1bb058ce81b2aba59ffe2852ce4a464c484d7b4d","messageTitle":"Add dateTime formatter and clean up code","messageBody":"","fileTypesAndContributionMap":{"txt":{"insertions":2,"deletions":0},"java":{"insertions":54,"deletions":66}}}]}]},"authorFileTypeContributionMap":{"Diatbbin":{"java":936,"md":2,"fxml":35,"sh":3,"bat":0,"gradle":22,"txt":26}},"authorContributionVariance":{"Diatbbin":36657.965},"authorDisplayNameMap":{"Diatbbin":"CS2103T-T09-1 LIM ..BBIN"}}
