{"authorDailyContributionsMap":{"NappySprout":[{"date":"2023-01-16","commitResults":[{"hash":"6c364eb84944a49ab518c1fdcc1117a7057c6c55","messageTitle":"Level-1","messageBody":"","tags":["Level-2"],"fileTypesAndContributionMap":{"java":{"insertions":17,"deletions":6}}},{"hash":"18e245a8f36825640d2b13ae5173e32cf993a514","messageTitle":"Level-2","messageBody":"","tags":["Level-3"],"fileTypesAndContributionMap":{"java":{"insertions":16,"deletions":2}}},{"hash":"8cfe1c59dec6ade3feccb8cd0c749707a504a48c","messageTitle":"Level-3","messageBody":"","tags":["Level-4"],"fileTypesAndContributionMap":{"java":{"insertions":56,"deletions":10}}}]},{"date":"2023-01-17","commitResults":[{"hash":"e0ba397e62e277b94ef933762ada846a07389f4a","messageTitle":"Level-4","messageBody":"","tags":["Level-5"],"fileTypesAndContributionMap":{"java":{"insertions":68,"deletions":3}}},{"hash":"1b67032b5f052ce4ca4e807d5a20239b89cbb1cb","messageTitle":"Level-5","messageBody":"","tags":["A-TextUiTesting"],"fileTypesAndContributionMap":{"txt":{"insertions":6,"deletions":0},"java":{"insertions":2,"deletions":1},"bat":{"insertions":0,"deletions":21},"sh":{"insertions":35,"deletions":1}}},{"hash":"6a3fd6834dacbe27f923cec68d43f654dd0b430e","messageTitle":"Level-5","messageBody":"","fileTypesAndContributionMap":{"java":{"insertions":36,"deletions":32}}},{"hash":"9f497f1acb318d79e267bdc2144f356b1424de60","messageTitle":"Level-6","messageBody":"","tags":["Level-6"],"fileTypesAndContributionMap":{"java":{"insertions":15,"deletions":0}}},{"hash":"c21aebc07af0e2614157e9c61d6d591401e585fa","messageTitle":"updated test","messageBody":"","fileTypesAndContributionMap":{"txt":{"insertions":4,"deletions":2}}}]},{"date":"2023-01-20","commitResults":[{"hash":"5d3efc6e9462cc7dc0d8e54af66c513f7deef573","messageTitle":"A-Enums","messageBody":"","tags":["A-Enums"],"fileTypesAndContributionMap":{"java":{"insertions":142,"deletions":142}}}]},{"date":"2023-01-21","commitResults":[{"hash":"dc9f6c779c75c828f8eca079fcb4b0c6ddba64ad","messageTitle":"Add Save class for persistent harddisk memory","messageBody":"","fileTypesAndContributionMap":{"java":{"insertions":54,"deletions":4}}},{"hash":"5c5a59a5f461dcc937a018645a29ed5b4fdb1f70","messageTitle":"Add LocalDate to time related arguments of Task","messageBody":"","fileTypesAndContributionMap":{"java":{"insertions":20,"deletions":11}}},{"hash":"9f558e195f14afb314b8d02971fa496728589728","messageTitle":"A-MoreOOP","messageBody":"","tags":["A-MoreOOP"],"fileTypesAndContributionMap":{"java":{"insertions":189,"deletions":123}}}]},{"date":"2023-01-22","commitResults":[{"hash":"12d1c6c732c74ff88a747b1bacc4dc27a1bf6dd2","messageTitle":"Add package duke for all class","messageBody":"","tags":["A-Packages"],"fileTypesAndContributionMap":{"java":{"insertions":0,"deletions":0}}}]}]},"authorFileTypeContributionMap":{"NappySprout":{"java":288,"md":0,"fxml":0,"sh":35,"bat":0,"gradle":0,"txt":8}},"authorContributionVariance":{"NappySprout":20034.959},"authorDisplayNameMap":{"NappySprout":"DARI.. ZHI"}}
