{"authorDailyContributionsMap":{"securespider":[{"date":"2023-01-19","commitResults":[{"hash":"4e4ad2380596c7a3b1098fc14ba295380468d341","messageTitle":"Level-1","messageBody":"","tags":["Level-1"],"fileTypesAndContributionMap":{"java":{"insertions":10,"deletions":0}}},{"hash":"3e0a5bb2a9f793f75506100110ec52814422f887","messageTitle":"Level-2","messageBody":"","tags":["Level-2"],"fileTypesAndContributionMap":{"java":{"insertions":25,"deletions":7}}},{"hash":"b72d2c92bdbefb18e263adb28be928d156058b26","messageTitle":"Level-3","messageBody":"","tags":["Level-3"],"fileTypesAndContributionMap":{"java":{"insertions":44,"deletions":4}}},{"hash":"b6786ff87b9f26f573c37d84b4a4dad7dfb6d7c0","messageTitle":"Level-4","messageBody":"","tags":["Level-4"],"fileTypesAndContributionMap":{"java":{"insertions":74,"deletions":5}}},{"hash":"e9d8d5bed1ef8c818271af735443c21230d9b1fb","messageTitle":"TextUiTesting","messageBody":"","tags":["TextUiTesting","A-TextUiTesting"],"fileTypesAndContributionMap":{"txt":{"insertions":15,"deletions":0}}},{"hash":"84eabe1ade5c88bd338ac4b1364bbf2bcaf5f5bb","messageTitle":"Level-5","messageBody":"","tags":["Level-5"],"fileTypesAndContributionMap":{"java":{"insertions":20,"deletions":12}}},{"hash":"ddff9f4e851f7f026dd4680e556c0ad201483161","messageTitle":"Level-6","messageBody":"","tags":["Level-6"],"fileTypesAndContributionMap":{"java":{"insertions":12,"deletions":0}}},{"hash":"097e3db630accbd729991a2ad76d8a4a4409534a","messageTitle":"Added additional test cases for delete command","messageBody":"","fileTypesAndContributionMap":{"txt":{"insertions":13,"deletions":0}}},{"hash":"af5eafa53f693de25b5cad81873914c903610008","messageTitle":"A-Enums","messageBody":"","tags":["A-Enums"],"fileTypesAndContributionMap":{"java":{"insertions":18,"deletions":6}}}]},{"date":"2023-01-30","commitResults":[{"hash":"27fc48d81072c80961d1750163d2175702c5eee7","messageTitle":"Level-8","messageBody":"","tags":["branch-Level-8","Level-8"],"fileTypesAndContributionMap":{"txt":{"insertions":1,"deletions":0},"java":{"insertions":399,"deletions":88}}}]},{"date":"2023-02-02","commitResults":[{"hash":"18019ef8cdc4fa4b3c404cb4218fcc2a65360925","messageTitle":"A-Packages","messageBody":"","tags":["A-Packages"],"fileTypesAndContributionMap":{"txt":{"insertions":0,"deletions":0},"java":{"insertions":68,"deletions":16}}},{"hash":"cbd4b1f3f28445f36b54627907fa300df0ec1d20","messageTitle":"Reformatted UI methods","messageBody":"","fileTypesAndContributionMap":{"txt":{"insertions":2,"deletions":0},"java":{"insertions":28,"deletions":16}}},{"hash":"7384bcc6e8f75e8f28a8171e0b1113b59b40e2e6","messageTitle":"Created Command classes for each command","messageBody":"","fileTypesAndContributionMap":{"java":{"insertions":192,"deletions":7}}},{"hash":"8f4728c8c6c44e41ff68cd8925501a0ded793f80","messageTitle":"Added the Parser in to complete more OOP","messageBody":"","tags":["A-MoreOOP"],"fileTypesAndContributionMap":{"java":{"insertions":129,"deletions":64}}}]},{"date":"2023-02-03","commitResults":[{"hash":"73e80edc46cb99fd08a49ffc52650a3e5e3cea81","messageTitle":"Update README.md","messageBody":"","fileTypesAndContributionMap":{"md":{"insertions":36,"deletions":20}}},{"hash":"5d6049ac8457b6e2c198a8576837fe25195e3f03","messageTitle":"Update README.md","messageBody":"","fileTypesAndContributionMap":{"md":{"insertions":3,"deletions":3}}},{"hash":"11349309dda64a103f3571f231fe4a1d9845d6bb","messageTitle":"Use-GFMD","messageBody":"","tags":["Use-GFMD"],"fileTypesAndContributionMap":{"md":{"insertions":1,"deletions":1}}}]},{"date":"2023-02-05","commitResults":[{"hash":"41eb5049fffa5549f5051b4fa3c800c9e41fe546","messageTitle":"Added gradle support onto my project","messageBody":"","fileTypesAndContributionMap":{"gradle":{"insertions":26,"deletions":0},"txt":{"insertions":3,"deletions":1}}},{"hash":"c79c0c28478167ea8890fd07246eb55967fff740","messageTitle":"Added gradle support","messageBody":"","fileTypesAndContributionMap":{"txt":{"insertions":1,"deletions":1}}},{"hash":"e77b8b09c32c41ac2869865853eeb0d2e3b094ad","messageTitle":"minor changes to build.gradle","messageBody":"","tags":["A-Gradle"],"fileTypesAndContributionMap":{"gradle":{"insertions":1,"deletions":1}}},{"hash":"68bef4e01b9e8c20d9820bdf285342ba728ba433","messageTitle":"Added some junit tests","messageBody":"","tags":["A-Jar","A-JUnit"],"fileTypesAndContributionMap":{"txt":{"insertions":3,"deletions":9},"java":{"insertions":52,"deletions":0}}}]},{"date":"2023-02-06","commitResults":[{"hash":"aa04344ee3ace0acf3a7a46aac7321686a77f499","messageTitle":"Added javadocs for some methods and classes","messageBody":"","tags":["branch-A-JavaDoc","A-JavaDoc"],"fileTypesAndContributionMap":{"txt":{"insertions":1,"deletions":0},"java":{"insertions":202,"deletions":24}}},{"hash":"b7e83060a6f49112d5b6767d5ad5a6abc15cf975","messageTitle":"Change the names to fit convention","messageBody":"","tags":["branch-A-CodingStandard","A-CodingStandard"],"fileTypesAndContributionMap":{"java":{"insertions":68,"deletions":62}}},{"hash":"5eb22141c54ebb763c306cd02cd0d2574789c165","messageTitle":"Added find command","messageBody":"","tags":["branch-Level-9","Level-9"],"fileTypesAndContributionMap":{"java":{"insertions":38,"deletions":1}}},{"hash":"ffc3d3fb5db7bc14be17a7288195c2ad6f560d8b","messageTitle":"Created files for the GUI","messageBody":"","fileTypesAndContributionMap":{"gradle":{"insertions":14,"deletions":2},"txt":{"insertions":2,"deletions":0},"java":{"insertions":123,"deletions":80}}},{"hash":"f5b1fe0520c905af870389af2b841dff278b3bb6","messageTitle":"Added Gui capabilities to Duke","messageBody":"","tags":["branch-Level-10","Level-10"],"fileTypesAndContributionMap":{"fxml":{"insertions":35,"deletions":0},"java":{"insertions":222,"deletions":74}}}]},{"date":"2023-02-08","commitResults":[{"hash":"0d6f18368d7e72e62ea1f9139bc0bd9a9a3c5a5f","messageTitle":"Update build.gradle","messageBody":"JUnit test cases cannot be done and default main class is currently the Duke class\n\nLet\u0027s change the dependencies in the build.gradle file to be able to run junit to run its assertion tests\nLet\u0027s change the default main class to be the gui.Main class which runs the GUI chatbot instead of on CLI\n","fileTypesAndContributionMap":{"gradle":{"insertions":3,"deletions":1}}},{"hash":"e84b1b7d0af4130b2964a0cc2985581c3c22b31d","messageTitle":"added some assertions to the tasks and oop objects","messageBody":"","fileTypesAndContributionMap":{"java":{"insertions":11,"deletions":2}}},{"hash":"e5e7e9956a80da5f8fd487deebd537d1bd5c1f1e","messageTitle":"Update AddDeadlineCommand.java to include assertions","messageBody":"Enforce that description cannot be null or an empty string\n\nTask cannot be created as there will be exception thrown\n\nLet\u0027s assert that description cannot be empty\n","tags":["A-FullCommitMessage","A-Assertions"],"fileTypesAndContributionMap":{"java":{"insertions":1,"deletions":0}}},{"hash":"40c2bb811f6dbd94c463ebffd3c2523d0f96f5ff","messageTitle":"Removed Commands because it was not used much and changed other files to ensure good code quality","messageBody":"","tags":["branch-A-CodeQuality","A-CodeQuality"],"fileTypesAndContributionMap":{"java":{"insertions":76,"deletions":114}}}]},{"date":"2023-02-09","commitResults":[{"hash":"b5135cfa02e30764ce9298c11feecce9981730cd","messageTitle":"Added Duke logo to show up on initialisation","messageBody":"","fileTypesAndContributionMap":{"java":{"insertions":9,"deletions":7}}},{"hash":"3a4627c7b805df73ca0eb6e93a0897df97949dec","messageTitle":"Added Duke logo to show up on initialisation","messageBody":"","tags":["A-Release"],"fileTypesAndContributionMap":{"java":{"insertions":1,"deletions":1}}},{"hash":"b5192259c948591b35f79e5dc206e6c1fe807b2e","messageTitle":"Added alternative storage options","messageBody":"","fileTypesAndContributionMap":{"java":{"insertions":11,"deletions":0}}},{"hash":"90dfbb28ddd9d020c57559ef0f4175f820011c7b","messageTitle":"Added alternative storage options","messageBody":"","tags":["BCD-Extension"],"fileTypesAndContributionMap":{"java":{"insertions":49,"deletions":9}}}]},{"date":"2023-02-14","commitResults":[{"hash":"5b44a9cf0facc9216ce5246b98f972a31151f943","messageTitle":"Added the user guide","messageBody":"","tags":["A-UserGuide"],"fileTypesAndContributionMap":{"md":{"insertions":117,"deletions":14}}},{"hash":"99199eaf092eafdaf69d6299b23f2acd337957e3","messageTitle":"Merged the FlexibleDataSource extension to the master branch Changed the storage to always save on update of tasklist","messageBody":"","fileTypesAndContributionMap":{"java":{"insertions":13,"deletions":5}}}]}]},"authorFileTypeContributionMap":{"securespider":{"java":1298,"md":147,"fxml":35,"sh":0,"bat":0,"gradle":17,"txt":29}},"authorContributionVariance":{"securespider":40114.19},"authorDisplayNameMap":{"securespider":"CS2103T-T09-1 PANG..CENT"}}
