{"authorDailyContributionsMap":{"Guo-KeCheng":[{"date":"2023-01-17","commitResults":[{"hash":"7346867f0266ffb96e2da46112ae2221d4a67193","messageTitle":"Add Level 1-1 features","messageBody":"","fileTypesAndContributionMap":{"java":{"insertions":28,"deletions":1}}}]},{"date":"2023-01-18","commitResults":[{"hash":"3013777b6e2cb832c7cd24c3baa0511aa269117b","messageTitle":"Add Level 1-2 with comments","messageBody":"","fileTypesAndContributionMap":{"java":{"insertions":34,"deletions":0}}},{"hash":"52b5c50d3ba11e8b55f5be72ed2d484f66ac1b40","messageTitle":"Implement Level 3: Mark as Done","messageBody":"","tags":["Level-3"],"fileTypesAndContributionMap":{"java":{"insertions":75,"deletions":10}}},{"hash":"59d30ab026d94f1f5495e5019c255d5adb534a4a","messageTitle":"Add level 4 features. However autotest needs to be updated","messageBody":"","tags":["Level-4"],"fileTypesAndContributionMap":{"txt":{"insertions":2,"deletions":0},"java":{"insertions":176,"deletions":55}}},{"hash":"a67a003fdf8211d2a7e2b516c4a575c081e888e2","messageTitle":"Implement Level 5: Testing with documentations","messageBody":"","tags":["Level-5"],"fileTypesAndContributionMap":{"java":{"insertions":96,"deletions":59}}},{"hash":"ded62a3da8d7ea080668daa1c38b189d739aa7d4","messageTitle":"Implement Level 6: Delete","messageBody":"","tags":["Level-6"],"fileTypesAndContributionMap":{"java":{"insertions":68,"deletions":45}}}]},{"date":"2023-01-19","commitResults":[{"hash":"026d3c5d36a212abdf32fb160499c0aa8dea8abc","messageTitle":"Fix the Automated Testing","messageBody":"","tags":["A-TextUiTesting"],"fileTypesAndContributionMap":{"java":{"insertions":3,"deletions":3}}}]}]},"authorFileTypeContributionMap":{"Guo-KeCheng":{"java":312,"md":0,"fxml":0,"sh":0,"bat":0,"gradle":0,"txt":2}},"authorContributionVariance":{"Guo-KeCheng":46283.96},"authorDisplayNameMap":{"Guo-KeCheng":"GUO ..HENG"}}
