{"authorDailyContributionsMap":{"Guo-KeCheng":[{"date":"2023-01-17","commitResults":[{"hash":"7346867f0266ffb96e2da46112ae2221d4a67193","messageTitle":"Add Level 1-1 features","messageBody":"","fileTypesAndContributionMap":{"java":{"insertions":28,"deletions":1}}}]},{"date":"2023-01-18","commitResults":[{"hash":"3013777b6e2cb832c7cd24c3baa0511aa269117b","messageTitle":"Add Level 1-2 with comments","messageBody":"","fileTypesAndContributionMap":{"java":{"insertions":34,"deletions":0}}},{"hash":"52b5c50d3ba11e8b55f5be72ed2d484f66ac1b40","messageTitle":"Implement Level 3: Mark as Done","messageBody":"","tags":["v2.0","Level-3"],"fileTypesAndContributionMap":{"java":{"insertions":75,"deletions":10}}},{"hash":"59d30ab026d94f1f5495e5019c255d5adb534a4a","messageTitle":"Add level 4 features. However autotest needs to be updated","messageBody":"","tags":["v2.1","Level-4"],"fileTypesAndContributionMap":{"txt":{"insertions":2,"deletions":0},"java":{"insertions":176,"deletions":55}}},{"hash":"a67a003fdf8211d2a7e2b516c4a575c081e888e2","messageTitle":"Implement Level 5: Testing with documentations","messageBody":"","tags":["v3.0","Level-5"],"fileTypesAndContributionMap":{"java":{"insertions":96,"deletions":59}}},{"hash":"ded62a3da8d7ea080668daa1c38b189d739aa7d4","messageTitle":"Implement Level 6: Delete","messageBody":"","tags":["v4.0","Level-6"],"fileTypesAndContributionMap":{"java":{"insertions":68,"deletions":45}}}]},{"date":"2023-01-19","commitResults":[{"hash":"026d3c5d36a212abdf32fb160499c0aa8dea8abc","messageTitle":"Fix the Automated Testing","messageBody":"","tags":["A-TextUiTesting"],"fileTypesAndContributionMap":{"java":{"insertions":3,"deletions":3}}}]},{"date":"2023-01-23","commitResults":[{"hash":"f424e40197f13d38396b139298bc98c50b882068","messageTitle":"Update input output txt file","messageBody":"","fileTypesAndContributionMap":{"txt":{"insertions":28,"deletions":2},"java":{"insertions":3,"deletions":1}}}]},{"date":"2023-01-24","commitResults":[{"hash":"0e167e9801b4ea14dae68ebe7bf594165ff50463","messageTitle":"Refactor commands into classes","messageBody":"","fileTypesAndContributionMap":{"java":{"insertions":411,"deletions":206}}},{"hash":"7c8bf6afb246975a45bd56b3b2893d5eef2f96cf","messageTitle":"Implement save feature","messageBody":"","tags":["Level-7"],"fileTypesAndContributionMap":{"java":{"insertions":278,"deletions":72}}}]},{"date":"2023-01-25","commitResults":[{"hash":"a129aad46d769a00bf478a1462ba9c2046fbbc26","messageTitle":"Implement Level-8: Datetime format","messageBody":"","tags":["Level-8"],"fileTypesAndContributionMap":{"java":{"insertions":34,"deletions":15}}},{"hash":"7d13c61f1caa8b15185da5edcf6b000c48744d78","messageTitle":"Nothng changed","messageBody":"","fileTypesAndContributionMap":{"java":{"insertions":3,"deletions":8}}},{"hash":"80a45059938170ae6233a9069474f429333dbd48","messageTitle":"Refactor to A-MoreOOP","messageBody":"","tags":["A-MoreOOP"],"fileTypesAndContributionMap":{"txt":{"insertions":3,"deletions":0},"java":{"insertions":351,"deletions":227}}}]},{"date":"2023-01-27","commitResults":[{"hash":"b0d89d213e9c87651249ce3f02db104176721036","messageTitle":"Implement packages","messageBody":"","tags":["A-Packages"],"fileTypesAndContributionMap":{"java":{"insertions":133,"deletions":124},"bat":{"insertions":1,"deletions":1}}},{"hash":"15bd7a2ad18642c2f2875b3f5dab4dbcbef7a236","messageTitle":"Add JUnit tests","messageBody":"","tags":["A-JUnit"],"fileTypesAndContributionMap":{"java":{"insertions":81,"deletions":0}}}]},{"date":"2023-01-28","commitResults":[{"hash":"4383b46be303cd60a0acca08efc28a415353c8c1","messageTitle":"Package the App as a JAR file","messageBody":"","tags":["A-Jar"],"fileTypesAndContributionMap":{"gradle":{"insertions":16,"deletions":1}}}]}]},"authorFileTypeContributionMap":{"Guo-KeCheng":{"java":957,"md":0,"fxml":0,"sh":0,"bat":1,"gradle":16,"txt":31}},"authorContributionVariance":{"Guo-KeCheng":88003.73},"authorDisplayNameMap":{"Guo-KeCheng":"CS2103-F10-1 GUO ..HENG"}}
