[{"path":"src/main/java/Deadline.java","fileType":"java","lines":[{"lineNumber":1,"author":{"gitId":"valerietanhx"},"content":"public class Deadline extends Task {","lastModifiedDate":"2023-01-19"},{"lineNumber":2,"author":{"gitId":"valerietanhx"},"content":"","lastModifiedDate":"2023-01-19"},{"lineNumber":3,"author":{"gitId":"valerietanhx"},"content":"    protected String by;","lastModifiedDate":"2023-01-19"},{"lineNumber":4,"author":{"gitId":"valerietanhx"},"content":"    public Deadline(String desc) {","lastModifiedDate":"2023-01-19"},{"lineNumber":5,"author":{"gitId":"valerietanhx"},"content":"","lastModifiedDate":"2023-01-19"},{"lineNumber":6,"author":{"gitId":"valerietanhx"},"content":"        super(desc.substring(0, desc.indexOf(\"/by\") - 1));","lastModifiedDate":"2023-01-19"},{"lineNumber":7,"author":{"gitId":"valerietanhx"},"content":"        this.by \u003d desc.substring(desc.indexOf(\"/by\") + 4);","lastModifiedDate":"2023-01-19"},{"lineNumber":8,"author":{"gitId":"valerietanhx"},"content":"","lastModifiedDate":"2023-01-19"},{"lineNumber":9,"author":{"gitId":"valerietanhx"},"content":"    }","lastModifiedDate":"2023-01-19"},{"lineNumber":10,"author":{"gitId":"valerietanhx"},"content":"","lastModifiedDate":"2023-01-19"},{"lineNumber":11,"author":{"gitId":"valerietanhx"},"content":"    public String toString() {","lastModifiedDate":"2023-01-19"},{"lineNumber":12,"author":{"gitId":"valerietanhx"},"content":"        return \"[D]\" + super.toString() + String.format(\" (by: %s)\", by);","lastModifiedDate":"2023-01-19"},{"lineNumber":13,"author":{"gitId":"valerietanhx"},"content":"    }","lastModifiedDate":"2023-01-19"},{"lineNumber":14,"author":{"gitId":"valerietanhx"},"content":"","lastModifiedDate":"2023-01-19"},{"lineNumber":15,"author":{"gitId":"valerietanhx"},"content":"}","lastModifiedDate":"2023-01-19"}],"authorContributionMap":{"valerietanhx":15}},{"path":"src/main/java/Duke.java","fileType":"java","lines":[{"lineNumber":1,"author":{"gitId":"valerietanhx"},"content":"import java.util.Scanner;","lastModifiedDate":"2023-01-19"},{"lineNumber":2,"author":{"gitId":"valerietanhx"},"content":"import java.util.ArrayList;","lastModifiedDate":"2023-01-19"},{"lineNumber":3,"author":{"gitId":"valerietanhx"},"content":"","lastModifiedDate":"2023-01-19"},{"lineNumber":4,"author":{"gitId":"-"},"content":"public class Duke {","lastModifiedDate":"2019-07-29"},{"lineNumber":5,"author":{"gitId":"valerietanhx"},"content":"    public static void main(String[] args) throws DukeException {","lastModifiedDate":"2023-01-19"},{"lineNumber":6,"author":{"gitId":"valerietanhx"},"content":"","lastModifiedDate":"2023-01-19"},{"lineNumber":7,"author":{"gitId":"valerietanhx"},"content":"        System.out.println(\"\u003cコ:彡\");","lastModifiedDate":"2023-01-19"},{"lineNumber":8,"author":{"gitId":"valerietanhx"},"content":"        System.out.println(\"Hello! I\u0027m Duke, your favourite pink octopus.\");","lastModifiedDate":"2023-01-19"},{"lineNumber":9,"author":{"gitId":"valerietanhx"},"content":"        System.out.println(\"What can I do for you today?\");","lastModifiedDate":"2023-01-19"},{"lineNumber":10,"author":{"gitId":"valerietanhx"},"content":"","lastModifiedDate":"2023-01-19"},{"lineNumber":11,"author":{"gitId":"valerietanhx"},"content":"        Scanner sc \u003d new Scanner(System.in);","lastModifiedDate":"2023-01-19"},{"lineNumber":12,"author":{"gitId":"valerietanhx"},"content":"        ArrayList\u003cTask\u003e tasks \u003d new ArrayList\u003cTask\u003e();","lastModifiedDate":"2023-01-19"},{"lineNumber":13,"author":{"gitId":"valerietanhx"},"content":"","lastModifiedDate":"2023-01-19"},{"lineNumber":14,"author":{"gitId":"valerietanhx"},"content":"        while (true) {","lastModifiedDate":"2023-01-19"},{"lineNumber":15,"author":{"gitId":"valerietanhx"},"content":"            String input \u003d sc.nextLine();","lastModifiedDate":"2023-01-19"},{"lineNumber":16,"author":{"gitId":"valerietanhx"},"content":"            if (input.equals(\"bye\")) {","lastModifiedDate":"2023-01-19"},{"lineNumber":17,"author":{"gitId":"valerietanhx"},"content":"                Duke.quit();","lastModifiedDate":"2023-01-19"},{"lineNumber":18,"author":{"gitId":"valerietanhx"},"content":"                sc.close();","lastModifiedDate":"2023-01-19"},{"lineNumber":19,"author":{"gitId":"valerietanhx"},"content":"                break;","lastModifiedDate":"2023-01-19"},{"lineNumber":20,"author":{"gitId":"valerietanhx"},"content":"            }","lastModifiedDate":"2023-01-19"},{"lineNumber":21,"author":{"gitId":"valerietanhx"},"content":"            System.out.println(\"(\\\\ (\\\\\\n\" +","lastModifiedDate":"2023-01-19"},{"lineNumber":22,"author":{"gitId":"valerietanhx"},"content":"                    \"(„• ֊ •„) ♡\\n\" +","lastModifiedDate":"2023-01-19"},{"lineNumber":23,"author":{"gitId":"valerietanhx"},"content":"                    \"━O━O━━━━━━━━━━━━━━━━━━━━━━━━━━━━━━━━\");","lastModifiedDate":"2023-01-19"},{"lineNumber":24,"author":{"gitId":"valerietanhx"},"content":"            if (input.startsWith(\"mark\")) {","lastModifiedDate":"2023-01-19"},{"lineNumber":25,"author":{"gitId":"valerietanhx"},"content":"                Duke.mark(tasks, Integer.parseInt(input.split(\" \")[1]));","lastModifiedDate":"2023-01-19"},{"lineNumber":26,"author":{"gitId":"valerietanhx"},"content":"            } else if (input.startsWith(\"unmark\")) {","lastModifiedDate":"2023-01-19"},{"lineNumber":27,"author":{"gitId":"valerietanhx"},"content":"                Duke.unmark(tasks, Integer.parseInt(input.split(\" \")[1]));","lastModifiedDate":"2023-01-19"},{"lineNumber":28,"author":{"gitId":"valerietanhx"},"content":"            } else if (input.equals(\"list\")) {","lastModifiedDate":"2023-01-19"},{"lineNumber":29,"author":{"gitId":"valerietanhx"},"content":"                Duke.list(tasks);","lastModifiedDate":"2023-01-19"},{"lineNumber":30,"author":{"gitId":"valerietanhx"},"content":"            } else if (input.startsWith(\"todo\")) {","lastModifiedDate":"2023-01-19"},{"lineNumber":31,"author":{"gitId":"valerietanhx"},"content":"                Duke.addToDo(tasks, input);","lastModifiedDate":"2023-01-19"},{"lineNumber":32,"author":{"gitId":"valerietanhx"},"content":"            } else if (input.startsWith(\"deadline\")) {","lastModifiedDate":"2023-01-19"},{"lineNumber":33,"author":{"gitId":"valerietanhx"},"content":"                Duke.addDeadline(tasks, input);","lastModifiedDate":"2023-01-19"},{"lineNumber":34,"author":{"gitId":"valerietanhx"},"content":"            } else if (input.startsWith(\"event\")) {","lastModifiedDate":"2023-01-19"},{"lineNumber":35,"author":{"gitId":"valerietanhx"},"content":"                Duke.addEvent(tasks, input);","lastModifiedDate":"2023-01-19"},{"lineNumber":36,"author":{"gitId":"valerietanhx"},"content":"            } else { // error","lastModifiedDate":"2023-01-19"},{"lineNumber":37,"author":{"gitId":"valerietanhx"},"content":"                throw new DukeInvalidCommandException();","lastModifiedDate":"2023-01-19"},{"lineNumber":38,"author":{"gitId":"valerietanhx"},"content":"            }","lastModifiedDate":"2023-01-19"},{"lineNumber":39,"author":{"gitId":"valerietanhx"},"content":"        }","lastModifiedDate":"2023-01-19"},{"lineNumber":40,"author":{"gitId":"valerietanhx"},"content":"","lastModifiedDate":"2023-01-19"},{"lineNumber":41,"author":{"gitId":"valerietanhx"},"content":"        sc.close();","lastModifiedDate":"2023-01-19"},{"lineNumber":42,"author":{"gitId":"valerietanhx"},"content":"","lastModifiedDate":"2023-01-19"},{"lineNumber":43,"author":{"gitId":"valerietanhx"},"content":"    }","lastModifiedDate":"2023-01-19"},{"lineNumber":44,"author":{"gitId":"valerietanhx"},"content":"","lastModifiedDate":"2023-01-19"},{"lineNumber":45,"author":{"gitId":"valerietanhx"},"content":"    static void quit() {","lastModifiedDate":"2023-01-19"},{"lineNumber":46,"author":{"gitId":"valerietanhx"},"content":"        System.out.println(\"Bye bye :( Hope to see you again soon!\");","lastModifiedDate":"2023-01-19"},{"lineNumber":47,"author":{"gitId":"valerietanhx"},"content":"    }","lastModifiedDate":"2023-01-19"},{"lineNumber":48,"author":{"gitId":"valerietanhx"},"content":"","lastModifiedDate":"2023-01-19"},{"lineNumber":49,"author":{"gitId":"valerietanhx"},"content":"    static void mark(ArrayList\u003cTask\u003e tasks, int num) {","lastModifiedDate":"2023-01-19"},{"lineNumber":50,"author":{"gitId":"valerietanhx"},"content":"        if (num \u003e tasks.size()) { // error","lastModifiedDate":"2023-01-19"},{"lineNumber":51,"author":{"gitId":"valerietanhx"},"content":"            System.out.println(\"Huh? You don\u0027t have that many things in your list! :(\");","lastModifiedDate":"2023-01-19"},{"lineNumber":52,"author":{"gitId":"valerietanhx"},"content":"        } else {","lastModifiedDate":"2023-01-19"},{"lineNumber":53,"author":{"gitId":"valerietanhx"},"content":"            Task t \u003d tasks.get(num - 1);","lastModifiedDate":"2023-01-19"},{"lineNumber":54,"author":{"gitId":"valerietanhx"},"content":"            if (t.isDone()) { // error","lastModifiedDate":"2023-01-19"},{"lineNumber":55,"author":{"gitId":"valerietanhx"},"content":"                System.out.println(\"Huh? You\u0027ve already done this task!\");","lastModifiedDate":"2023-01-19"},{"lineNumber":56,"author":{"gitId":"valerietanhx"},"content":"            } else {","lastModifiedDate":"2023-01-19"},{"lineNumber":57,"author":{"gitId":"valerietanhx"},"content":"                t.mark();","lastModifiedDate":"2023-01-19"},{"lineNumber":58,"author":{"gitId":"valerietanhx"},"content":"                System.out.println(\"Okie! I\u0027ve marked this task as done:\");","lastModifiedDate":"2023-01-19"},{"lineNumber":59,"author":{"gitId":"valerietanhx"},"content":"                System.out.println(t);","lastModifiedDate":"2023-01-19"},{"lineNumber":60,"author":{"gitId":"valerietanhx"},"content":"            }","lastModifiedDate":"2023-01-19"},{"lineNumber":61,"author":{"gitId":"valerietanhx"},"content":"        }","lastModifiedDate":"2023-01-19"},{"lineNumber":62,"author":{"gitId":"valerietanhx"},"content":"    }","lastModifiedDate":"2023-01-19"},{"lineNumber":63,"author":{"gitId":"valerietanhx"},"content":"","lastModifiedDate":"2023-01-19"},{"lineNumber":64,"author":{"gitId":"valerietanhx"},"content":"    static void unmark(ArrayList\u003cTask\u003e tasks, int num) {","lastModifiedDate":"2023-01-19"},{"lineNumber":65,"author":{"gitId":"valerietanhx"},"content":"        if (num \u003e tasks.size()) { // error","lastModifiedDate":"2023-01-19"},{"lineNumber":66,"author":{"gitId":"valerietanhx"},"content":"            System.out.println(\"Huh? You don\u0027t have that many things in your list! :(\");","lastModifiedDate":"2023-01-19"},{"lineNumber":67,"author":{"gitId":"valerietanhx"},"content":"        } else {","lastModifiedDate":"2023-01-19"},{"lineNumber":68,"author":{"gitId":"valerietanhx"},"content":"            Task t \u003d tasks.get(num - 1);","lastModifiedDate":"2023-01-19"},{"lineNumber":69,"author":{"gitId":"valerietanhx"},"content":"            if (!t.isDone()) { // error","lastModifiedDate":"2023-01-19"},{"lineNumber":70,"author":{"gitId":"valerietanhx"},"content":"                System.out.println(\"Huh? You haven\u0027t even done this task!\");","lastModifiedDate":"2023-01-19"},{"lineNumber":71,"author":{"gitId":"valerietanhx"},"content":"            } else {","lastModifiedDate":"2023-01-19"},{"lineNumber":72,"author":{"gitId":"valerietanhx"},"content":"                t.unmark();","lastModifiedDate":"2023-01-19"},{"lineNumber":73,"author":{"gitId":"valerietanhx"},"content":"                System.out.println(\"Okie! I\u0027ve marked this task as not done yet:\");","lastModifiedDate":"2023-01-19"},{"lineNumber":74,"author":{"gitId":"valerietanhx"},"content":"                System.out.println(t);","lastModifiedDate":"2023-01-19"},{"lineNumber":75,"author":{"gitId":"valerietanhx"},"content":"            }","lastModifiedDate":"2023-01-19"},{"lineNumber":76,"author":{"gitId":"valerietanhx"},"content":"        }","lastModifiedDate":"2023-01-19"},{"lineNumber":77,"author":{"gitId":"valerietanhx"},"content":"    }","lastModifiedDate":"2023-01-19"},{"lineNumber":78,"author":{"gitId":"valerietanhx"},"content":"","lastModifiedDate":"2023-01-19"},{"lineNumber":79,"author":{"gitId":"valerietanhx"},"content":"    static void list(ArrayList\u003cTask\u003e tasks) {","lastModifiedDate":"2023-01-19"},{"lineNumber":80,"author":{"gitId":"valerietanhx"},"content":"        System.out.println(\"Here are all the things on your list!\");","lastModifiedDate":"2023-01-19"},{"lineNumber":81,"author":{"gitId":"valerietanhx"},"content":"        for (int i \u003d 0; i \u003c tasks.size(); i++) {","lastModifiedDate":"2023-01-19"},{"lineNumber":82,"author":{"gitId":"valerietanhx"},"content":"            Task t \u003d tasks.get(i);","lastModifiedDate":"2023-01-19"},{"lineNumber":83,"author":{"gitId":"valerietanhx"},"content":"            System.out.println(String.format(\"%s.%s\", i + 1, t));","lastModifiedDate":"2023-01-19"},{"lineNumber":84,"author":{"gitId":"valerietanhx"},"content":"        }","lastModifiedDate":"2023-01-19"},{"lineNumber":85,"author":{"gitId":"valerietanhx"},"content":"    }","lastModifiedDate":"2023-01-19"},{"lineNumber":86,"author":{"gitId":"valerietanhx"},"content":"","lastModifiedDate":"2023-01-19"},{"lineNumber":87,"author":{"gitId":"valerietanhx"},"content":"    static void addToDo(ArrayList\u003cTask\u003e tasks, String input) {","lastModifiedDate":"2023-01-19"},{"lineNumber":88,"author":{"gitId":"valerietanhx"},"content":"        Duke.addTask(tasks, new ToDo(input.substring(5)));","lastModifiedDate":"2023-01-19"},{"lineNumber":89,"author":{"gitId":"valerietanhx"},"content":"    }","lastModifiedDate":"2023-01-19"},{"lineNumber":90,"author":{"gitId":"valerietanhx"},"content":"","lastModifiedDate":"2023-01-19"},{"lineNumber":91,"author":{"gitId":"valerietanhx"},"content":"    static void addDeadline(ArrayList\u003cTask\u003e tasks, String input) { // potential error: no /by","lastModifiedDate":"2023-01-19"},{"lineNumber":92,"author":{"gitId":"valerietanhx"},"content":"        Duke.addTask(tasks, new Deadline(input.substring(9)));","lastModifiedDate":"2023-01-19"},{"lineNumber":93,"author":{"gitId":"valerietanhx"},"content":"    }","lastModifiedDate":"2023-01-19"},{"lineNumber":94,"author":{"gitId":"valerietanhx"},"content":"","lastModifiedDate":"2023-01-19"},{"lineNumber":95,"author":{"gitId":"valerietanhx"},"content":"    static void addEvent(ArrayList\u003cTask\u003e tasks, String input) { // potential error: no /from or /to","lastModifiedDate":"2023-01-19"},{"lineNumber":96,"author":{"gitId":"valerietanhx"},"content":"        Duke.addTask(tasks, new Event(input.substring(6)));","lastModifiedDate":"2023-01-19"},{"lineNumber":97,"author":{"gitId":"valerietanhx"},"content":"    }","lastModifiedDate":"2023-01-19"},{"lineNumber":98,"author":{"gitId":"valerietanhx"},"content":"","lastModifiedDate":"2023-01-19"},{"lineNumber":99,"author":{"gitId":"valerietanhx"},"content":"    static void addTask(ArrayList\u003cTask\u003e tasks, Task t) {","lastModifiedDate":"2023-01-19"},{"lineNumber":100,"author":{"gitId":"valerietanhx"},"content":"        tasks.add(t);","lastModifiedDate":"2023-01-19"},{"lineNumber":101,"author":{"gitId":"valerietanhx"},"content":"        System.out.println(\"Alright! I\u0027ve added this task:\");","lastModifiedDate":"2023-01-19"},{"lineNumber":102,"author":{"gitId":"valerietanhx"},"content":"        System.out.println(t);","lastModifiedDate":"2023-01-19"},{"lineNumber":103,"author":{"gitId":"valerietanhx"},"content":"        if (tasks.size() \u003d\u003d 1) { // grammar","lastModifiedDate":"2023-01-19"},{"lineNumber":104,"author":{"gitId":"valerietanhx"},"content":"            System.out.println(\"Now you have 1 task on your list.\");","lastModifiedDate":"2023-01-19"},{"lineNumber":105,"author":{"gitId":"valerietanhx"},"content":"        } else {","lastModifiedDate":"2023-01-19"},{"lineNumber":106,"author":{"gitId":"valerietanhx"},"content":"            System.out.println(String.format(\"Now you have %s tasks on your list.\", tasks.size()));","lastModifiedDate":"2023-01-19"},{"lineNumber":107,"author":{"gitId":"valerietanhx"},"content":"        }","lastModifiedDate":"2023-01-19"},{"lineNumber":108,"author":{"gitId":"valerietanhx"},"content":"    }","lastModifiedDate":"2023-01-19"},{"lineNumber":109,"author":{"gitId":"-"},"content":"}","lastModifiedDate":"2019-07-29"}],"authorContributionMap":{"valerietanhx":107,"-":2}},{"path":"src/main/java/DukeException.java","fileType":"java","lines":[{"lineNumber":1,"author":{"gitId":"valerietanhx"},"content":"public class DukeException extends Exception {","lastModifiedDate":"2023-01-19"},{"lineNumber":2,"author":{"gitId":"valerietanhx"},"content":"    public DukeException(String errorMessage) {","lastModifiedDate":"2023-01-19"},{"lineNumber":3,"author":{"gitId":"valerietanhx"},"content":"        super(errorMessage);","lastModifiedDate":"2023-01-19"},{"lineNumber":4,"author":{"gitId":"valerietanhx"},"content":"    }","lastModifiedDate":"2023-01-19"},{"lineNumber":5,"author":{"gitId":"valerietanhx"},"content":"}","lastModifiedDate":"2023-01-19"}],"authorContributionMap":{"valerietanhx":5}},{"path":"src/main/java/DukeInvalidCommandException.java","fileType":"java","lines":[{"lineNumber":1,"author":{"gitId":"valerietanhx"},"content":"public class DukeInvalidCommandException extends DukeException {","lastModifiedDate":"2023-01-19"},{"lineNumber":2,"author":{"gitId":"valerietanhx"},"content":"","lastModifiedDate":"2023-01-19"},{"lineNumber":3,"author":{"gitId":"valerietanhx"},"content":"    public DukeInvalidCommandException() {","lastModifiedDate":"2023-01-19"},{"lineNumber":4,"author":{"gitId":"valerietanhx"},"content":"        super(\"HUH??? Sorry, I don\u0027t know what this means :(\");","lastModifiedDate":"2023-01-19"},{"lineNumber":5,"author":{"gitId":"valerietanhx"},"content":"    }","lastModifiedDate":"2023-01-19"},{"lineNumber":6,"author":{"gitId":"valerietanhx"},"content":"","lastModifiedDate":"2023-01-19"},{"lineNumber":7,"author":{"gitId":"valerietanhx"},"content":"}","lastModifiedDate":"2023-01-19"}],"authorContributionMap":{"valerietanhx":7}},{"path":"src/main/java/Event.java","fileType":"java","lines":[{"lineNumber":1,"author":{"gitId":"valerietanhx"},"content":"public class Event extends Task {","lastModifiedDate":"2023-01-19"},{"lineNumber":2,"author":{"gitId":"valerietanhx"},"content":"","lastModifiedDate":"2023-01-19"},{"lineNumber":3,"author":{"gitId":"valerietanhx"},"content":"    protected String from;","lastModifiedDate":"2023-01-19"},{"lineNumber":4,"author":{"gitId":"valerietanhx"},"content":"    protected String to;","lastModifiedDate":"2023-01-19"},{"lineNumber":5,"author":{"gitId":"valerietanhx"},"content":"","lastModifiedDate":"2023-01-19"},{"lineNumber":6,"author":{"gitId":"valerietanhx"},"content":"    public Event(String desc) {","lastModifiedDate":"2023-01-19"},{"lineNumber":7,"author":{"gitId":"valerietanhx"},"content":"","lastModifiedDate":"2023-01-19"},{"lineNumber":8,"author":{"gitId":"valerietanhx"},"content":"        super(desc.substring(0, desc.indexOf(\"/from\") - 1));","lastModifiedDate":"2023-01-19"},{"lineNumber":9,"author":{"gitId":"valerietanhx"},"content":"        this.from \u003d desc.substring(desc.indexOf(\"/from\") + 6, desc.indexOf(\"/to\") - 1);","lastModifiedDate":"2023-01-19"},{"lineNumber":10,"author":{"gitId":"valerietanhx"},"content":"        this.to \u003d desc.substring(desc.indexOf(\"/to\") + 4);","lastModifiedDate":"2023-01-19"},{"lineNumber":11,"author":{"gitId":"valerietanhx"},"content":"","lastModifiedDate":"2023-01-19"},{"lineNumber":12,"author":{"gitId":"valerietanhx"},"content":"    }","lastModifiedDate":"2023-01-19"},{"lineNumber":13,"author":{"gitId":"valerietanhx"},"content":"","lastModifiedDate":"2023-01-19"},{"lineNumber":14,"author":{"gitId":"valerietanhx"},"content":"    public String toString() {","lastModifiedDate":"2023-01-19"},{"lineNumber":15,"author":{"gitId":"valerietanhx"},"content":"        return \"[E]\" + super.toString() + String.format(\" (from: %s to: %s)\", from, to);","lastModifiedDate":"2023-01-19"},{"lineNumber":16,"author":{"gitId":"valerietanhx"},"content":"    }","lastModifiedDate":"2023-01-19"},{"lineNumber":17,"author":{"gitId":"valerietanhx"},"content":"","lastModifiedDate":"2023-01-19"},{"lineNumber":18,"author":{"gitId":"valerietanhx"},"content":"}","lastModifiedDate":"2023-01-19"}],"authorContributionMap":{"valerietanhx":18}},{"path":"src/main/java/Task.java","fileType":"java","lines":[{"lineNumber":1,"author":{"gitId":"valerietanhx"},"content":"public class Task {","lastModifiedDate":"2023-01-19"},{"lineNumber":2,"author":{"gitId":"valerietanhx"},"content":"    protected String desc;","lastModifiedDate":"2023-01-19"},{"lineNumber":3,"author":{"gitId":"valerietanhx"},"content":"    protected boolean isDone;","lastModifiedDate":"2023-01-19"},{"lineNumber":4,"author":{"gitId":"valerietanhx"},"content":"    public Task(String desc) {","lastModifiedDate":"2023-01-19"},{"lineNumber":5,"author":{"gitId":"valerietanhx"},"content":"        this.desc \u003d desc;","lastModifiedDate":"2023-01-19"},{"lineNumber":6,"author":{"gitId":"valerietanhx"},"content":"        this.isDone \u003d false;","lastModifiedDate":"2023-01-19"},{"lineNumber":7,"author":{"gitId":"valerietanhx"},"content":"    }","lastModifiedDate":"2023-01-19"},{"lineNumber":8,"author":{"gitId":"valerietanhx"},"content":"    public String getDesc() {","lastModifiedDate":"2023-01-19"},{"lineNumber":9,"author":{"gitId":"valerietanhx"},"content":"        return desc;","lastModifiedDate":"2023-01-19"},{"lineNumber":10,"author":{"gitId":"valerietanhx"},"content":"    }","lastModifiedDate":"2023-01-19"},{"lineNumber":11,"author":{"gitId":"valerietanhx"},"content":"","lastModifiedDate":"2023-01-19"},{"lineNumber":12,"author":{"gitId":"valerietanhx"},"content":"    public boolean isDone() {","lastModifiedDate":"2023-01-19"},{"lineNumber":13,"author":{"gitId":"valerietanhx"},"content":"        return isDone;","lastModifiedDate":"2023-01-19"},{"lineNumber":14,"author":{"gitId":"valerietanhx"},"content":"    }","lastModifiedDate":"2023-01-19"},{"lineNumber":15,"author":{"gitId":"valerietanhx"},"content":"    public String getStatusIcon() {","lastModifiedDate":"2023-01-19"},{"lineNumber":16,"author":{"gitId":"valerietanhx"},"content":"        return (isDone ? \"X\" : \" \"); // mark done task with X","lastModifiedDate":"2023-01-19"},{"lineNumber":17,"author":{"gitId":"valerietanhx"},"content":"    }","lastModifiedDate":"2023-01-19"},{"lineNumber":18,"author":{"gitId":"valerietanhx"},"content":"","lastModifiedDate":"2023-01-19"},{"lineNumber":19,"author":{"gitId":"valerietanhx"},"content":"    public void mark() {","lastModifiedDate":"2023-01-19"},{"lineNumber":20,"author":{"gitId":"valerietanhx"},"content":"        isDone \u003d true;","lastModifiedDate":"2023-01-19"},{"lineNumber":21,"author":{"gitId":"valerietanhx"},"content":"    }","lastModifiedDate":"2023-01-19"},{"lineNumber":22,"author":{"gitId":"valerietanhx"},"content":"","lastModifiedDate":"2023-01-19"},{"lineNumber":23,"author":{"gitId":"valerietanhx"},"content":"    public void unmark() {","lastModifiedDate":"2023-01-19"},{"lineNumber":24,"author":{"gitId":"valerietanhx"},"content":"        isDone \u003d false;","lastModifiedDate":"2023-01-19"},{"lineNumber":25,"author":{"gitId":"valerietanhx"},"content":"    }","lastModifiedDate":"2023-01-19"},{"lineNumber":26,"author":{"gitId":"valerietanhx"},"content":"","lastModifiedDate":"2023-01-19"},{"lineNumber":27,"author":{"gitId":"valerietanhx"},"content":"    public String toString() {","lastModifiedDate":"2023-01-19"},{"lineNumber":28,"author":{"gitId":"valerietanhx"},"content":"        return String.format(\"[%s] %s\", getStatusIcon(), desc);","lastModifiedDate":"2023-01-19"},{"lineNumber":29,"author":{"gitId":"valerietanhx"},"content":"    }","lastModifiedDate":"2023-01-19"},{"lineNumber":30,"author":{"gitId":"valerietanhx"},"content":"}","lastModifiedDate":"2023-01-19"}],"authorContributionMap":{"valerietanhx":30}},{"path":"src/main/java/ToDo.java","fileType":"java","lines":[{"lineNumber":1,"author":{"gitId":"valerietanhx"},"content":"public class ToDo extends Task {","lastModifiedDate":"2023-01-19"},{"lineNumber":2,"author":{"gitId":"valerietanhx"},"content":"    public ToDo(String desc) {","lastModifiedDate":"2023-01-19"},{"lineNumber":3,"author":{"gitId":"valerietanhx"},"content":"        super(desc);","lastModifiedDate":"2023-01-19"},{"lineNumber":4,"author":{"gitId":"valerietanhx"},"content":"    }","lastModifiedDate":"2023-01-19"},{"lineNumber":5,"author":{"gitId":"valerietanhx"},"content":"","lastModifiedDate":"2023-01-19"},{"lineNumber":6,"author":{"gitId":"valerietanhx"},"content":"    public String toString() {","lastModifiedDate":"2023-01-19"},{"lineNumber":7,"author":{"gitId":"valerietanhx"},"content":"        return \"[T]\" + super.toString();","lastModifiedDate":"2023-01-19"},{"lineNumber":8,"author":{"gitId":"valerietanhx"},"content":"    }","lastModifiedDate":"2023-01-19"},{"lineNumber":9,"author":{"gitId":"valerietanhx"},"content":"","lastModifiedDate":"2023-01-19"},{"lineNumber":10,"author":{"gitId":"valerietanhx"},"content":"}","lastModifiedDate":"2023-01-19"}],"authorContributionMap":{"valerietanhx":10}},{"path":"text-ui-test/input.txt","fileType":"txt","lines":[{"lineNumber":1,"author":{"gitId":"valerietanhx"},"content":"todo borrow book","lastModifiedDate":"2023-01-19"},{"lineNumber":2,"author":{"gitId":"valerietanhx"},"content":"deadline return book /by Sunday","lastModifiedDate":"2023-01-19"},{"lineNumber":3,"author":{"gitId":"valerietanhx"},"content":"event project meeting /from Mon 2pm /to 4pm","lastModifiedDate":"2023-01-19"},{"lineNumber":4,"author":{"gitId":"valerietanhx"},"content":"list","lastModifiedDate":"2023-01-19"},{"lineNumber":5,"author":{"gitId":"valerietanhx"},"content":"mark 2","lastModifiedDate":"2023-01-19"},{"lineNumber":6,"author":{"gitId":"valerietanhx"},"content":"list","lastModifiedDate":"2023-01-19"},{"lineNumber":7,"author":{"gitId":"valerietanhx"},"content":"unmark 2","lastModifiedDate":"2023-01-19"},{"lineNumber":8,"author":{"gitId":"valerietanhx"},"content":"list","lastModifiedDate":"2023-01-19"},{"lineNumber":9,"author":{"gitId":"valerietanhx"},"content":"bye","lastModifiedDate":"2023-01-19"}],"authorContributionMap":{"valerietanhx":9}}]
