{"authorDailyContributionsMap":{"valerietanhx":[{"date":"2023-01-19","commitResults":[{"hash":"594ff42708f4f05dd002bc0837a23ce676df043a","messageTitle":"Add Level-1","messageBody":"","tags":["Level-1"],"fileTypesAndContributionMap":{"java":{"insertions":22,"deletions":6}}},{"hash":"7a730ba7bfafa86e4cb13bd4108b27c4e78dbe7c","messageTitle":"Add Level-2","messageBody":"","tags":["Level-2"],"fileTypesAndContributionMap":{"java":{"insertions":11,"deletions":1}}},{"hash":"585319602bef443eb783cd477ffe2452bd97907d","messageTitle":"Add Level-3","messageBody":"","tags":["Level-3"],"fileTypesAndContributionMap":{"java":{"insertions":65,"deletions":7}}},{"hash":"0fe93a4c9599c4382c9cfeb2c1b634f9a5b4bd5a","messageTitle":"Add Level-4","messageBody":"","tags":["Level-4"],"fileTypesAndContributionMap":{"java":{"insertions":63,"deletions":6}}},{"hash":"173dc602a889f75f820c2d03cc315a143a463fcb","messageTitle":"Update Level-4","messageBody":"","fileTypesAndContributionMap":{"java":{"insertions":27,"deletions":25}}},{"hash":"0b1ecedd73861f37e7a21ab9b09fadbca40965c7","messageTitle":"Update Level-4","messageBody":"","fileTypesAndContributionMap":{"java":{"insertions":2,"deletions":2}}},{"hash":"fea109301117abfd72cc24eba7eb7396b80e638a","messageTitle":"Add A-TextUiTesting","messageBody":"","tags":["A-TextUiTesting"],"fileTypesAndContributionMap":{"txt":{"insertions":9,"deletions":0},"java":{"insertions":2,"deletions":2}}},{"hash":"5af17b4fc77898be0807739d2bdae1acf7c378b8","messageTitle":"Refactor code","messageBody":"","fileTypesAndContributionMap":{"java":{"insertions":96,"deletions":55}}},{"hash":"f6c1fb7f772f563b3283dce8221e225d7266617f","messageTitle":"Add Level-5","messageBody":"","tags":["Level-5"],"fileTypesAndContributionMap":{"txt":{"insertions":10,"deletions":4},"java":{"insertions":88,"deletions":44}}},{"hash":"5d3c34bf6ab481d8127a81901e8d5b775474f6d6","messageTitle":"Add Level-6","messageBody":"","tags":["Level-6"],"fileTypesAndContributionMap":{"txt":{"insertions":3,"deletions":3},"java":{"insertions":41,"deletions":8}}}]},{"date":"2023-01-20","commitResults":[{"hash":"267db26e5cedf306e0d7867e2e03c38e17ada06d","messageTitle":"Add adapted code attribution in line with reuse policy","messageBody":"","fileTypesAndContributionMap":{"java":{"insertions":2,"deletions":1}}}]},{"date":"2023-01-24","commitResults":[{"hash":"54db29696bff11b632d45b9ee0e2a964f66474e9","messageTitle":"Level-7","messageBody":"","tags":["Level-7"],"fileTypesAndContributionMap":{"java":{"insertions":82,"deletions":5}}},{"hash":"cd5ab7d2d397b6efbc55a92524f2c739b888e445","messageTitle":"Add Level-8","messageBody":"","tags":["Level-8"],"fileTypesAndContributionMap":{"java":{"insertions":122,"deletions":9}}}]},{"date":"2023-01-25","commitResults":[{"hash":"493703142b2491487542641485c21959ac9fa986","messageTitle":"Refactor code","messageBody":"","fileTypesAndContributionMap":{"txt":{"insertions":8,"deletions":11},"java":{"insertions":141,"deletions":166}}}]},{"date":"2023-01-27","commitResults":[{"hash":"55991c3dcd95056d945bbb2af393c8213c2523c6","messageTitle":"Update Level-7","messageBody":"","fileTypesAndContributionMap":{"txt":{"insertions":0,"deletions":4},"java":{"insertions":55,"deletions":34}}}]},{"date":"2023-01-28","commitResults":[{"hash":"18ff8c3a277a1df6fb10520c7688aad4da81406b","messageTitle":"Change Duke to a bunny","messageBody":"","fileTypesAndContributionMap":{"java":{"insertions":2,"deletions":2}}}]}]},"authorFileTypeContributionMap":{"valerietanhx":{"java":456,"md":0,"fxml":0,"sh":0,"bat":0,"gradle":0,"txt":8}},"authorContributionVariance":{"valerietanhx":26740.352},"authorDisplayNameMap":{"valerietanhx":"CS2103-W17-2 TAN ..ERIE"}}
