{"authorDailyContributionsMap":{"valerietanhx":[{"date":"2023-01-19","commitResults":[{"hash":"594ff42708f4f05dd002bc0837a23ce676df043a","isMergeCommit":false,"messageTitle":"Add Level-1","messageBody":"","tags":["Level-1"],"fileTypesAndContributionMap":{"java":{"insertions":22,"deletions":6}}},{"hash":"7a730ba7bfafa86e4cb13bd4108b27c4e78dbe7c","isMergeCommit":false,"messageTitle":"Add Level-2","messageBody":"","tags":["Level-2"],"fileTypesAndContributionMap":{"java":{"insertions":11,"deletions":1}}},{"hash":"585319602bef443eb783cd477ffe2452bd97907d","isMergeCommit":false,"messageTitle":"Add Level-3","messageBody":"","tags":["Level-3"],"fileTypesAndContributionMap":{"java":{"insertions":65,"deletions":7}}},{"hash":"0fe93a4c9599c4382c9cfeb2c1b634f9a5b4bd5a","isMergeCommit":false,"messageTitle":"Add Level-4","messageBody":"","tags":["Level-4"],"fileTypesAndContributionMap":{"java":{"insertions":63,"deletions":6}}},{"hash":"173dc602a889f75f820c2d03cc315a143a463fcb","isMergeCommit":false,"messageTitle":"Update Level-4","messageBody":"","fileTypesAndContributionMap":{"java":{"insertions":27,"deletions":25}}},{"hash":"0b1ecedd73861f37e7a21ab9b09fadbca40965c7","isMergeCommit":false,"messageTitle":"Update Level-4","messageBody":"","fileTypesAndContributionMap":{"java":{"insertions":2,"deletions":2}}},{"hash":"fea109301117abfd72cc24eba7eb7396b80e638a","isMergeCommit":false,"messageTitle":"Add A-TextUiTesting","messageBody":"","tags":["A-TextUiTesting"],"fileTypesAndContributionMap":{"txt":{"insertions":9,"deletions":0},"java":{"insertions":2,"deletions":2}}},{"hash":"5af17b4fc77898be0807739d2bdae1acf7c378b8","isMergeCommit":false,"messageTitle":"Refactor code","messageBody":"","fileTypesAndContributionMap":{"java":{"insertions":96,"deletions":55}}},{"hash":"f6c1fb7f772f563b3283dce8221e225d7266617f","isMergeCommit":false,"messageTitle":"Add Level-5","messageBody":"","tags":["Level-5"],"fileTypesAndContributionMap":{"txt":{"insertions":10,"deletions":4},"java":{"insertions":88,"deletions":44}}},{"hash":"5d3c34bf6ab481d8127a81901e8d5b775474f6d6","isMergeCommit":false,"messageTitle":"Add Level-6","messageBody":"","tags":["Level-6"],"fileTypesAndContributionMap":{"txt":{"insertions":3,"deletions":3},"java":{"insertions":41,"deletions":8}}}]},{"date":"2023-01-20","commitResults":[{"hash":"267db26e5cedf306e0d7867e2e03c38e17ada06d","isMergeCommit":false,"messageTitle":"Add adapted code attribution in line with reuse policy","messageBody":"","fileTypesAndContributionMap":{"java":{"insertions":2,"deletions":1}}}]},{"date":"2023-01-24","commitResults":[{"hash":"54db29696bff11b632d45b9ee0e2a964f66474e9","isMergeCommit":false,"messageTitle":"Level-7","messageBody":"","tags":["Level-7"],"fileTypesAndContributionMap":{"java":{"insertions":82,"deletions":5}}},{"hash":"cd5ab7d2d397b6efbc55a92524f2c739b888e445","isMergeCommit":false,"messageTitle":"Add Level-8","messageBody":"","tags":["Level-8"],"fileTypesAndContributionMap":{"java":{"insertions":122,"deletions":9}}},{"hash":"2dcac757fd976441c54d84a1be688a3b79c26de6","isMergeCommit":true,"messageTitle":"Merge branch \u0027branch-Level-8\u0027","messageBody":"","fileTypesAndContributionMap":{}}]},{"date":"2023-01-25","commitResults":[{"hash":"493703142b2491487542641485c21959ac9fa986","isMergeCommit":false,"messageTitle":"Refactor code","messageBody":"","fileTypesAndContributionMap":{"txt":{"insertions":8,"deletions":11},"java":{"insertions":141,"deletions":166}}}]},{"date":"2023-01-27","commitResults":[{"hash":"55991c3dcd95056d945bbb2af393c8213c2523c6","isMergeCommit":false,"messageTitle":"Update Level-7","messageBody":"","fileTypesAndContributionMap":{"txt":{"insertions":0,"deletions":4},"java":{"insertions":55,"deletions":34}}}]},{"date":"2023-01-28","commitResults":[{"hash":"18ff8c3a277a1df6fb10520c7688aad4da81406b","isMergeCommit":false,"messageTitle":"Change Duke to a bunny","messageBody":"","fileTypesAndContributionMap":{"java":{"insertions":2,"deletions":2}}},{"hash":"cde0e59188986f7d2cc90ba8e19bd62a3b4af481","isMergeCommit":false,"messageTitle":"Add A-MoreOOP","messageBody":"","tags":["A-MoreOOP"],"fileTypesAndContributionMap":{"java":{"insertions":515,"deletions":303}}},{"hash":"b49f719b7d6215c6d70fd66f60c61ba571d51d5c","isMergeCommit":false,"messageTitle":"Clean up Parser","messageBody":"","fileTypesAndContributionMap":{"txt":{"insertions":2,"deletions":2},"java":{"insertions":43,"deletions":71}}},{"hash":"f446af648c4b34f2b18ec682bd6c7fcb203332d3","isMergeCommit":false,"messageTitle":"Add A-Packages","messageBody":"","tags":["A-Packages"],"fileTypesAndContributionMap":{"java":{"insertions":161,"deletions":61}}}]},{"date":"2023-01-29","commitResults":[{"hash":"50f6ac6787bab16ae3c559b1f3e6b29911c2ea1d","isMergeCommit":true,"messageTitle":"Merge remote-tracking branch \u0027origin/add-gradle-support\u0027","messageBody":"","tags":["A-Gradle"],"fileTypesAndContributionMap":{}},{"hash":"79c13e1c02fd9c23828c3f7bea74e575accc6907","isMergeCommit":false,"messageTitle":"Add A-JUnit","messageBody":"","tags":["A-JUnit"],"fileTypesAndContributionMap":{"java":{"insertions":90,"deletions":0}}},{"hash":"7d6667364006b849537e4b99d4bf102ee9122d45","isMergeCommit":false,"messageTitle":"Update build.gradle Shadow plugin details","messageBody":"","tags":["A-Jar"],"fileTypesAndContributionMap":{"gradle":{"insertions":1,"deletions":1}}}]},{"date":"2023-01-31","commitResults":[{"hash":"1fad99b5c70a9f64692cc72270e9af9a2ad32ea8","isMergeCommit":false,"messageTitle":"Add A-CheckStyle","messageBody":"","tags":["A-CheckStyle"],"fileTypesAndContributionMap":{"gradle":{"insertions":5,"deletions":0}}},{"hash":"8d42e065581148af3cb5858ea5ff8eec50096dbe","isMergeCommit":false,"messageTitle":"Add A-JavaDoc","messageBody":"","tags":["A-JavaDoc"],"fileTypesAndContributionMap":{"java":{"insertions":247,"deletions":0}}}]},{"date":"2023-02-01","commitResults":[{"hash":"08b3a72cc86f8bf38925fee69781d7f52bf86031","isMergeCommit":false,"messageTitle":"Add A-CodingStandard","messageBody":"","tags":["A-CodingStandard"],"fileTypesAndContributionMap":{"java":{"insertions":62,"deletions":48}}},{"hash":"5436b3e188811d13f6fedc13a70af34b9dbfe3f8","isMergeCommit":false,"messageTitle":"Add Level-9","messageBody":"","tags":["Level-9"],"fileTypesAndContributionMap":{"java":{"insertions":41,"deletions":6}}},{"hash":"fdcec5e7d5df7e1b40086703eca93d39158c1263","isMergeCommit":false,"messageTitle":"Update Level-9","messageBody":"","fileTypesAndContributionMap":{"java":{"insertions":11,"deletions":1}}},{"hash":"470d3905aeb00ab680563fdd353fa9f84a44f16b","isMergeCommit":true,"messageTitle":"Fix merge conflicts","messageBody":"","fileTypesAndContributionMap":{}},{"hash":"ab4dbb46ee49cc3beda316849fbdf9d6b12fb5ca","isMergeCommit":true,"messageTitle":"Fix merge conflicts","messageBody":"","fileTypesAndContributionMap":{}},{"hash":"68273f3db2b978f9a19e48dfc4a71e5a1f397cc4","isMergeCommit":false,"messageTitle":"Edit typo in Event class","messageBody":"","fileTypesAndContributionMap":{"java":{"insertions":1,"deletions":1}}}]},{"date":"2023-02-03","commitResults":[{"hash":"ea8c398e29a6aefbb4cd0eda1ee4fd8c28bc9266","isMergeCommit":false,"messageTitle":"Fix bug in find command","messageBody":"","fileTypesAndContributionMap":{"java":{"insertions":1,"deletions":1}}}]},{"date":"2023-02-05","commitResults":[{"hash":"b7be1729f0f5c08a2d92e3c18982d79e8654e1fa","isMergeCommit":false,"messageTitle":"Add Level-10","messageBody":"","tags":["Level-10","A-Jar-2"],"fileTypesAndContributionMap":{"gradle":{"insertions":15,"deletions":0},"fxml":{"insertions":35,"deletions":0},"java":{"insertions":259,"deletions":57}}}]},{"date":"2023-02-11","commitResults":[{"hash":"07620f7014badc3eeb57ee518cbdb3aa5d6ff778","isMergeCommit":false,"messageTitle":"Add A-Assertions","messageBody":"","tags":["A-Assertions"],"fileTypesAndContributionMap":{"gradle":{"insertions":1,"deletions":1},"java":{"insertions":3,"deletions":0}}},{"hash":"1d1d7aaef594d7914ecf99ad8a2e637ccfea7fd7","isMergeCommit":false,"messageTitle":"Improve code quality","messageBody":"","tags":["A-CodeQuality"],"fileTypesAndContributionMap":{"java":{"insertions":97,"deletions":56}}},{"hash":"64f9f6f86b7707b3cf071c7995d273ab7f16753f","isMergeCommit":true,"messageTitle":"Merge pull request #2 from valerietanhx/branch-A-Assertions","messageBody":"Add A-Assertions","fileTypesAndContributionMap":{}},{"hash":"548597f12c1bcca065e75a97585c966e4e872718","isMergeCommit":true,"messageTitle":"Merge branch \u0027master\u0027 into branch-A-CodeQuality","messageBody":"","fileTypesAndContributionMap":{}},{"hash":"15c1aa85764da3310c15a509f12234e5a2c5876b","isMergeCommit":true,"messageTitle":"Merge pull request #3 from valerietanhx/branch-A-CodeQuality","messageBody":"Improve code quality","fileTypesAndContributionMap":{}},{"hash":"c3fa107204bc172d9cfa90d45ce5267e57292cc5","isMergeCommit":false,"messageTitle":"Reduce line length","messageBody":"The toString method of Deadline.java has a line length of 136 characters.\n\nLine length should be reduced to improve readability.\n\nLet\u0027s insert a line break at an appropriate place to reduce the line length to \u003c120 characters.\n","tags":["A-FullCommitMessage"],"fileTypesAndContributionMap":{"java":{"insertions":2,"deletions":1}}},{"hash":"cdcd93b0656007b935173506356c28dcf8c3f184","isMergeCommit":false,"messageTitle":"Add description editing functionality","messageBody":"Users are unable to edit a task after it has been added. Instead, they have to manually delete and add a new one.\n\nTask editing functionality should be added to enhance user experience. Users would be able to rectify any errors they have made when adding the task.\n\nLet’s add the ability to edit task descriptions.\n","tags":["C-Update","BCD-Extension"],"fileTypesAndContributionMap":{"txt":{"insertions":6,"deletions":0},"java":{"insertions":102,"deletions":10}}},{"hash":"f9297eaf2f7887296ea3e365c68a8fe5d9097913","isMergeCommit":false,"messageTitle":"Lengthen bunny divider","messageBody":"","tags":["A-Personality"],"fileTypesAndContributionMap":{"java":{"insertions":7,"deletions":2}}}]},{"date":"2023-02-12","commitResults":[{"hash":"be4d2da977089923e2389ec13a370a4ef99c6bd5","isMergeCommit":false,"messageTitle":"Delete unnecessary file","messageBody":"","fileTypesAndContributionMap":{"txt":{"insertions":0,"deletions":6}}},{"hash":"ec5fc91b9c18c8bd32fec2bccbc6cda3cb8f40b0","isMergeCommit":false,"messageTitle":"Make display picture a circle","messageBody":"","fileTypesAndContributionMap":{"java":{"insertions":3,"deletions":2}}}]},{"date":"2023-02-16","commitResults":[{"hash":"d14f913f5ba1c8b4b65c9aacc4fd528f0fc9052e","isMergeCommit":false,"messageTitle":"Improve GUI","messageBody":"","fileTypesAndContributionMap":{"txt":{"insertions":2,"deletions":0},"fxml":{"insertions":1,"deletions":1},"java":{"insertions":6,"deletions":3}}},{"hash":"a6fc5b810a700f0bddf1d3fb408782ea665aeeae","isMergeCommit":false,"messageTitle":"Add product name to GUI","messageBody":"","fileTypesAndContributionMap":{"java":{"insertions":1,"deletions":0}}}]},{"date":"2023-02-17","commitResults":[{"hash":"a2da58f8f2f38f4153cdd8ffa605b2aed154da84","isMergeCommit":false,"messageTitle":"Add user guide","messageBody":"Add user guide in README.md","tags":["A-UserGuide","A-Release"],"fileTypesAndContributionMap":{"md":{"insertions":102,"deletions":15}}}]},{"date":"2023-02-18","commitResults":[{"hash":"b56c5c824c1954215bbd9b27e02b389d5d54428d","isMergeCommit":false,"messageTitle":"Edit typo in user guide","messageBody":"","fileTypesAndContributionMap":{"md":{"insertions":1,"deletions":1}}}]}]},"authorFileTypeContributionMap":{"valerietanhx":{"java":1488,"md":96,"fxml":35,"sh":0,"bat":0,"gradle":21,"txt":10}},"authorContributionVariance":{"valerietanhx":49551.875},"authorDisplayNameMap":{"valerietanhx":"CS2103-W17-2 TAN ..ERIE"}}
