{"authorDailyContributionsMap":{"zhacatomn":[{"date":"2023-01-18","commitResults":[{"hash":"adaafb051dc589e3cf081c5eb48d319d4eefbb89","messageTitle":"Complete level 1","messageBody":"","tags":["Level-1"],"fileTypesAndContributionMap":{"java":{"insertions":13,"deletions":6}}},{"hash":"cedab932edc7ee48d16d770732082d343e7833f7","messageTitle":"Complete level 2","messageBody":"","tags":["Level-2"],"fileTypesAndContributionMap":{"java":{"insertions":19,"deletions":1}}},{"hash":"2a7707b6de9b75440fc177981a136622dc6a42c4","messageTitle":"Complete level 3","messageBody":"","tags":["Level-3"],"fileTypesAndContributionMap":{"java":{"insertions":55,"deletions":11}}},{"hash":"6780753e72b40e3e8b5186ad5e1cc0534c660491","messageTitle":"Complete level 4","messageBody":"","tags":["Level-4"],"fileTypesAndContributionMap":{"java":{"insertions":65,"deletions":14}}},{"hash":"5e1fe56ed60cd0b536a02b21e7eb4cf5ac6e93f1","messageTitle":"Implement I/O testing","messageBody":"","tags":["A-TextUiTesting"],"fileTypesAndContributionMap":{"txt":{"insertions":11,"deletions":0},"bat":{"insertions":1,"deletions":1}}},{"hash":"b838f52d35367e01cdda5d4dfc03c41bda52d7e5","messageTitle":"Complete level 5","messageBody":"","tags":["Level-5"],"fileTypesAndContributionMap":{"java":{"insertions":108,"deletions":49}}}]},{"date":"2023-01-19","commitResults":[{"hash":"3c7e489c0b575d6d44aecc93d2baf47812aec52a","messageTitle":"Complete level 6","messageBody":"","tags":["Level-6"],"fileTypesAndContributionMap":{"txt":{"insertions":3,"deletions":0},"java":{"insertions":30,"deletions":15}}},{"hash":"6b71dbd2bce5b5eadd2db4afdc9398309e7e7838","messageTitle":"Add javadocs","messageBody":"","fileTypesAndContributionMap":{"java":{"insertions":61,"deletions":0}}},{"hash":"2aa03486db2274296aba36d133648567c8b5dc59","messageTitle":"Organise imports","messageBody":"","fileTypesAndContributionMap":{"java":{"insertions":1,"deletions":1}}},{"hash":"3ad4fc47ce9a6fb7b539b6549869f9ae19881424","messageTitle":"Wrap in pacakage","messageBody":"","fileTypesAndContributionMap":{"java":{"insertions":23,"deletions":9},"bat":{"insertions":1,"deletions":1}}},{"hash":"49a74f05b602345f710d1a14f66a68f06a7f6520","messageTitle":"Fix minor issue","messageBody":"","fileTypesAndContributionMap":{"java":{"insertions":3,"deletions":2}}}]}]},"authorFileTypeContributionMap":{"zhacatomn":{"java":277,"md":0,"fxml":0,"sh":0,"bat":1,"gradle":0,"txt":14}},"authorContributionVariance":{"zhacatomn":15932.571},"authorDisplayNameMap":{"zhacatomn":"QUEK..HAUN"}}
