{"authorDailyContributionsMap":{"gyulong1":[{"date":"2023-01-19","commitResults":[{"hash":"2f1f35918e1a424e7f01ab4e86d9ece857080d65","messageTitle":"Added Level-1","messageBody":"","fileTypesAndContributionMap":{"java":{"insertions":15,"deletions":0}}},{"hash":"f4fd5a722a7f59688cda537e3f9d19384deb611e","messageTitle":"Added Level-2","messageBody":"","tags":["Level-2"],"fileTypesAndContributionMap":{"java":{"insertions":20,"deletions":6}}},{"hash":"d919c7843111ea89d76cd0b1a7c51acbdebf1b4d","messageTitle":"Added Level-3","messageBody":"","tags":["Level-3"],"fileTypesAndContributionMap":{"java":{"insertions":58,"deletions":11}}},{"hash":"284cd2b07950febf86e966b64fc7a46e0b8c12b9","messageTitle":"Added Level-4","messageBody":"","tags":["Level-4"],"fileTypesAndContributionMap":{"java":{"insertions":79,"deletions":19}}},{"hash":"95850deb710bf49cdf2da12b015426a4ba8d0a21","messageTitle":"Added A-TextUiTesting","messageBody":"","tags":["A-TextUiTesting"],"fileTypesAndContributionMap":{"txt":{"insertions":1,"deletions":0}}},{"hash":"0038b4f4a4de872951723e8d412f4f1d7826718c","messageTitle":"Added Level-5","messageBody":"","tags":["Level-5"],"fileTypesAndContributionMap":{"java":{"insertions":35,"deletions":17},"sh":{"insertions":0,"deletions":0}}}]}]},"authorFileTypeContributionMap":{"gyulong1":{"java":153,"md":0,"fxml":0,"sh":0,"bat":0,"gradle":0,"txt":1}},"authorContributionVariance":{"gyulong1":8341.348},"authorDisplayNameMap":{"gyulong1":"GUO ..LONG"}}
