[{"path":"src/main/java/Duke.java","fileType":"java","lines":[{"lineNumber":1,"author":{"gitId":"JamesLiuZX"},"content":"import duke.functions.Storage;","lastModifiedDate":"2023-01-30"},{"lineNumber":2,"author":{"gitId":"JamesLiuZX"},"content":"import duke.tasks.TaskList;","lastModifiedDate":"2023-01-30"},{"lineNumber":3,"author":{"gitId":"JamesLiuZX"},"content":"import duke.functions.Ui;","lastModifiedDate":"2023-01-30"},{"lineNumber":4,"author":{"gitId":"JamesLiuZX"},"content":"","lastModifiedDate":"2023-01-30"},{"lineNumber":5,"author":{"gitId":"-"},"content":"public class Duke {","lastModifiedDate":"2023-01-19"},{"lineNumber":6,"author":{"gitId":"JamesLiuZX"},"content":"    protected static final String filePath \u003d \"./data/duke.txt\";","lastModifiedDate":"2023-01-26"},{"lineNumber":7,"author":{"gitId":"JamesLiuZX"},"content":"    protected static final String database \u003d \"duke.txt\";","lastModifiedDate":"2023-01-26"},{"lineNumber":8,"author":{"gitId":"JamesLiuZX"},"content":"    private Storage storage;","lastModifiedDate":"2023-01-26"},{"lineNumber":9,"author":{"gitId":"JamesLiuZX"},"content":"    private TaskList tasks;","lastModifiedDate":"2023-01-26"},{"lineNumber":10,"author":{"gitId":"JamesLiuZX"},"content":"    private Ui ui;","lastModifiedDate":"2023-01-26"},{"lineNumber":11,"author":{"gitId":"JamesLiuZX"},"content":"","lastModifiedDate":"2023-01-26"},{"lineNumber":12,"author":{"gitId":"JamesLiuZX"},"content":"    public Duke() {","lastModifiedDate":"2023-01-26"},{"lineNumber":13,"author":{"gitId":"JamesLiuZX"},"content":"        ui \u003d new Ui();","lastModifiedDate":"2023-01-26"},{"lineNumber":14,"author":{"gitId":"JamesLiuZX"},"content":"        storage \u003d new Storage(filePath);","lastModifiedDate":"2023-01-26"},{"lineNumber":15,"author":{"gitId":"JamesLiuZX"},"content":"        try {","lastModifiedDate":"2023-01-26"},{"lineNumber":16,"author":{"gitId":"JamesLiuZX"},"content":"            storage.readDatabase(tasks);","lastModifiedDate":"2023-01-26"},{"lineNumber":17,"author":{"gitId":"JamesLiuZX"},"content":"        } catch (Exception e) {","lastModifiedDate":"2023-01-26"},{"lineNumber":18,"author":{"gitId":"JamesLiuZX"},"content":"            tasks \u003d new TaskList();","lastModifiedDate":"2023-01-26"},{"lineNumber":19,"author":{"gitId":"JamesLiuZX"},"content":"        }","lastModifiedDate":"2023-01-19"},{"lineNumber":20,"author":{"gitId":"JamesLiuZX"},"content":"    }","lastModifiedDate":"2023-01-19"},{"lineNumber":21,"author":{"gitId":"JamesLiuZX"},"content":"","lastModifiedDate":"2023-01-19"},{"lineNumber":22,"author":{"gitId":"-"},"content":"    public static void main(String[] args) {","lastModifiedDate":"2023-01-26"},{"lineNumber":23,"author":{"gitId":"JamesLiuZX"},"content":"        Duke d \u003d new Duke();","lastModifiedDate":"2023-01-26"},{"lineNumber":24,"author":{"gitId":"JamesLiuZX"},"content":"        TaskList list \u003d new TaskList();","lastModifiedDate":"2023-01-26"},{"lineNumber":25,"author":{"gitId":"JamesLiuZX"},"content":"        d.storage.readDatabase(list);","lastModifiedDate":"2023-01-26"},{"lineNumber":26,"author":{"gitId":"JamesLiuZX"},"content":"        d.ui.run(list);","lastModifiedDate":"2023-01-26"},{"lineNumber":27,"author":{"gitId":"-"},"content":"    }","lastModifiedDate":"2023-01-19"},{"lineNumber":28,"author":{"gitId":"-"},"content":"}","lastModifiedDate":"2023-01-19"}],"authorContributionMap":{"-":4,"JamesLiuZX":24}},{"path":"src/main/java/duke/exceptions/DukeException.java","fileType":"java","lines":[{"lineNumber":1,"author":{"gitId":"JamesLiuZX"},"content":"package duke.exceptions;","lastModifiedDate":"2023-01-30"},{"lineNumber":2,"author":{"gitId":"JamesLiuZX"},"content":"","lastModifiedDate":"2023-01-30"},{"lineNumber":3,"author":{"gitId":"JamesLiuZX"},"content":"import java.lang.Exception;","lastModifiedDate":"2023-01-19"},{"lineNumber":4,"author":{"gitId":"JamesLiuZX"},"content":"","lastModifiedDate":"2023-01-19"},{"lineNumber":5,"author":{"gitId":"JamesLiuZX"},"content":"public class DukeException extends Exception{","lastModifiedDate":"2023-01-19"},{"lineNumber":6,"author":{"gitId":"JamesLiuZX"},"content":"    public DukeException(String message) {","lastModifiedDate":"2023-01-19"},{"lineNumber":7,"author":{"gitId":"JamesLiuZX"},"content":"        super(message);","lastModifiedDate":"2023-01-19"},{"lineNumber":8,"author":{"gitId":"JamesLiuZX"},"content":"    }","lastModifiedDate":"2023-01-19"},{"lineNumber":9,"author":{"gitId":"JamesLiuZX"},"content":"}","lastModifiedDate":"2023-01-19"}],"authorContributionMap":{"JamesLiuZX":9}},{"path":"src/main/java/duke/exceptions/EmptyInputException.java","fileType":"java","lines":[{"lineNumber":1,"author":{"gitId":"JamesLiuZX"},"content":"package duke.exceptions;","lastModifiedDate":"2023-01-30"},{"lineNumber":2,"author":{"gitId":"JamesLiuZX"},"content":"","lastModifiedDate":"2023-01-30"},{"lineNumber":3,"author":{"gitId":"JamesLiuZX"},"content":"public class EmptyInputException extends DukeException {","lastModifiedDate":"2023-01-19"},{"lineNumber":4,"author":{"gitId":"JamesLiuZX"},"content":"    public EmptyInputException() {","lastModifiedDate":"2023-01-19"},{"lineNumber":5,"author":{"gitId":"JamesLiuZX"},"content":"        super(\"The input cannot be empty.\");","lastModifiedDate":"2023-01-19"},{"lineNumber":6,"author":{"gitId":"JamesLiuZX"},"content":"    }","lastModifiedDate":"2023-01-19"},{"lineNumber":7,"author":{"gitId":"JamesLiuZX"},"content":"}","lastModifiedDate":"2023-01-19"}],"authorContributionMap":{"JamesLiuZX":7}},{"path":"src/main/java/duke/exceptions/InvalidCommandException.java","fileType":"java","lines":[{"lineNumber":1,"author":{"gitId":"JamesLiuZX"},"content":"package duke.exceptions;","lastModifiedDate":"2023-01-30"},{"lineNumber":2,"author":{"gitId":"JamesLiuZX"},"content":"","lastModifiedDate":"2023-01-30"},{"lineNumber":3,"author":{"gitId":"JamesLiuZX"},"content":"import duke.functions.Ui;","lastModifiedDate":"2023-01-30"},{"lineNumber":4,"author":{"gitId":"JamesLiuZX"},"content":"","lastModifiedDate":"2023-01-30"},{"lineNumber":5,"author":{"gitId":"JamesLiuZX"},"content":"public class InvalidCommandException extends DukeException{","lastModifiedDate":"2023-01-19"},{"lineNumber":6,"author":{"gitId":"JamesLiuZX"},"content":"    public InvalidCommandException() {","lastModifiedDate":"2023-01-19"},{"lineNumber":7,"author":{"gitId":"JamesLiuZX"},"content":"        super(\"Sorry, I don\u0027t know what that line means. You could try typing from our list of commands:\\n\"","lastModifiedDate":"2023-01-19"},{"lineNumber":8,"author":{"gitId":"JamesLiuZX"},"content":"                + Ui.commandList.toString());","lastModifiedDate":"2023-01-26"},{"lineNumber":9,"author":{"gitId":"JamesLiuZX"},"content":"    }","lastModifiedDate":"2023-01-19"},{"lineNumber":10,"author":{"gitId":"JamesLiuZX"},"content":"}","lastModifiedDate":"2023-01-19"}],"authorContributionMap":{"JamesLiuZX":10}},{"path":"src/main/java/duke/functions/DatabaseWriter.java","fileType":"java","lines":[{"lineNumber":1,"author":{"gitId":"JamesLiuZX"},"content":"package duke.functions;","lastModifiedDate":"2023-01-30"},{"lineNumber":2,"author":{"gitId":"JamesLiuZX"},"content":"","lastModifiedDate":"2023-01-30"},{"lineNumber":3,"author":{"gitId":"JamesLiuZX"},"content":"import duke.tasks.Task;","lastModifiedDate":"2023-01-30"},{"lineNumber":4,"author":{"gitId":"JamesLiuZX"},"content":"","lastModifiedDate":"2023-01-26"},{"lineNumber":5,"author":{"gitId":"JamesLiuZX"},"content":"import java.io.*;","lastModifiedDate":"2023-01-30"},{"lineNumber":6,"author":{"gitId":"JamesLiuZX"},"content":"import java.nio.file.Files;","lastModifiedDate":"2023-01-26"},{"lineNumber":7,"author":{"gitId":"JamesLiuZX"},"content":"import java.nio.file.Path;","lastModifiedDate":"2023-01-26"},{"lineNumber":8,"author":{"gitId":"JamesLiuZX"},"content":"import java.nio.file.Paths;","lastModifiedDate":"2023-01-26"},{"lineNumber":9,"author":{"gitId":"JamesLiuZX"},"content":"import java.util.List;","lastModifiedDate":"2023-01-26"},{"lineNumber":10,"author":{"gitId":"JamesLiuZX"},"content":"","lastModifiedDate":"2023-01-26"},{"lineNumber":11,"author":{"gitId":"JamesLiuZX"},"content":"","lastModifiedDate":"2023-01-26"},{"lineNumber":12,"author":{"gitId":"JamesLiuZX"},"content":"public class DatabaseWriter {","lastModifiedDate":"2023-01-26"},{"lineNumber":13,"author":{"gitId":"JamesLiuZX"},"content":"    private static final String folderPath \u003d \"data\";","lastModifiedDate":"2023-01-26"},{"lineNumber":14,"author":{"gitId":"JamesLiuZX"},"content":"    private static final String filePath \u003d \"data/duke.txt\";","lastModifiedDate":"2023-01-26"},{"lineNumber":15,"author":{"gitId":"JamesLiuZX"},"content":"    private static Path path \u003d Paths.get(filePath);","lastModifiedDate":"2023-01-26"},{"lineNumber":16,"author":{"gitId":"JamesLiuZX"},"content":"","lastModifiedDate":"2023-01-26"},{"lineNumber":17,"author":{"gitId":"JamesLiuZX"},"content":"    public DatabaseWriter(Path path) {","lastModifiedDate":"2023-01-26"},{"lineNumber":18,"author":{"gitId":"JamesLiuZX"},"content":"        this.path \u003d path;","lastModifiedDate":"2023-01-26"},{"lineNumber":19,"author":{"gitId":"JamesLiuZX"},"content":"    }","lastModifiedDate":"2023-01-26"},{"lineNumber":20,"author":{"gitId":"JamesLiuZX"},"content":"","lastModifiedDate":"2023-01-26"},{"lineNumber":21,"author":{"gitId":"JamesLiuZX"},"content":"    public void addToDb(Task t) {","lastModifiedDate":"2023-01-26"},{"lineNumber":22,"author":{"gitId":"JamesLiuZX"},"content":"        try {","lastModifiedDate":"2023-01-26"},{"lineNumber":23,"author":{"gitId":"JamesLiuZX"},"content":"            FileWriter fw \u003d new FileWriter(filePath, true);","lastModifiedDate":"2023-01-26"},{"lineNumber":24,"author":{"gitId":"JamesLiuZX"},"content":"            String formattedTask \u003d t.toStringDb();","lastModifiedDate":"2023-01-26"},{"lineNumber":25,"author":{"gitId":"JamesLiuZX"},"content":"            fw.write(formattedTask + \u0027\\n\u0027);","lastModifiedDate":"2023-01-26"},{"lineNumber":26,"author":{"gitId":"JamesLiuZX"},"content":"            fw.close();","lastModifiedDate":"2023-01-26"},{"lineNumber":27,"author":{"gitId":"JamesLiuZX"},"content":"        } catch (IOException exception) {","lastModifiedDate":"2023-01-26"},{"lineNumber":28,"author":{"gitId":"JamesLiuZX"},"content":"            System.out.println(\"Error while reading database.\");","lastModifiedDate":"2023-01-26"},{"lineNumber":29,"author":{"gitId":"JamesLiuZX"},"content":"        }","lastModifiedDate":"2023-01-26"},{"lineNumber":30,"author":{"gitId":"JamesLiuZX"},"content":"    }","lastModifiedDate":"2023-01-26"},{"lineNumber":31,"author":{"gitId":"JamesLiuZX"},"content":"","lastModifiedDate":"2023-01-26"},{"lineNumber":32,"author":{"gitId":"JamesLiuZX"},"content":"    public void removeFromDb(int index) {","lastModifiedDate":"2023-01-26"},{"lineNumber":33,"author":{"gitId":"JamesLiuZX"},"content":"        try {","lastModifiedDate":"2023-01-26"},{"lineNumber":34,"author":{"gitId":"JamesLiuZX"},"content":"            List\u003cString\u003e lines \u003d Files.readAllLines(path);","lastModifiedDate":"2023-01-26"},{"lineNumber":35,"author":{"gitId":"JamesLiuZX"},"content":"            String line \u003d lines.set(index, \"\");","lastModifiedDate":"2023-01-26"},{"lineNumber":36,"author":{"gitId":"JamesLiuZX"},"content":"        } catch (IOException | NullPointerException e) {","lastModifiedDate":"2023-01-26"},{"lineNumber":37,"author":{"gitId":"JamesLiuZX"},"content":"            System.out.println(\"File exception has occured.\");","lastModifiedDate":"2023-01-26"},{"lineNumber":38,"author":{"gitId":"JamesLiuZX"},"content":"        }","lastModifiedDate":"2023-01-26"},{"lineNumber":39,"author":{"gitId":"JamesLiuZX"},"content":"    }","lastModifiedDate":"2023-01-26"},{"lineNumber":40,"author":{"gitId":"JamesLiuZX"},"content":"","lastModifiedDate":"2023-01-26"},{"lineNumber":41,"author":{"gitId":"JamesLiuZX"},"content":"    public void setDone(int index) {","lastModifiedDate":"2023-01-26"},{"lineNumber":42,"author":{"gitId":"JamesLiuZX"},"content":"        try {","lastModifiedDate":"2023-01-26"},{"lineNumber":43,"author":{"gitId":"JamesLiuZX"},"content":"            List\u003cString\u003e lines \u003d Files.readAllLines(path);","lastModifiedDate":"2023-01-26"},{"lineNumber":44,"author":{"gitId":"JamesLiuZX"},"content":"            String line \u003d lines.get(index);","lastModifiedDate":"2023-01-26"},{"lineNumber":45,"author":{"gitId":"JamesLiuZX"},"content":"            String newLine \u003d replaceChar(line, 2, \u0027X\u0027);","lastModifiedDate":"2023-01-26"},{"lineNumber":46,"author":{"gitId":"JamesLiuZX"},"content":"            lines.set(index, newLine);","lastModifiedDate":"2023-01-26"},{"lineNumber":47,"author":{"gitId":"JamesLiuZX"},"content":"        } catch (IOException | NullPointerException e) {","lastModifiedDate":"2023-01-26"},{"lineNumber":48,"author":{"gitId":"JamesLiuZX"},"content":"            System.out.println(\"File exception has occured.\");","lastModifiedDate":"2023-01-26"},{"lineNumber":49,"author":{"gitId":"JamesLiuZX"},"content":"        }","lastModifiedDate":"2023-01-26"},{"lineNumber":50,"author":{"gitId":"JamesLiuZX"},"content":"    }","lastModifiedDate":"2023-01-26"},{"lineNumber":51,"author":{"gitId":"JamesLiuZX"},"content":"","lastModifiedDate":"2023-01-26"},{"lineNumber":52,"author":{"gitId":"JamesLiuZX"},"content":"    public void setUndone(int index) {","lastModifiedDate":"2023-01-26"},{"lineNumber":53,"author":{"gitId":"JamesLiuZX"},"content":"        try {","lastModifiedDate":"2023-01-26"},{"lineNumber":54,"author":{"gitId":"JamesLiuZX"},"content":"            List\u003cString\u003e lines \u003d Files.readAllLines(path);","lastModifiedDate":"2023-01-26"},{"lineNumber":55,"author":{"gitId":"JamesLiuZX"},"content":"            String line \u003d lines.get(index);","lastModifiedDate":"2023-01-26"},{"lineNumber":56,"author":{"gitId":"JamesLiuZX"},"content":"            String newLine \u003d replaceChar(line, 2, \u0027 \u0027);","lastModifiedDate":"2023-01-26"},{"lineNumber":57,"author":{"gitId":"JamesLiuZX"},"content":"            lines.set(index, newLine);","lastModifiedDate":"2023-01-26"},{"lineNumber":58,"author":{"gitId":"JamesLiuZX"},"content":"        } catch (IOException | NullPointerException e) {","lastModifiedDate":"2023-01-26"},{"lineNumber":59,"author":{"gitId":"JamesLiuZX"},"content":"            System.out.println(\"File exception has occured.\");","lastModifiedDate":"2023-01-26"},{"lineNumber":60,"author":{"gitId":"JamesLiuZX"},"content":"        }","lastModifiedDate":"2023-01-26"},{"lineNumber":61,"author":{"gitId":"JamesLiuZX"},"content":"    }","lastModifiedDate":"2023-01-26"},{"lineNumber":62,"author":{"gitId":"JamesLiuZX"},"content":"","lastModifiedDate":"2023-01-26"},{"lineNumber":63,"author":{"gitId":"JamesLiuZX"},"content":"    public static String replaceChar(String s, int index, char newValue) {","lastModifiedDate":"2023-01-26"},{"lineNumber":64,"author":{"gitId":"JamesLiuZX"},"content":"        StringBuilder string \u003d new StringBuilder(s);","lastModifiedDate":"2023-01-26"},{"lineNumber":65,"author":{"gitId":"JamesLiuZX"},"content":"        string.setCharAt(index, newValue);","lastModifiedDate":"2023-01-26"},{"lineNumber":66,"author":{"gitId":"JamesLiuZX"},"content":"        return string.toString();","lastModifiedDate":"2023-01-26"},{"lineNumber":67,"author":{"gitId":"JamesLiuZX"},"content":"    }","lastModifiedDate":"2023-01-26"},{"lineNumber":68,"author":{"gitId":"JamesLiuZX"},"content":"","lastModifiedDate":"2023-01-26"},{"lineNumber":69,"author":{"gitId":"JamesLiuZX"},"content":"}","lastModifiedDate":"2023-01-26"}],"authorContributionMap":{"JamesLiuZX":69}},{"path":"src/main/java/duke/functions/Parser.java","fileType":"java","lines":[{"lineNumber":1,"author":{"gitId":"JamesLiuZX"},"content":"package duke.functions;","lastModifiedDate":"2023-01-30"},{"lineNumber":2,"author":{"gitId":"JamesLiuZX"},"content":"","lastModifiedDate":"2023-01-30"},{"lineNumber":3,"author":{"gitId":"JamesLiuZX"},"content":"import duke.tasks.TaskList;","lastModifiedDate":"2023-01-30"},{"lineNumber":4,"author":{"gitId":"JamesLiuZX"},"content":"","lastModifiedDate":"2023-01-30"},{"lineNumber":5,"author":{"gitId":"JamesLiuZX"},"content":"public class Parser {","lastModifiedDate":"2023-01-26"},{"lineNumber":6,"author":{"gitId":"JamesLiuZX"},"content":"    private TaskList list;","lastModifiedDate":"2023-01-26"},{"lineNumber":7,"author":{"gitId":"JamesLiuZX"},"content":"","lastModifiedDate":"2023-01-26"},{"lineNumber":8,"author":{"gitId":"JamesLiuZX"},"content":"    public Parser(TaskList list) {","lastModifiedDate":"2023-01-26"},{"lineNumber":9,"author":{"gitId":"JamesLiuZX"},"content":"        this.list \u003d list;","lastModifiedDate":"2023-01-26"},{"lineNumber":10,"author":{"gitId":"JamesLiuZX"},"content":"    }","lastModifiedDate":"2023-01-26"},{"lineNumber":11,"author":{"gitId":"JamesLiuZX"},"content":"","lastModifiedDate":"2023-01-26"},{"lineNumber":12,"author":{"gitId":"JamesLiuZX"},"content":"    /**","lastModifiedDate":"2023-01-26"},{"lineNumber":13,"author":{"gitId":"JamesLiuZX"},"content":"     *  Handles the logic flow direction from user input.","lastModifiedDate":"2023-01-26"},{"lineNumber":14,"author":{"gitId":"JamesLiuZX"},"content":"     *  1. When a \u0027/\u0027 is present, there are 3 arguments to the input.","lastModifiedDate":"2023-01-26"},{"lineNumber":15,"author":{"gitId":"JamesLiuZX"},"content":"     *  The first loop section handles by splitting them into command, task name and deadline,","lastModifiedDate":"2023-01-26"},{"lineNumber":16,"author":{"gitId":"JamesLiuZX"},"content":"     *  and passes them down to handleThreeInputs(command, name, time, d);","lastModifiedDate":"2023-01-26"},{"lineNumber":17,"author":{"gitId":"JamesLiuZX"},"content":"     *  2. Else, it is a double argument input, split by first empty space \" \",","lastModifiedDate":"2023-01-26"},{"lineNumber":18,"author":{"gitId":"JamesLiuZX"},"content":"     *  with split[1] being task name if command is todo, else split[1] is index for CRUD commands.","lastModifiedDate":"2023-01-26"},{"lineNumber":19,"author":{"gitId":"JamesLiuZX"},"content":"     *  3. Otherwise, handle single inputs with the function.","lastModifiedDate":"2023-01-26"},{"lineNumber":20,"author":{"gitId":"JamesLiuZX"},"content":"     * @param input User input from terminal.","lastModifiedDate":"2023-01-26"},{"lineNumber":21,"author":{"gitId":"JamesLiuZX"},"content":"     * @param d Initialised TaskList data structure","lastModifiedDate":"2023-01-26"},{"lineNumber":22,"author":{"gitId":"JamesLiuZX"},"content":"     *","lastModifiedDate":"2023-01-26"},{"lineNumber":23,"author":{"gitId":"JamesLiuZX"},"content":"     */","lastModifiedDate":"2023-01-26"},{"lineNumber":24,"author":{"gitId":"JamesLiuZX"},"content":"    public void handleInput(String input, TaskList d) {","lastModifiedDate":"2023-01-26"},{"lineNumber":25,"author":{"gitId":"JamesLiuZX"},"content":"        if (input.contains(\"/\")) {","lastModifiedDate":"2023-01-26"},{"lineNumber":26,"author":{"gitId":"JamesLiuZX"},"content":"            String[] split \u003d input.split(\"/\", 2);","lastModifiedDate":"2023-01-26"},{"lineNumber":27,"author":{"gitId":"JamesLiuZX"},"content":"            String[] secondSplit \u003d split[0].split(\" \", 2);","lastModifiedDate":"2023-01-26"},{"lineNumber":28,"author":{"gitId":"JamesLiuZX"},"content":"            String command \u003d secondSplit[0];","lastModifiedDate":"2023-01-26"},{"lineNumber":29,"author":{"gitId":"JamesLiuZX"},"content":"            String name \u003d secondSplit[1];","lastModifiedDate":"2023-01-26"},{"lineNumber":30,"author":{"gitId":"JamesLiuZX"},"content":"            String time \u003d split[1];","lastModifiedDate":"2023-01-26"},{"lineNumber":31,"author":{"gitId":"JamesLiuZX"},"content":"            handleThreeInputs(command, name, time, d);","lastModifiedDate":"2023-01-26"},{"lineNumber":32,"author":{"gitId":"JamesLiuZX"},"content":"        } else {","lastModifiedDate":"2023-01-26"},{"lineNumber":33,"author":{"gitId":"JamesLiuZX"},"content":"            String[] split \u003d input.split(\" \", 2);","lastModifiedDate":"2023-01-26"},{"lineNumber":34,"author":{"gitId":"JamesLiuZX"},"content":"            String command \u003d split[0];","lastModifiedDate":"2023-01-26"},{"lineNumber":35,"author":{"gitId":"JamesLiuZX"},"content":"            if (\"todo\".equalsIgnoreCase(command)) {","lastModifiedDate":"2023-01-26"},{"lineNumber":36,"author":{"gitId":"JamesLiuZX"},"content":"                d.insertToDo(split[1]);","lastModifiedDate":"2023-01-26"},{"lineNumber":37,"author":{"gitId":"JamesLiuZX"},"content":"            } else if (split.length \u003e 1) {","lastModifiedDate":"2023-01-26"},{"lineNumber":38,"author":{"gitId":"JamesLiuZX"},"content":"                Integer index \u003d Integer.parseInt(split[1]);","lastModifiedDate":"2023-01-26"},{"lineNumber":39,"author":{"gitId":"JamesLiuZX"},"content":"                handleTwoInputs(command, index, d);","lastModifiedDate":"2023-01-26"},{"lineNumber":40,"author":{"gitId":"JamesLiuZX"},"content":"            } else {","lastModifiedDate":"2023-01-26"},{"lineNumber":41,"author":{"gitId":"JamesLiuZX"},"content":"                handleSingleInput(command, d);","lastModifiedDate":"2023-01-26"},{"lineNumber":42,"author":{"gitId":"JamesLiuZX"},"content":"            }","lastModifiedDate":"2023-01-26"},{"lineNumber":43,"author":{"gitId":"JamesLiuZX"},"content":"        }","lastModifiedDate":"2023-01-26"},{"lineNumber":44,"author":{"gitId":"JamesLiuZX"},"content":"    }","lastModifiedDate":"2023-01-26"},{"lineNumber":45,"author":{"gitId":"JamesLiuZX"},"content":"","lastModifiedDate":"2023-01-26"},{"lineNumber":46,"author":{"gitId":"JamesLiuZX"},"content":"    public void handleSingleInput(String command, TaskList d) {","lastModifiedDate":"2023-01-26"},{"lineNumber":47,"author":{"gitId":"JamesLiuZX"},"content":"        switch (command) {","lastModifiedDate":"2023-01-26"},{"lineNumber":48,"author":{"gitId":"JamesLiuZX"},"content":"            case \"bye\":","lastModifiedDate":"2023-01-26"},{"lineNumber":49,"author":{"gitId":"JamesLiuZX"},"content":"                exit();","lastModifiedDate":"2023-01-26"},{"lineNumber":50,"author":{"gitId":"JamesLiuZX"},"content":"                break;","lastModifiedDate":"2023-01-26"},{"lineNumber":51,"author":{"gitId":"JamesLiuZX"},"content":"            case \"list\":","lastModifiedDate":"2023-01-26"},{"lineNumber":52,"author":{"gitId":"JamesLiuZX"},"content":"                System.out.println(d.toString());","lastModifiedDate":"2023-01-26"},{"lineNumber":53,"author":{"gitId":"JamesLiuZX"},"content":"                break;","lastModifiedDate":"2023-01-26"},{"lineNumber":54,"author":{"gitId":"JamesLiuZX"},"content":"            default:","lastModifiedDate":"2023-01-26"},{"lineNumber":55,"author":{"gitId":"JamesLiuZX"},"content":"                d.insert(command);","lastModifiedDate":"2023-01-26"},{"lineNumber":56,"author":{"gitId":"JamesLiuZX"},"content":"        }","lastModifiedDate":"2023-01-26"},{"lineNumber":57,"author":{"gitId":"JamesLiuZX"},"content":"    }","lastModifiedDate":"2023-01-26"},{"lineNumber":58,"author":{"gitId":"JamesLiuZX"},"content":"","lastModifiedDate":"2023-01-26"},{"lineNumber":59,"author":{"gitId":"JamesLiuZX"},"content":"    public void handleTwoInputs(String command, Integer index, TaskList d) {","lastModifiedDate":"2023-01-26"},{"lineNumber":60,"author":{"gitId":"JamesLiuZX"},"content":"        switch (command) {","lastModifiedDate":"2023-01-26"},{"lineNumber":61,"author":{"gitId":"JamesLiuZX"},"content":"            case \"mark\":","lastModifiedDate":"2023-01-26"},{"lineNumber":62,"author":{"gitId":"JamesLiuZX"},"content":"                d.mark(index);","lastModifiedDate":"2023-01-26"},{"lineNumber":63,"author":{"gitId":"JamesLiuZX"},"content":"                break;","lastModifiedDate":"2023-01-26"},{"lineNumber":64,"author":{"gitId":"JamesLiuZX"},"content":"            case \"unmark\":","lastModifiedDate":"2023-01-26"},{"lineNumber":65,"author":{"gitId":"JamesLiuZX"},"content":"                d.unMark(index);","lastModifiedDate":"2023-01-26"},{"lineNumber":66,"author":{"gitId":"JamesLiuZX"},"content":"                break;","lastModifiedDate":"2023-01-26"},{"lineNumber":67,"author":{"gitId":"JamesLiuZX"},"content":"            case \"delete\":","lastModifiedDate":"2023-01-26"},{"lineNumber":68,"author":{"gitId":"JamesLiuZX"},"content":"                d.deleteTask(index);","lastModifiedDate":"2023-01-26"},{"lineNumber":69,"author":{"gitId":"JamesLiuZX"},"content":"                break;","lastModifiedDate":"2023-01-26"},{"lineNumber":70,"author":{"gitId":"JamesLiuZX"},"content":"        }","lastModifiedDate":"2023-01-26"},{"lineNumber":71,"author":{"gitId":"JamesLiuZX"},"content":"    }","lastModifiedDate":"2023-01-26"},{"lineNumber":72,"author":{"gitId":"JamesLiuZX"},"content":"","lastModifiedDate":"2023-01-26"},{"lineNumber":73,"author":{"gitId":"JamesLiuZX"},"content":"    public void handleThreeInputs(String command, String name, String time, TaskList d) {","lastModifiedDate":"2023-01-26"},{"lineNumber":74,"author":{"gitId":"JamesLiuZX"},"content":"        switch (command) {","lastModifiedDate":"2023-01-26"},{"lineNumber":75,"author":{"gitId":"JamesLiuZX"},"content":"            case \"deadline\":","lastModifiedDate":"2023-01-26"},{"lineNumber":76,"author":{"gitId":"JamesLiuZX"},"content":"                d.insertDeadline(name, time);","lastModifiedDate":"2023-01-26"},{"lineNumber":77,"author":{"gitId":"JamesLiuZX"},"content":"                break;","lastModifiedDate":"2023-01-26"},{"lineNumber":78,"author":{"gitId":"JamesLiuZX"},"content":"            case \"event\":","lastModifiedDate":"2023-01-26"},{"lineNumber":79,"author":{"gitId":"JamesLiuZX"},"content":"                d.insertEvent(name, time);","lastModifiedDate":"2023-01-26"},{"lineNumber":80,"author":{"gitId":"JamesLiuZX"},"content":"                break;","lastModifiedDate":"2023-01-26"},{"lineNumber":81,"author":{"gitId":"JamesLiuZX"},"content":"            case \"todo\":","lastModifiedDate":"2023-01-26"},{"lineNumber":82,"author":{"gitId":"JamesLiuZX"},"content":"                d.insertToDo(name);","lastModifiedDate":"2023-01-26"},{"lineNumber":83,"author":{"gitId":"JamesLiuZX"},"content":"                break;","lastModifiedDate":"2023-01-26"},{"lineNumber":84,"author":{"gitId":"JamesLiuZX"},"content":"        }","lastModifiedDate":"2023-01-26"},{"lineNumber":85,"author":{"gitId":"JamesLiuZX"},"content":"    }","lastModifiedDate":"2023-01-26"},{"lineNumber":86,"author":{"gitId":"JamesLiuZX"},"content":"","lastModifiedDate":"2023-01-26"},{"lineNumber":87,"author":{"gitId":"JamesLiuZX"},"content":"    public static void exit(){","lastModifiedDate":"2023-01-26"},{"lineNumber":88,"author":{"gitId":"JamesLiuZX"},"content":"        String exitMsg \u003d Ui.format(\"Bye. Come back soon!\");","lastModifiedDate":"2023-01-26"},{"lineNumber":89,"author":{"gitId":"JamesLiuZX"},"content":"        System.out.println(exitMsg);","lastModifiedDate":"2023-01-26"},{"lineNumber":90,"author":{"gitId":"JamesLiuZX"},"content":"        System.exit(1);","lastModifiedDate":"2023-01-26"},{"lineNumber":91,"author":{"gitId":"JamesLiuZX"},"content":"    }","lastModifiedDate":"2023-01-26"},{"lineNumber":92,"author":{"gitId":"JamesLiuZX"},"content":"}","lastModifiedDate":"2023-01-26"}],"authorContributionMap":{"JamesLiuZX":92}},{"path":"src/main/java/duke/functions/Storage.java","fileType":"java","lines":[{"lineNumber":1,"author":{"gitId":"JamesLiuZX"},"content":"package duke.functions;","lastModifiedDate":"2023-01-30"},{"lineNumber":2,"author":{"gitId":"JamesLiuZX"},"content":"","lastModifiedDate":"2023-01-30"},{"lineNumber":3,"author":{"gitId":"JamesLiuZX"},"content":"import duke.tasks.TaskList;","lastModifiedDate":"2023-01-30"},{"lineNumber":4,"author":{"gitId":"JamesLiuZX"},"content":"","lastModifiedDate":"2023-01-30"},{"lineNumber":5,"author":{"gitId":"JamesLiuZX"},"content":"import java.io.File;","lastModifiedDate":"2023-01-26"},{"lineNumber":6,"author":{"gitId":"JamesLiuZX"},"content":"import java.io.FileNotFoundException;","lastModifiedDate":"2023-01-26"},{"lineNumber":7,"author":{"gitId":"JamesLiuZX"},"content":"import java.io.IOException;","lastModifiedDate":"2023-01-26"},{"lineNumber":8,"author":{"gitId":"JamesLiuZX"},"content":"import java.util.Scanner;","lastModifiedDate":"2023-01-26"},{"lineNumber":9,"author":{"gitId":"JamesLiuZX"},"content":"","lastModifiedDate":"2023-01-26"},{"lineNumber":10,"author":{"gitId":"JamesLiuZX"},"content":"public class Storage {","lastModifiedDate":"2023-01-26"},{"lineNumber":11,"author":{"gitId":"JamesLiuZX"},"content":"    private String filePath;","lastModifiedDate":"2023-01-26"},{"lineNumber":12,"author":{"gitId":"JamesLiuZX"},"content":"    public Storage(String filePath) {","lastModifiedDate":"2023-01-26"},{"lineNumber":13,"author":{"gitId":"JamesLiuZX"},"content":"        this.filePath \u003d filePath;","lastModifiedDate":"2023-01-26"},{"lineNumber":14,"author":{"gitId":"JamesLiuZX"},"content":"    }","lastModifiedDate":"2023-01-26"},{"lineNumber":15,"author":{"gitId":"JamesLiuZX"},"content":"","lastModifiedDate":"2023-01-26"},{"lineNumber":16,"author":{"gitId":"JamesLiuZX"},"content":"    public void readDatabase(TaskList dl) {","lastModifiedDate":"2023-01-26"},{"lineNumber":17,"author":{"gitId":"JamesLiuZX"},"content":"        File f \u003d new File(filePath);","lastModifiedDate":"2023-01-26"},{"lineNumber":18,"author":{"gitId":"JamesLiuZX"},"content":"        try {","lastModifiedDate":"2023-01-26"},{"lineNumber":19,"author":{"gitId":"JamesLiuZX"},"content":"            Scanner fileReader \u003d new Scanner(f);","lastModifiedDate":"2023-01-26"},{"lineNumber":20,"author":{"gitId":"JamesLiuZX"},"content":"            System.out.println(\"Database loaded.\");","lastModifiedDate":"2023-01-26"},{"lineNumber":21,"author":{"gitId":"JamesLiuZX"},"content":"            int index \u003d -1;","lastModifiedDate":"2023-01-26"},{"lineNumber":22,"author":{"gitId":"JamesLiuZX"},"content":"            while (fileReader.hasNextLine()) {","lastModifiedDate":"2023-01-26"},{"lineNumber":23,"author":{"gitId":"JamesLiuZX"},"content":"                String input \u003d fileReader.nextLine();","lastModifiedDate":"2023-01-26"},{"lineNumber":24,"author":{"gitId":"JamesLiuZX"},"content":"                String[] split \u003d input.split(\"\\\\|\");","lastModifiedDate":"2023-01-26"},{"lineNumber":25,"author":{"gitId":"JamesLiuZX"},"content":"                String cmd \u003d split[0];","lastModifiedDate":"2023-01-26"},{"lineNumber":26,"author":{"gitId":"JamesLiuZX"},"content":"                String status \u003d split[1];","lastModifiedDate":"2023-01-26"},{"lineNumber":27,"author":{"gitId":"JamesLiuZX"},"content":"                String taskName \u003d split[2];","lastModifiedDate":"2023-01-26"},{"lineNumber":28,"author":{"gitId":"JamesLiuZX"},"content":"                index++;","lastModifiedDate":"2023-01-26"},{"lineNumber":29,"author":{"gitId":"JamesLiuZX"},"content":"                switch (cmd) {","lastModifiedDate":"2023-01-26"},{"lineNumber":30,"author":{"gitId":"JamesLiuZX"},"content":"                    case \"T\":","lastModifiedDate":"2023-01-26"},{"lineNumber":31,"author":{"gitId":"JamesLiuZX"},"content":"                        dl.insertToDo(taskName, true);","lastModifiedDate":"2023-01-26"},{"lineNumber":32,"author":{"gitId":"JamesLiuZX"},"content":"                        if (status.equals(\"X\")) {","lastModifiedDate":"2023-01-26"},{"lineNumber":33,"author":{"gitId":"JamesLiuZX"},"content":"                            dl.mark(index);","lastModifiedDate":"2023-01-26"},{"lineNumber":34,"author":{"gitId":"JamesLiuZX"},"content":"                        }","lastModifiedDate":"2023-01-26"},{"lineNumber":35,"author":{"gitId":"JamesLiuZX"},"content":"                        break;","lastModifiedDate":"2023-01-26"},{"lineNumber":36,"author":{"gitId":"JamesLiuZX"},"content":"                    case \"D\":","lastModifiedDate":"2023-01-26"},{"lineNumber":37,"author":{"gitId":"JamesLiuZX"},"content":"                        String deadline \u003d \"a\";","lastModifiedDate":"2023-01-26"},{"lineNumber":38,"author":{"gitId":"JamesLiuZX"},"content":"                        dl.insertDeadline(taskName, deadline, true);","lastModifiedDate":"2023-01-26"},{"lineNumber":39,"author":{"gitId":"JamesLiuZX"},"content":"                        if (status.equals(\"X\")) {","lastModifiedDate":"2023-01-26"},{"lineNumber":40,"author":{"gitId":"JamesLiuZX"},"content":"                            dl.mark(index);","lastModifiedDate":"2023-01-26"},{"lineNumber":41,"author":{"gitId":"JamesLiuZX"},"content":"                        }","lastModifiedDate":"2023-01-26"},{"lineNumber":42,"author":{"gitId":"JamesLiuZX"},"content":"                        break;","lastModifiedDate":"2023-01-26"},{"lineNumber":43,"author":{"gitId":"JamesLiuZX"},"content":"                    case \"E\":","lastModifiedDate":"2023-01-26"},{"lineNumber":44,"author":{"gitId":"JamesLiuZX"},"content":"                        String time \u003d split[3];","lastModifiedDate":"2023-01-26"},{"lineNumber":45,"author":{"gitId":"JamesLiuZX"},"content":"                        dl.insertEvent(taskName, time, true);","lastModifiedDate":"2023-01-26"},{"lineNumber":46,"author":{"gitId":"JamesLiuZX"},"content":"                        if (status.equals(\"X\")) {","lastModifiedDate":"2023-01-26"},{"lineNumber":47,"author":{"gitId":"JamesLiuZX"},"content":"                            dl.mark(index);","lastModifiedDate":"2023-01-26"},{"lineNumber":48,"author":{"gitId":"JamesLiuZX"},"content":"                        }","lastModifiedDate":"2023-01-26"},{"lineNumber":49,"author":{"gitId":"JamesLiuZX"},"content":"                        break;","lastModifiedDate":"2023-01-26"},{"lineNumber":50,"author":{"gitId":"JamesLiuZX"},"content":"                    default:","lastModifiedDate":"2023-01-26"},{"lineNumber":51,"author":{"gitId":"JamesLiuZX"},"content":"                        break;","lastModifiedDate":"2023-01-26"},{"lineNumber":52,"author":{"gitId":"JamesLiuZX"},"content":"                }","lastModifiedDate":"2023-01-26"},{"lineNumber":53,"author":{"gitId":"JamesLiuZX"},"content":"            }","lastModifiedDate":"2023-01-26"},{"lineNumber":54,"author":{"gitId":"JamesLiuZX"},"content":"            fileReader.close();","lastModifiedDate":"2023-01-26"},{"lineNumber":55,"author":{"gitId":"JamesLiuZX"},"content":"            dl.toString();","lastModifiedDate":"2023-01-26"},{"lineNumber":56,"author":{"gitId":"JamesLiuZX"},"content":"        } catch (FileNotFoundException e) {","lastModifiedDate":"2023-01-26"},{"lineNumber":57,"author":{"gitId":"JamesLiuZX"},"content":"            this.initialiseDatabase();","lastModifiedDate":"2023-01-26"},{"lineNumber":58,"author":{"gitId":"JamesLiuZX"},"content":"        }","lastModifiedDate":"2023-01-26"},{"lineNumber":59,"author":{"gitId":"JamesLiuZX"},"content":"    }","lastModifiedDate":"2023-01-26"},{"lineNumber":60,"author":{"gitId":"JamesLiuZX"},"content":"","lastModifiedDate":"2023-01-26"},{"lineNumber":61,"author":{"gitId":"JamesLiuZX"},"content":"","lastModifiedDate":"2023-01-26"},{"lineNumber":62,"author":{"gitId":"JamesLiuZX"},"content":"    private void initialiseDatabase() {","lastModifiedDate":"2023-01-26"},{"lineNumber":63,"author":{"gitId":"JamesLiuZX"},"content":"        File f \u003d new File(filePath);","lastModifiedDate":"2023-01-26"},{"lineNumber":64,"author":{"gitId":"JamesLiuZX"},"content":"        File dir \u003d new File(\"duke.txt\");","lastModifiedDate":"2023-01-30"},{"lineNumber":65,"author":{"gitId":"JamesLiuZX"},"content":"        dir.mkdir();","lastModifiedDate":"2023-01-26"},{"lineNumber":66,"author":{"gitId":"JamesLiuZX"},"content":"        try {","lastModifiedDate":"2023-01-26"},{"lineNumber":67,"author":{"gitId":"JamesLiuZX"},"content":"            f.createNewFile();","lastModifiedDate":"2023-01-26"},{"lineNumber":68,"author":{"gitId":"JamesLiuZX"},"content":"        } catch (IOException e) {","lastModifiedDate":"2023-01-26"},{"lineNumber":69,"author":{"gitId":"JamesLiuZX"},"content":"            System.out.println(\"Error creating database.\");","lastModifiedDate":"2023-01-26"},{"lineNumber":70,"author":{"gitId":"JamesLiuZX"},"content":"        }","lastModifiedDate":"2023-01-26"},{"lineNumber":71,"author":{"gitId":"JamesLiuZX"},"content":"    }","lastModifiedDate":"2023-01-26"},{"lineNumber":72,"author":{"gitId":"JamesLiuZX"},"content":"","lastModifiedDate":"2023-01-26"},{"lineNumber":73,"author":{"gitId":"JamesLiuZX"},"content":"}","lastModifiedDate":"2023-01-26"}],"authorContributionMap":{"JamesLiuZX":73}},{"path":"src/main/java/duke/functions/Ui.java","fileType":"java","lines":[{"lineNumber":1,"author":{"gitId":"JamesLiuZX"},"content":"package duke.functions;","lastModifiedDate":"2023-01-30"},{"lineNumber":2,"author":{"gitId":"JamesLiuZX"},"content":"","lastModifiedDate":"2023-01-30"},{"lineNumber":3,"author":{"gitId":"JamesLiuZX"},"content":"import duke.exceptions.EmptyInputException;","lastModifiedDate":"2023-01-30"},{"lineNumber":4,"author":{"gitId":"JamesLiuZX"},"content":"import duke.exceptions.InvalidCommandException;","lastModifiedDate":"2023-01-30"},{"lineNumber":5,"author":{"gitId":"JamesLiuZX"},"content":"import duke.tasks.TaskList;","lastModifiedDate":"2023-01-30"},{"lineNumber":6,"author":{"gitId":"JamesLiuZX"},"content":"","lastModifiedDate":"2023-01-30"},{"lineNumber":7,"author":{"gitId":"JamesLiuZX"},"content":"import java.util.ArrayList;","lastModifiedDate":"2023-01-26"},{"lineNumber":8,"author":{"gitId":"JamesLiuZX"},"content":"import java.util.Arrays;","lastModifiedDate":"2023-01-26"},{"lineNumber":9,"author":{"gitId":"JamesLiuZX"},"content":"import java.util.Scanner;","lastModifiedDate":"2023-01-26"},{"lineNumber":10,"author":{"gitId":"JamesLiuZX"},"content":"","lastModifiedDate":"2023-01-26"},{"lineNumber":11,"author":{"gitId":"JamesLiuZX"},"content":"public class Ui {","lastModifiedDate":"2023-01-26"},{"lineNumber":12,"author":{"gitId":"JamesLiuZX"},"content":"    public static ArrayList\u003cString\u003e commandList \u003d new ArrayList\u003c\u003e(Arrays.asList","lastModifiedDate":"2023-01-30"},{"lineNumber":13,"author":{"gitId":"JamesLiuZX"},"content":"            (\"todo\", \"deadline\", \"event\", \"mark\", \"unmark\", \"list\", \"bye\", \"delete\"));","lastModifiedDate":"2023-01-26"},{"lineNumber":14,"author":{"gitId":"JamesLiuZX"},"content":"    public void run(TaskList records) {","lastModifiedDate":"2023-01-26"},{"lineNumber":15,"author":{"gitId":"JamesLiuZX"},"content":"        greet();","lastModifiedDate":"2023-01-26"},{"lineNumber":16,"author":{"gitId":"JamesLiuZX"},"content":"        Scanner userInput \u003d new Scanner(System.in);","lastModifiedDate":"2023-01-26"},{"lineNumber":17,"author":{"gitId":"JamesLiuZX"},"content":"        Parser p \u003d new Parser(records);","lastModifiedDate":"2023-01-26"},{"lineNumber":18,"author":{"gitId":"JamesLiuZX"},"content":"        while (true) {","lastModifiedDate":"2023-01-26"},{"lineNumber":19,"author":{"gitId":"JamesLiuZX"},"content":"            try {","lastModifiedDate":"2023-01-26"},{"lineNumber":20,"author":{"gitId":"JamesLiuZX"},"content":"                String input \u003d userInput.nextLine();","lastModifiedDate":"2023-01-26"},{"lineNumber":21,"author":{"gitId":"JamesLiuZX"},"content":"                //Check for empty input (pressing enter)","lastModifiedDate":"2023-01-26"},{"lineNumber":22,"author":{"gitId":"JamesLiuZX"},"content":"                if (input \u003d\u003d \"\") {","lastModifiedDate":"2023-01-26"},{"lineNumber":23,"author":{"gitId":"JamesLiuZX"},"content":"                    throw new EmptyInputException();","lastModifiedDate":"2023-01-26"},{"lineNumber":24,"author":{"gitId":"JamesLiuZX"},"content":"                }","lastModifiedDate":"2023-01-26"},{"lineNumber":25,"author":{"gitId":"JamesLiuZX"},"content":"                String[] inputArr \u003d input.split(\" \", 2);","lastModifiedDate":"2023-01-26"},{"lineNumber":26,"author":{"gitId":"JamesLiuZX"},"content":"                //Check for invalid commands (first word)","lastModifiedDate":"2023-01-26"},{"lineNumber":27,"author":{"gitId":"JamesLiuZX"},"content":"                boolean isValidCommand \u003d commandList.contains(inputArr[0]);","lastModifiedDate":"2023-01-30"},{"lineNumber":28,"author":{"gitId":"JamesLiuZX"},"content":"                if (!isValidCommand) {","lastModifiedDate":"2023-01-30"},{"lineNumber":29,"author":{"gitId":"JamesLiuZX"},"content":"                    throw new InvalidCommandException();","lastModifiedDate":"2023-01-26"},{"lineNumber":30,"author":{"gitId":"JamesLiuZX"},"content":"                }","lastModifiedDate":"2023-01-26"},{"lineNumber":31,"author":{"gitId":"JamesLiuZX"},"content":"                p.handleInput(input, records);","lastModifiedDate":"2023-01-26"},{"lineNumber":32,"author":{"gitId":"JamesLiuZX"},"content":"            }catch (EmptyInputException | InvalidCommandException exception) {","lastModifiedDate":"2023-01-26"},{"lineNumber":33,"author":{"gitId":"JamesLiuZX"},"content":"                System.out.println(\"Input Error, please input a command within the list:\" +","lastModifiedDate":"2023-01-26"},{"lineNumber":34,"author":{"gitId":"JamesLiuZX"},"content":"                        \"todo, deadline, event, mark, unmark, list, delete, bye.\");","lastModifiedDate":"2023-01-26"},{"lineNumber":35,"author":{"gitId":"JamesLiuZX"},"content":"            }","lastModifiedDate":"2023-01-26"},{"lineNumber":36,"author":{"gitId":"JamesLiuZX"},"content":"        }","lastModifiedDate":"2023-01-26"},{"lineNumber":37,"author":{"gitId":"JamesLiuZX"},"content":"    }","lastModifiedDate":"2023-01-26"},{"lineNumber":38,"author":{"gitId":"JamesLiuZX"},"content":"","lastModifiedDate":"2023-01-26"},{"lineNumber":39,"author":{"gitId":"JamesLiuZX"},"content":"    public static String format(String input) {","lastModifiedDate":"2023-01-26"},{"lineNumber":40,"author":{"gitId":"JamesLiuZX"},"content":"        String s \u003d \"____________________________________________________________\";","lastModifiedDate":"2023-01-30"},{"lineNumber":41,"author":{"gitId":"JamesLiuZX"},"content":"        return String.format(\"%s\\n%s\\n%s\", s, input, s);","lastModifiedDate":"2023-01-30"},{"lineNumber":42,"author":{"gitId":"JamesLiuZX"},"content":"    }","lastModifiedDate":"2023-01-26"},{"lineNumber":43,"author":{"gitId":"JamesLiuZX"},"content":"","lastModifiedDate":"2023-01-26"},{"lineNumber":44,"author":{"gitId":"JamesLiuZX"},"content":"    public void greet() {","lastModifiedDate":"2023-01-26"},{"lineNumber":45,"author":{"gitId":"JamesLiuZX"},"content":"        String greeting \u003d format(\"if it isn\u0027t your favourite astronaut lawyer doctor plumber cleaner, Johnny Sins.\"","lastModifiedDate":"2023-01-26"},{"lineNumber":46,"author":{"gitId":"JamesLiuZX"},"content":"                + \"\\n Ready to go on a self-exploration adventure?\");","lastModifiedDate":"2023-01-26"},{"lineNumber":47,"author":{"gitId":"JamesLiuZX"},"content":"        System.out.println(greeting);","lastModifiedDate":"2023-01-26"},{"lineNumber":48,"author":{"gitId":"JamesLiuZX"},"content":"    }","lastModifiedDate":"2023-01-26"},{"lineNumber":49,"author":{"gitId":"JamesLiuZX"},"content":"}","lastModifiedDate":"2023-01-26"}],"authorContributionMap":{"JamesLiuZX":49}},{"path":"src/main/java/duke/tasks/Task.java","fileType":"java","lines":[{"lineNumber":1,"author":{"gitId":"JamesLiuZX"},"content":"/**","lastModifiedDate":"2023-01-19"},{"lineNumber":2,"author":{"gitId":"JamesLiuZX"},"content":" * Parent Task object that represents each task inputted by the user.","lastModifiedDate":"2023-01-19"},{"lineNumber":3,"author":{"gitId":"JamesLiuZX"},"content":" *","lastModifiedDate":"2023-01-19"},{"lineNumber":4,"author":{"gitId":"JamesLiuZX"},"content":" * @author JamesLiuZX","lastModifiedDate":"2023-01-19"},{"lineNumber":5,"author":{"gitId":"JamesLiuZX"},"content":" * AY2223-S2 CS2103T","lastModifiedDate":"2023-01-19"},{"lineNumber":6,"author":{"gitId":"JamesLiuZX"},"content":" */","lastModifiedDate":"2023-01-19"},{"lineNumber":7,"author":{"gitId":"JamesLiuZX"},"content":"package duke.tasks;","lastModifiedDate":"2023-01-30"},{"lineNumber":8,"author":{"gitId":"JamesLiuZX"},"content":"","lastModifiedDate":"2023-01-19"},{"lineNumber":9,"author":{"gitId":"JamesLiuZX"},"content":"public class Task {","lastModifiedDate":"2023-01-19"},{"lineNumber":10,"author":{"gitId":"JamesLiuZX"},"content":"    protected String description;","lastModifiedDate":"2023-01-19"},{"lineNumber":11,"author":{"gitId":"JamesLiuZX"},"content":"    protected boolean isDone;","lastModifiedDate":"2023-01-19"},{"lineNumber":12,"author":{"gitId":"JamesLiuZX"},"content":"","lastModifiedDate":"2023-01-19"},{"lineNumber":13,"author":{"gitId":"JamesLiuZX"},"content":"    public Task(String description) {","lastModifiedDate":"2023-01-19"},{"lineNumber":14,"author":{"gitId":"JamesLiuZX"},"content":"        this.description \u003d description;","lastModifiedDate":"2023-01-19"},{"lineNumber":15,"author":{"gitId":"JamesLiuZX"},"content":"        this.isDone \u003d false;","lastModifiedDate":"2023-01-19"},{"lineNumber":16,"author":{"gitId":"JamesLiuZX"},"content":"    }","lastModifiedDate":"2023-01-19"},{"lineNumber":17,"author":{"gitId":"JamesLiuZX"},"content":"","lastModifiedDate":"2023-01-19"},{"lineNumber":18,"author":{"gitId":"JamesLiuZX"},"content":"    public String getStatusIcon() {","lastModifiedDate":"2023-01-19"},{"lineNumber":19,"author":{"gitId":"JamesLiuZX"},"content":"        return (isDone ? \"X\" : \" \"); // mark done task with X","lastModifiedDate":"2023-01-19"},{"lineNumber":20,"author":{"gitId":"JamesLiuZX"},"content":"    }","lastModifiedDate":"2023-01-19"},{"lineNumber":21,"author":{"gitId":"JamesLiuZX"},"content":"","lastModifiedDate":"2023-01-19"},{"lineNumber":22,"author":{"gitId":"JamesLiuZX"},"content":"    public void markDone() {","lastModifiedDate":"2023-01-19"},{"lineNumber":23,"author":{"gitId":"JamesLiuZX"},"content":"        this.isDone \u003d true;","lastModifiedDate":"2023-01-19"},{"lineNumber":24,"author":{"gitId":"JamesLiuZX"},"content":"    }","lastModifiedDate":"2023-01-19"},{"lineNumber":25,"author":{"gitId":"JamesLiuZX"},"content":"","lastModifiedDate":"2023-01-19"},{"lineNumber":26,"author":{"gitId":"JamesLiuZX"},"content":"    public void markUndone() {","lastModifiedDate":"2023-01-19"},{"lineNumber":27,"author":{"gitId":"JamesLiuZX"},"content":"        this.isDone \u003d false;","lastModifiedDate":"2023-01-19"},{"lineNumber":28,"author":{"gitId":"JamesLiuZX"},"content":"    }","lastModifiedDate":"2023-01-19"},{"lineNumber":29,"author":{"gitId":"JamesLiuZX"},"content":"","lastModifiedDate":"2023-01-19"},{"lineNumber":30,"author":{"gitId":"JamesLiuZX"},"content":"    @Override","lastModifiedDate":"2023-01-19"},{"lineNumber":31,"author":{"gitId":"JamesLiuZX"},"content":"    public String toString() {","lastModifiedDate":"2023-01-19"},{"lineNumber":32,"author":{"gitId":"JamesLiuZX"},"content":"        return String.format(\"[%s] %s\",","lastModifiedDate":"2023-01-19"},{"lineNumber":33,"author":{"gitId":"JamesLiuZX"},"content":"                this.isDone ? \"X\": \" \", this.description);","lastModifiedDate":"2023-01-19"},{"lineNumber":34,"author":{"gitId":"JamesLiuZX"},"content":"    }","lastModifiedDate":"2023-01-19"},{"lineNumber":35,"author":{"gitId":"JamesLiuZX"},"content":"","lastModifiedDate":"2023-01-26"},{"lineNumber":36,"author":{"gitId":"JamesLiuZX"},"content":"    public String toStringDb() {","lastModifiedDate":"2023-01-26"},{"lineNumber":37,"author":{"gitId":"JamesLiuZX"},"content":"        return String.format(","lastModifiedDate":"2023-01-26"},{"lineNumber":38,"author":{"gitId":"JamesLiuZX"},"content":"                \"%s|%s\",","lastModifiedDate":"2023-01-26"},{"lineNumber":39,"author":{"gitId":"JamesLiuZX"},"content":"                this.isDone? 1 : 0,","lastModifiedDate":"2023-01-26"},{"lineNumber":40,"author":{"gitId":"JamesLiuZX"},"content":"                this.description","lastModifiedDate":"2023-01-26"},{"lineNumber":41,"author":{"gitId":"JamesLiuZX"},"content":"        );","lastModifiedDate":"2023-01-26"},{"lineNumber":42,"author":{"gitId":"JamesLiuZX"},"content":"    }","lastModifiedDate":"2023-01-26"},{"lineNumber":43,"author":{"gitId":"JamesLiuZX"},"content":"}","lastModifiedDate":"2023-01-19"}],"authorContributionMap":{"JamesLiuZX":43}},{"path":"src/main/java/duke/tasks/TaskDeadline.java","fileType":"java","lines":[{"lineNumber":1,"author":{"gitId":"JamesLiuZX"},"content":"/**","lastModifiedDate":"2023-01-19"},{"lineNumber":2,"author":{"gitId":"JamesLiuZX"},"content":" * The class representing a TaskDeadline task.","lastModifiedDate":"2023-01-19"},{"lineNumber":3,"author":{"gitId":"JamesLiuZX"},"content":" *","lastModifiedDate":"2023-01-19"},{"lineNumber":4,"author":{"gitId":"JamesLiuZX"},"content":" * @author JamesLiuZX","lastModifiedDate":"2023-01-19"},{"lineNumber":5,"author":{"gitId":"JamesLiuZX"},"content":" * AY2223-S2 CS2103T","lastModifiedDate":"2023-01-19"},{"lineNumber":6,"author":{"gitId":"JamesLiuZX"},"content":" */","lastModifiedDate":"2023-01-19"},{"lineNumber":7,"author":{"gitId":"JamesLiuZX"},"content":"package duke.tasks;","lastModifiedDate":"2023-01-30"},{"lineNumber":8,"author":{"gitId":"JamesLiuZX"},"content":"","lastModifiedDate":"2023-01-30"},{"lineNumber":9,"author":{"gitId":"JamesLiuZX"},"content":"import java.time.LocalDateTime;","lastModifiedDate":"2023-01-26"},{"lineNumber":10,"author":{"gitId":"JamesLiuZX"},"content":"","lastModifiedDate":"2023-01-19"},{"lineNumber":11,"author":{"gitId":"JamesLiuZX"},"content":"public class TaskDeadline extends Task {","lastModifiedDate":"2023-01-19"},{"lineNumber":12,"author":{"gitId":"JamesLiuZX"},"content":"    protected LocalDateTime time;","lastModifiedDate":"2023-01-26"},{"lineNumber":13,"author":{"gitId":"JamesLiuZX"},"content":"    /**","lastModifiedDate":"2023-01-19"},{"lineNumber":14,"author":{"gitId":"JamesLiuZX"},"content":"     * Given a task and a deadline, constructs a TaskDeadline task.","lastModifiedDate":"2023-01-19"},{"lineNumber":15,"author":{"gitId":"JamesLiuZX"},"content":"     *","lastModifiedDate":"2023-01-19"},{"lineNumber":16,"author":{"gitId":"JamesLiuZX"},"content":"     * @param task     The task to be completed.","lastModifiedDate":"2023-01-19"},{"lineNumber":17,"author":{"gitId":"JamesLiuZX"},"content":"     * @param time     The task\u0027s deadline.","lastModifiedDate":"2023-01-19"},{"lineNumber":18,"author":{"gitId":"JamesLiuZX"},"content":"     *","lastModifiedDate":"2023-01-19"},{"lineNumber":19,"author":{"gitId":"JamesLiuZX"},"content":"     * @author JamesLiuZX","lastModifiedDate":"2023-01-19"},{"lineNumber":20,"author":{"gitId":"JamesLiuZX"},"content":"     * AY2223-S2 CS2103T","lastModifiedDate":"2023-01-19"},{"lineNumber":21,"author":{"gitId":"JamesLiuZX"},"content":"     */","lastModifiedDate":"2023-01-19"},{"lineNumber":22,"author":{"gitId":"JamesLiuZX"},"content":"","lastModifiedDate":"2023-01-19"},{"lineNumber":23,"author":{"gitId":"JamesLiuZX"},"content":"    public TaskDeadline(String task, LocalDateTime time) {","lastModifiedDate":"2023-01-26"},{"lineNumber":24,"author":{"gitId":"JamesLiuZX"},"content":"        super(task);","lastModifiedDate":"2023-01-19"},{"lineNumber":25,"author":{"gitId":"JamesLiuZX"},"content":"        this.time \u003d time;","lastModifiedDate":"2023-01-19"},{"lineNumber":26,"author":{"gitId":"JamesLiuZX"},"content":"    }","lastModifiedDate":"2023-01-19"},{"lineNumber":27,"author":{"gitId":"JamesLiuZX"},"content":"","lastModifiedDate":"2023-01-19"},{"lineNumber":28,"author":{"gitId":"JamesLiuZX"},"content":"    @Override","lastModifiedDate":"2023-01-19"},{"lineNumber":29,"author":{"gitId":"JamesLiuZX"},"content":"    public String toString() {","lastModifiedDate":"2023-01-19"},{"lineNumber":30,"author":{"gitId":"JamesLiuZX"},"content":"        return \"[D]\" + super.toString()","lastModifiedDate":"2023-01-19"},{"lineNumber":31,"author":{"gitId":"JamesLiuZX"},"content":"                + String.format(\" (%s) \", time);","lastModifiedDate":"2023-01-19"},{"lineNumber":32,"author":{"gitId":"JamesLiuZX"},"content":"    }","lastModifiedDate":"2023-01-19"},{"lineNumber":33,"author":{"gitId":"JamesLiuZX"},"content":"","lastModifiedDate":"2023-01-26"},{"lineNumber":34,"author":{"gitId":"JamesLiuZX"},"content":"    @Override","lastModifiedDate":"2023-01-26"},{"lineNumber":35,"author":{"gitId":"JamesLiuZX"},"content":"    public String toStringDb() {","lastModifiedDate":"2023-01-26"},{"lineNumber":36,"author":{"gitId":"JamesLiuZX"},"content":"        return String.format(","lastModifiedDate":"2023-01-26"},{"lineNumber":37,"author":{"gitId":"JamesLiuZX"},"content":"                \"%s|%s|%s\",","lastModifiedDate":"2023-01-26"},{"lineNumber":38,"author":{"gitId":"JamesLiuZX"},"content":"                \"D\",","lastModifiedDate":"2023-01-26"},{"lineNumber":39,"author":{"gitId":"JamesLiuZX"},"content":"                super.toStringDb(),","lastModifiedDate":"2023-01-26"},{"lineNumber":40,"author":{"gitId":"JamesLiuZX"},"content":"                this.time","lastModifiedDate":"2023-01-26"},{"lineNumber":41,"author":{"gitId":"JamesLiuZX"},"content":"        );","lastModifiedDate":"2023-01-26"},{"lineNumber":42,"author":{"gitId":"JamesLiuZX"},"content":"    }","lastModifiedDate":"2023-01-26"},{"lineNumber":43,"author":{"gitId":"JamesLiuZX"},"content":"}","lastModifiedDate":"2023-01-19"}],"authorContributionMap":{"JamesLiuZX":43}},{"path":"src/main/java/duke/tasks/TaskEvent.java","fileType":"java","lines":[{"lineNumber":1,"author":{"gitId":"JamesLiuZX"},"content":"package duke.tasks;","lastModifiedDate":"2023-01-30"},{"lineNumber":2,"author":{"gitId":"JamesLiuZX"},"content":"","lastModifiedDate":"2023-01-30"},{"lineNumber":3,"author":{"gitId":"JamesLiuZX"},"content":"import java.time.LocalDateTime;","lastModifiedDate":"2023-01-26"},{"lineNumber":4,"author":{"gitId":"JamesLiuZX"},"content":"","lastModifiedDate":"2023-01-26"},{"lineNumber":5,"author":{"gitId":"JamesLiuZX"},"content":"/**","lastModifiedDate":"2023-01-19"},{"lineNumber":6,"author":{"gitId":"JamesLiuZX"},"content":" * Given a task and a time range, constructs a Task event.","lastModifiedDate":"2023-01-19"},{"lineNumber":7,"author":{"gitId":"JamesLiuZX"},"content":" *","lastModifiedDate":"2023-01-19"},{"lineNumber":8,"author":{"gitId":"JamesLiuZX"},"content":" * @author JamesLiuZX","lastModifiedDate":"2023-01-19"},{"lineNumber":9,"author":{"gitId":"JamesLiuZX"},"content":" * AY2223-S2 CS2103T","lastModifiedDate":"2023-01-19"},{"lineNumber":10,"author":{"gitId":"JamesLiuZX"},"content":" */","lastModifiedDate":"2023-01-19"},{"lineNumber":11,"author":{"gitId":"JamesLiuZX"},"content":"","lastModifiedDate":"2023-01-19"},{"lineNumber":12,"author":{"gitId":"JamesLiuZX"},"content":"public class TaskEvent extends Task{","lastModifiedDate":"2023-01-19"},{"lineNumber":13,"author":{"gitId":"JamesLiuZX"},"content":"    protected LocalDateTime from;","lastModifiedDate":"2023-01-26"},{"lineNumber":14,"author":{"gitId":"JamesLiuZX"},"content":"    protected LocalDateTime to;","lastModifiedDate":"2023-01-26"},{"lineNumber":15,"author":{"gitId":"JamesLiuZX"},"content":"","lastModifiedDate":"2023-01-19"},{"lineNumber":16,"author":{"gitId":"JamesLiuZX"},"content":"    public TaskEvent(String task, LocalDateTime from, LocalDateTime to) {","lastModifiedDate":"2023-01-26"},{"lineNumber":17,"author":{"gitId":"JamesLiuZX"},"content":"        super(task);","lastModifiedDate":"2023-01-19"},{"lineNumber":18,"author":{"gitId":"JamesLiuZX"},"content":"        this.from \u003d from;","lastModifiedDate":"2023-01-19"},{"lineNumber":19,"author":{"gitId":"JamesLiuZX"},"content":"        this.to \u003d to;","lastModifiedDate":"2023-01-19"},{"lineNumber":20,"author":{"gitId":"JamesLiuZX"},"content":"    }","lastModifiedDate":"2023-01-19"},{"lineNumber":21,"author":{"gitId":"JamesLiuZX"},"content":"","lastModifiedDate":"2023-01-19"},{"lineNumber":22,"author":{"gitId":"JamesLiuZX"},"content":"    @Override","lastModifiedDate":"2023-01-19"},{"lineNumber":23,"author":{"gitId":"JamesLiuZX"},"content":"    public String toString() {","lastModifiedDate":"2023-01-19"},{"lineNumber":24,"author":{"gitId":"JamesLiuZX"},"content":"        return \"[E]\" + super.toString()","lastModifiedDate":"2023-01-19"},{"lineNumber":25,"author":{"gitId":"JamesLiuZX"},"content":"                + String.format(\" (%s%s)\", this.from, this.to);","lastModifiedDate":"2023-01-19"},{"lineNumber":26,"author":{"gitId":"JamesLiuZX"},"content":"    }","lastModifiedDate":"2023-01-19"},{"lineNumber":27,"author":{"gitId":"JamesLiuZX"},"content":"","lastModifiedDate":"2023-01-26"},{"lineNumber":28,"author":{"gitId":"JamesLiuZX"},"content":"    @Override","lastModifiedDate":"2023-01-26"},{"lineNumber":29,"author":{"gitId":"JamesLiuZX"},"content":"    public String toStringDb() {","lastModifiedDate":"2023-01-26"},{"lineNumber":30,"author":{"gitId":"JamesLiuZX"},"content":"        return String.format(","lastModifiedDate":"2023-01-26"},{"lineNumber":31,"author":{"gitId":"JamesLiuZX"},"content":"                \"E|%s|%s|%s\",","lastModifiedDate":"2023-01-26"},{"lineNumber":32,"author":{"gitId":"JamesLiuZX"},"content":"                super.toStringDb(),","lastModifiedDate":"2023-01-26"},{"lineNumber":33,"author":{"gitId":"JamesLiuZX"},"content":"                this.from, this.to","lastModifiedDate":"2023-01-26"},{"lineNumber":34,"author":{"gitId":"JamesLiuZX"},"content":"        );","lastModifiedDate":"2023-01-26"},{"lineNumber":35,"author":{"gitId":"JamesLiuZX"},"content":"    }","lastModifiedDate":"2023-01-26"},{"lineNumber":36,"author":{"gitId":"JamesLiuZX"},"content":"}","lastModifiedDate":"2023-01-19"}],"authorContributionMap":{"JamesLiuZX":36}},{"path":"src/main/java/duke/tasks/TaskList.java","fileType":"java","lines":[{"lineNumber":1,"author":{"gitId":"JamesLiuZX"},"content":"/**","lastModifiedDate":"2023-01-19"},{"lineNumber":2,"author":{"gitId":"JamesLiuZX"},"content":" * Storage for user inputs up to 100 records.","lastModifiedDate":"2023-01-19"},{"lineNumber":3,"author":{"gitId":"JamesLiuZX"},"content":" *","lastModifiedDate":"2023-01-19"},{"lineNumber":4,"author":{"gitId":"JamesLiuZX"},"content":" * @author JamesLiuZX","lastModifiedDate":"2023-01-19"},{"lineNumber":5,"author":{"gitId":"JamesLiuZX"},"content":" * AY2223-S2 CS2103T","lastModifiedDate":"2023-01-19"},{"lineNumber":6,"author":{"gitId":"JamesLiuZX"},"content":" */","lastModifiedDate":"2023-01-19"},{"lineNumber":7,"author":{"gitId":"JamesLiuZX"},"content":"package duke.tasks;","lastModifiedDate":"2023-01-30"},{"lineNumber":8,"author":{"gitId":"JamesLiuZX"},"content":"","lastModifiedDate":"2023-01-30"},{"lineNumber":9,"author":{"gitId":"JamesLiuZX"},"content":"import duke.functions.DatabaseWriter;","lastModifiedDate":"2023-01-30"},{"lineNumber":10,"author":{"gitId":"JamesLiuZX"},"content":"import duke.functions.Ui;","lastModifiedDate":"2023-01-30"},{"lineNumber":11,"author":{"gitId":"JamesLiuZX"},"content":"","lastModifiedDate":"2023-01-30"},{"lineNumber":12,"author":{"gitId":"JamesLiuZX"},"content":"import java.nio.file.Path;","lastModifiedDate":"2023-01-26"},{"lineNumber":13,"author":{"gitId":"JamesLiuZX"},"content":"import java.nio.file.Paths;","lastModifiedDate":"2023-01-26"},{"lineNumber":14,"author":{"gitId":"JamesLiuZX"},"content":"import java.time.LocalDateTime;","lastModifiedDate":"2023-01-26"},{"lineNumber":15,"author":{"gitId":"JamesLiuZX"},"content":"import java.time.format.DateTimeFormatter;","lastModifiedDate":"2023-01-26"},{"lineNumber":16,"author":{"gitId":"JamesLiuZX"},"content":"import java.util.ArrayList;","lastModifiedDate":"2023-01-19"},{"lineNumber":17,"author":{"gitId":"JamesLiuZX"},"content":"","lastModifiedDate":"2023-01-19"},{"lineNumber":18,"author":{"gitId":"JamesLiuZX"},"content":"public class TaskList {","lastModifiedDate":"2023-01-26"},{"lineNumber":19,"author":{"gitId":"JamesLiuZX"},"content":"    //Variables are kept protected and accessed only through internal getter and setter methods.","lastModifiedDate":"2023-01-19"},{"lineNumber":20,"author":{"gitId":"JamesLiuZX"},"content":"    protected static final int size \u003d 100;","lastModifiedDate":"2023-01-19"},{"lineNumber":21,"author":{"gitId":"JamesLiuZX"},"content":"    protected ArrayList\u003cTask\u003e records;","lastModifiedDate":"2023-01-26"},{"lineNumber":22,"author":{"gitId":"JamesLiuZX"},"content":"    private final String filePath \u003d \"./data/duke.txt\";","lastModifiedDate":"2023-01-26"},{"lineNumber":23,"author":{"gitId":"JamesLiuZX"},"content":"    private final String database \u003d \"duke.txt\";","lastModifiedDate":"2023-01-26"},{"lineNumber":24,"author":{"gitId":"JamesLiuZX"},"content":"    private Path path \u003d Paths.get(filePath);","lastModifiedDate":"2023-01-26"},{"lineNumber":25,"author":{"gitId":"JamesLiuZX"},"content":"    private DatabaseWriter dw \u003d new DatabaseWriter(path);","lastModifiedDate":"2023-01-26"},{"lineNumber":26,"author":{"gitId":"JamesLiuZX"},"content":"    private DateTimeFormatter formatter \u003d DateTimeFormatter.ofPattern(\"dd-MM-yy HH:mm\");","lastModifiedDate":"2023-01-26"},{"lineNumber":27,"author":{"gitId":"JamesLiuZX"},"content":"","lastModifiedDate":"2023-01-19"},{"lineNumber":28,"author":{"gitId":"JamesLiuZX"},"content":"    //Constructor","lastModifiedDate":"2023-01-19"},{"lineNumber":29,"author":{"gitId":"JamesLiuZX"},"content":"    public TaskList() {","lastModifiedDate":"2023-01-26"},{"lineNumber":30,"author":{"gitId":"JamesLiuZX"},"content":"        records \u003d new ArrayList\u003c\u003e(size);","lastModifiedDate":"2023-01-19"},{"lineNumber":31,"author":{"gitId":"JamesLiuZX"},"content":"    }","lastModifiedDate":"2023-01-19"},{"lineNumber":32,"author":{"gitId":"JamesLiuZX"},"content":"","lastModifiedDate":"2023-01-19"},{"lineNumber":33,"author":{"gitId":"JamesLiuZX"},"content":"    public void mark(int index) {","lastModifiedDate":"2023-01-19"},{"lineNumber":34,"author":{"gitId":"JamesLiuZX"},"content":"        if (index \u003c 0 || index \u003e size) {","lastModifiedDate":"2023-01-19"},{"lineNumber":35,"author":{"gitId":"JamesLiuZX"},"content":"            System.out.println(String.format(\"Indices have to be positive and less than %d.\", size));","lastModifiedDate":"2023-01-19"},{"lineNumber":36,"author":{"gitId":"JamesLiuZX"},"content":"            return;","lastModifiedDate":"2023-01-19"},{"lineNumber":37,"author":{"gitId":"JamesLiuZX"},"content":"        }","lastModifiedDate":"2023-01-19"},{"lineNumber":38,"author":{"gitId":"JamesLiuZX"},"content":"        Task task \u003d this.records.get(index);","lastModifiedDate":"2023-01-26"},{"lineNumber":39,"author":{"gitId":"JamesLiuZX"},"content":"        task.markDone();","lastModifiedDate":"2023-01-19"},{"lineNumber":40,"author":{"gitId":"JamesLiuZX"},"content":"        dw.setDone(index);","lastModifiedDate":"2023-01-26"},{"lineNumber":41,"author":{"gitId":"JamesLiuZX"},"content":"        System.out.println(Ui.format(\"Nice! I\u0027ve marked this task as done:\\n\" + task.toString()));","lastModifiedDate":"2023-01-26"},{"lineNumber":42,"author":{"gitId":"JamesLiuZX"},"content":"        return;","lastModifiedDate":"2023-01-19"},{"lineNumber":43,"author":{"gitId":"JamesLiuZX"},"content":"    }","lastModifiedDate":"2023-01-19"},{"lineNumber":44,"author":{"gitId":"JamesLiuZX"},"content":"","lastModifiedDate":"2023-01-19"},{"lineNumber":45,"author":{"gitId":"JamesLiuZX"},"content":"    public void unMark(int index) {","lastModifiedDate":"2023-01-19"},{"lineNumber":46,"author":{"gitId":"JamesLiuZX"},"content":"        if (index \u003c 0 || index \u003e size) {","lastModifiedDate":"2023-01-19"},{"lineNumber":47,"author":{"gitId":"JamesLiuZX"},"content":"            System.out.println(String.format(\"Indices have to be positive and less than %d.\", size));","lastModifiedDate":"2023-01-19"},{"lineNumber":48,"author":{"gitId":"JamesLiuZX"},"content":"            return;","lastModifiedDate":"2023-01-19"},{"lineNumber":49,"author":{"gitId":"JamesLiuZX"},"content":"        }","lastModifiedDate":"2023-01-19"},{"lineNumber":50,"author":{"gitId":"JamesLiuZX"},"content":"        Task task \u003d this.records.get(index);","lastModifiedDate":"2023-01-26"},{"lineNumber":51,"author":{"gitId":"JamesLiuZX"},"content":"        task.markUndone();","lastModifiedDate":"2023-01-19"},{"lineNumber":52,"author":{"gitId":"JamesLiuZX"},"content":"        dw.setUndone(index);","lastModifiedDate":"2023-01-26"},{"lineNumber":53,"author":{"gitId":"JamesLiuZX"},"content":"        System.out.println(Ui.format(\"OK, I\u0027ve marked this task as not done yet:\\n\\n\" + task.toString()));","lastModifiedDate":"2023-01-26"},{"lineNumber":54,"author":{"gitId":"JamesLiuZX"},"content":"        return;","lastModifiedDate":"2023-01-19"},{"lineNumber":55,"author":{"gitId":"JamesLiuZX"},"content":"    }","lastModifiedDate":"2023-01-19"},{"lineNumber":56,"author":{"gitId":"JamesLiuZX"},"content":"","lastModifiedDate":"2023-01-19"},{"lineNumber":57,"author":{"gitId":"JamesLiuZX"},"content":"    public void insert(String record) {","lastModifiedDate":"2023-01-26"},{"lineNumber":58,"author":{"gitId":"JamesLiuZX"},"content":"        Task t \u003d new Task(record);","lastModifiedDate":"2023-01-26"},{"lineNumber":59,"author":{"gitId":"JamesLiuZX"},"content":"        this.records.add(t);","lastModifiedDate":"2023-01-26"},{"lineNumber":60,"author":{"gitId":"JamesLiuZX"},"content":"        dw.addToDb(t);","lastModifiedDate":"2023-01-26"},{"lineNumber":61,"author":{"gitId":"JamesLiuZX"},"content":"        System.out.println(Ui.format(\"added: \" + t));","lastModifiedDate":"2023-01-26"},{"lineNumber":62,"author":{"gitId":"JamesLiuZX"},"content":"    }","lastModifiedDate":"2023-01-26"},{"lineNumber":63,"author":{"gitId":"JamesLiuZX"},"content":"","lastModifiedDate":"2023-01-26"},{"lineNumber":64,"author":{"gitId":"JamesLiuZX"},"content":"    public void insertToDo(String name) {","lastModifiedDate":"2023-01-26"},{"lineNumber":65,"author":{"gitId":"JamesLiuZX"},"content":"        TaskToDo t \u003d new TaskToDo(name);","lastModifiedDate":"2023-01-19"},{"lineNumber":66,"author":{"gitId":"JamesLiuZX"},"content":"        this.records.add(t);","lastModifiedDate":"2023-01-26"},{"lineNumber":67,"author":{"gitId":"JamesLiuZX"},"content":"        dw.addToDb(t);","lastModifiedDate":"2023-01-26"},{"lineNumber":68,"author":{"gitId":"JamesLiuZX"},"content":"        System.out.println(Ui.format(\"Got it. I\u0027ve added this task:\\n\" + t.toString()));","lastModifiedDate":"2023-01-26"},{"lineNumber":69,"author":{"gitId":"JamesLiuZX"},"content":"    }","lastModifiedDate":"2023-01-19"},{"lineNumber":70,"author":{"gitId":"JamesLiuZX"},"content":"","lastModifiedDate":"2023-01-19"},{"lineNumber":71,"author":{"gitId":"JamesLiuZX"},"content":"    public void insertToDo(String name, boolean isInitial) {","lastModifiedDate":"2023-01-26"},{"lineNumber":72,"author":{"gitId":"JamesLiuZX"},"content":"        TaskToDo t \u003d new TaskToDo(name);","lastModifiedDate":"2023-01-26"},{"lineNumber":73,"author":{"gitId":"JamesLiuZX"},"content":"        this.records.add(t);","lastModifiedDate":"2023-01-26"},{"lineNumber":74,"author":{"gitId":"JamesLiuZX"},"content":"    }","lastModifiedDate":"2023-01-26"},{"lineNumber":75,"author":{"gitId":"JamesLiuZX"},"content":"","lastModifiedDate":"2023-01-26"},{"lineNumber":76,"author":{"gitId":"JamesLiuZX"},"content":"    public void insertDeadline(String name, String time) {","lastModifiedDate":"2023-01-26"},{"lineNumber":77,"author":{"gitId":"JamesLiuZX"},"content":"        LocalDateTime dateTime \u003d LocalDateTime.parse(time, formatter);","lastModifiedDate":"2023-01-26"},{"lineNumber":78,"author":{"gitId":"JamesLiuZX"},"content":"        TaskDeadline d \u003d new TaskDeadline(time, dateTime);","lastModifiedDate":"2023-01-26"},{"lineNumber":79,"author":{"gitId":"JamesLiuZX"},"content":"        this.records.add(d);","lastModifiedDate":"2023-01-26"},{"lineNumber":80,"author":{"gitId":"JamesLiuZX"},"content":"        dw.addToDb(d);","lastModifiedDate":"2023-01-26"},{"lineNumber":81,"author":{"gitId":"JamesLiuZX"},"content":"        System.out.println(Ui.format(\"Got it. I\u0027ve added this task:\\n\" + d.toString()));","lastModifiedDate":"2023-01-26"},{"lineNumber":82,"author":{"gitId":"JamesLiuZX"},"content":"    }","lastModifiedDate":"2023-01-19"},{"lineNumber":83,"author":{"gitId":"JamesLiuZX"},"content":"    public void insertDeadline(String name, String time, boolean isInitial) {","lastModifiedDate":"2023-01-26"},{"lineNumber":84,"author":{"gitId":"JamesLiuZX"},"content":"        LocalDateTime dateTime \u003d LocalDateTime.parse(time, formatter);","lastModifiedDate":"2023-01-26"},{"lineNumber":85,"author":{"gitId":"JamesLiuZX"},"content":"        TaskDeadline d \u003d new TaskDeadline(time, dateTime);","lastModifiedDate":"2023-01-26"},{"lineNumber":86,"author":{"gitId":"JamesLiuZX"},"content":"        this.records.add(d);","lastModifiedDate":"2023-01-26"},{"lineNumber":87,"author":{"gitId":"JamesLiuZX"},"content":"    }","lastModifiedDate":"2023-01-26"},{"lineNumber":88,"author":{"gitId":"JamesLiuZX"},"content":"","lastModifiedDate":"2023-01-19"},{"lineNumber":89,"author":{"gitId":"JamesLiuZX"},"content":"    public void insertEvent(String name, String time) {","lastModifiedDate":"2023-01-26"},{"lineNumber":90,"author":{"gitId":"JamesLiuZX"},"content":"        String[] times \u003d time.split(\"/\", 2);","lastModifiedDate":"2023-01-19"},{"lineNumber":91,"author":{"gitId":"JamesLiuZX"},"content":"        LocalDateTime start \u003d LocalDateTime.parse(times[0], formatter);","lastModifiedDate":"2023-01-26"},{"lineNumber":92,"author":{"gitId":"JamesLiuZX"},"content":"        LocalDateTime end \u003d LocalDateTime.parse(times[1], formatter);","lastModifiedDate":"2023-01-26"},{"lineNumber":93,"author":{"gitId":"JamesLiuZX"},"content":"        TaskEvent e \u003d new TaskEvent(name, start, end);","lastModifiedDate":"2023-01-26"},{"lineNumber":94,"author":{"gitId":"JamesLiuZX"},"content":"        this.records.add(e);","lastModifiedDate":"2023-01-26"},{"lineNumber":95,"author":{"gitId":"JamesLiuZX"},"content":"        dw.addToDb(e);","lastModifiedDate":"2023-01-26"},{"lineNumber":96,"author":{"gitId":"JamesLiuZX"},"content":"        System.out.println(Ui.format(\"Got it. I\u0027ve added this task:\\n\" + e.toString()));","lastModifiedDate":"2023-01-26"},{"lineNumber":97,"author":{"gitId":"JamesLiuZX"},"content":"    }","lastModifiedDate":"2023-01-19"},{"lineNumber":98,"author":{"gitId":"JamesLiuZX"},"content":"    public void insertEvent(String name, String time, boolean isInitial) {","lastModifiedDate":"2023-01-26"},{"lineNumber":99,"author":{"gitId":"JamesLiuZX"},"content":"        String[] times \u003d time.split(\"/\", 2);","lastModifiedDate":"2023-01-26"},{"lineNumber":100,"author":{"gitId":"JamesLiuZX"},"content":"        LocalDateTime start \u003d LocalDateTime.parse(times[0], formatter);","lastModifiedDate":"2023-01-26"},{"lineNumber":101,"author":{"gitId":"JamesLiuZX"},"content":"        LocalDateTime end \u003d LocalDateTime.parse(times[1], formatter);","lastModifiedDate":"2023-01-26"},{"lineNumber":102,"author":{"gitId":"JamesLiuZX"},"content":"        TaskEvent e \u003d new TaskEvent(name, start, end);","lastModifiedDate":"2023-01-26"},{"lineNumber":103,"author":{"gitId":"JamesLiuZX"},"content":"        this.records.add(e);","lastModifiedDate":"2023-01-26"},{"lineNumber":104,"author":{"gitId":"JamesLiuZX"},"content":"    }","lastModifiedDate":"2023-01-26"},{"lineNumber":105,"author":{"gitId":"JamesLiuZX"},"content":"","lastModifiedDate":"2023-01-19"},{"lineNumber":106,"author":{"gitId":"JamesLiuZX"},"content":"    public Task getTask(int index) {","lastModifiedDate":"2023-01-19"},{"lineNumber":107,"author":{"gitId":"JamesLiuZX"},"content":"        return this.records.get(index);","lastModifiedDate":"2023-01-26"},{"lineNumber":108,"author":{"gitId":"JamesLiuZX"},"content":"    }","lastModifiedDate":"2023-01-19"},{"lineNumber":109,"author":{"gitId":"JamesLiuZX"},"content":"","lastModifiedDate":"2023-01-19"},{"lineNumber":110,"author":{"gitId":"JamesLiuZX"},"content":"    public void deleteTask(int index) {","lastModifiedDate":"2023-01-19"},{"lineNumber":111,"author":{"gitId":"JamesLiuZX"},"content":"        Task t \u003d this.records.get(index);","lastModifiedDate":"2023-01-26"},{"lineNumber":112,"author":{"gitId":"JamesLiuZX"},"content":"        this.records.remove(index);","lastModifiedDate":"2023-01-26"},{"lineNumber":113,"author":{"gitId":"JamesLiuZX"},"content":"        dw.removeFromDb(index);","lastModifiedDate":"2023-01-26"},{"lineNumber":114,"author":{"gitId":"JamesLiuZX"},"content":"        System.out.println(Ui.format(\"Noted. I\u0027ve removed this task:\\n\" + t.toString()));","lastModifiedDate":"2023-01-26"},{"lineNumber":115,"author":{"gitId":"JamesLiuZX"},"content":"    }","lastModifiedDate":"2023-01-19"},{"lineNumber":116,"author":{"gitId":"JamesLiuZX"},"content":"","lastModifiedDate":"2023-01-19"},{"lineNumber":117,"author":{"gitId":"JamesLiuZX"},"content":"    @Override","lastModifiedDate":"2023-01-19"},{"lineNumber":118,"author":{"gitId":"JamesLiuZX"},"content":"    public String toString() {","lastModifiedDate":"2023-01-19"},{"lineNumber":119,"author":{"gitId":"JamesLiuZX"},"content":"        String output \u003d \"\";","lastModifiedDate":"2023-01-19"},{"lineNumber":120,"author":{"gitId":"JamesLiuZX"},"content":"        if (this.records.isEmpty()) {","lastModifiedDate":"2023-01-26"},{"lineNumber":121,"author":{"gitId":"JamesLiuZX"},"content":"            return \"Please insert a task first.\";","lastModifiedDate":"2023-01-19"},{"lineNumber":122,"author":{"gitId":"JamesLiuZX"},"content":"        }","lastModifiedDate":"2023-01-19"},{"lineNumber":123,"author":{"gitId":"JamesLiuZX"},"content":"        for (int i \u003d 0; i \u003c records.size(); i++) {","lastModifiedDate":"2023-01-19"},{"lineNumber":124,"author":{"gitId":"JamesLiuZX"},"content":"            output +\u003d String.format(\"%s. %s\\n\", i+1, this.records.get(i));","lastModifiedDate":"2023-01-26"},{"lineNumber":125,"author":{"gitId":"JamesLiuZX"},"content":"        }","lastModifiedDate":"2023-01-19"},{"lineNumber":126,"author":{"gitId":"JamesLiuZX"},"content":"        return Ui.format(output);","lastModifiedDate":"2023-01-26"},{"lineNumber":127,"author":{"gitId":"JamesLiuZX"},"content":"    }","lastModifiedDate":"2023-01-19"},{"lineNumber":128,"author":{"gitId":"JamesLiuZX"},"content":"","lastModifiedDate":"2023-01-26"},{"lineNumber":129,"author":{"gitId":"JamesLiuZX"},"content":"","lastModifiedDate":"2023-01-26"},{"lineNumber":130,"author":{"gitId":"JamesLiuZX"},"content":"}","lastModifiedDate":"2023-01-19"}],"authorContributionMap":{"JamesLiuZX":130}},{"path":"src/main/java/duke/tasks/TaskToDo.java","fileType":"java","lines":[{"lineNumber":1,"author":{"gitId":"JamesLiuZX"},"content":"/**","lastModifiedDate":"2023-01-19"},{"lineNumber":2,"author":{"gitId":"JamesLiuZX"},"content":" * Given a task description, construct a Task ToDo object.","lastModifiedDate":"2023-01-19"},{"lineNumber":3,"author":{"gitId":"JamesLiuZX"},"content":" *","lastModifiedDate":"2023-01-19"},{"lineNumber":4,"author":{"gitId":"JamesLiuZX"},"content":" * @author JamesLiuZX","lastModifiedDate":"2023-01-19"},{"lineNumber":5,"author":{"gitId":"JamesLiuZX"},"content":" * AY2223-S2 CS2103T","lastModifiedDate":"2023-01-19"},{"lineNumber":6,"author":{"gitId":"JamesLiuZX"},"content":" */","lastModifiedDate":"2023-01-19"},{"lineNumber":7,"author":{"gitId":"JamesLiuZX"},"content":"package duke.tasks;","lastModifiedDate":"2023-01-30"},{"lineNumber":8,"author":{"gitId":"JamesLiuZX"},"content":"","lastModifiedDate":"2023-01-19"},{"lineNumber":9,"author":{"gitId":"JamesLiuZX"},"content":"public class TaskToDo extends Task {","lastModifiedDate":"2023-01-19"},{"lineNumber":10,"author":{"gitId":"JamesLiuZX"},"content":"    public TaskToDo(String s) {","lastModifiedDate":"2023-01-19"},{"lineNumber":11,"author":{"gitId":"JamesLiuZX"},"content":"        super(s);","lastModifiedDate":"2023-01-19"},{"lineNumber":12,"author":{"gitId":"JamesLiuZX"},"content":"    }","lastModifiedDate":"2023-01-19"},{"lineNumber":13,"author":{"gitId":"JamesLiuZX"},"content":"","lastModifiedDate":"2023-01-26"},{"lineNumber":14,"author":{"gitId":"JamesLiuZX"},"content":"    @Override","lastModifiedDate":"2023-01-19"},{"lineNumber":15,"author":{"gitId":"JamesLiuZX"},"content":"    public String toString() {","lastModifiedDate":"2023-01-19"},{"lineNumber":16,"author":{"gitId":"JamesLiuZX"},"content":"        return \"[T]\" + super.toString();","lastModifiedDate":"2023-01-19"},{"lineNumber":17,"author":{"gitId":"JamesLiuZX"},"content":"    }","lastModifiedDate":"2023-01-19"},{"lineNumber":18,"author":{"gitId":"JamesLiuZX"},"content":"","lastModifiedDate":"2023-01-26"},{"lineNumber":19,"author":{"gitId":"JamesLiuZX"},"content":"    @Override","lastModifiedDate":"2023-01-26"},{"lineNumber":20,"author":{"gitId":"JamesLiuZX"},"content":"    public String toStringDb() {","lastModifiedDate":"2023-01-26"},{"lineNumber":21,"author":{"gitId":"JamesLiuZX"},"content":"        return String.format(","lastModifiedDate":"2023-01-26"},{"lineNumber":22,"author":{"gitId":"JamesLiuZX"},"content":"                \"T|%s\",","lastModifiedDate":"2023-01-26"},{"lineNumber":23,"author":{"gitId":"JamesLiuZX"},"content":"                super.toStringDb()","lastModifiedDate":"2023-01-26"},{"lineNumber":24,"author":{"gitId":"JamesLiuZX"},"content":"        );","lastModifiedDate":"2023-01-26"},{"lineNumber":25,"author":{"gitId":"JamesLiuZX"},"content":"    }","lastModifiedDate":"2023-01-26"},{"lineNumber":26,"author":{"gitId":"JamesLiuZX"},"content":"","lastModifiedDate":"2023-01-26"},{"lineNumber":27,"author":{"gitId":"JamesLiuZX"},"content":"}","lastModifiedDate":"2023-01-19"}],"authorContributionMap":{"JamesLiuZX":27}},{"path":"text-ui-test/input.txt","fileType":"txt","lines":[{"lineNumber":1,"author":{"gitId":"JamesLiuZX"},"content":"todo popeyes","lastModifiedDate":"2023-01-19"},{"lineNumber":2,"author":{"gitId":"JamesLiuZX"},"content":"todo mcdonald","lastModifiedDate":"2023-01-19"},{"lineNumber":3,"author":{"gitId":"JamesLiuZX"},"content":"todo test kfc","lastModifiedDate":"2023-01-19"},{"lineNumber":4,"author":{"gitId":"JamesLiuZX"},"content":"deadline popeyes /by yesterday recruit","lastModifiedDate":"2023-01-19"},{"lineNumber":5,"author":{"gitId":"JamesLiuZX"},"content":"event lose weight /from tomorrow /to next time","lastModifiedDate":"2023-01-19"},{"lineNumber":6,"author":{"gitId":"JamesLiuZX"},"content":"mark 1","lastModifiedDate":"2023-01-19"},{"lineNumber":7,"author":{"gitId":"JamesLiuZX"},"content":"list","lastModifiedDate":"2023-01-19"},{"lineNumber":8,"author":{"gitId":"JamesLiuZX"},"content":"unmark 1","lastModifiedDate":"2023-01-19"},{"lineNumber":9,"author":{"gitId":"JamesLiuZX"},"content":"mark 4","lastModifiedDate":"2023-01-19"},{"lineNumber":10,"author":{"gitId":"JamesLiuZX"},"content":"mark kfc","lastModifiedDate":"2023-01-19"},{"lineNumber":11,"author":{"gitId":"JamesLiuZX"},"content":"list","lastModifiedDate":"2023-01-19"},{"lineNumber":12,"author":{"gitId":"JamesLiuZX"},"content":"bye","lastModifiedDate":"2023-01-19"}],"authorContributionMap":{"JamesLiuZX":12}}]
