{"authorDailyContributionsMap":{"jedidiahC":[{"date":"2023-01-18","commitResults":[{"hash":"12369f1fee8f953dc85a32380f7900ff8b941c9e","messageTitle":"Implemented Level 1 - Greet, Echo, Exit","messageBody":"","tags":["Level-1"],"fileTypesAndContributionMap":{"java":{"insertions":69,"deletions":6}}},{"hash":"c6f2d5352bb7f8402d7060242a0fb927ec2a1de9","messageTitle":"Implemented Add and List.","messageBody":"","tags":["Level-2"],"fileTypesAndContributionMap":{"java":{"insertions":30,"deletions":11}}}]},{"date":"2023-01-19","commitResults":[{"hash":"dc9ec81ecbead1aaf7c4692360e69382a75ea40a","messageTitle":"Implemented Level 3 - marking and unmarking of tasks.","messageBody":"","tags":["Level-3"],"fileTypesAndContributionMap":{"java":{"insertions":137,"deletions":13}}},{"hash":"3b5453d320d6bb830ceb2f2cf0c47e4bfe5172d9","messageTitle":"Implemented Level 4 - ToDo, Event, Deadline.","messageBody":"","tags":["Level-4"],"fileTypesAndContributionMap":{"java":{"insertions":59,"deletions":22}}},{"hash":"2168316a41c228f541b096dd5e92a912e08359c1","messageTitle":"Added test cases for Level 4 - List, Todo, Deadline, Event, Mark, Unmark.","messageBody":"","tags":["A-TextUiTesting"],"fileTypesAndContributionMap":{"txt":{"insertions":9,"deletions":0},"java":{"insertions":3,"deletions":3}}},{"hash":"43c995a080d430bc0065ba76069ab9cbb5483884","messageTitle":"Implement error handling for Todo, Event, Deadline and refactored query handling","messageBody":"Refactoring query processing logic ensures separation of concerns in regards to processing the user query for different purposes.\n\nIt makes it easier to introduce different kinds of query in the future as well.\n","tags":["Level-5"],"fileTypesAndContributionMap":{"txt":{"insertions":9,"deletions":1},"java":{"insertions":207,"deletions":63}}},{"hash":"434ac6259b84f2ad13a486878ed45a4c50d2eb83","messageTitle":"Implement Level 6 - Delete","messageBody":"","tags":["Level-6"],"fileTypesAndContributionMap":{"txt":{"insertions":6,"deletions":1},"java":{"insertions":24,"deletions":0}}},{"hash":"d8ae451d9b1f6ffba64ba0b129608e3004926fc8","messageTitle":"Change query processing to use enums","messageBody":"","tags":["A-Enums"],"fileTypesAndContributionMap":{"java":{"insertions":49,"deletions":21}}}]},{"date":"2023-01-24","commitResults":[{"hash":"fad034d94890d0fe0d44a62bfd00bbbd06362660","messageTitle":"Add task saving and loading","messageBody":"","fileTypesAndContributionMap":{"java":{"insertions":170,"deletions":18}}},{"hash":"34d81e0fea79fe9fbc32e6b4e9cae21b5e7b97d4","messageTitle":"Change deadlines and events to use DateTime instead String","messageBody":"","fileTypesAndContributionMap":{"java":{"insertions":70,"deletions":20}}},{"hash":"ccc23ab7e3cb27ad25afec8b90498f7ebd037d32","messageTitle":"Refactor code to be more OOP","messageBody":"Code was violating SRP.\n\nLet\u0027s refactor all saving / loading of tasks to TaskStorage.\nLet\u0027s refactor all interactions with the user to Ui.\n","tags":["A-MoreOOP"],"fileTypesAndContributionMap":{"java":{"insertions":177,"deletions":124}}},{"hash":"b2262772aa4207f813acbb8a746e7794e4091ab2","messageTitle":"Divide classes into packages","messageBody":"","tags":["A-Packages"],"fileTypesAndContributionMap":{"java":{"insertions":125,"deletions":15}}}]},{"date":"2023-01-25","commitResults":[{"hash":"23b4c5e7a008e9a55a80559f3f20864f5b66e2c9","messageTitle":"Configure gradle to build and run Duke","messageBody":"","tags":["A-Gradle"],"fileTypesAndContributionMap":{"gradle":{"insertions":1,"deletions":1}}},{"hash":"d9b0d4f34f66ec0857b4beb6c5b80f5e94a3c256","messageTitle":"Add JUnit tests for TaskTracker methods addDeadline, markTask and deleteTask","messageBody":"","tags":["A-Jar","A-JUnit"],"fileTypesAndContributionMap":{"java":{"insertions":55,"deletions":5}}}]},{"date":"2023-01-26","commitResults":[{"hash":"62e174a93f47b0bac25b6e8625e688bf59bc6a2f","messageTitle":"Fix delete, mark, unmark task success response","messageBody":"","fileTypesAndContributionMap":{"java":{"insertions":3,"deletions":3}}}]},{"date":"2023-01-27","commitResults":[{"hash":"6f2c1ec20a920867f5746956834737976099e6d2","messageTitle":"Add JavaDoc comments for some non-private classes/methods","messageBody":"","tags":["A-JavaDoc"],"fileTypesAndContributionMap":{"java":{"insertions":272,"deletions":0}}},{"hash":"27ae463c23a1f62a8dfe8413f6f2bbc9b2bbfe83","messageTitle":"Tweak the code to comply with the Java coding standard","messageBody":"","tags":["A-CodingStandard"],"fileTypesAndContributionMap":{"java":{"insertions":71,"deletions":60}}},{"hash":"b110f19e9a537454c6b71ee09d761b50f95e267f","messageTitle":"Add way for users to find task by searching for a keyword","messageBody":"","tags":["Level-9"],"fileTypesAndContributionMap":{"java":{"insertions":47,"deletions":4}}},{"hash":"058207fdb035148dca12af6b5eb0a37f75ad7e66","messageTitle":"Fix JavaDoc comments to follow coding convention","messageBody":"","fileTypesAndContributionMap":{"java":{"insertions":42,"deletions":5}}}]},{"date":"2023-02-04","commitResults":[{"hash":"3936204664db7210958686b69350b17838fbe836","messageTitle":"Add basic graphical user interface","messageBody":"","tags":["Level-10"],"fileTypesAndContributionMap":{"gradle":{"insertions":15,"deletions":0},"fxml":{"insertions":35,"deletions":0},"java":{"insertions":161,"deletions":1}}}]},{"date":"2023-02-08","commitResults":[{"hash":"9c8edc00bcb7562ece4dc4ff33328573a4d74f3e","messageTitle":" Update styling for DialogBox","messageBody":"","fileTypesAndContributionMap":{"fxml":{"insertions":13,"deletions":7},"java":{"insertions":1,"deletions":0}}}]},{"date":"2023-02-09","commitResults":[{"hash":"b02b49a7e32a8440ea92f28aea9871cc279f988f","messageTitle":"Add assertions for marking and unmarking tasks","messageBody":"","fileTypesAndContributionMap":{"gradle":{"insertions":3,"deletions":2},"java":{"insertions":6,"deletions":0}}}]},{"date":"2023-02-10","commitResults":[{"hash":"5ffde154bffe0b9d1b9d7d65f301ae6b45cd501b","messageTitle":"Clean up several classes to improve code quality","messageBody":"After adding GUI, some classes are dead code. Also, the string array\nwhich represents a parsed query is badly designed and does not\nshow intent well.\n\nExtracting the parse result into its own object will make it easier\nto access the various components of a query.\n\nBy refactoring query data to a Query object, extracting data from a\nquery is now less prone to error.\n","tags":["A-FullCommitMessage"],"fileTypesAndContributionMap":{"gradle":{"insertions":1,"deletions":1},"java":{"insertions":227,"deletions":231}}}]},{"date":"2023-02-11","commitResults":[{"hash":"f9c152bb5761b8c671d414daea5b017b74ca3747","messageTitle":"Remove unnecessary println() from DeadlineQueryHandler","messageBody":"","fileTypesAndContributionMap":{"java":{"insertions":0,"deletions":1}}},{"hash":"1b3b8cf67ad8639f769895d426283e2c3be87236","messageTitle":"Add scalable dialog box","messageBody":"","fileTypesAndContributionMap":{"fxml":{"insertions":4,"deletions":7},"java":{"insertions":6,"deletions":4}}},{"hash":"df26193513f0853af93e779bb0fad205c35ea974","messageTitle":"Move all task related query handling to new package duke.query.task","messageBody":"All query handling are in duke.query.\n\nMoving all module specific query handling to its own package will\nunclutter the query package.\n","fileTypesAndContributionMap":{"java":{"insertions":31,"deletions":18}}},{"hash":"40186378a7f139abd237f772d2be5d891291ff99","messageTitle":"Add loan tracking system","messageBody":"Bot should provide a service that supports the management of loan\nrecords.\n","fileTypesAndContributionMap":{"java":{"insertions":279,"deletions":1}}}]},{"date":"2023-02-14","commitResults":[{"hash":"8a5a03ee3cd487220316da0d8f1e95c14f8cccc0","messageTitle":"Extract query processing logic from bot to QueryProcessor class","messageBody":"","fileTypesAndContributionMap":{"java":{"insertions":133,"deletions":68}}}]}]},"authorFileTypeContributionMap":{"jedidiahC":{"java":1754,"md":0,"fxml":38,"sh":0,"bat":0,"gradle":17,"txt":22}},"authorContributionVariance":{"jedidiahC":38537.27},"authorDisplayNameMap":{"jedidiahC":"CS2103-F10-2 CHEN..DIAH"}}
