{"authorDailyContributionsMap":{"jedidiahC":[{"date":"2023-01-18","commitResults":[{"hash":"12369f1fee8f953dc85a32380f7900ff8b941c9e","messageTitle":"Implemented Level 1 - Greet, Echo, Exit","messageBody":"","tags":["Level-1"],"fileTypesAndContributionMap":{"java":{"insertions":69,"deletions":6}}},{"hash":"c6f2d5352bb7f8402d7060242a0fb927ec2a1de9","messageTitle":"Implemented Add and List.","messageBody":"","tags":["Level-2"],"fileTypesAndContributionMap":{"java":{"insertions":30,"deletions":11}}}]},{"date":"2023-01-19","commitResults":[{"hash":"dc9ec81ecbead1aaf7c4692360e69382a75ea40a","messageTitle":"Implemented Level 3 - marking and unmarking of tasks.","messageBody":"","tags":["Level-3"],"fileTypesAndContributionMap":{"java":{"insertions":137,"deletions":13}}},{"hash":"3b5453d320d6bb830ceb2f2cf0c47e4bfe5172d9","messageTitle":"Implemented Level 4 - ToDo, Event, Deadline.","messageBody":"","tags":["Level-4"],"fileTypesAndContributionMap":{"java":{"insertions":59,"deletions":22}}}]}]},"authorFileTypeContributionMap":{"jedidiahC":{"java":245,"md":0,"fxml":0,"sh":0,"bat":0,"gradle":0,"txt":0}},"authorContributionVariance":{"jedidiahC":7087.9595},"authorDisplayNameMap":{"jedidiahC":"CHEN..DIAH"}}
