{"authorDailyContributionsMap":{"tingyic":[{"date":"2023-01-19","commitResults":[{"hash":"d9def8851cbace4b62798d4e01bcff52bbdd366f","isMergeCommit":false,"messageTitle":"Added UI.java","messageBody":"","tags":["Level-1"],"fileTypesAndContributionMap":{"java":{"insertions":24,"deletions":0}}},{"hash":"c2dff9de15e632d7205bab1a738163b372b1d079","isMergeCommit":false,"messageTitle":"Added Task.java","messageBody":"","tags":["Level-2"],"fileTypesAndContributionMap":{"java":{"insertions":24,"deletions":0}}},{"hash":"abf7008b37b4e957a91359a8727e3c61396340f4","isMergeCommit":false,"messageTitle":"Added Command.java","messageBody":"","fileTypesAndContributionMap":{"java":{"insertions":22,"deletions":0}}},{"hash":"32f7178d0799eba523e319a29ec1999afd247b45","isMergeCommit":false,"messageTitle":"Added Add.java","messageBody":"","fileTypesAndContributionMap":{"java":{"insertions":16,"deletions":0}}},{"hash":"8708aa943a9527d38e95aaf34c97895ca73bf610","isMergeCommit":false,"messageTitle":"Updated Task.java","messageBody":"","tags":["Level-3"],"fileTypesAndContributionMap":{"java":{"insertions":25,"deletions":0}}},{"hash":"b0964768030ccb6b45e0d1b45e28cfeba6057349","isMergeCommit":false,"messageTitle":"Updated Task.java","messageBody":"","fileTypesAndContributionMap":{"java":{"insertions":1,"deletions":1}}},{"hash":"c588369f99c1ad2ecb8a2df20ed0aeeeedf0e4f2","isMergeCommit":false,"messageTitle":"Added Done.java","messageBody":"","fileTypesAndContributionMap":{"java":{"insertions":16,"deletions":0}}},{"hash":"26aea347e30dbd9cbb7a9c3aadea26d52b139ab9","isMergeCommit":false,"messageTitle":"Updated UI.java","messageBody":"","fileTypesAndContributionMap":{"java":{"insertions":24,"deletions":0}}},{"hash":"8db91466c11cfe8e050e1795e2211a2c792c7595","isMergeCommit":false,"messageTitle":"Added List.java, updated Task.java, UI.java","messageBody":"","fileTypesAndContributionMap":{"java":{"insertions":40,"deletions":4}}},{"hash":"82318c067d6ecd679431312368b4c35f0be0c165","isMergeCommit":false,"messageTitle":"Added Todo.java, Deadline.java, Event.java. Updated Task.java.","messageBody":"","tags":["Level-4"],"fileTypesAndContributionMap":{"java":{"insertions":56,"deletions":2}}}]},{"date":"2023-01-20","commitResults":[{"hash":"b68ce46e17d4c239fa00a229ad7be24e9f91e815","isMergeCommit":false,"messageTitle":"Added DukeException.java, Exit.java, Initiator.java updated Deadline.java, Todo.java","messageBody":"","tags":["Level-5"],"fileTypesAndContributionMap":{"java":{"insertions":66,"deletions":0}}},{"hash":"460947797ad78a998d1c61e3a03c060657c8c763","isMergeCommit":false,"messageTitle":"Added Delete.java, updated Initiator.java, UI.java","messageBody":"","tags":["Level-6"],"fileTypesAndContributionMap":{"java":{"insertions":21,"deletions":1}}}]},{"date":"2023-02-17","commitResults":[{"hash":"4025bed75b4e70cecb18796e6e64db9effe312e6","isMergeCommit":false,"messageTitle":"Add UI.java","messageBody":"","fileTypesAndContributionMap":{"java":{"insertions":106,"deletions":103}}},{"hash":"9259e8d36547a02810778aef1b9244d3400a247a","isMergeCommit":false,"messageTitle":"Add Command.java, AddCommand.java, ByeCommand.java, ListCommand.java. Update Parser.java","messageBody":"","fileTypesAndContributionMap":{"java":{"insertions":42,"deletions":2}}},{"hash":"10499da2cea1a4a09a0349f81635eefae7dfc3a3","isMergeCommit":false,"messageTitle":"Add Task.java","messageBody":"","fileTypesAndContributionMap":{"java":{"insertions":67,"deletions":0}}},{"hash":"12d309b287378eb39a9120368d480a68a67fb0ee","isMergeCommit":false,"messageTitle":"Update Parser.java","messageBody":"","fileTypesAndContributionMap":{"java":{"insertions":12,"deletions":1}}},{"hash":"fa75e5021fdd7140c26e93322a6bfe92332b022b","isMergeCommit":false,"messageTitle":"Add MarkCommand.java, UnmarkCommand.java. Update Parser.java","messageBody":"","fileTypesAndContributionMap":{"java":{"insertions":12,"deletions":0}}},{"hash":"5a80b90fd293e5c1a7bcfe2e1b709c09ab306f98","isMergeCommit":false,"messageTitle":"Add TodoCommand.java, EventCommand.java, DeadlineCommand.java, TaskList.java, TaskType.java, Todo.java, Event.java,Deadline.java. Update Parser.java, Task.java","messageBody":"","fileTypesAndContributionMap":{"java":{"insertions":272,"deletions":14}}},{"hash":"09a9b5edde1d1f33f1f2d756664e8e5a59810adf","isMergeCommit":false,"messageTitle":"Add Automated Text UI testing","messageBody":"","tags":["A-TextUiTesting"],"fileTypesAndContributionMap":{"txt":{"insertions":10,"deletions":0},"bat":{"insertions":2,"deletions":2}}},{"hash":"32bc4ebc6947c8c716bb04a63865afa3cc525f5a","isMergeCommit":false,"messageTitle":"Add DukeException.java, update Parser.java","messageBody":"","fileTypesAndContributionMap":{"java":{"insertions":13,"deletions":0}}},{"hash":"571ceae66095ee32a8f0809c384677df7309cf7d","isMergeCommit":false,"messageTitle":"Add TaskType.java","messageBody":"","tags":["A-Enums"],"fileTypesAndContributionMap":{"java":{"insertions":0,"deletions":1}}}]},{"date":"2023-02-18","commitResults":[{"hash":"bb41e7a4960fdfce1aaf34caf23544130e00aecb","isMergeCommit":false,"messageTitle":"Add DeleteCommand.java. Update Parser.java","messageBody":"","fileTypesAndContributionMap":{"java":{"insertions":40,"deletions":7}}},{"hash":"de84c98cf966e598b0a3022d0c944d15748c0172","isMergeCommit":false,"messageTitle":"Add Storage.java, update all the commands with storage.","messageBody":"","tags":["Level-8"],"fileTypesAndContributionMap":{"java":{"insertions":285,"deletions":12}}},{"hash":"09855139a00f600e702be15d1a61805301b42483","isMergeCommit":false,"messageTitle":"Add gradle support","messageBody":"","tags":["A-Gradle"],"fileTypesAndContributionMap":{"gradle":{"insertions":56,"deletions":0}}},{"hash":"5d58707214722ff2b18a47b2b632c6ac0277136a","isMergeCommit":false,"messageTitle":"Add Duke.java","messageBody":"","fileTypesAndContributionMap":{"java":{"insertions":63,"deletions":0}}},{"hash":"a4f73e95cc686b7692a6c70b0a19c5963f66df9b","isMergeCommit":false,"messageTitle":"Remove redundant files after OOP encapsulation","messageBody":"","tags":["A-Packages","A-MoreOOP"],"fileTypesAndContributionMap":{"java":{"insertions":0,"deletions":215}}},{"hash":"4239eed406a442aefe67af1f6aa456b9e9e87307","isMergeCommit":false,"messageTitle":"Update TaskList.java, Parser.java, UI.java","messageBody":"","fileTypesAndContributionMap":{"java":{"insertions":16,"deletions":2}}},{"hash":"9a56adbbfba368250f160ef5b8e4eb02e3ff58bf","isMergeCommit":false,"messageTitle":"Add JavaDocs.","messageBody":"","tags":["A-JavaDoc","A-CodingStandard"],"fileTypesAndContributionMap":{"java":{"insertions":241,"deletions":38}}},{"hash":"d78d7c8319222a71647dfb19434bf20432d1f621","isMergeCommit":false,"messageTitle":"Add FindCommand.java. Update Parser.java","messageBody":"","tags":["Level-9"],"fileTypesAndContributionMap":{"java":{"insertions":10,"deletions":0}}}]},{"date":"2023-02-19","commitResults":[{"hash":"ec262043b6d53d0faacdb0c47d60b046c8623d12","isMergeCommit":false,"messageTitle":"Add GUI","messageBody":"","tags":["Level-10"],"fileTypesAndContributionMap":{"fxml":{"insertions":47,"deletions":0},"java":{"insertions":236,"deletions":1}}},{"hash":"8fe7b8ed78e7586a2e8d70568b17b2f2027e3cc8","isMergeCommit":false,"messageTitle":"Add assertions.","messageBody":"","tags":["Gradle-JAR","A-jar","A-Assertions"],"fileTypesAndContributionMap":{"java":{"insertions":74,"deletions":1}}},{"hash":"89880ec178fb001a30a8b1631bbc4a1a929c8408","isMergeCommit":false,"messageTitle":"Improve code quality.","messageBody":"","tags":["A-CodeQuality"],"fileTypesAndContributionMap":{"java":{"insertions":25,"deletions":0}}},{"hash":"776d6e7c3ef8c7ee7ea4eb6712b8d82cc9108ceb","isMergeCommit":true,"messageTitle":"Merge pull request #2 from tingyic/branch-codequality","messageBody":"Improve code quality.","fileTypesAndContributionMap":{}}]},{"date":"2023-02-20","commitResults":[{"hash":"3cf830b25fb793f21df0c179dd5c3865cf6580f2","isMergeCommit":false,"messageTitle":"Add CheckDuplicateCommand.java. Update Parser.java","messageBody":"","fileTypesAndContributionMap":{"java":{"insertions":5,"deletions":0}}},{"hash":"26bf37becabdade9b09dfca99d96b5cc97dd6c43","isMergeCommit":true,"messageTitle":"Merge pull request #3 from tingyic/branch-BCD-Extensions","messageBody":"Add CheckDuplicateCommand.java. Update Parser.java","fileTypesAndContributionMap":{}},{"hash":"646d6a15c01628ffe02292401fe066d76d3be766","isMergeCommit":false,"messageTitle":"Add CheckDuplicateCommand.java","messageBody":"","fileTypesAndContributionMap":{"java":{"insertions":32,"deletions":1}}},{"hash":"89c22acfdf102717f3006853ae21d6cef674ce9b","isMergeCommit":true,"messageTitle":"Merge branch \u0027branch-BCD-Extensions\u0027","messageBody":"","fileTypesAndContributionMap":{}},{"hash":"a79b8c195801491fe051b9db7a8dbea5a7eb3350","isMergeCommit":false,"messageTitle":"Add user guide","messageBody":"","tags":["A-UserGuide"],"fileTypesAndContributionMap":{"md":{"insertions":96,"deletions":14}}},{"hash":"e73dfeca26a92475cfd0d7a829a322ea4cdacad5","isMergeCommit":false,"messageTitle":"Revert \"Add user guide\"","messageBody":"This reverts commit a79b8c195801491fe051b9db7a8dbea5a7eb3350.\n","fileTypesAndContributionMap":{"md":{"insertions":14,"deletions":96}}},{"hash":"b5fba046841c3d49f063100d3ffa6cb76f7fcb8c","isMergeCommit":false,"messageTitle":"Add user guide","messageBody":"","fileTypesAndContributionMap":{"md":{"insertions":96,"deletions":14}}},{"hash":"da8ed378298031acd73171764c3951a5aef3e7fe","isMergeCommit":false,"messageTitle":"Update CheckDuplicateCommand.java","messageBody":"","tags":["BCD-Extension"],"fileTypesAndContributionMap":{"java":{"insertions":1,"deletions":1}}},{"hash":"5f5330b05920e876265de0ec253b756840a37eb9","isMergeCommit":false,"messageTitle":"Update Storage.java","messageBody":"","tags":["Final"],"fileTypesAndContributionMap":{"java":{"insertions":0,"deletions":1}}}]},{"date":"2023-03-20","commitResults":[{"hash":"186ef9df441409ff8d8c97750bcc3f882d0c0188","isMergeCommit":false,"messageTitle":"Update Readme","messageBody":"","fileTypesAndContributionMap":{"java":{"insertions":0,"deletions":0},"md":{"insertions":2,"deletions":2}}}]}]},"authorFileTypeContributionMap":{"tingyic":{"java":1489,"md":96,"fxml":47,"sh":0,"bat":2,"gradle":56,"txt":10}},"authorContributionVariance":{"tingyic":24624.512},"authorDisplayNameMap":{"tingyic":"CS2103T-W10-1 CHEW..G YI"}}
