{"authorDailyContributionsMap":{"Zeli0":[{"date":"2023-01-22","commitResults":[{"hash":"278b92dbca3e16115f3bc6c9a5fb829d1a280e26","messageTitle":"Implemented skeleton of Duke.java","messageBody":"The chatbot planned to be made only prints out a logo.\n\nLet\u0027s implement the backbone of the chatbot that will be built upon later.\n","tags":["Level-1"],"fileTypesAndContributionMap":{"java":{"insertions":34,"deletions":3}}},{"hash":"824aa7f990d09abe7e8103eacd13db58a167bc71","messageTitle":"Updated user input display","messageBody":"","fileTypesAndContributionMap":{"java":{"insertions":1,"deletions":0}}},{"hash":"4defdcec2371428c833d653523747a29dedae119","messageTitle":"Added list functionality to Duke.java","messageBody":"For the chatbot to perform its purpose as a to-do list, it must be able to record data.\n\nLet\u0027s implement that list functionality before further development.\n","tags":["Level-2"],"fileTypesAndContributionMap":{"java":{"insertions":23,"deletions":9}}},{"hash":"8b19ae7f3e60421f972557477c3b517d6072e7b0","messageTitle":"Added marking functionality to Duke.java","messageBody":"To create a functional to-do list, the chatbot needs to alter the status of entries in the list.\n\nLet\u0027s implement a basic \"completed\" toggle for the chatbot before advancing to more complex functions.\n","tags":["Level-3"],"fileTypesAndContributionMap":{"java":{"insertions":46,"deletions":7}}}]},{"date":"2023-01-23","commitResults":[{"hash":"35db8ab81f9d9a74102c32ce916c4ed317a4c4fd","messageTitle":"Diversified todo entries","messageBody":"To increase the functionalities of the chatbot to-do list, extra information needs to be present in each entry.\n\nLet\u0027s start by adding extra types of tasks for more nuance.\n","tags":["Level-4"],"fileTypesAndContributionMap":{"java":{"insertions":91,"deletions":23}}},{"hash":"15ffb52080d3d605366393941994d0f7397c3e61","messageTitle":"Added automated testing","messageBody":"To make sure the program works as intended, checks need to be made to the program.\n\nLet\u0027s implement an automated testing system to simplify the checking process.\n","tags":["A-TextUiTesting"],"fileTypesAndContributionMap":{"txt":{"insertions":6,"deletions":0},"java":{"insertions":3,"deletions":3}}}]},{"date":"2023-01-24","commitResults":[{"hash":"149004b141d0e5e4662140ccd4d6d58e50181b40","messageTitle":"Marked potential errors for handling","messageBody":"","fileTypesAndContributionMap":{"java":{"insertions":11,"deletions":4}}}]},{"date":"2023-01-25","commitResults":[{"hash":"5af085a6dc940bd21c6e1693488948bd9ada9e71","messageTitle":"Added error checking","messageBody":"In order for the todo list bot to function as desired, it needs to check for any potential errors.\n\nLets implement some of these errors to improve user experience.\n","tags":["Level-5"],"fileTypesAndContributionMap":{"java":{"insertions":135,"deletions":45}}},{"hash":"1efabd02c49eb48813f0ab20e0cb90865b24c6c0","messageTitle":"Added delete function","messageBody":"The todo list bot needs to be able to remove tasks that the user does not want.\nLet\u0027s implement this with a delete function.\n","tags":["Level-6"],"fileTypesAndContributionMap":{"java":{"insertions":35,"deletions":15}}}]},{"date":"2023-01-26","commitResults":[{"hash":"e85e920e3a259d7610a655b730907fc61c0f9e1c","messageTitle":"Added saving function","messageBody":"To further improve the todo list bot, it needs to be able to store the list permanently.\nLet\u0027s implement this saving function.\n","tags":["Level-7"],"fileTypesAndContributionMap":{"java":{"insertions":22,"deletions":2}}}]},{"date":"2023-01-27","commitResults":[{"hash":"ba433a6b2a1845db00b28421386458ae1a9a70a3","messageTitle":"Added date detection","messageBody":"To further improve the sophistication of the to-do list chatbot, it should be able to automatically interpret certain inputs for the convenience of users.\nLet\u0027s implement a preliminary version with date detection.\n","tags":["Level-8"],"fileTypesAndContributionMap":{"java":{"insertions":36,"deletions":7}}}]},{"date":"2023-01-30","commitResults":[{"hash":"1666972278ed488385861742377287381f410f26","messageTitle":"Improving OOP","messageBody":"To make the todo list chatbot more modular and easier to understand, reformatting the project with more object-oriented principles may help.\nLets implement this by reforming the chatbot with new classes.\n","tags":["A-MoreOOP"],"fileTypesAndContributionMap":{"java":{"insertions":434,"deletions":220}}},{"hash":"ec512995a3cf6111040cabab6c97608ef62d4f06","messageTitle":"Organized files into packages","messageBody":"To further assist with understanding the different components of the chatbot, files can be divided into packages grouped based on their purpose.\nLet\u0027s implement this in the chatbot project.\n","tags":["A-Packages"],"fileTypesAndContributionMap":{"java":{"insertions":43,"deletions":17}}}]},{"date":"2023-01-31","commitResults":[{"hash":"1f93125421e9ffa3b9fc215602d4e6b7d9591a33","messageTitle":"Added Gradle","messageBody":"To help make some tasks in the project easier, gradle can be added to automate some of the tasks.\nLet\u0027s add gradle to the project.\n","fileTypesAndContributionMap":{"gradle":{"insertions":1,"deletions":0}}},{"hash":"1e6acfd8405b6de53aab71c32f0bdc87c33aa5d2","messageTitle":"Add test cases","messageBody":"To make sure the methods are working as designed, test cases need to be added.\nLet\u0027s implement these with the newly added Gradle functionalities.\n","tags":["A-JUnit"],"fileTypesAndContributionMap":{"gradle":{"insertions":11,"deletions":5},"java":{"insertions":68,"deletions":3}}}]},{"date":"2023-02-01","commitResults":[{"hash":"7fc17d815fad298c530c2418e39f2a8731fd3df4","messageTitle":"Added Javadoc","messageBody":"To facilitate an easier coding experience, descriptors need to be added to each method so that others know what they are for.\nLet\u0027s implement this with Javadoc.\n","tags":["A-JavaDoc"],"fileTypesAndContributionMap":{"java":{"insertions":166,"deletions":2}}},{"hash":"700718e03297458388e6e6d2a16ac2ecf6292b71","messageTitle":"Fix code to coding standards","messageBody":"","tags":["A-CodingStandard"],"fileTypesAndContributionMap":{"java":{"insertions":87,"deletions":83},"bat":{"insertions":1,"deletions":1},"md":{"insertions":2,"deletions":2}}},{"hash":"24c6808bcb3694ca4385ec174a659273079cb28f","messageTitle":"Add find method","messageBody":"To make the chatbot even more robust, more functionalities need to be\nadded.\n\nLet\u0027s start by implementing a \"find\" function.\n","tags":["Level-9"],"fileTypesAndContributionMap":{"java":{"insertions":91,"deletions":47}}}]},{"date":"2023-02-09","commitResults":[{"hash":"aa0b1ba8672554a26720d36e761a1501e40a3b1b","messageTitle":"Add GUI Base","messageBody":"To transition to a more sophisticated chatbot, our Duke needs to be more\nuser friendly.\nLet\u0027s start by implementing the backbone of a new GUI.\n","fileTypesAndContributionMap":{"gradle":{"insertions":14,"deletions":0},"java":{"insertions":158,"deletions":0}}}]},{"date":"2023-02-11","commitResults":[{"hash":"5f4fd8838014d3bafd78878d8ab4aae525e0e59d","messageTitle":"Add GUI Backbone","messageBody":"To further implement a sophisticated GUI, more features need to be added.\n\nLet\u0027s start by beginning the replacement of the existing UI with GUI.\n","fileTypesAndContributionMap":{"java":{"insertions":284,"deletions":362},"md":{"insertions":8,"deletions":3}}}]},{"date":"2023-02-12","commitResults":[{"hash":"7ec1854b6c2697c123b833ab24fdbf263f0eb12b","messageTitle":"Build on GUI","messageBody":"As the Javafx library is encountering numerous issues, steps need to be\ntaken to ensure that it works correctly.\n\nLet\u0027s attempt to address them.\n","fileTypesAndContributionMap":{"gradle":{"insertions":6,"deletions":13},"java":{"insertions":14,"deletions":12}}},{"hash":"4640de76520a6c99699dcb56bd22e0388ede5092","messageTitle":"Continue transition to JavaFX GUI","messageBody":"There still are some issues with the integration of JavaFX into the Duke\nchatbot.\nLet\u0027s fix these issues and integrate JavaFX formally into Duke.\n","tags":["A-FullCommitMessage"],"fileTypesAndContributionMap":{"fxml":{"insertions":37,"deletions":0},"java":{"insertions":59,"deletions":47},"bat":{"insertions":1,"deletions":1},"md":{"insertions":1,"deletions":1}}}]},{"date":"2023-02-13","commitResults":[{"hash":"b238b1fb1373fd8edbc44e0086fee5a4536fce5c","messageTitle":"Finish GUI implementation","messageBody":"To fully make the Duke chatbot sophisticated, a complete, functional GUI\nneeds to be added.\nLet\u0027s implement this with JavaFX and FXML, ensuring that it is\ncompletely integrated with the existing functionalities.\n","tags":["Level-10"],"fileTypesAndContributionMap":{"fxml":{"insertions":20,"deletions":8},"java":{"insertions":151,"deletions":119}}}]},{"date":"2023-02-14","commitResults":[{"hash":"6b870f98f20bbba86cd15ef21bb03b0548fd18e1","messageTitle":"Add preliminary assertions","messageBody":"To ensure the chatbot works as intended, checks need to be added to make\nsure invariants are not broken.\n\nAs a start to the checking process, let\u0027s implement some preliminary\nassertion checks at key points of the program.\n","fileTypesAndContributionMap":{"fxml":{"insertions":1,"deletions":1},"java":{"insertions":16,"deletions":37}}},{"hash":"6bb3d2b148da57f86e1819f6f1ff420bd7e8fdd4","messageTitle":"Add personality","messageBody":"To further cement the uniqueness of this chatbot, personality is needed\nin its messages and name.\n\nLet\u0027s finalize the first version of the personality implementation,\ntogether with all past personality additions, by changing the name\nof the bot formally to \"Skylar\".\n","tags":["A-Personality"],"fileTypesAndContributionMap":{"java":{"insertions":2,"deletions":18}}}]},{"date":"2023-02-15","commitResults":[{"hash":"804b6b94451fbee0162e867072996df3e2e14138","messageTitle":"Improve code quality","messageBody":"To further polish up the Skylar chatbot, the readibility of the code\nis important for further iterations.\n\nLet\u0027s improve readibility by improving code quality.\n","tags":["A-CodeQuality"],"fileTypesAndContributionMap":{"java":{"insertions":101,"deletions":37}}}]},{"date":"2023-02-16","commitResults":[{"hash":"7fb71a7883303479cd63254d37e31a5cadaae117","messageTitle":"Improve code quality of TaskList.java","messageBody":"","fileTypesAndContributionMap":{"java":{"insertions":34,"deletions":20}}}]},{"date":"2023-02-17","commitResults":[{"hash":"4347ac9fe67ca1950d268b54d3a25094ec14d7d1","messageTitle":"Add more assertions","messageBody":"To check to ensure that invariants are preserved, more assertions need\nto be made.\n\nLet\u0027s implement these assertions in the event classes.\n","tags":["A-Assertions"],"fileTypesAndContributionMap":{"java":{"insertions":6,"deletions":0}}},{"hash":"8156ad761aa3d9e90293334dcb63f63a9b33b602","messageTitle":"Improve GUI","messageBody":"To improve user experience, building new features on the existing GUI\nis necessary.\n\nLet\u0027s start by labeling error messages so users know when they have an\nincorrect input.\n","tags":["A-BetterGUI"],"fileTypesAndContributionMap":{"fxml":{"insertions":3,"deletions":0},"java":{"insertions":30,"deletions":17},"md":{"insertions":36,"deletions":20}}},{"hash":"2e65cace95a39b61fb6a0ff1b05895cf27343262","messageTitle":"Begin help command implementation","messageBody":"","fileTypesAndContributionMap":{"java":{"insertions":22,"deletions":0}}},{"hash":"caf7c5cf48c8da1827d88ad4a5b6d773a11317f1","messageTitle":"Add extensive features","messageBody":"To further improve the quality of the Skylar chatbot, advanced functionalities need to be implemented.\n\nLet\u0027s start by implementing a new help function, and an undo function.\n","tags":["BCD-Extension"],"fileTypesAndContributionMap":{"java":{"insertions":118,"deletions":23}}}]}]},"authorFileTypeContributionMap":{"Zeli0":{"java":1151,"md":39,"fxml":52,"sh":0,"bat":1,"gradle":19,"txt":6}},"authorContributionVariance":{"Zeli0":31806.049},"authorDisplayNameMap":{"Zeli0":"CS2103T-T15-1 KU Z..IJAH"}}
