{"authorDailyContributionsMap":{"jianminglok":[{"date":"2023-01-17","commitResults":[{"hash":"2fe7718d619965e1f2a7c30ab085852f91139b9c","messageTitle":"Changed name for chatbot and added greetings","messageBody":"","fileTypesAndContributionMap":{"java":{"insertions":23,"deletions":10}}},{"hash":"a151e5d392220db39da63c75e6863b528859d1d7","messageTitle":"Reads input from user and echo it","messageBody":"","tags":["Level-1"],"fileTypesAndContributionMap":{"java":{"insertions":16,"deletions":0}}},{"hash":"fe7c12bf84be77cc7345cbda397f350acd9d3378","messageTitle":"Added Task Class","messageBody":"","tags":["A-Classes"],"fileTypesAndContributionMap":{"java":{"insertions":14,"deletions":0}}},{"hash":"1110b64d80e890302fcee3023df11a87441506c5","messageTitle":"Store and list tasks entered by user","messageBody":"","tags":["Level-2","A-Collections"],"fileTypesAndContributionMap":{"java":{"insertions":20,"deletions":1}}},{"hash":"edf4f932fb4943a58a7dae054ec59ea7d2f9dd8e","messageTitle":"Rephrased task name as description and added task status","messageBody":"","fileTypesAndContributionMap":{"java":{"insertions":22,"deletions":3}}},{"hash":"7786d4c4d81226f8894e8b800c89be8530e667a4","messageTitle":"Mark tasks as done or not done","messageBody":"","tags":["Level-3"],"fileTypesAndContributionMap":{"java":{"insertions":46,"deletions":15}}},{"hash":"6573509d4173d611c84f110f8f95da4e6c4ef554","messageTitle":"Add ToDo, Deadline \u0026 Event tasks","messageBody":"","tags":["A-Inheritance"],"fileTypesAndContributionMap":{"java":{"insertions":46,"deletions":4}}}]},{"date":"2023-01-18","commitResults":[{"hash":"fc47a8aaf4ae05c7c7e834759bd3017d87b4dac4","messageTitle":"Add different type of tasks through different commands","messageBody":"","tags":["Level-4"],"fileTypesAndContributionMap":{"java":{"insertions":30,"deletions":12}}},{"hash":"c1a5aaa912f3fc8493246c8fb02d9052ca9b0b50","messageTitle":"Format changes","messageBody":"","fileTypesAndContributionMap":{"java":{"insertions":2,"deletions":2}}},{"hash":"7481179038f6b4c236d9e2329387ad5400f30525","messageTitle":"Added semi-auto testing for TwoFive","messageBody":"","tags":["A-TextUiTesting"],"fileTypesAndContributionMap":{"txt":{"insertions":15,"deletions":0},"bat":{"insertions":1,"deletions":1}}},{"hash":"7e0b278e8a4c244ca34ce5d09c4a62ba951ad747","messageTitle":"Add error handling through exceptions","messageBody":"","tags":["A-Exceptions"],"fileTypesAndContributionMap":{"java":{"insertions":169,"deletions":52}}},{"hash":"22b1833459067f9af36a6bbc3f02f89b3725c042","messageTitle":"Updated error format and added tests for error handling","messageBody":"","tags":["Level-5"],"fileTypesAndContributionMap":{"txt":{"insertions":16,"deletions":0},"java":{"insertions":8,"deletions":8}}},{"hash":"93fd5be110a3f0e5449c9d4b3e6f623b7c1d492b","messageTitle":"Add ability to delete tasks","messageBody":"","fileTypesAndContributionMap":{"java":{"insertions":104,"deletions":68}}},{"hash":"a7aea6aed6cd365ef963f091e25641a5aa315a49","messageTitle":"Added more tests for delete, mark and unmark feature","messageBody":"","tags":["Level-6"],"fileTypesAndContributionMap":{"txt":{"insertions":19,"deletions":0},"java":{"insertions":3,"deletions":1}}}]}]},"authorFileTypeContributionMap":{"jianminglok":{"java":337,"md":0,"fxml":0,"sh":0,"bat":1,"gradle":0,"txt":50}},"authorContributionVariance":{"jianminglok":36743.473},"authorDisplayNameMap":{"jianminglok":"CS2103T-W15-4 LOK ..MING"}}
