{"authorDailyContributionsMap":{"dsja612":[{"date":"2023-01-16","commitResults":[{"hash":"170b43f1bd90624c7fbbb300630ca2efad783c3f","messageTitle":"Add greeting, echo and exit","messageBody":"","tags":["Level-1"],"fileTypesAndContributionMap":{"java":{"insertions":27,"deletions":1}}},{"hash":"78072c8f09066a46f397df675d21576d27c8a5b6","messageTitle":"Add Task.java, TaskList.java, adding and listing tasks","messageBody":"","tags":["Level-2"],"fileTypesAndContributionMap":{"java":{"insertions":54,"deletions":4}}}]},{"date":"2023-01-18","commitResults":[{"hash":"5ff240b8076a46a63fc29b5b961e81e139fc5410","messageTitle":"Add marking of tasks as done or undone","messageBody":"","tags":["Level-3"],"fileTypesAndContributionMap":{"java":{"insertions":44,"deletions":2}}}]},{"date":"2023-01-19","commitResults":[{"hash":"6e6738bfe7f4ed9a6072075c554af17523c92498","messageTitle":"Add ToDo, Event, Deadline","messageBody":"","tags":["Level-4"],"fileTypesAndContributionMap":{"java":{"insertions":115,"deletions":27}}},{"hash":"6de1a0f23df23b01ab4fc5eb90d600d6a08c797a","messageTitle":"Add automated text UI testing","messageBody":"","tags":["A-TextUiTesting"],"fileTypesAndContributionMap":{"txt":{"insertions":4,"deletions":0},"java":{"insertions":3,"deletions":3}}},{"hash":"f6ffdb0f2dac47142608d2166dfd163301218948","messageTitle":"Add error handling for incorrect user input","messageBody":"","fileTypesAndContributionMap":{"java":{"insertions":82,"deletions":58}}},{"hash":"1b7bd58e21b0ef7a6d5eac6dd9a89fd425eb9feb","messageTitle":"Add error handling for mark and unmark","messageBody":"","tags":["Level-5"],"fileTypesAndContributionMap":{"java":{"insertions":10,"deletions":3}}},{"hash":"bb6f574f5cf55d8970c4a9809fa226d72a51f783","messageTitle":"Rename some variables to be more descriptive","messageBody":"","fileTypesAndContributionMap":{"java":{"insertions":14,"deletions":10}}},{"hash":"9acef73f84c0d3277f5b9591c6730d406b1b4723","messageTitle":"Add enum to represent type of commands","messageBody":"","tags":["A-Enums"],"fileTypesAndContributionMap":{"java":{"insertions":35,"deletions":15}}},{"hash":"d3f9adc3fc35b9b981019d9a406a601617757b97","messageTitle":"Add deleting of tasks and more error handling","messageBody":"","tags":["Level-6"],"fileTypesAndContributionMap":{"java":{"insertions":31,"deletions":15}}}]},{"date":"2023-01-25","commitResults":[{"hash":"a07015230df986def3891449089499dcf9f2a255","messageTitle":"Move print statements to Duke.java","messageBody":"","fileTypesAndContributionMap":{"java":{"insertions":27,"deletions":12}}}]},{"date":"2023-01-26","commitResults":[{"hash":"0fadf66996874c7b74abf7338dcccf071bf19949","messageTitle":"Fix UI bugs","messageBody":"","fileTypesAndContributionMap":{"java":{"insertions":7,"deletions":9}}}]}]},"authorFileTypeContributionMap":{"dsja612":{"java":292,"md":0,"fxml":0,"sh":0,"bat":0,"gradle":0,"txt":4}},"authorContributionVariance":{"dsja612":11797.202},"authorDisplayNameMap":{"dsja612":"CS2103-W16-2 DYLA..E AN"}}
