{"authorDailyContributionsMap":{"dsja612":[{"date":"2023-01-16","commitResults":[{"hash":"170b43f1bd90624c7fbbb300630ca2efad783c3f","messageTitle":"Add greeting, echo and exit","messageBody":"","tags":["Level-1"],"fileTypesAndContributionMap":{"java":{"insertions":27,"deletions":1}}},{"hash":"78072c8f09066a46f397df675d21576d27c8a5b6","messageTitle":"Add Task.java, TaskList.java, adding and listing tasks","messageBody":"","tags":["Level-2"],"fileTypesAndContributionMap":{"java":{"insertions":54,"deletions":4}}}]},{"date":"2023-01-18","commitResults":[{"hash":"5ff240b8076a46a63fc29b5b961e81e139fc5410","messageTitle":"Add marking of tasks as done or undone","messageBody":"","tags":["Level-3"],"fileTypesAndContributionMap":{"java":{"insertions":44,"deletions":2}}}]},{"date":"2023-01-19","commitResults":[{"hash":"6e6738bfe7f4ed9a6072075c554af17523c92498","messageTitle":"Add ToDo, Event, Deadline","messageBody":"","tags":["Level-4"],"fileTypesAndContributionMap":{"java":{"insertions":115,"deletions":27}}},{"hash":"6de1a0f23df23b01ab4fc5eb90d600d6a08c797a","messageTitle":"Add automated text UI testing","messageBody":"","tags":["A-TextUiTesting"],"fileTypesAndContributionMap":{"txt":{"insertions":4,"deletions":0},"java":{"insertions":3,"deletions":3}}},{"hash":"f6ffdb0f2dac47142608d2166dfd163301218948","messageTitle":"Add error handling for incorrect user input","messageBody":"","fileTypesAndContributionMap":{"java":{"insertions":82,"deletions":58}}},{"hash":"1b7bd58e21b0ef7a6d5eac6dd9a89fd425eb9feb","messageTitle":"Add error handling for mark and unmark","messageBody":"","tags":["Level-5"],"fileTypesAndContributionMap":{"java":{"insertions":10,"deletions":3}}},{"hash":"bb6f574f5cf55d8970c4a9809fa226d72a51f783","messageTitle":"Rename some variables to be more descriptive","messageBody":"","fileTypesAndContributionMap":{"java":{"insertions":14,"deletions":10}}},{"hash":"9acef73f84c0d3277f5b9591c6730d406b1b4723","messageTitle":"Add enum to represent type of commands","messageBody":"","tags":["A-Enums"],"fileTypesAndContributionMap":{"java":{"insertions":35,"deletions":15}}},{"hash":"d3f9adc3fc35b9b981019d9a406a601617757b97","messageTitle":"Add deleting of tasks and more error handling","messageBody":"","tags":["Level-6"],"fileTypesAndContributionMap":{"java":{"insertions":31,"deletions":15}}}]},{"date":"2023-01-25","commitResults":[{"hash":"a07015230df986def3891449089499dcf9f2a255","messageTitle":"Move print statements to Duke.java","messageBody":"","fileTypesAndContributionMap":{"java":{"insertions":27,"deletions":12}}}]},{"date":"2023-01-26","commitResults":[{"hash":"0fadf66996874c7b74abf7338dcccf071bf19949","messageTitle":"Fix UI bugs","messageBody":"","fileTypesAndContributionMap":{"java":{"insertions":7,"deletions":9}}},{"hash":"a21610c577b22e332a1bdc3d685ab3b99f2fe01f","messageTitle":"Add storage file","messageBody":"","fileTypesAndContributionMap":{"java":{"insertions":43,"deletions":0}}},{"hash":"d99e39290a5bd5b48b182e57ee9597e59de28225","messageTitle":"Add date support for events and deadlines","messageBody":"","fileTypesAndContributionMap":{"java":{"insertions":32,"deletions":13}}},{"hash":"4fc1af70ac2a5d7cc1a95a5aac7e78ef8d9ca4c9","messageTitle":"Add datetime support for events and deadlines","messageBody":"","fileTypesAndContributionMap":{"java":{"insertions":13,"deletions":13}}},{"hash":"a27d9adf20f590ea71734b66be9ecff394b4fc47","messageTitle":"Add local file storage of tasks","messageBody":"","fileTypesAndContributionMap":{"txt":{"insertions":1,"deletions":1},"java":{"insertions":100,"deletions":32}}},{"hash":"e4365bcb7375648de5a5957be66b07cd5a94eed8","messageTitle":"Move class files into packages","messageBody":"","tags":["A-Packages"],"fileTypesAndContributionMap":{"java":{"insertions":3,"deletions":0}}},{"hash":"fd3292745b624d5d6d2e1a9d2aa8d820f5b0ca56","messageTitle":"Add UI class to handle interactions with user","messageBody":"","fileTypesAndContributionMap":{"java":{"insertions":41,"deletions":11}}}]},{"date":"2023-01-28","commitResults":[{"hash":"1aee520f93e69046987bc034491de05764062ce1","messageTitle":"Organize code to be more object oriented","messageBody":"","tags":["A-MoreOOP"],"fileTypesAndContributionMap":{"java":{"insertions":365,"deletions":137}}},{"hash":"19319b27237547b8effa378b5905117b188a3da3","messageTitle":"Integrate Gradle into project","messageBody":"","tags":["A-Gradle"],"fileTypesAndContributionMap":{"gradle":{"insertions":1,"deletions":1}}},{"hash":"6db1e7d1485609e667cf45642121296ede17f044","messageTitle":"Format UI text display","messageBody":"","fileTypesAndContributionMap":{"java":{"insertions":3,"deletions":3}}},{"hash":"60c63e9bbe4805be628b993c1f31ad9b8fb8eca3","messageTitle":"Fix formatting for tasks with date","messageBody":"","fileTypesAndContributionMap":{"java":{"insertions":2,"deletions":2}}},{"hash":"51641550fa928e7dcd4e9016723379314e915733","messageTitle":"Add J-Unit test","messageBody":"","tags":["A-JUnit"],"fileTypesAndContributionMap":{"java":{"insertions":32,"deletions":0}}}]},{"date":"2023-01-29","commitResults":[{"hash":"d8243d07d70d5365b916c47c0fedf544227a527f","messageTitle":"Add find command to search for tasks using keywords","messageBody":"","fileTypesAndContributionMap":{"java":{"insertions":52,"deletions":1}}},{"hash":"70709bc70af8ae498c4a59d991a6ba7576479a50","messageTitle":"Add JavaDocs for all classes except for command subclasses","messageBody":"","fileTypesAndContributionMap":{"java":{"insertions":131,"deletions":2}}},{"hash":"1096381e781df1222e988cb4f03a70c06ac0d4ad","messageTitle":"Made code comply with Java coding standards","messageBody":"","fileTypesAndContributionMap":{"java":{"insertions":42,"deletions":13}}},{"hash":"26fb9da2b2d55c937c599fbca72d8e933cb853fb","messageTitle":"Fix merge conflicts","messageBody":"","tags":["A-CodingStandard"],"fileTypesAndContributionMap":{"java":{"insertions":1,"deletions":1}}},{"hash":"727182952084ce5b0d3d2032c957f80a80a9936e","messageTitle":"Change more code to adhere to coding standards","messageBody":"","fileTypesAndContributionMap":{"java":{"insertions":57,"deletions":54}}}]},{"date":"2023-01-30","commitResults":[{"hash":"fe7b14baba10a8a768aecafe8c8b8f8226a92e51","messageTitle":"Change date format in file parser to be consistent with format in local storage","messageBody":"","fileTypesAndContributionMap":{"java":{"insertions":3,"deletions":3}}},{"hash":"1bbb05e13583e9081a8a79e0bcfe11f4870c8836","messageTitle":"Update src/main/java/tasks/TaskList.java","messageBody":"Co-authored-by: Junyi \u003c47441677+immanuelhume@users.noreply.github.com\u003e","fileTypesAndContributionMap":{"java":{"insertions":4,"deletions":4}}},{"hash":"237dda26883079765e19e49b1ff575b4551a7639","messageTitle":"Add braces to cases in switch statements","messageBody":"","fileTypesAndContributionMap":{"java":{"insertions":16,"deletions":9}}},{"hash":"3b6c7acff0d956c5a93e454070c5ac24358b8351","messageTitle":"Change access modifiers in Duke.java","messageBody":"","fileTypesAndContributionMap":{"java":{"insertions":6,"deletions":2}}},{"hash":"b966ee286a283984838320e1001533a120035a1d","messageTitle":"Rename variables in Storage to improve clarity","messageBody":"","fileTypesAndContributionMap":{"java":{"insertions":4,"deletions":4}}}]},{"date":"2023-02-02","commitResults":[{"hash":"5a18bf8f55f56ac05512d4662fa821ed8eab159c","messageTitle":"Change code to conform to CheckStyle specs","messageBody":"","fileTypesAndContributionMap":{"java":{"insertions":120,"deletions":142}}}]},{"date":"2023-02-04","commitResults":[{"hash":"395897386fae68fbe4dd7afcbddb05f6ace05c98","messageTitle":"Add basic GUI","messageBody":"","fileTypesAndContributionMap":{"gradle":{"insertions":20,"deletions":0},"fxml":{"insertions":35,"deletions":0},"java":{"insertions":297,"deletions":144},"bat":{"insertions":1,"deletions":1},"md":{"insertions":2,"deletions":2}}},{"hash":"6f158312af70d0959076435c4a8c1cce24f992fc","messageTitle":"Fix bug where task status is not being saved","messageBody":"","fileTypesAndContributionMap":{"java":{"insertions":28,"deletions":20}}}]},{"date":"2023-02-05","commitResults":[{"hash":"52bf88cd036245f28ffbefed9470ed3e244a85f1","messageTitle":"Made user experience smoother","messageBody":"The GUI does not automatically close after the bye command is entered.\nThe size of the window is also too small to display the initial list of\nsupported commands.\n\nThe GUI will now automatically close after a 3 second delay. Also, the\nGUI window is a bit bigger to accommodate long lists of text in the\nfuture if needed.\n","tags":["A-FullCommitMessage"],"fileTypesAndContributionMap":{"fxml":{"insertions":6,"deletions":6},"java":{"insertions":33,"deletions":16}}}]},{"date":"2023-02-06","commitResults":[{"hash":"d23d4c62b12980504b04d7a6ec1787d2b2cfcb1b","messageTitle":"Add assertions for multiple files","messageBody":"","fileTypesAndContributionMap":{"gradle":{"insertions":2,"deletions":2},"java":{"insertions":8,"deletions":2}}},{"hash":"06b8df9433c53d9229da568ebfb027073f171dac","messageTitle":"Improve on code quality","messageBody":"","fileTypesAndContributionMap":{"java":{"insertions":43,"deletions":43}}},{"hash":"12f7b30522a77c9ad7601d134f73c92281ea0014","messageTitle":"Change Find command to use streams","messageBody":"","fileTypesAndContributionMap":{"java":{"insertions":19,"deletions":10}}}]},{"date":"2023-02-07","commitResults":[{"hash":"2b1276faf9da7f7dd08e80e7f3cb3c53722edfbd","messageTitle":"Add command for user to find closest free day","messageBody":"","fileTypesAndContributionMap":{"java":{"insertions":54,"deletions":12}}}]},{"date":"2023-02-12","commitResults":[{"hash":"b95fe3743c1083f7ac3656b6565cdf85ec1fd635","messageTitle":"Update GUI to have improved aesthetics and resizing","messageBody":"","tags":["A-BetterGui"],"fileTypesAndContributionMap":{"fxml":{"insertions":13,"deletions":11},"java":{"insertions":30,"deletions":8}}},{"hash":"46092b9ebfb7a4c1bd562f3fe8608e0480627e6a","messageTitle":"Add button image and made small tweaks to GUI","messageBody":"","tags":["A-Personality"],"fileTypesAndContributionMap":{"java":{"insertions":8,"deletions":0}}},{"hash":"8a384835db2d2e74601ae2d81d0a75f01938ff54","messageTitle":"Finalise and clean up GUI","messageBody":"","fileTypesAndContributionMap":{"java":{"insertions":6,"deletions":6}}}]},{"date":"2023-02-13","commitResults":[{"hash":"d82364eb271b915e585cd075000a4bb2a59b56ee","messageTitle":"Update README and fixed minor bugs","messageBody":"","fileTypesAndContributionMap":{"java":{"insertions":11,"deletions":3},"md":{"insertions":112,"deletions":13}}},{"hash":"bba40eca2575be3038507bac365b4974254c7ddc","messageTitle":"Add more UI improvements","messageBody":"","fileTypesAndContributionMap":{"fxml":{"insertions":9,"deletions":5},"java":{"insertions":29,"deletions":3}}},{"hash":"1461d7cfc92107fee2e210c113e6ee55c593de24","messageTitle":"Add JavaDocs to multiple files and improve code quality","messageBody":"","fileTypesAndContributionMap":{"fxml":{"insertions":1,"deletions":1},"java":{"insertions":82,"deletions":64}}},{"hash":"f16aa0ab7b779e3958047dc5ef641b84434f0c95","messageTitle":"Fix some JavaDocs format issues","messageBody":"","tags":["A-Release"],"fileTypesAndContributionMap":{"java":{"insertions":15,"deletions":24}}}]}]},"authorFileTypeContributionMap":{"dsja612":{"java":1235,"md":108,"fxml":41,"sh":0,"bat":1,"gradle":22,"txt":4}},"authorContributionVariance":{"dsja612":28165.438},"authorDisplayNameMap":{"dsja612":"CS2103-W16-2 DYLA..E AN"}}
