{"authorDailyContributionsMap":{"redHat-arko":[{"date":"2023-01-19","commitResults":[{"hash":"d40beecc8d35329a5bbf13ae4d50bd9f12069da7","messageTitle":"Added Greet, Echo, Exit","messageBody":"","tags":["Level-1"],"fileTypesAndContributionMap":{"java":{"insertions":23,"deletions":6}}},{"hash":"49ad3df17172ef0ea860d32624ae81869460618e","messageTitle":"Added Add, List","messageBody":"","tags":["Level-2"],"fileTypesAndContributionMap":{"java":{"insertions":15,"deletions":5}}},{"hash":"cff2c6b8e79c5b32372aa339ddcde63a3db97ea3","messageTitle":"Added Mark as Done/Undone","messageBody":"","tags":["Level-3"],"fileTypesAndContributionMap":{"java":{"insertions":51,"deletions":9}}},{"hash":"a6def6d9ef95a508a5e027945324c728275909c2","messageTitle":"Added ToDos, Events, Deadlines","messageBody":"","tags":["Level-4"],"fileTypesAndContributionMap":{"java":{"insertions":63,"deletions":7}}},{"hash":"63451283bed667b7ad8897cc8a6543babcef4442","messageTitle":"Added Automated Text UI Testing","messageBody":"","tags":["A-TextUiTesting"],"fileTypesAndContributionMap":{"txt":{"insertions":11,"deletions":0}}},{"hash":"d79ce8548fb376d4987e0600fdec3d1f9f2fdb44","messageTitle":"Handled incorrect input and empty todo errors","messageBody":"","tags":["Level-5"],"fileTypesAndContributionMap":{"java":{"insertions":67,"deletions":49}}},{"hash":"d59e042b3fde769a23af7050bc45b79256a3675b","messageTitle":"Added Delete functionality","messageBody":"","fileTypesAndContributionMap":{"java":{"insertions":9,"deletions":1}}},{"hash":"bbaf8804c267f9f1017c41ec4410f532ac28cc62","messageTitle":"Added Delete functionality","messageBody":"","tags":["Level-6"],"fileTypesAndContributionMap":{"java":{"insertions":58,"deletions":32}}}]},{"date":"2023-01-27","commitResults":[{"hash":"5e3972da9ab25a6c21d26927f34d5685d0a49fff","messageTitle":"Add Save functionality","messageBody":"","tags":["Level-7"],"fileTypesAndContributionMap":{"java":{"insertions":104,"deletions":2}}},{"hash":"7d6fc79b23fa974d6ccdcbfbd1c74acd0c279b0c","messageTitle":"Add Date support for Deadlines","messageBody":"","tags":["Level-8"],"fileTypesAndContributionMap":{"java":{"insertions":7,"deletions":3}}},{"hash":"479576effb60745999986d476b0bd9a989acf239","messageTitle":"Add more OOP","messageBody":"","tags":["A-MoreOOP"],"fileTypesAndContributionMap":{"java":{"insertions":285,"deletions":169}}},{"hash":"e98c400f1570a4848659dccdec6e0b8dc1a94abd","messageTitle":"Organize into Packages","messageBody":"","tags":["A-Packages"],"fileTypesAndContributionMap":{"java":{"insertions":20,"deletions":1}}}]},{"date":"2023-01-28","commitResults":[{"hash":"b1d82bddf520d6aa617ee547740e49b6f6652ce5","messageTitle":"Use Gradle","messageBody":"","tags":["A-Gradle"],"fileTypesAndContributionMap":{"bat":{"insertions":1,"deletions":1}}},{"hash":"f5ef7a5d6e56af964fa74d3b99c0252ed50df338","messageTitle":"Add JUnit Tests","messageBody":"","tags":["A-JUnit"],"fileTypesAndContributionMap":{"java":{"insertions":100,"deletions":3}}}]}]},"authorFileTypeContributionMap":{"redHat-arko":{"java":523,"md":0,"fxml":0,"sh":0,"bat":1,"gradle":0,"txt":11}},"authorContributionVariance":{"redHat-arko":28077.61},"authorDisplayNameMap":{"redHat-arko":"CS2103T-W12-4 ARKO..HURI"}}
