{"authorDailyContributionsMap":{"jugheadjones10":[{"date":"2023-01-15","commitResults":[{"hash":"6332faa66d6751e5f24493f25bb04b85b7193400","messageTitle":"Level-1 changes","messageBody":"","tags":["Level-1"],"fileTypesAndContributionMap":{"java":{"insertions":19,"deletions":10}}}]},{"date":"2023-01-18","commitResults":[{"hash":"f5125f806c667f1e1aaeb7cbb6befdbaa918ef3a","messageTitle":"Do Level 2","messageBody":"","tags":["Level-2"],"fileTypesAndContributionMap":{"java":{"insertions":14,"deletions":2}}}]},{"date":"2023-01-19","commitResults":[{"hash":"4219e00f964871984aac690671b0c75173b5f99f","messageTitle":"Do Level 3","messageBody":"","tags":["Level-3"],"fileTypesAndContributionMap":{"java":{"insertions":43,"deletions":3}}}]},{"date":"2023-01-21","commitResults":[{"hash":"4dd403c6299e9146eaa28c89c2bb7ce8a15402f3","messageTitle":"Do level 4","messageBody":"","tags":["Level-4"],"fileTypesAndContributionMap":{"java":{"insertions":75,"deletions":10}}},{"hash":"8b864e0a384412d6eb8deb33c7624e65ce313765","messageTitle":"A-TextUiTesting","messageBody":"","tags":["A-TextUiTesting"],"fileTypesAndContributionMap":{"txt":{"insertions":5,"deletions":0},"sh":{"insertions":1,"deletions":1}}},{"hash":"c28a88f08c7f0ba3d105d2514341151edd6cd83c","messageTitle":"Level 5","messageBody":"","tags":["Level-5"],"fileTypesAndContributionMap":{"java":{"insertions":33,"deletions":18}}},{"hash":"1aa2f91191e4196c1b7d63883a31be09b78d548c","messageTitle":"Level 6","messageBody":"","tags":["Level-6"],"fileTypesAndContributionMap":{"java":{"insertions":13,"deletions":0}}}]},{"date":"2023-01-22","commitResults":[{"hash":"a587ef44f2236739383e66f752a0fb1a7a918ba1","messageTitle":"Add changes for Level 7","messageBody":"","tags":["Level-7"],"fileTypesAndContributionMap":{"txt":{"insertions":3,"deletions":0},"java":{"insertions":100,"deletions":3}}}]},{"date":"2023-01-29","commitResults":[{"hash":"c97e4bac7b380c8f8c564d95b2857501f5ccea90","messageTitle":"Do level 8","messageBody":"","fileTypesAndContributionMap":{"java":{"insertions":32,"deletions":9}}},{"hash":"cc5e0dbf802b5b637366e560faca8b3b992936c3","messageTitle":"Fixed level 8 bug","messageBody":"","fileTypesAndContributionMap":{"txt":{"insertions":3,"deletions":3},"java":{"insertions":7,"deletions":7}}}]},{"date":"2023-02-01","commitResults":[{"hash":"100ef8a7329e33cdb0674e6675b1a7ebf1cf291b","messageTitle":"Do A-MoreOOP","messageBody":"","tags":["A-MoreOOP"],"fileTypesAndContributionMap":{"java":{"insertions":300,"deletions":134}}},{"hash":"c58a575a2314a30a770ba309bbaea129d4288f2b","messageTitle":"Fix some bugs","messageBody":"","fileTypesAndContributionMap":{"txt":{"insertions":1,"deletions":1},"java":{"insertions":2,"deletions":1}}},{"hash":"ef703a24acf5ccc18a7868377deb0f04a49a3674","messageTitle":"Do A-Packages","messageBody":"","tags":["A-Packages"],"fileTypesAndContributionMap":{"java":{"insertions":20,"deletions":0}}}]},{"date":"2023-02-12","commitResults":[{"hash":"daf312d7e9229cb765abf957f6db883f083c88ff","messageTitle":"More gradle changes","messageBody":"","tags":["A-Gradle"],"fileTypesAndContributionMap":{"gradle":{"insertions":3,"deletions":2}}},{"hash":"9e024240f7f18c298685802cf21aae85c4b09ba0","messageTitle":"A-JUnit changes","messageBody":"","tags":["v1.0.0","A-Jar","A-JUnit"],"fileTypesAndContributionMap":{"java":{"insertions":33,"deletions":0}}}]},{"date":"2023-02-13","commitResults":[{"hash":"1cc0bf476f561323341a20923965fac07f7f14d1","messageTitle":"Added Javadocs","messageBody":"","tags":["A-JavaDoc"],"fileTypesAndContributionMap":{"java":{"insertions":124,"deletions":0}}},{"hash":"e02df6a794d523428480d59d471e5bb245c5e72c","messageTitle":"Fixed some SLAP","messageBody":"","tags":["A-CodingStandard"],"fileTypesAndContributionMap":{"txt":{"insertions":2,"deletions":1},"java":{"insertions":26,"deletions":12}}},{"hash":"cd786e177ef26c67b5843b20380110b2bed9deaa","messageTitle":"Level 9","messageBody":"","tags":["Level-9"],"fileTypesAndContributionMap":{"java":{"insertions":32,"deletions":2}}},{"hash":"b2256cb6a5b39379c6d49ffc220c947d404c02b9","messageTitle":"Revert \"Level 9\"","messageBody":"This reverts commit cd786e177ef26c67b5843b20380110b2bed9deaa.\n","fileTypesAndContributionMap":{"java":{"insertions":2,"deletions":32}}}]},{"date":"2023-02-20","commitResults":[{"hash":"6ce2679c0bd0278c8c1f321a06136d37d8752894","messageTitle":"Added JavaFX integration","messageBody":"","fileTypesAndContributionMap":{"gradle":{"insertions":15,"deletions":0},"java":{"insertions":172,"deletions":1}}}]},{"date":"2023-02-23","commitResults":[{"hash":"a05e7a1ce12bfed2a4423538b29bec39d1e6c07f","messageTitle":"Refine UI to use FX","messageBody":"","fileTypesAndContributionMap":{"fxml":{"insertions":35,"deletions":0},"java":{"insertions":143,"deletions":122}}}]}]},"authorFileTypeContributionMap":{"jugheadjones10":{"java":833,"md":0,"fxml":35,"sh":1,"bat":0,"gradle":18,"txt":9}},"authorContributionVariance":{"jugheadjones10":8829.74},"authorDisplayNameMap":{"jugheadjones10":"CS2103T-W10-3 KIM .. JIN"}}
