[{"path":"src/main/java/AddCommand.java","fileType":"java","lines":[{"lineNumber":1,"author":{"gitId":"pkwangjoo"},"content":"import exception.TreeBotException;","lastModifiedDate":"2023-01-26"},{"lineNumber":2,"author":{"gitId":"pkwangjoo"},"content":"","lastModifiedDate":"2023-01-26"},{"lineNumber":3,"author":{"gitId":"pkwangjoo"},"content":"import java.io.IOException;","lastModifiedDate":"2023-01-26"},{"lineNumber":4,"author":{"gitId":"pkwangjoo"},"content":"import java.util.ArrayList;","lastModifiedDate":"2023-01-26"},{"lineNumber":5,"author":{"gitId":"pkwangjoo"},"content":"","lastModifiedDate":"2023-01-26"},{"lineNumber":6,"author":{"gitId":"pkwangjoo"},"content":"public class AddCommand extends Command{","lastModifiedDate":"2023-01-26"},{"lineNumber":7,"author":{"gitId":"pkwangjoo"},"content":"","lastModifiedDate":"2023-01-26"},{"lineNumber":8,"author":{"gitId":"pkwangjoo"},"content":"    private Task task;","lastModifiedDate":"2023-01-26"},{"lineNumber":9,"author":{"gitId":"pkwangjoo"},"content":"","lastModifiedDate":"2023-01-26"},{"lineNumber":10,"author":{"gitId":"pkwangjoo"},"content":"    public AddCommand(Task task) {","lastModifiedDate":"2023-01-26"},{"lineNumber":11,"author":{"gitId":"pkwangjoo"},"content":"        this.task \u003d task;","lastModifiedDate":"2023-01-26"},{"lineNumber":12,"author":{"gitId":"pkwangjoo"},"content":"    }","lastModifiedDate":"2023-01-26"},{"lineNumber":13,"author":{"gitId":"pkwangjoo"},"content":"","lastModifiedDate":"2023-01-26"},{"lineNumber":14,"author":{"gitId":"pkwangjoo"},"content":"    @Override","lastModifiedDate":"2023-01-26"},{"lineNumber":15,"author":{"gitId":"pkwangjoo"},"content":"    public void execute(TaskList taskList, Ui ui, Storage storage) throws TreeBotException {","lastModifiedDate":"2023-01-26"},{"lineNumber":16,"author":{"gitId":"pkwangjoo"},"content":"        taskList.addTask(task);","lastModifiedDate":"2023-01-26"},{"lineNumber":17,"author":{"gitId":"pkwangjoo"},"content":"        try {","lastModifiedDate":"2023-01-26"},{"lineNumber":18,"author":{"gitId":"pkwangjoo"},"content":"            storage.saveTasks(taskList.getArrayListCopy());","lastModifiedDate":"2023-01-26"},{"lineNumber":19,"author":{"gitId":"pkwangjoo"},"content":"        } catch (IOException e) {","lastModifiedDate":"2023-01-26"},{"lineNumber":20,"author":{"gitId":"pkwangjoo"},"content":"            throw new TreeBotException(e.getMessage());","lastModifiedDate":"2023-01-26"},{"lineNumber":21,"author":{"gitId":"pkwangjoo"},"content":"        }","lastModifiedDate":"2023-01-26"},{"lineNumber":22,"author":{"gitId":"pkwangjoo"},"content":"","lastModifiedDate":"2023-01-26"},{"lineNumber":23,"author":{"gitId":"pkwangjoo"},"content":"    }","lastModifiedDate":"2023-01-26"},{"lineNumber":24,"author":{"gitId":"pkwangjoo"},"content":"}","lastModifiedDate":"2023-01-26"}],"authorContributionMap":{"pkwangjoo":24}},{"path":"src/main/java/Command.java","fileType":"java","lines":[{"lineNumber":1,"author":{"gitId":"pkwangjoo"},"content":"import exception.TreeBotException;","lastModifiedDate":"2023-01-26"},{"lineNumber":2,"author":{"gitId":"pkwangjoo"},"content":"","lastModifiedDate":"2023-01-26"},{"lineNumber":3,"author":{"gitId":"pkwangjoo"},"content":"import java.io.IOException;","lastModifiedDate":"2023-01-26"},{"lineNumber":4,"author":{"gitId":"pkwangjoo"},"content":"import java.util.ArrayList;","lastModifiedDate":"2023-01-26"},{"lineNumber":5,"author":{"gitId":"pkwangjoo"},"content":"","lastModifiedDate":"2023-01-26"},{"lineNumber":6,"author":{"gitId":"pkwangjoo"},"content":"public abstract class Command {","lastModifiedDate":"2023-01-26"},{"lineNumber":7,"author":{"gitId":"pkwangjoo"},"content":"","lastModifiedDate":"2023-01-26"},{"lineNumber":8,"author":{"gitId":"pkwangjoo"},"content":"","lastModifiedDate":"2023-01-26"},{"lineNumber":9,"author":{"gitId":"pkwangjoo"},"content":"    abstract public void execute(TaskList taskList, Ui ui, Storage storage) throws TreeBotException;","lastModifiedDate":"2023-01-26"},{"lineNumber":10,"author":{"gitId":"pkwangjoo"},"content":"}","lastModifiedDate":"2023-01-26"}],"authorContributionMap":{"pkwangjoo":10}},{"path":"src/main/java/Deadline.java","fileType":"java","lines":[{"lineNumber":1,"author":{"gitId":"pkwangjoo"},"content":"import java.time.LocalDateTime;","lastModifiedDate":"2023-01-25"},{"lineNumber":2,"author":{"gitId":"pkwangjoo"},"content":"import java.time.format.DateTimeFormatter;","lastModifiedDate":"2023-01-25"},{"lineNumber":3,"author":{"gitId":"pkwangjoo"},"content":"","lastModifiedDate":"2023-01-25"},{"lineNumber":4,"author":{"gitId":"pkwangjoo"},"content":"public class Deadline extends Task {","lastModifiedDate":"2023-01-19"},{"lineNumber":5,"author":{"gitId":"pkwangjoo"},"content":"","lastModifiedDate":"2023-01-19"},{"lineNumber":6,"author":{"gitId":"pkwangjoo"},"content":"    private LocalDateTime deadline;","lastModifiedDate":"2023-01-25"},{"lineNumber":7,"author":{"gitId":"pkwangjoo"},"content":"","lastModifiedDate":"2023-01-25"},{"lineNumber":8,"author":{"gitId":"pkwangjoo"},"content":"    public Deadline(String taskDescription, LocalDateTime deadline) {","lastModifiedDate":"2023-01-25"},{"lineNumber":9,"author":{"gitId":"pkwangjoo"},"content":"        super(taskDescription);","lastModifiedDate":"2023-01-19"},{"lineNumber":10,"author":{"gitId":"pkwangjoo"},"content":"        this.deadline \u003d deadline;","lastModifiedDate":"2023-01-19"},{"lineNumber":11,"author":{"gitId":"pkwangjoo"},"content":"    }","lastModifiedDate":"2023-01-19"},{"lineNumber":12,"author":{"gitId":"pkwangjoo"},"content":"","lastModifiedDate":"2023-01-19"},{"lineNumber":13,"author":{"gitId":"pkwangjoo"},"content":"","lastModifiedDate":"2023-01-25"},{"lineNumber":14,"author":{"gitId":"pkwangjoo"},"content":"    @Override","lastModifiedDate":"2023-01-24"},{"lineNumber":15,"author":{"gitId":"pkwangjoo"},"content":"    public String toStorageFormatString() {","lastModifiedDate":"2023-01-24"},{"lineNumber":16,"author":{"gitId":"pkwangjoo"},"content":"        return \"D|\" + (isDone ? \"1\" : \"0\") + \"|\" + this.taskDescription + \"|\" + this.deadline.format(DateTimeFormatter.ofPattern(\"d/M/yyyy HHmm\"));","lastModifiedDate":"2023-01-26"},{"lineNumber":17,"author":{"gitId":"pkwangjoo"},"content":"    }","lastModifiedDate":"2023-01-24"},{"lineNumber":18,"author":{"gitId":"pkwangjoo"},"content":"","lastModifiedDate":"2023-01-24"},{"lineNumber":19,"author":{"gitId":"pkwangjoo"},"content":"    @Override","lastModifiedDate":"2023-01-19"},{"lineNumber":20,"author":{"gitId":"pkwangjoo"},"content":"    public String toString() {","lastModifiedDate":"2023-01-19"},{"lineNumber":21,"author":{"gitId":"pkwangjoo"},"content":"        return \"[D]\" + super.toString() + \" (by: \" +","lastModifiedDate":"2023-01-25"},{"lineNumber":22,"author":{"gitId":"pkwangjoo"},"content":"                deadline.format(DateTimeFormatter.ofPattern(\"MMM d yyyy HHmm\")) + \")\" ;","lastModifiedDate":"2023-01-25"},{"lineNumber":23,"author":{"gitId":"pkwangjoo"},"content":"    }","lastModifiedDate":"2023-01-19"},{"lineNumber":24,"author":{"gitId":"pkwangjoo"},"content":"","lastModifiedDate":"2023-01-19"},{"lineNumber":25,"author":{"gitId":"pkwangjoo"},"content":"}","lastModifiedDate":"2023-01-19"}],"authorContributionMap":{"pkwangjoo":25}},{"path":"src/main/java/DeleteCommand.java","fileType":"java","lines":[{"lineNumber":1,"author":{"gitId":"pkwangjoo"},"content":"import exception.TreeBotException;","lastModifiedDate":"2023-01-26"},{"lineNumber":2,"author":{"gitId":"pkwangjoo"},"content":"","lastModifiedDate":"2023-01-26"},{"lineNumber":3,"author":{"gitId":"pkwangjoo"},"content":"import java.io.IOException;","lastModifiedDate":"2023-01-26"},{"lineNumber":4,"author":{"gitId":"pkwangjoo"},"content":"import java.util.ArrayList;","lastModifiedDate":"2023-01-26"},{"lineNumber":5,"author":{"gitId":"pkwangjoo"},"content":"","lastModifiedDate":"2023-01-26"},{"lineNumber":6,"author":{"gitId":"pkwangjoo"},"content":"public class DeleteCommand extends Command{","lastModifiedDate":"2023-01-26"},{"lineNumber":7,"author":{"gitId":"pkwangjoo"},"content":"    private int index;","lastModifiedDate":"2023-01-26"},{"lineNumber":8,"author":{"gitId":"pkwangjoo"},"content":"","lastModifiedDate":"2023-01-26"},{"lineNumber":9,"author":{"gitId":"pkwangjoo"},"content":"    public DeleteCommand(int index) {","lastModifiedDate":"2023-01-26"},{"lineNumber":10,"author":{"gitId":"pkwangjoo"},"content":"        this.index \u003d index;","lastModifiedDate":"2023-01-26"},{"lineNumber":11,"author":{"gitId":"pkwangjoo"},"content":"    }","lastModifiedDate":"2023-01-26"},{"lineNumber":12,"author":{"gitId":"pkwangjoo"},"content":"","lastModifiedDate":"2023-01-26"},{"lineNumber":13,"author":{"gitId":"pkwangjoo"},"content":"","lastModifiedDate":"2023-01-26"},{"lineNumber":14,"author":{"gitId":"pkwangjoo"},"content":"    @Override","lastModifiedDate":"2023-01-26"},{"lineNumber":15,"author":{"gitId":"pkwangjoo"},"content":"    public void execute(TaskList taskList, Ui ui, Storage storage) throws TreeBotException {","lastModifiedDate":"2023-01-26"},{"lineNumber":16,"author":{"gitId":"pkwangjoo"},"content":"        taskList.deleteTask(index);","lastModifiedDate":"2023-01-26"},{"lineNumber":17,"author":{"gitId":"pkwangjoo"},"content":"        try {","lastModifiedDate":"2023-01-26"},{"lineNumber":18,"author":{"gitId":"pkwangjoo"},"content":"            storage.saveTasks(taskList.getArrayListCopy());","lastModifiedDate":"2023-01-26"},{"lineNumber":19,"author":{"gitId":"pkwangjoo"},"content":"        } catch (IOException e) {","lastModifiedDate":"2023-01-26"},{"lineNumber":20,"author":{"gitId":"pkwangjoo"},"content":"            throw new TreeBotException(e.getMessage());","lastModifiedDate":"2023-01-26"},{"lineNumber":21,"author":{"gitId":"pkwangjoo"},"content":"        }","lastModifiedDate":"2023-01-26"},{"lineNumber":22,"author":{"gitId":"pkwangjoo"},"content":"    }","lastModifiedDate":"2023-01-26"},{"lineNumber":23,"author":{"gitId":"pkwangjoo"},"content":"}","lastModifiedDate":"2023-01-26"}],"authorContributionMap":{"pkwangjoo":23}},{"path":"src/main/java/Event.java","fileType":"java","lines":[{"lineNumber":1,"author":{"gitId":"pkwangjoo"},"content":"import java.time.LocalDateTime;","lastModifiedDate":"2023-01-25"},{"lineNumber":2,"author":{"gitId":"pkwangjoo"},"content":"import java.time.format.DateTimeFormatter;","lastModifiedDate":"2023-01-25"},{"lineNumber":3,"author":{"gitId":"pkwangjoo"},"content":"","lastModifiedDate":"2023-01-25"},{"lineNumber":4,"author":{"gitId":"pkwangjoo"},"content":"public class Event extends Task {","lastModifiedDate":"2023-01-19"},{"lineNumber":5,"author":{"gitId":"pkwangjoo"},"content":"    private LocalDateTime start;","lastModifiedDate":"2023-01-25"},{"lineNumber":6,"author":{"gitId":"pkwangjoo"},"content":"    private LocalDateTime end;","lastModifiedDate":"2023-01-25"},{"lineNumber":7,"author":{"gitId":"pkwangjoo"},"content":"    public Event(String taskDescription, LocalDateTime start, LocalDateTime end) {","lastModifiedDate":"2023-01-25"},{"lineNumber":8,"author":{"gitId":"pkwangjoo"},"content":"        super(taskDescription);","lastModifiedDate":"2023-01-19"},{"lineNumber":9,"author":{"gitId":"pkwangjoo"},"content":"        this.start \u003d start;","lastModifiedDate":"2023-01-19"},{"lineNumber":10,"author":{"gitId":"pkwangjoo"},"content":"        this.end \u003d end;","lastModifiedDate":"2023-01-19"},{"lineNumber":11,"author":{"gitId":"pkwangjoo"},"content":"    }","lastModifiedDate":"2023-01-19"},{"lineNumber":12,"author":{"gitId":"pkwangjoo"},"content":"","lastModifiedDate":"2023-01-19"},{"lineNumber":13,"author":{"gitId":"pkwangjoo"},"content":"    @Override","lastModifiedDate":"2023-01-24"},{"lineNumber":14,"author":{"gitId":"pkwangjoo"},"content":"    public String toStorageFormatString() {","lastModifiedDate":"2023-01-24"},{"lineNumber":15,"author":{"gitId":"pkwangjoo"},"content":"        return \"E|\" + (isDone? \"1\" : \"0\") + \"|\" +","lastModifiedDate":"2023-01-24"},{"lineNumber":16,"author":{"gitId":"pkwangjoo"},"content":"                this.taskDescription + \"|\" +","lastModifiedDate":"2023-01-24"},{"lineNumber":17,"author":{"gitId":"pkwangjoo"},"content":"                this.start.format(DateTimeFormatter.ofPattern(\"d/M/yyyy HHmm\")) + \"|\" + this.end.format(DateTimeFormatter.ofPattern(\"d/M/yyyy HHmm\"));","lastModifiedDate":"2023-01-26"},{"lineNumber":18,"author":{"gitId":"pkwangjoo"},"content":"    }","lastModifiedDate":"2023-01-24"},{"lineNumber":19,"author":{"gitId":"pkwangjoo"},"content":"","lastModifiedDate":"2023-01-24"},{"lineNumber":20,"author":{"gitId":"pkwangjoo"},"content":"    @Override","lastModifiedDate":"2023-01-19"},{"lineNumber":21,"author":{"gitId":"pkwangjoo"},"content":"    public String toString() {","lastModifiedDate":"2023-01-19"},{"lineNumber":22,"author":{"gitId":"pkwangjoo"},"content":"        DateTimeFormatter dateTimeFormatter \u003d DateTimeFormatter.ofPattern(\"MMM d yyyy HHmm\");","lastModifiedDate":"2023-01-25"},{"lineNumber":23,"author":{"gitId":"pkwangjoo"},"content":"        return \"[E]\" + super.toString() + \" (from: \" + start.format(dateTimeFormatter) + \" to: \" + end.format(dateTimeFormatter) +\")\";","lastModifiedDate":"2023-01-25"},{"lineNumber":24,"author":{"gitId":"pkwangjoo"},"content":"    }","lastModifiedDate":"2023-01-19"},{"lineNumber":25,"author":{"gitId":"pkwangjoo"},"content":"","lastModifiedDate":"2023-01-19"},{"lineNumber":26,"author":{"gitId":"pkwangjoo"},"content":"}","lastModifiedDate":"2023-01-19"}],"authorContributionMap":{"pkwangjoo":26}},{"path":"src/main/java/ListCommand.java","fileType":"java","lines":[{"lineNumber":1,"author":{"gitId":"pkwangjoo"},"content":"import exception.TreeBotException;","lastModifiedDate":"2023-01-26"},{"lineNumber":2,"author":{"gitId":"pkwangjoo"},"content":"","lastModifiedDate":"2023-01-26"},{"lineNumber":3,"author":{"gitId":"pkwangjoo"},"content":"import java.util.ArrayList;","lastModifiedDate":"2023-01-26"},{"lineNumber":4,"author":{"gitId":"pkwangjoo"},"content":"","lastModifiedDate":"2023-01-26"},{"lineNumber":5,"author":{"gitId":"pkwangjoo"},"content":"public class ListCommand extends Command{","lastModifiedDate":"2023-01-26"},{"lineNumber":6,"author":{"gitId":"pkwangjoo"},"content":"","lastModifiedDate":"2023-01-26"},{"lineNumber":7,"author":{"gitId":"pkwangjoo"},"content":"    @Override","lastModifiedDate":"2023-01-26"},{"lineNumber":8,"author":{"gitId":"pkwangjoo"},"content":"    public void execute(TaskList taskList, Ui ui, Storage storage){","lastModifiedDate":"2023-01-26"},{"lineNumber":9,"author":{"gitId":"pkwangjoo"},"content":"        taskList.listTasks();","lastModifiedDate":"2023-01-26"},{"lineNumber":10,"author":{"gitId":"pkwangjoo"},"content":"    }","lastModifiedDate":"2023-01-26"},{"lineNumber":11,"author":{"gitId":"pkwangjoo"},"content":"}","lastModifiedDate":"2023-01-26"}],"authorContributionMap":{"pkwangjoo":11}},{"path":"src/main/java/Main.java","fileType":"java","lines":[{"lineNumber":1,"author":{"gitId":"pkwangjoo"},"content":"import exception.TreeBotException;","lastModifiedDate":"2023-01-19"},{"lineNumber":2,"author":{"gitId":"pkwangjoo"},"content":"","lastModifiedDate":"2023-01-19"},{"lineNumber":3,"author":{"gitId":"pkwangjoo"},"content":"import java.io.IOException;","lastModifiedDate":"2023-01-26"},{"lineNumber":4,"author":{"gitId":"pkwangjoo"},"content":"","lastModifiedDate":"2023-01-26"},{"lineNumber":5,"author":{"gitId":"pkwangjoo"},"content":"public class Main {","lastModifiedDate":"2023-01-19"},{"lineNumber":6,"author":{"gitId":"pkwangjoo"},"content":"    public static void main(String[] args) {","lastModifiedDate":"2023-01-19"},{"lineNumber":7,"author":{"gitId":"pkwangjoo"},"content":"        TreeBot treeBot \u003d new TreeBot(\"data/treebot.txt\");","lastModifiedDate":"2023-01-26"},{"lineNumber":8,"author":{"gitId":"pkwangjoo"},"content":"        treeBot.run();","lastModifiedDate":"2023-01-26"},{"lineNumber":9,"author":{"gitId":"pkwangjoo"},"content":"","lastModifiedDate":"2023-01-26"},{"lineNumber":10,"author":{"gitId":"pkwangjoo"},"content":"    }","lastModifiedDate":"2023-01-19"},{"lineNumber":11,"author":{"gitId":"pkwangjoo"},"content":"}","lastModifiedDate":"2023-01-19"}],"authorContributionMap":{"pkwangjoo":11}},{"path":"src/main/java/Parser.java","fileType":"java","lines":[{"lineNumber":1,"author":{"gitId":"pkwangjoo"},"content":"import exception.InvalidCommandException;","lastModifiedDate":"2023-01-26"},{"lineNumber":2,"author":{"gitId":"pkwangjoo"},"content":"import exception.TaskFactoryException;","lastModifiedDate":"2023-01-26"},{"lineNumber":3,"author":{"gitId":"pkwangjoo"},"content":"import exception.TreeBotException;","lastModifiedDate":"2023-01-26"},{"lineNumber":4,"author":{"gitId":"pkwangjoo"},"content":"","lastModifiedDate":"2023-01-26"},{"lineNumber":5,"author":{"gitId":"pkwangjoo"},"content":"public class Parser {","lastModifiedDate":"2023-01-26"},{"lineNumber":6,"author":{"gitId":"pkwangjoo"},"content":"","lastModifiedDate":"2023-01-26"},{"lineNumber":7,"author":{"gitId":"pkwangjoo"},"content":"    private TaskFactory taskFactory;","lastModifiedDate":"2023-01-26"},{"lineNumber":8,"author":{"gitId":"pkwangjoo"},"content":"","lastModifiedDate":"2023-01-26"},{"lineNumber":9,"author":{"gitId":"pkwangjoo"},"content":"    public Parser(TaskFactory taskFactory) {","lastModifiedDate":"2023-01-26"},{"lineNumber":10,"author":{"gitId":"pkwangjoo"},"content":"        this.taskFactory \u003d taskFactory;","lastModifiedDate":"2023-01-26"},{"lineNumber":11,"author":{"gitId":"pkwangjoo"},"content":"    }","lastModifiedDate":"2023-01-26"},{"lineNumber":12,"author":{"gitId":"pkwangjoo"},"content":"","lastModifiedDate":"2023-01-26"},{"lineNumber":13,"author":{"gitId":"pkwangjoo"},"content":"    public Command parse(String fullCommand) throws InvalidCommandException, TaskFactoryException {","lastModifiedDate":"2023-01-26"},{"lineNumber":14,"author":{"gitId":"pkwangjoo"},"content":"        String[] splitStr \u003d fullCommand.split(\"\\\\s+\", 2);","lastModifiedDate":"2023-01-26"},{"lineNumber":15,"author":{"gitId":"pkwangjoo"},"content":"        String command \u003d splitStr[0];","lastModifiedDate":"2023-01-26"},{"lineNumber":16,"author":{"gitId":"pkwangjoo"},"content":"","lastModifiedDate":"2023-01-26"},{"lineNumber":17,"author":{"gitId":"pkwangjoo"},"content":"        switch (command) {","lastModifiedDate":"2023-01-26"},{"lineNumber":18,"author":{"gitId":"pkwangjoo"},"content":"        case \"list\":","lastModifiedDate":"2023-01-26"},{"lineNumber":19,"author":{"gitId":"pkwangjoo"},"content":"            return new ListCommand();","lastModifiedDate":"2023-01-26"},{"lineNumber":20,"author":{"gitId":"pkwangjoo"},"content":"        case \"todo\":","lastModifiedDate":"2023-01-26"},{"lineNumber":21,"author":{"gitId":"pkwangjoo"},"content":"        case \"deadline\":","lastModifiedDate":"2023-01-26"},{"lineNumber":22,"author":{"gitId":"pkwangjoo"},"content":"        case \"event\":","lastModifiedDate":"2023-01-26"},{"lineNumber":23,"author":{"gitId":"pkwangjoo"},"content":"            return new AddCommand(this.taskFactory.make(fullCommand));","lastModifiedDate":"2023-01-26"},{"lineNumber":24,"author":{"gitId":"pkwangjoo"},"content":"        case \"delete\":","lastModifiedDate":"2023-01-26"},{"lineNumber":25,"author":{"gitId":"pkwangjoo"},"content":"            return new DeleteCommand(Integer.parseInt(splitStr[1]));","lastModifiedDate":"2023-01-26"},{"lineNumber":26,"author":{"gitId":"pkwangjoo"},"content":"        case \"mark\":","lastModifiedDate":"2023-01-26"},{"lineNumber":27,"author":{"gitId":"pkwangjoo"},"content":"            return new ToggleMarkTaskCommand(Integer.parseInt(splitStr[1]), true);","lastModifiedDate":"2023-01-26"},{"lineNumber":28,"author":{"gitId":"pkwangjoo"},"content":"        case \"unmark\":","lastModifiedDate":"2023-01-26"},{"lineNumber":29,"author":{"gitId":"pkwangjoo"},"content":"            return new ToggleMarkTaskCommand(Integer.parseInt(splitStr[1]), false);","lastModifiedDate":"2023-01-26"},{"lineNumber":30,"author":{"gitId":"pkwangjoo"},"content":"        default:","lastModifiedDate":"2023-01-26"},{"lineNumber":31,"author":{"gitId":"pkwangjoo"},"content":"            throw new InvalidCommandException(\"Unknown command\");","lastModifiedDate":"2023-01-26"},{"lineNumber":32,"author":{"gitId":"pkwangjoo"},"content":"        }","lastModifiedDate":"2023-01-26"},{"lineNumber":33,"author":{"gitId":"pkwangjoo"},"content":"","lastModifiedDate":"2023-01-26"},{"lineNumber":34,"author":{"gitId":"pkwangjoo"},"content":"","lastModifiedDate":"2023-01-26"},{"lineNumber":35,"author":{"gitId":"pkwangjoo"},"content":"","lastModifiedDate":"2023-01-26"},{"lineNumber":36,"author":{"gitId":"pkwangjoo"},"content":"","lastModifiedDate":"2023-01-26"},{"lineNumber":37,"author":{"gitId":"pkwangjoo"},"content":"    }","lastModifiedDate":"2023-01-26"},{"lineNumber":38,"author":{"gitId":"pkwangjoo"},"content":"}","lastModifiedDate":"2023-01-26"}],"authorContributionMap":{"pkwangjoo":38}},{"path":"src/main/java/Storage.java","fileType":"java","lines":[{"lineNumber":1,"author":{"gitId":"pkwangjoo"},"content":"import exception.TreeBotException;","lastModifiedDate":"2023-01-26"},{"lineNumber":2,"author":{"gitId":"pkwangjoo"},"content":"","lastModifiedDate":"2023-01-26"},{"lineNumber":3,"author":{"gitId":"pkwangjoo"},"content":"import java.io.File;","lastModifiedDate":"2023-01-26"},{"lineNumber":4,"author":{"gitId":"pkwangjoo"},"content":"import java.io.FileNotFoundException;","lastModifiedDate":"2023-01-26"},{"lineNumber":5,"author":{"gitId":"pkwangjoo"},"content":"import java.io.FileWriter;","lastModifiedDate":"2023-01-26"},{"lineNumber":6,"author":{"gitId":"pkwangjoo"},"content":"import java.io.IOException;","lastModifiedDate":"2023-01-26"},{"lineNumber":7,"author":{"gitId":"pkwangjoo"},"content":"import java.time.LocalDateTime;","lastModifiedDate":"2023-01-26"},{"lineNumber":8,"author":{"gitId":"pkwangjoo"},"content":"import java.time.format.DateTimeFormatter;","lastModifiedDate":"2023-01-26"},{"lineNumber":9,"author":{"gitId":"pkwangjoo"},"content":"import java.util.ArrayList;","lastModifiedDate":"2023-01-26"},{"lineNumber":10,"author":{"gitId":"pkwangjoo"},"content":"import java.util.Scanner;","lastModifiedDate":"2023-01-26"},{"lineNumber":11,"author":{"gitId":"pkwangjoo"},"content":"","lastModifiedDate":"2023-01-26"},{"lineNumber":12,"author":{"gitId":"pkwangjoo"},"content":"public class Storage {","lastModifiedDate":"2023-01-26"},{"lineNumber":13,"author":{"gitId":"pkwangjoo"},"content":"    private File f;","lastModifiedDate":"2023-01-26"},{"lineNumber":14,"author":{"gitId":"pkwangjoo"},"content":"    private String filePath;","lastModifiedDate":"2023-01-26"},{"lineNumber":15,"author":{"gitId":"pkwangjoo"},"content":"    private DateTimeFormatter formatter \u003d DateTimeFormatter.ofPattern(\"d/M/yyyy HHmm\");","lastModifiedDate":"2023-01-26"},{"lineNumber":16,"author":{"gitId":"pkwangjoo"},"content":"","lastModifiedDate":"2023-01-26"},{"lineNumber":17,"author":{"gitId":"pkwangjoo"},"content":"    public Storage(String filePath)  {","lastModifiedDate":"2023-01-26"},{"lineNumber":18,"author":{"gitId":"pkwangjoo"},"content":"        this.f \u003d new File(filePath);","lastModifiedDate":"2023-01-26"},{"lineNumber":19,"author":{"gitId":"pkwangjoo"},"content":"        this.filePath \u003d filePath;","lastModifiedDate":"2023-01-26"},{"lineNumber":20,"author":{"gitId":"pkwangjoo"},"content":"    }","lastModifiedDate":"2023-01-26"},{"lineNumber":21,"author":{"gitId":"pkwangjoo"},"content":"","lastModifiedDate":"2023-01-26"},{"lineNumber":22,"author":{"gitId":"pkwangjoo"},"content":"    public ArrayList\u003cTask\u003e loadTasks() throws FileNotFoundException {","lastModifiedDate":"2023-01-26"},{"lineNumber":23,"author":{"gitId":"pkwangjoo"},"content":"            Scanner sc \u003d new Scanner(f);","lastModifiedDate":"2023-01-26"},{"lineNumber":24,"author":{"gitId":"pkwangjoo"},"content":"            ArrayList\u003cTask\u003e taskList \u003d new ArrayList\u003c\u003e();","lastModifiedDate":"2023-01-26"},{"lineNumber":25,"author":{"gitId":"pkwangjoo"},"content":"            while (sc.hasNext()) {","lastModifiedDate":"2023-01-26"},{"lineNumber":26,"author":{"gitId":"pkwangjoo"},"content":"                taskList.add(formatStringToTask(sc.nextLine()));","lastModifiedDate":"2023-01-26"},{"lineNumber":27,"author":{"gitId":"pkwangjoo"},"content":"","lastModifiedDate":"2023-01-26"},{"lineNumber":28,"author":{"gitId":"pkwangjoo"},"content":"            }","lastModifiedDate":"2023-01-26"},{"lineNumber":29,"author":{"gitId":"pkwangjoo"},"content":"            return taskList;","lastModifiedDate":"2023-01-26"},{"lineNumber":30,"author":{"gitId":"pkwangjoo"},"content":"","lastModifiedDate":"2023-01-26"},{"lineNumber":31,"author":{"gitId":"pkwangjoo"},"content":"    }","lastModifiedDate":"2023-01-26"},{"lineNumber":32,"author":{"gitId":"pkwangjoo"},"content":"","lastModifiedDate":"2023-01-26"},{"lineNumber":33,"author":{"gitId":"pkwangjoo"},"content":"    public void saveTasks(ArrayList\u003cTask\u003e taskListState) throws IOException {","lastModifiedDate":"2023-01-26"},{"lineNumber":34,"author":{"gitId":"pkwangjoo"},"content":"        FileWriter fw \u003d new FileWriter(filePath);","lastModifiedDate":"2023-01-26"},{"lineNumber":35,"author":{"gitId":"pkwangjoo"},"content":"        for (Task task : taskListState) {","lastModifiedDate":"2023-01-26"},{"lineNumber":36,"author":{"gitId":"pkwangjoo"},"content":"            fw.write(task.toStorageFormatString() + System.lineSeparator());","lastModifiedDate":"2023-01-26"},{"lineNumber":37,"author":{"gitId":"pkwangjoo"},"content":"        }","lastModifiedDate":"2023-01-26"},{"lineNumber":38,"author":{"gitId":"pkwangjoo"},"content":"        fw.close();","lastModifiedDate":"2023-01-26"},{"lineNumber":39,"author":{"gitId":"pkwangjoo"},"content":"    }","lastModifiedDate":"2023-01-26"},{"lineNumber":40,"author":{"gitId":"pkwangjoo"},"content":"","lastModifiedDate":"2023-01-26"},{"lineNumber":41,"author":{"gitId":"pkwangjoo"},"content":"    private Task formatStringToTask(String formatString) {","lastModifiedDate":"2023-01-26"},{"lineNumber":42,"author":{"gitId":"pkwangjoo"},"content":"        String[] splitStr \u003d formatString.split(\"\\\\|\");","lastModifiedDate":"2023-01-26"},{"lineNumber":43,"author":{"gitId":"pkwangjoo"},"content":"","lastModifiedDate":"2023-01-26"},{"lineNumber":44,"author":{"gitId":"pkwangjoo"},"content":"        Task task;","lastModifiedDate":"2023-01-26"},{"lineNumber":45,"author":{"gitId":"pkwangjoo"},"content":"        switch (splitStr[0]) {","lastModifiedDate":"2023-01-26"},{"lineNumber":46,"author":{"gitId":"pkwangjoo"},"content":"        case \"T\":","lastModifiedDate":"2023-01-26"},{"lineNumber":47,"author":{"gitId":"pkwangjoo"},"content":"            task \u003d new Todo(splitStr[2]);","lastModifiedDate":"2023-01-26"},{"lineNumber":48,"author":{"gitId":"pkwangjoo"},"content":"            break;","lastModifiedDate":"2023-01-26"},{"lineNumber":49,"author":{"gitId":"pkwangjoo"},"content":"        case \"D\":","lastModifiedDate":"2023-01-26"},{"lineNumber":50,"author":{"gitId":"pkwangjoo"},"content":"            task \u003d  new Deadline(splitStr[2], LocalDateTime.parse(splitStr[3], formatter));","lastModifiedDate":"2023-01-26"},{"lineNumber":51,"author":{"gitId":"pkwangjoo"},"content":"            break;","lastModifiedDate":"2023-01-26"},{"lineNumber":52,"author":{"gitId":"pkwangjoo"},"content":"        case \"E\":","lastModifiedDate":"2023-01-26"},{"lineNumber":53,"author":{"gitId":"pkwangjoo"},"content":"            task \u003d new Event(splitStr[2], LocalDateTime.parse(splitStr[3], formatter), LocalDateTime.parse(splitStr[4], formatter));","lastModifiedDate":"2023-01-26"},{"lineNumber":54,"author":{"gitId":"pkwangjoo"},"content":"            break;","lastModifiedDate":"2023-01-26"},{"lineNumber":55,"author":{"gitId":"pkwangjoo"},"content":"        default:","lastModifiedDate":"2023-01-26"},{"lineNumber":56,"author":{"gitId":"pkwangjoo"},"content":"            task \u003d  null;","lastModifiedDate":"2023-01-26"},{"lineNumber":57,"author":{"gitId":"pkwangjoo"},"content":"","lastModifiedDate":"2023-01-26"},{"lineNumber":58,"author":{"gitId":"pkwangjoo"},"content":"        }","lastModifiedDate":"2023-01-26"},{"lineNumber":59,"author":{"gitId":"pkwangjoo"},"content":"","lastModifiedDate":"2023-01-26"},{"lineNumber":60,"author":{"gitId":"pkwangjoo"},"content":"        if (splitStr[1].equals(\"1\")) {","lastModifiedDate":"2023-01-26"},{"lineNumber":61,"author":{"gitId":"pkwangjoo"},"content":"            task.markAsDone();","lastModifiedDate":"2023-01-26"},{"lineNumber":62,"author":{"gitId":"pkwangjoo"},"content":"            return task;","lastModifiedDate":"2023-01-26"},{"lineNumber":63,"author":{"gitId":"pkwangjoo"},"content":"        }","lastModifiedDate":"2023-01-26"},{"lineNumber":64,"author":{"gitId":"pkwangjoo"},"content":"","lastModifiedDate":"2023-01-26"},{"lineNumber":65,"author":{"gitId":"pkwangjoo"},"content":"        return task;","lastModifiedDate":"2023-01-26"},{"lineNumber":66,"author":{"gitId":"pkwangjoo"},"content":"    }","lastModifiedDate":"2023-01-26"},{"lineNumber":67,"author":{"gitId":"pkwangjoo"},"content":"","lastModifiedDate":"2023-01-26"},{"lineNumber":68,"author":{"gitId":"pkwangjoo"},"content":"","lastModifiedDate":"2023-01-26"},{"lineNumber":69,"author":{"gitId":"pkwangjoo"},"content":"}","lastModifiedDate":"2023-01-26"}],"authorContributionMap":{"pkwangjoo":69}},{"path":"src/main/java/Task.java","fileType":"java","lines":[{"lineNumber":1,"author":{"gitId":"pkwangjoo"},"content":"public abstract class Task {","lastModifiedDate":"2023-01-19"},{"lineNumber":2,"author":{"gitId":"pkwangjoo"},"content":"    protected boolean isDone \u003d false;","lastModifiedDate":"2023-01-19"},{"lineNumber":3,"author":{"gitId":"pkwangjoo"},"content":"    protected String taskDescription;","lastModifiedDate":"2023-01-19"},{"lineNumber":4,"author":{"gitId":"pkwangjoo"},"content":"","lastModifiedDate":"2023-01-19"},{"lineNumber":5,"author":{"gitId":"pkwangjoo"},"content":"    public Task(String taskDescription) {","lastModifiedDate":"2023-01-19"},{"lineNumber":6,"author":{"gitId":"pkwangjoo"},"content":"        this.taskDescription \u003d taskDescription;","lastModifiedDate":"2023-01-19"},{"lineNumber":7,"author":{"gitId":"pkwangjoo"},"content":"    }","lastModifiedDate":"2023-01-19"},{"lineNumber":8,"author":{"gitId":"pkwangjoo"},"content":"","lastModifiedDate":"2023-01-19"},{"lineNumber":9,"author":{"gitId":"pkwangjoo"},"content":"","lastModifiedDate":"2023-01-25"},{"lineNumber":10,"author":{"gitId":"pkwangjoo"},"content":"    public void markAsDone() {","lastModifiedDate":"2023-01-19"},{"lineNumber":11,"author":{"gitId":"pkwangjoo"},"content":"        this.isDone \u003d true;","lastModifiedDate":"2023-01-19"},{"lineNumber":12,"author":{"gitId":"pkwangjoo"},"content":"    }","lastModifiedDate":"2023-01-19"},{"lineNumber":13,"author":{"gitId":"pkwangjoo"},"content":"","lastModifiedDate":"2023-01-19"},{"lineNumber":14,"author":{"gitId":"pkwangjoo"},"content":"    public void markAsUndone() {","lastModifiedDate":"2023-01-19"},{"lineNumber":15,"author":{"gitId":"pkwangjoo"},"content":"        this.isDone \u003d false;","lastModifiedDate":"2023-01-19"},{"lineNumber":16,"author":{"gitId":"pkwangjoo"},"content":"    }","lastModifiedDate":"2023-01-19"},{"lineNumber":17,"author":{"gitId":"pkwangjoo"},"content":"","lastModifiedDate":"2023-01-19"},{"lineNumber":18,"author":{"gitId":"pkwangjoo"},"content":"    abstract public String toStorageFormatString();","lastModifiedDate":"2023-01-24"},{"lineNumber":19,"author":{"gitId":"pkwangjoo"},"content":"","lastModifiedDate":"2023-01-24"},{"lineNumber":20,"author":{"gitId":"pkwangjoo"},"content":"","lastModifiedDate":"2023-01-25"},{"lineNumber":21,"author":{"gitId":"pkwangjoo"},"content":"    @Override","lastModifiedDate":"2023-01-19"},{"lineNumber":22,"author":{"gitId":"pkwangjoo"},"content":"    public String toString() {","lastModifiedDate":"2023-01-19"},{"lineNumber":23,"author":{"gitId":"pkwangjoo"},"content":"        if (this.isDone) {","lastModifiedDate":"2023-01-19"},{"lineNumber":24,"author":{"gitId":"pkwangjoo"},"content":"            return \"[X] \" + taskDescription;","lastModifiedDate":"2023-01-19"},{"lineNumber":25,"author":{"gitId":"pkwangjoo"},"content":"        }","lastModifiedDate":"2023-01-19"},{"lineNumber":26,"author":{"gitId":"pkwangjoo"},"content":"        return \"[] \" + this.taskDescription;","lastModifiedDate":"2023-01-19"},{"lineNumber":27,"author":{"gitId":"pkwangjoo"},"content":"    }","lastModifiedDate":"2023-01-19"},{"lineNumber":28,"author":{"gitId":"pkwangjoo"},"content":"","lastModifiedDate":"2023-01-19"},{"lineNumber":29,"author":{"gitId":"pkwangjoo"},"content":"","lastModifiedDate":"2023-01-19"},{"lineNumber":30,"author":{"gitId":"pkwangjoo"},"content":"","lastModifiedDate":"2023-01-24"},{"lineNumber":31,"author":{"gitId":"pkwangjoo"},"content":"","lastModifiedDate":"2023-01-24"},{"lineNumber":32,"author":{"gitId":"pkwangjoo"},"content":"}","lastModifiedDate":"2023-01-19"}],"authorContributionMap":{"pkwangjoo":32}},{"path":"src/main/java/TaskFactory.java","fileType":"java","lines":[{"lineNumber":1,"author":{"gitId":"pkwangjoo"},"content":"import exception.*;","lastModifiedDate":"2023-01-25"},{"lineNumber":2,"author":{"gitId":"pkwangjoo"},"content":"","lastModifiedDate":"2023-01-25"},{"lineNumber":3,"author":{"gitId":"pkwangjoo"},"content":"import java.time.DateTimeException;","lastModifiedDate":"2023-01-25"},{"lineNumber":4,"author":{"gitId":"pkwangjoo"},"content":"import java.time.LocalDateTime;","lastModifiedDate":"2023-01-25"},{"lineNumber":5,"author":{"gitId":"pkwangjoo"},"content":"import java.time.format.DateTimeFormatter;","lastModifiedDate":"2023-01-25"},{"lineNumber":6,"author":{"gitId":"pkwangjoo"},"content":"","lastModifiedDate":"2023-01-19"},{"lineNumber":7,"author":{"gitId":"pkwangjoo"},"content":"public class TaskFactory {","lastModifiedDate":"2023-01-19"},{"lineNumber":8,"author":{"gitId":"pkwangjoo"},"content":"    public Task make(String instruction) throws TaskFactoryException {","lastModifiedDate":"2023-01-19"},{"lineNumber":9,"author":{"gitId":"pkwangjoo"},"content":"        String[] splitStr \u003d instruction.split(\"\\\\s+\", 2);","lastModifiedDate":"2023-01-19"},{"lineNumber":10,"author":{"gitId":"pkwangjoo"},"content":"        String taskType \u003d splitStr[0];","lastModifiedDate":"2023-01-19"},{"lineNumber":11,"author":{"gitId":"pkwangjoo"},"content":"","lastModifiedDate":"2023-01-19"},{"lineNumber":12,"author":{"gitId":"pkwangjoo"},"content":"        try {","lastModifiedDate":"2023-01-19"},{"lineNumber":13,"author":{"gitId":"pkwangjoo"},"content":"            switch (taskType) {","lastModifiedDate":"2023-01-19"},{"lineNumber":14,"author":{"gitId":"pkwangjoo"},"content":"            case \"todo\":","lastModifiedDate":"2023-01-19"},{"lineNumber":15,"author":{"gitId":"pkwangjoo"},"content":"                return makeTodo(instruction);","lastModifiedDate":"2023-01-19"},{"lineNumber":16,"author":{"gitId":"pkwangjoo"},"content":"            case \"deadline\":","lastModifiedDate":"2023-01-19"},{"lineNumber":17,"author":{"gitId":"pkwangjoo"},"content":"                return makeDeadline(instruction);","lastModifiedDate":"2023-01-19"},{"lineNumber":18,"author":{"gitId":"pkwangjoo"},"content":"            case \"event\":","lastModifiedDate":"2023-01-19"},{"lineNumber":19,"author":{"gitId":"pkwangjoo"},"content":"                return makeEvent(instruction);","lastModifiedDate":"2023-01-19"},{"lineNumber":20,"author":{"gitId":"pkwangjoo"},"content":"            default:","lastModifiedDate":"2023-01-19"},{"lineNumber":21,"author":{"gitId":"pkwangjoo"},"content":"","lastModifiedDate":"2023-01-19"},{"lineNumber":22,"author":{"gitId":"pkwangjoo"},"content":"            }","lastModifiedDate":"2023-01-19"},{"lineNumber":23,"author":{"gitId":"pkwangjoo"},"content":"        } catch (MissingTaskDescriptionException | InvalidDateTimeFormatException e) {","lastModifiedDate":"2023-01-25"},{"lineNumber":24,"author":{"gitId":"pkwangjoo"},"content":"            throw e;","lastModifiedDate":"2023-01-19"},{"lineNumber":25,"author":{"gitId":"pkwangjoo"},"content":"        }","lastModifiedDate":"2023-01-19"},{"lineNumber":26,"author":{"gitId":"pkwangjoo"},"content":"        return null;","lastModifiedDate":"2023-01-19"},{"lineNumber":27,"author":{"gitId":"pkwangjoo"},"content":"    }","lastModifiedDate":"2023-01-19"},{"lineNumber":28,"author":{"gitId":"pkwangjoo"},"content":"","lastModifiedDate":"2023-01-19"},{"lineNumber":29,"author":{"gitId":"pkwangjoo"},"content":"    private Task makeTodo(String instruction) throws MissingTaskDescriptionException {","lastModifiedDate":"2023-01-19"},{"lineNumber":30,"author":{"gitId":"pkwangjoo"},"content":"        String[] splitStr \u003d instruction.split(\"\\\\s+\", 2);","lastModifiedDate":"2023-01-19"},{"lineNumber":31,"author":{"gitId":"pkwangjoo"},"content":"","lastModifiedDate":"2023-01-19"},{"lineNumber":32,"author":{"gitId":"pkwangjoo"},"content":"        if (splitStr.length \u003c 2) {","lastModifiedDate":"2023-01-19"},{"lineNumber":33,"author":{"gitId":"pkwangjoo"},"content":"            throw new MissingTaskDescriptionException(\"Task Description cannot be empty!\");","lastModifiedDate":"2023-01-19"},{"lineNumber":34,"author":{"gitId":"pkwangjoo"},"content":"        }","lastModifiedDate":"2023-01-19"},{"lineNumber":35,"author":{"gitId":"pkwangjoo"},"content":"","lastModifiedDate":"2023-01-19"},{"lineNumber":36,"author":{"gitId":"pkwangjoo"},"content":"        String taskDescription \u003d splitStr[1];","lastModifiedDate":"2023-01-19"},{"lineNumber":37,"author":{"gitId":"pkwangjoo"},"content":"        return new Todo(taskDescription);","lastModifiedDate":"2023-01-19"},{"lineNumber":38,"author":{"gitId":"pkwangjoo"},"content":"    }","lastModifiedDate":"2023-01-19"},{"lineNumber":39,"author":{"gitId":"pkwangjoo"},"content":"","lastModifiedDate":"2023-01-19"},{"lineNumber":40,"author":{"gitId":"pkwangjoo"},"content":"    private Task makeDeadline(String instruction) throws InvalidDateTimeFormatException {","lastModifiedDate":"2023-01-25"},{"lineNumber":41,"author":{"gitId":"pkwangjoo"},"content":"        String[] splitStr \u003d instruction.split(\"\\\\s+\", 2);","lastModifiedDate":"2023-01-19"},{"lineNumber":42,"author":{"gitId":"pkwangjoo"},"content":"        String taskDescription \u003d splitStr[1].split(\" /by \")[0];","lastModifiedDate":"2023-01-19"},{"lineNumber":43,"author":{"gitId":"pkwangjoo"},"content":"        String taskDeadline \u003dsplitStr[1].split(\" /by \")[1];","lastModifiedDate":"2023-01-19"},{"lineNumber":44,"author":{"gitId":"pkwangjoo"},"content":"        try {","lastModifiedDate":"2023-01-25"},{"lineNumber":45,"author":{"gitId":"pkwangjoo"},"content":"            LocalDateTime taskDeadlineDateTime \u003d parseDate(taskDeadline);","lastModifiedDate":"2023-01-25"},{"lineNumber":46,"author":{"gitId":"pkwangjoo"},"content":"            return new Deadline(taskDescription, taskDeadlineDateTime);","lastModifiedDate":"2023-01-25"},{"lineNumber":47,"author":{"gitId":"pkwangjoo"},"content":"        } catch (DateTimeException e) {","lastModifiedDate":"2023-01-25"},{"lineNumber":48,"author":{"gitId":"pkwangjoo"},"content":"            throw new InvalidDateTimeFormatException(\"Invalid date time format for deadline\");","lastModifiedDate":"2023-01-25"},{"lineNumber":49,"author":{"gitId":"pkwangjoo"},"content":"        }","lastModifiedDate":"2023-01-25"},{"lineNumber":50,"author":{"gitId":"pkwangjoo"},"content":"","lastModifiedDate":"2023-01-19"},{"lineNumber":51,"author":{"gitId":"pkwangjoo"},"content":"    }","lastModifiedDate":"2023-01-19"},{"lineNumber":52,"author":{"gitId":"pkwangjoo"},"content":"","lastModifiedDate":"2023-01-19"},{"lineNumber":53,"author":{"gitId":"pkwangjoo"},"content":"    private Task makeEvent(String instruction) throws InvalidDateTimeFormatException {","lastModifiedDate":"2023-01-25"},{"lineNumber":54,"author":{"gitId":"pkwangjoo"},"content":"        String[] splitStr \u003d instruction.split(\"\\\\s+\", 2);","lastModifiedDate":"2023-01-19"},{"lineNumber":55,"author":{"gitId":"pkwangjoo"},"content":"        String taskDescription \u003d splitStr[1].split(\" /from \")[0];","lastModifiedDate":"2023-01-19"},{"lineNumber":56,"author":{"gitId":"pkwangjoo"},"content":"        String taskStart \u003dsplitStr[1].split(\" /from \")[1].split(\" /to \")[0];","lastModifiedDate":"2023-01-19"},{"lineNumber":57,"author":{"gitId":"pkwangjoo"},"content":"        String taskEnd \u003dsplitStr[1].split(\" /from \")[1].split(\" /to \")[1];","lastModifiedDate":"2023-01-19"},{"lineNumber":58,"author":{"gitId":"pkwangjoo"},"content":"","lastModifiedDate":"2023-01-19"},{"lineNumber":59,"author":{"gitId":"pkwangjoo"},"content":"        try {","lastModifiedDate":"2023-01-25"},{"lineNumber":60,"author":{"gitId":"pkwangjoo"},"content":"            LocalDateTime taskStartDateTime \u003d parseDate(taskStart);","lastModifiedDate":"2023-01-25"},{"lineNumber":61,"author":{"gitId":"pkwangjoo"},"content":"            LocalDateTime taskEndDateTime \u003d parseDate(taskEnd);","lastModifiedDate":"2023-01-25"},{"lineNumber":62,"author":{"gitId":"pkwangjoo"},"content":"            return new Event(taskDescription, taskStartDateTime, taskEndDateTime);","lastModifiedDate":"2023-01-25"},{"lineNumber":63,"author":{"gitId":"pkwangjoo"},"content":"        } catch (DateTimeException e) {","lastModifiedDate":"2023-01-25"},{"lineNumber":64,"author":{"gitId":"pkwangjoo"},"content":"            throw new InvalidDateTimeFormatException(\"invalid date time format\");","lastModifiedDate":"2023-01-25"},{"lineNumber":65,"author":{"gitId":"pkwangjoo"},"content":"        }","lastModifiedDate":"2023-01-25"},{"lineNumber":66,"author":{"gitId":"pkwangjoo"},"content":"","lastModifiedDate":"2023-01-19"},{"lineNumber":67,"author":{"gitId":"pkwangjoo"},"content":"    }","lastModifiedDate":"2023-01-19"},{"lineNumber":68,"author":{"gitId":"pkwangjoo"},"content":"","lastModifiedDate":"2023-01-19"},{"lineNumber":69,"author":{"gitId":"pkwangjoo"},"content":"    private LocalDateTime parseDate(String dateString) {","lastModifiedDate":"2023-01-25"},{"lineNumber":70,"author":{"gitId":"pkwangjoo"},"content":"        DateTimeFormatter formatter \u003d DateTimeFormatter.ofPattern(\"d/M/yyyy HHmm\");","lastModifiedDate":"2023-01-25"},{"lineNumber":71,"author":{"gitId":"pkwangjoo"},"content":"        try {","lastModifiedDate":"2023-01-25"},{"lineNumber":72,"author":{"gitId":"pkwangjoo"},"content":"            LocalDateTime dateTime \u003d LocalDateTime.parse(dateString, formatter);","lastModifiedDate":"2023-01-25"},{"lineNumber":73,"author":{"gitId":"pkwangjoo"},"content":"            return dateTime;","lastModifiedDate":"2023-01-25"},{"lineNumber":74,"author":{"gitId":"pkwangjoo"},"content":"        } catch (DateTimeException e) {","lastModifiedDate":"2023-01-25"},{"lineNumber":75,"author":{"gitId":"pkwangjoo"},"content":"           throw e;","lastModifiedDate":"2023-01-25"},{"lineNumber":76,"author":{"gitId":"pkwangjoo"},"content":"        }","lastModifiedDate":"2023-01-25"},{"lineNumber":77,"author":{"gitId":"pkwangjoo"},"content":"","lastModifiedDate":"2023-01-19"},{"lineNumber":78,"author":{"gitId":"pkwangjoo"},"content":"","lastModifiedDate":"2023-01-19"},{"lineNumber":79,"author":{"gitId":"pkwangjoo"},"content":"    }","lastModifiedDate":"2023-01-25"},{"lineNumber":80,"author":{"gitId":"pkwangjoo"},"content":"","lastModifiedDate":"2023-01-19"},{"lineNumber":81,"author":{"gitId":"pkwangjoo"},"content":"}","lastModifiedDate":"2023-01-19"}],"authorContributionMap":{"pkwangjoo":81}},{"path":"src/main/java/TaskList.java","fileType":"java","lines":[{"lineNumber":1,"author":{"gitId":"pkwangjoo"},"content":"import java.util.ArrayList;","lastModifiedDate":"2023-01-26"},{"lineNumber":2,"author":{"gitId":"pkwangjoo"},"content":"","lastModifiedDate":"2023-01-26"},{"lineNumber":3,"author":{"gitId":"pkwangjoo"},"content":"public class TaskList {","lastModifiedDate":"2023-01-26"},{"lineNumber":4,"author":{"gitId":"pkwangjoo"},"content":"","lastModifiedDate":"2023-01-26"},{"lineNumber":5,"author":{"gitId":"pkwangjoo"},"content":"    private ArrayList\u003cTask\u003e tasks;","lastModifiedDate":"2023-01-26"},{"lineNumber":6,"author":{"gitId":"pkwangjoo"},"content":"","lastModifiedDate":"2023-01-26"},{"lineNumber":7,"author":{"gitId":"pkwangjoo"},"content":"    public TaskList() {","lastModifiedDate":"2023-01-26"},{"lineNumber":8,"author":{"gitId":"pkwangjoo"},"content":"        this.tasks \u003d new ArrayList\u003c\u003e();","lastModifiedDate":"2023-01-26"},{"lineNumber":9,"author":{"gitId":"pkwangjoo"},"content":"    }","lastModifiedDate":"2023-01-26"},{"lineNumber":10,"author":{"gitId":"pkwangjoo"},"content":"","lastModifiedDate":"2023-01-26"},{"lineNumber":11,"author":{"gitId":"pkwangjoo"},"content":"    public TaskList(ArrayList\u003cTask\u003e taskList) {","lastModifiedDate":"2023-01-26"},{"lineNumber":12,"author":{"gitId":"pkwangjoo"},"content":"        this.tasks \u003d taskList;","lastModifiedDate":"2023-01-26"},{"lineNumber":13,"author":{"gitId":"pkwangjoo"},"content":"    }","lastModifiedDate":"2023-01-26"},{"lineNumber":14,"author":{"gitId":"pkwangjoo"},"content":"","lastModifiedDate":"2023-01-26"},{"lineNumber":15,"author":{"gitId":"pkwangjoo"},"content":"    public void addTask(Task task) {","lastModifiedDate":"2023-01-26"},{"lineNumber":16,"author":{"gitId":"pkwangjoo"},"content":"        this.tasks.add(task);","lastModifiedDate":"2023-01-26"},{"lineNumber":17,"author":{"gitId":"pkwangjoo"},"content":"    }","lastModifiedDate":"2023-01-26"},{"lineNumber":18,"author":{"gitId":"pkwangjoo"},"content":"","lastModifiedDate":"2023-01-26"},{"lineNumber":19,"author":{"gitId":"pkwangjoo"},"content":"    public void deleteTask(int index) {","lastModifiedDate":"2023-01-26"},{"lineNumber":20,"author":{"gitId":"pkwangjoo"},"content":"        this.tasks.remove(index - 1);","lastModifiedDate":"2023-01-26"},{"lineNumber":21,"author":{"gitId":"pkwangjoo"},"content":"    }","lastModifiedDate":"2023-01-26"},{"lineNumber":22,"author":{"gitId":"pkwangjoo"},"content":"","lastModifiedDate":"2023-01-26"},{"lineNumber":23,"author":{"gitId":"pkwangjoo"},"content":"    public void markTask(int index) {","lastModifiedDate":"2023-01-26"},{"lineNumber":24,"author":{"gitId":"pkwangjoo"},"content":"        this.tasks.get(index - 1).markAsDone();","lastModifiedDate":"2023-01-26"},{"lineNumber":25,"author":{"gitId":"pkwangjoo"},"content":"    }","lastModifiedDate":"2023-01-26"},{"lineNumber":26,"author":{"gitId":"pkwangjoo"},"content":"","lastModifiedDate":"2023-01-26"},{"lineNumber":27,"author":{"gitId":"pkwangjoo"},"content":"    public void unmarkTask(int index) {","lastModifiedDate":"2023-01-26"},{"lineNumber":28,"author":{"gitId":"pkwangjoo"},"content":"        this.tasks.get(index - 1).markAsUndone();","lastModifiedDate":"2023-01-26"},{"lineNumber":29,"author":{"gitId":"pkwangjoo"},"content":"    }","lastModifiedDate":"2023-01-26"},{"lineNumber":30,"author":{"gitId":"pkwangjoo"},"content":"","lastModifiedDate":"2023-01-26"},{"lineNumber":31,"author":{"gitId":"pkwangjoo"},"content":"    public void listTasks() {","lastModifiedDate":"2023-01-26"},{"lineNumber":32,"author":{"gitId":"pkwangjoo"},"content":"        for (int i \u003d 0; i \u003c tasks.size(); i++) {","lastModifiedDate":"2023-01-26"},{"lineNumber":33,"author":{"gitId":"pkwangjoo"},"content":"            System.out.println(i + 1 + \".\" + tasks.get(i));","lastModifiedDate":"2023-01-26"},{"lineNumber":34,"author":{"gitId":"pkwangjoo"},"content":"        }","lastModifiedDate":"2023-01-26"},{"lineNumber":35,"author":{"gitId":"pkwangjoo"},"content":"    }","lastModifiedDate":"2023-01-26"},{"lineNumber":36,"author":{"gitId":"pkwangjoo"},"content":"","lastModifiedDate":"2023-01-26"},{"lineNumber":37,"author":{"gitId":"pkwangjoo"},"content":"    public ArrayList\u003cTask\u003e getArrayListCopy() {","lastModifiedDate":"2023-01-26"},{"lineNumber":38,"author":{"gitId":"pkwangjoo"},"content":"        return new ArrayList\u003c\u003e(this.tasks);","lastModifiedDate":"2023-01-26"},{"lineNumber":39,"author":{"gitId":"pkwangjoo"},"content":"    }","lastModifiedDate":"2023-01-26"},{"lineNumber":40,"author":{"gitId":"pkwangjoo"},"content":"}","lastModifiedDate":"2023-01-26"}],"authorContributionMap":{"pkwangjoo":40}},{"path":"src/main/java/Todo.java","fileType":"java","lines":[{"lineNumber":1,"author":{"gitId":"pkwangjoo"},"content":"public class Todo extends Task{","lastModifiedDate":"2023-01-19"},{"lineNumber":2,"author":{"gitId":"pkwangjoo"},"content":"    public Todo(String taskDescription) {","lastModifiedDate":"2023-01-19"},{"lineNumber":3,"author":{"gitId":"pkwangjoo"},"content":"        super(taskDescription);","lastModifiedDate":"2023-01-19"},{"lineNumber":4,"author":{"gitId":"pkwangjoo"},"content":"    }","lastModifiedDate":"2023-01-19"},{"lineNumber":5,"author":{"gitId":"pkwangjoo"},"content":"","lastModifiedDate":"2023-01-19"},{"lineNumber":6,"author":{"gitId":"pkwangjoo"},"content":"    @Override","lastModifiedDate":"2023-01-24"},{"lineNumber":7,"author":{"gitId":"pkwangjoo"},"content":"    public String toStorageFormatString() {","lastModifiedDate":"2023-01-24"},{"lineNumber":8,"author":{"gitId":"pkwangjoo"},"content":"        return \"T|\" + (isDone ? \"1\" : \"0\") + \"|\" + this.taskDescription;","lastModifiedDate":"2023-01-24"},{"lineNumber":9,"author":{"gitId":"pkwangjoo"},"content":"","lastModifiedDate":"2023-01-24"},{"lineNumber":10,"author":{"gitId":"pkwangjoo"},"content":"    }","lastModifiedDate":"2023-01-24"},{"lineNumber":11,"author":{"gitId":"pkwangjoo"},"content":"","lastModifiedDate":"2023-01-24"},{"lineNumber":12,"author":{"gitId":"pkwangjoo"},"content":"    @Override","lastModifiedDate":"2023-01-19"},{"lineNumber":13,"author":{"gitId":"pkwangjoo"},"content":"    public String toString() {","lastModifiedDate":"2023-01-19"},{"lineNumber":14,"author":{"gitId":"pkwangjoo"},"content":"        return \"[T]\" + super.toString();","lastModifiedDate":"2023-01-19"},{"lineNumber":15,"author":{"gitId":"pkwangjoo"},"content":"    }","lastModifiedDate":"2023-01-19"},{"lineNumber":16,"author":{"gitId":"pkwangjoo"},"content":"","lastModifiedDate":"2023-01-19"},{"lineNumber":17,"author":{"gitId":"pkwangjoo"},"content":"}","lastModifiedDate":"2023-01-19"}],"authorContributionMap":{"pkwangjoo":17}},{"path":"src/main/java/ToggleMarkTaskCommand.java","fileType":"java","lines":[{"lineNumber":1,"author":{"gitId":"pkwangjoo"},"content":"import exception.TreeBotException;","lastModifiedDate":"2023-01-26"},{"lineNumber":2,"author":{"gitId":"pkwangjoo"},"content":"","lastModifiedDate":"2023-01-26"},{"lineNumber":3,"author":{"gitId":"pkwangjoo"},"content":"import java.io.IOException;","lastModifiedDate":"2023-01-26"},{"lineNumber":4,"author":{"gitId":"pkwangjoo"},"content":"import java.util.ArrayList;","lastModifiedDate":"2023-01-26"},{"lineNumber":5,"author":{"gitId":"pkwangjoo"},"content":"","lastModifiedDate":"2023-01-26"},{"lineNumber":6,"author":{"gitId":"pkwangjoo"},"content":"public class ToggleMarkTaskCommand extends Command {","lastModifiedDate":"2023-01-26"},{"lineNumber":7,"author":{"gitId":"pkwangjoo"},"content":"    private int index;","lastModifiedDate":"2023-01-26"},{"lineNumber":8,"author":{"gitId":"pkwangjoo"},"content":"    private boolean isMarkAsDone;","lastModifiedDate":"2023-01-26"},{"lineNumber":9,"author":{"gitId":"pkwangjoo"},"content":"    public ToggleMarkTaskCommand(int index, boolean isMarkAsDone) {","lastModifiedDate":"2023-01-26"},{"lineNumber":10,"author":{"gitId":"pkwangjoo"},"content":"        this.index \u003d index;","lastModifiedDate":"2023-01-26"},{"lineNumber":11,"author":{"gitId":"pkwangjoo"},"content":"        this.isMarkAsDone \u003d isMarkAsDone;","lastModifiedDate":"2023-01-26"},{"lineNumber":12,"author":{"gitId":"pkwangjoo"},"content":"    }","lastModifiedDate":"2023-01-26"},{"lineNumber":13,"author":{"gitId":"pkwangjoo"},"content":"    @Override","lastModifiedDate":"2023-01-26"},{"lineNumber":14,"author":{"gitId":"pkwangjoo"},"content":"    public void execute(TaskList taskList, Ui u, Storage storage) throws TreeBotException {","lastModifiedDate":"2023-01-26"},{"lineNumber":15,"author":{"gitId":"pkwangjoo"},"content":"        if (!isMarkAsDone) {","lastModifiedDate":"2023-01-26"},{"lineNumber":16,"author":{"gitId":"pkwangjoo"},"content":"            taskList.unmarkTask(index);","lastModifiedDate":"2023-01-26"},{"lineNumber":17,"author":{"gitId":"pkwangjoo"},"content":"        } else {","lastModifiedDate":"2023-01-26"},{"lineNumber":18,"author":{"gitId":"pkwangjoo"},"content":"            taskList.markTask(index);","lastModifiedDate":"2023-01-26"},{"lineNumber":19,"author":{"gitId":"pkwangjoo"},"content":"        }","lastModifiedDate":"2023-01-26"},{"lineNumber":20,"author":{"gitId":"pkwangjoo"},"content":"","lastModifiedDate":"2023-01-26"},{"lineNumber":21,"author":{"gitId":"pkwangjoo"},"content":"        try {","lastModifiedDate":"2023-01-26"},{"lineNumber":22,"author":{"gitId":"pkwangjoo"},"content":"            storage.saveTasks(taskList.getArrayListCopy());","lastModifiedDate":"2023-01-26"},{"lineNumber":23,"author":{"gitId":"pkwangjoo"},"content":"        } catch (IOException e) {","lastModifiedDate":"2023-01-26"},{"lineNumber":24,"author":{"gitId":"pkwangjoo"},"content":"            throw new TreeBotException(e.getMessage());","lastModifiedDate":"2023-01-26"},{"lineNumber":25,"author":{"gitId":"pkwangjoo"},"content":"        }","lastModifiedDate":"2023-01-26"},{"lineNumber":26,"author":{"gitId":"pkwangjoo"},"content":"    }","lastModifiedDate":"2023-01-26"},{"lineNumber":27,"author":{"gitId":"pkwangjoo"},"content":"}","lastModifiedDate":"2023-01-26"}],"authorContributionMap":{"pkwangjoo":27}},{"path":"src/main/java/TreeBot.java","fileType":"java","lines":[{"lineNumber":1,"author":{"gitId":"pkwangjoo"},"content":"import exception.InvalidCommandException;","lastModifiedDate":"2023-01-19"},{"lineNumber":2,"author":{"gitId":"pkwangjoo"},"content":"import exception.TaskFactoryException;","lastModifiedDate":"2023-01-19"},{"lineNumber":3,"author":{"gitId":"pkwangjoo"},"content":"import exception.TreeBotException;","lastModifiedDate":"2023-01-19"},{"lineNumber":4,"author":{"gitId":"pkwangjoo"},"content":"","lastModifiedDate":"2023-01-19"},{"lineNumber":5,"author":{"gitId":"pkwangjoo"},"content":"import java.io.File;","lastModifiedDate":"2023-01-25"},{"lineNumber":6,"author":{"gitId":"pkwangjoo"},"content":"import java.io.FileNotFoundException;","lastModifiedDate":"2023-01-25"},{"lineNumber":7,"author":{"gitId":"pkwangjoo"},"content":"import java.io.FileWriter;","lastModifiedDate":"2023-01-24"},{"lineNumber":8,"author":{"gitId":"pkwangjoo"},"content":"import java.io.IOException;","lastModifiedDate":"2023-01-24"},{"lineNumber":9,"author":{"gitId":"pkwangjoo"},"content":"import java.time.LocalDateTime;","lastModifiedDate":"2023-01-26"},{"lineNumber":10,"author":{"gitId":"pkwangjoo"},"content":"import java.time.format.DateTimeFormatter;","lastModifiedDate":"2023-01-26"},{"lineNumber":11,"author":{"gitId":"pkwangjoo"},"content":"import java.util.ArrayList;","lastModifiedDate":"2023-01-19"},{"lineNumber":12,"author":{"gitId":"pkwangjoo"},"content":"import java.util.Scanner;","lastModifiedDate":"2023-01-19"},{"lineNumber":13,"author":{"gitId":"pkwangjoo"},"content":"","lastModifiedDate":"2023-01-19"},{"lineNumber":14,"author":{"gitId":"pkwangjoo"},"content":"public class TreeBot {","lastModifiedDate":"2023-01-19"},{"lineNumber":15,"author":{"gitId":"pkwangjoo"},"content":"    private static final String EXIT_TOKEN \u003d \"bye\";","lastModifiedDate":"2023-01-19"},{"lineNumber":16,"author":{"gitId":"pkwangjoo"},"content":"    private TaskList taskList;","lastModifiedDate":"2023-01-26"},{"lineNumber":17,"author":{"gitId":"pkwangjoo"},"content":"    private Ui ui \u003d new Ui();","lastModifiedDate":"2023-01-26"},{"lineNumber":18,"author":{"gitId":"pkwangjoo"},"content":"    private Storage storage;","lastModifiedDate":"2023-01-26"},{"lineNumber":19,"author":{"gitId":"pkwangjoo"},"content":"    private Parser parser \u003d new Parser(new TaskFactory());","lastModifiedDate":"2023-01-26"},{"lineNumber":20,"author":{"gitId":"pkwangjoo"},"content":"","lastModifiedDate":"2023-01-19"},{"lineNumber":21,"author":{"gitId":"pkwangjoo"},"content":"    public TreeBot(String filePath) {","lastModifiedDate":"2023-01-26"},{"lineNumber":22,"author":{"gitId":"pkwangjoo"},"content":"        storage \u003d new Storage(filePath);","lastModifiedDate":"2023-01-26"},{"lineNumber":23,"author":{"gitId":"pkwangjoo"},"content":"        try {","lastModifiedDate":"2023-01-19"},{"lineNumber":24,"author":{"gitId":"pkwangjoo"},"content":"            taskList \u003d new TaskList(storage.loadTasks());","lastModifiedDate":"2023-01-26"},{"lineNumber":25,"author":{"gitId":"pkwangjoo"},"content":"        } catch (FileNotFoundException e) {","lastModifiedDate":"2023-01-26"},{"lineNumber":26,"author":{"gitId":"pkwangjoo"},"content":"            taskList \u003d new TaskList();","lastModifiedDate":"2023-01-26"},{"lineNumber":27,"author":{"gitId":"pkwangjoo"},"content":"        }","lastModifiedDate":"2023-01-19"},{"lineNumber":28,"author":{"gitId":"pkwangjoo"},"content":"","lastModifiedDate":"2023-01-19"},{"lineNumber":29,"author":{"gitId":"pkwangjoo"},"content":"    }","lastModifiedDate":"2023-01-19"},{"lineNumber":30,"author":{"gitId":"pkwangjoo"},"content":"","lastModifiedDate":"2023-01-19"},{"lineNumber":31,"author":{"gitId":"pkwangjoo"},"content":"    public void run() {","lastModifiedDate":"2023-01-26"},{"lineNumber":32,"author":{"gitId":"pkwangjoo"},"content":"        ui.showWelcome();","lastModifiedDate":"2023-01-26"},{"lineNumber":33,"author":{"gitId":"pkwangjoo"},"content":"","lastModifiedDate":"2023-01-19"},{"lineNumber":34,"author":{"gitId":"pkwangjoo"},"content":"        while (true) {","lastModifiedDate":"2023-01-26"},{"lineNumber":35,"author":{"gitId":"pkwangjoo"},"content":"            try {","lastModifiedDate":"2023-01-26"},{"lineNumber":36,"author":{"gitId":"pkwangjoo"},"content":"                String fullCommand \u003d ui.readCommand();","lastModifiedDate":"2023-01-26"},{"lineNumber":37,"author":{"gitId":"pkwangjoo"},"content":"                Command c \u003d parser.parse(fullCommand);","lastModifiedDate":"2023-01-26"},{"lineNumber":38,"author":{"gitId":"pkwangjoo"},"content":"","lastModifiedDate":"2023-01-26"},{"lineNumber":39,"author":{"gitId":"pkwangjoo"},"content":"                if (c.equals(EXIT_TOKEN)) {","lastModifiedDate":"2023-01-26"},{"lineNumber":40,"author":{"gitId":"pkwangjoo"},"content":"                    break;","lastModifiedDate":"2023-01-19"},{"lineNumber":41,"author":{"gitId":"pkwangjoo"},"content":"                }","lastModifiedDate":"2023-01-19"},{"lineNumber":42,"author":{"gitId":"pkwangjoo"},"content":"                c.execute(taskList, ui, storage);","lastModifiedDate":"2023-01-26"},{"lineNumber":43,"author":{"gitId":"pkwangjoo"},"content":"            } catch (TreeBotException e) {","lastModifiedDate":"2023-01-26"},{"lineNumber":44,"author":{"gitId":"pkwangjoo"},"content":"                System.out.println(e.getMessage());","lastModifiedDate":"2023-01-26"},{"lineNumber":45,"author":{"gitId":"pkwangjoo"},"content":"            }","lastModifiedDate":"2023-01-19"},{"lineNumber":46,"author":{"gitId":"pkwangjoo"},"content":"        }","lastModifiedDate":"2023-01-19"},{"lineNumber":47,"author":{"gitId":"pkwangjoo"},"content":"    }","lastModifiedDate":"2023-01-19"},{"lineNumber":48,"author":{"gitId":"pkwangjoo"},"content":"","lastModifiedDate":"2023-01-19"},{"lineNumber":49,"author":{"gitId":"pkwangjoo"},"content":"}","lastModifiedDate":"2023-01-19"}],"authorContributionMap":{"pkwangjoo":49}},{"path":"src/main/java/Ui.java","fileType":"java","lines":[{"lineNumber":1,"author":{"gitId":"pkwangjoo"},"content":"import java.util.Scanner;","lastModifiedDate":"2023-01-26"},{"lineNumber":2,"author":{"gitId":"pkwangjoo"},"content":"","lastModifiedDate":"2023-01-26"},{"lineNumber":3,"author":{"gitId":"pkwangjoo"},"content":"public class Ui {","lastModifiedDate":"2023-01-26"},{"lineNumber":4,"author":{"gitId":"pkwangjoo"},"content":"    private String welcomeString \u003d \"Hello, I\u0027m a tree. How may I be of service?\";","lastModifiedDate":"2023-01-26"},{"lineNumber":5,"author":{"gitId":"pkwangjoo"},"content":"    private Scanner sc \u003d new Scanner(System.in);","lastModifiedDate":"2023-01-26"},{"lineNumber":6,"author":{"gitId":"pkwangjoo"},"content":"","lastModifiedDate":"2023-01-26"},{"lineNumber":7,"author":{"gitId":"pkwangjoo"},"content":"    public void showWelcome() {","lastModifiedDate":"2023-01-26"},{"lineNumber":8,"author":{"gitId":"pkwangjoo"},"content":"        System.out.println(welcomeString);","lastModifiedDate":"2023-01-26"},{"lineNumber":9,"author":{"gitId":"pkwangjoo"},"content":"    }","lastModifiedDate":"2023-01-26"},{"lineNumber":10,"author":{"gitId":"pkwangjoo"},"content":"","lastModifiedDate":"2023-01-26"},{"lineNumber":11,"author":{"gitId":"pkwangjoo"},"content":"    public String readCommand() {","lastModifiedDate":"2023-01-26"},{"lineNumber":12,"author":{"gitId":"pkwangjoo"},"content":"        return sc.nextLine();","lastModifiedDate":"2023-01-26"},{"lineNumber":13,"author":{"gitId":"pkwangjoo"},"content":"    }","lastModifiedDate":"2023-01-26"},{"lineNumber":14,"author":{"gitId":"pkwangjoo"},"content":"","lastModifiedDate":"2023-01-26"},{"lineNumber":15,"author":{"gitId":"pkwangjoo"},"content":"","lastModifiedDate":"2023-01-26"},{"lineNumber":16,"author":{"gitId":"pkwangjoo"},"content":"}","lastModifiedDate":"2023-01-26"},{"lineNumber":17,"author":{"gitId":"pkwangjoo"},"content":"","lastModifiedDate":"2023-01-26"}],"authorContributionMap":{"pkwangjoo":17}},{"path":"src/main/java/exception/InvalidCommandException.java","fileType":"java","lines":[{"lineNumber":1,"author":{"gitId":"pkwangjoo"},"content":"package exception;","lastModifiedDate":"2023-01-19"},{"lineNumber":2,"author":{"gitId":"pkwangjoo"},"content":"","lastModifiedDate":"2023-01-19"},{"lineNumber":3,"author":{"gitId":"pkwangjoo"},"content":"public class InvalidCommandException extends TreeBotException {","lastModifiedDate":"2023-01-19"},{"lineNumber":4,"author":{"gitId":"pkwangjoo"},"content":"    public InvalidCommandException(String errorMessage) {","lastModifiedDate":"2023-01-19"},{"lineNumber":5,"author":{"gitId":"pkwangjoo"},"content":"        super(errorMessage);","lastModifiedDate":"2023-01-19"},{"lineNumber":6,"author":{"gitId":"pkwangjoo"},"content":"    }","lastModifiedDate":"2023-01-19"},{"lineNumber":7,"author":{"gitId":"pkwangjoo"},"content":"}","lastModifiedDate":"2023-01-19"}],"authorContributionMap":{"pkwangjoo":7}},{"path":"src/main/java/exception/InvalidDateTimeFormatException.java","fileType":"java","lines":[{"lineNumber":1,"author":{"gitId":"pkwangjoo"},"content":"package exception;","lastModifiedDate":"2023-01-25"},{"lineNumber":2,"author":{"gitId":"pkwangjoo"},"content":"","lastModifiedDate":"2023-01-25"},{"lineNumber":3,"author":{"gitId":"pkwangjoo"},"content":"public class InvalidDateTimeFormatException extends TaskFactoryException {","lastModifiedDate":"2023-01-25"},{"lineNumber":4,"author":{"gitId":"pkwangjoo"},"content":"","lastModifiedDate":"2023-01-25"},{"lineNumber":5,"author":{"gitId":"pkwangjoo"},"content":"    public InvalidDateTimeFormatException(String errorMessage) {","lastModifiedDate":"2023-01-25"},{"lineNumber":6,"author":{"gitId":"pkwangjoo"},"content":"        super(errorMessage);","lastModifiedDate":"2023-01-25"},{"lineNumber":7,"author":{"gitId":"pkwangjoo"},"content":"    }","lastModifiedDate":"2023-01-25"},{"lineNumber":8,"author":{"gitId":"pkwangjoo"},"content":"}","lastModifiedDate":"2023-01-25"}],"authorContributionMap":{"pkwangjoo":8}},{"path":"src/main/java/exception/MissingTaskDescriptionException.java","fileType":"java","lines":[{"lineNumber":1,"author":{"gitId":"pkwangjoo"},"content":"package exception;","lastModifiedDate":"2023-01-19"},{"lineNumber":2,"author":{"gitId":"pkwangjoo"},"content":"","lastModifiedDate":"2023-01-19"},{"lineNumber":3,"author":{"gitId":"pkwangjoo"},"content":"public class MissingTaskDescriptionException extends TaskFactoryException {","lastModifiedDate":"2023-01-19"},{"lineNumber":4,"author":{"gitId":"pkwangjoo"},"content":"","lastModifiedDate":"2023-01-19"},{"lineNumber":5,"author":{"gitId":"pkwangjoo"},"content":"    public MissingTaskDescriptionException(String errorMessage) {","lastModifiedDate":"2023-01-19"},{"lineNumber":6,"author":{"gitId":"pkwangjoo"},"content":"        super(errorMessage);","lastModifiedDate":"2023-01-19"},{"lineNumber":7,"author":{"gitId":"pkwangjoo"},"content":"    }","lastModifiedDate":"2023-01-19"},{"lineNumber":8,"author":{"gitId":"pkwangjoo"},"content":"}","lastModifiedDate":"2023-01-19"}],"authorContributionMap":{"pkwangjoo":8}},{"path":"src/main/java/exception/TaskFactoryException.java","fileType":"java","lines":[{"lineNumber":1,"author":{"gitId":"pkwangjoo"},"content":"package exception;","lastModifiedDate":"2023-01-19"},{"lineNumber":2,"author":{"gitId":"pkwangjoo"},"content":"","lastModifiedDate":"2023-01-19"},{"lineNumber":3,"author":{"gitId":"pkwangjoo"},"content":"public class TaskFactoryException extends TreeBotException {","lastModifiedDate":"2023-01-19"},{"lineNumber":4,"author":{"gitId":"pkwangjoo"},"content":"","lastModifiedDate":"2023-01-19"},{"lineNumber":5,"author":{"gitId":"pkwangjoo"},"content":"    public TaskFactoryException(String errorMessage) {","lastModifiedDate":"2023-01-19"},{"lineNumber":6,"author":{"gitId":"pkwangjoo"},"content":"        super(errorMessage);","lastModifiedDate":"2023-01-19"},{"lineNumber":7,"author":{"gitId":"pkwangjoo"},"content":"    }","lastModifiedDate":"2023-01-19"},{"lineNumber":8,"author":{"gitId":"pkwangjoo"},"content":"}","lastModifiedDate":"2023-01-19"}],"authorContributionMap":{"pkwangjoo":8}},{"path":"src/main/java/exception/TreeBotException.java","fileType":"java","lines":[{"lineNumber":1,"author":{"gitId":"pkwangjoo"},"content":"package exception;","lastModifiedDate":"2023-01-19"},{"lineNumber":2,"author":{"gitId":"pkwangjoo"},"content":"","lastModifiedDate":"2023-01-19"},{"lineNumber":3,"author":{"gitId":"pkwangjoo"},"content":"public class TreeBotException extends Exception {","lastModifiedDate":"2023-01-19"},{"lineNumber":4,"author":{"gitId":"pkwangjoo"},"content":"    public TreeBotException(String errorMessage) {","lastModifiedDate":"2023-01-19"},{"lineNumber":5,"author":{"gitId":"pkwangjoo"},"content":"        super(errorMessage);","lastModifiedDate":"2023-01-19"},{"lineNumber":6,"author":{"gitId":"pkwangjoo"},"content":"    }","lastModifiedDate":"2023-01-19"},{"lineNumber":7,"author":{"gitId":"pkwangjoo"},"content":"","lastModifiedDate":"2023-01-19"},{"lineNumber":8,"author":{"gitId":"pkwangjoo"},"content":"}","lastModifiedDate":"2023-01-19"}],"authorContributionMap":{"pkwangjoo":8}},{"path":"text-ui-test/input.txt","fileType":"txt","lines":[{"lineNumber":1,"author":{"gitId":"pkwangjoo"},"content":"random","lastModifiedDate":"2023-01-19"},{"lineNumber":2,"author":{"gitId":"pkwangjoo"},"content":"todo","lastModifiedDate":"2023-01-19"},{"lineNumber":3,"author":{"gitId":"pkwangjoo"},"content":"todo return book","lastModifiedDate":"2023-01-19"},{"lineNumber":4,"author":{"gitId":"pkwangjoo"},"content":"deadline do homework /by wednesday","lastModifiedDate":"2023-01-19"},{"lineNumber":5,"author":{"gitId":"pkwangjoo"},"content":"event project meeting /from friday 4pm /to 6pm","lastModifiedDate":"2023-01-19"},{"lineNumber":6,"author":{"gitId":"pkwangjoo"},"content":"list","lastModifiedDate":"2023-01-19"},{"lineNumber":7,"author":{"gitId":"pkwangjoo"},"content":"bye","lastModifiedDate":"2023-01-19"}],"authorContributionMap":{"pkwangjoo":7}},{"path":"text-ui-test/runtest.sh","fileType":"sh","lines":[{"lineNumber":1,"author":{"gitId":"-"},"content":"#!/usr/bin/env bash","lastModifiedDate":"2020-05-25"},{"lineNumber":2,"author":{"gitId":"-"},"content":"","lastModifiedDate":"2020-05-25"},{"lineNumber":3,"author":{"gitId":"-"},"content":"# create bin directory if it doesn\u0027t exist","lastModifiedDate":"2020-05-25"},{"lineNumber":4,"author":{"gitId":"-"},"content":"if [ ! -d \"../bin\" ]","lastModifiedDate":"2020-05-25"},{"lineNumber":5,"author":{"gitId":"-"},"content":"then","lastModifiedDate":"2020-05-25"},{"lineNumber":6,"author":{"gitId":"-"},"content":"    mkdir ../bin","lastModifiedDate":"2020-05-25"},{"lineNumber":7,"author":{"gitId":"-"},"content":"fi","lastModifiedDate":"2020-05-25"},{"lineNumber":8,"author":{"gitId":"-"},"content":"","lastModifiedDate":"2020-05-25"},{"lineNumber":9,"author":{"gitId":"-"},"content":"# delete output from previous run","lastModifiedDate":"2020-05-25"},{"lineNumber":10,"author":{"gitId":"-"},"content":"if [ -e \"./ACTUAL.TXT\" ]","lastModifiedDate":"2020-05-25"},{"lineNumber":11,"author":{"gitId":"-"},"content":"then","lastModifiedDate":"2020-05-25"},{"lineNumber":12,"author":{"gitId":"-"},"content":"    rm ACTUAL.TXT","lastModifiedDate":"2020-05-25"},{"lineNumber":13,"author":{"gitId":"-"},"content":"fi","lastModifiedDate":"2020-05-25"},{"lineNumber":14,"author":{"gitId":"-"},"content":"","lastModifiedDate":"2020-05-25"},{"lineNumber":15,"author":{"gitId":"-"},"content":"# compile the code into the bin folder, terminates if error occurred","lastModifiedDate":"2020-05-25"},{"lineNumber":16,"author":{"gitId":"-"},"content":"if ! javac -cp ../src/main/java -Xlint:none -d ../bin ../src/main/java/*.java","lastModifiedDate":"2020-08-25"},{"lineNumber":17,"author":{"gitId":"-"},"content":"then","lastModifiedDate":"2020-05-25"},{"lineNumber":18,"author":{"gitId":"-"},"content":"    echo \"********** BUILD FAILURE **********\"","lastModifiedDate":"2020-05-25"},{"lineNumber":19,"author":{"gitId":"-"},"content":"    exit 1","lastModifiedDate":"2020-05-25"},{"lineNumber":20,"author":{"gitId":"-"},"content":"fi","lastModifiedDate":"2020-05-25"},{"lineNumber":21,"author":{"gitId":"-"},"content":"","lastModifiedDate":"2020-05-25"},{"lineNumber":22,"author":{"gitId":"-"},"content":"# run the program, feed commands from input.txt file and redirect the output to the ACTUAL.TXT","lastModifiedDate":"2020-05-25"},{"lineNumber":23,"author":{"gitId":"pkwangjoo"},"content":"java -classpath ../bin Main \u003c input.txt \u003e ACTUAL.TXT","lastModifiedDate":"2023-01-19"},{"lineNumber":24,"author":{"gitId":"-"},"content":"","lastModifiedDate":"2020-05-25"},{"lineNumber":25,"author":{"gitId":"-"},"content":"# convert to UNIX format","lastModifiedDate":"2020-05-25"},{"lineNumber":26,"author":{"gitId":"-"},"content":"cp EXPECTED.TXT EXPECTED-UNIX.TXT","lastModifiedDate":"2020-05-25"},{"lineNumber":27,"author":{"gitId":"-"},"content":"dos2unix ACTUAL.TXT EXPECTED-UNIX.TXT","lastModifiedDate":"2020-05-25"},{"lineNumber":28,"author":{"gitId":"-"},"content":"","lastModifiedDate":"2020-05-25"},{"lineNumber":29,"author":{"gitId":"-"},"content":"# compare the output to the expected output","lastModifiedDate":"2020-05-25"},{"lineNumber":30,"author":{"gitId":"-"},"content":"diff ACTUAL.TXT EXPECTED-UNIX.TXT","lastModifiedDate":"2020-05-25"},{"lineNumber":31,"author":{"gitId":"-"},"content":"if [ $? -eq 0 ]","lastModifiedDate":"2020-05-25"},{"lineNumber":32,"author":{"gitId":"-"},"content":"then","lastModifiedDate":"2020-05-25"},{"lineNumber":33,"author":{"gitId":"-"},"content":"    echo \"Test result: PASSED\"","lastModifiedDate":"2020-05-25"},{"lineNumber":34,"author":{"gitId":"-"},"content":"    exit 0","lastModifiedDate":"2020-05-25"},{"lineNumber":35,"author":{"gitId":"-"},"content":"else","lastModifiedDate":"2020-05-25"},{"lineNumber":36,"author":{"gitId":"-"},"content":"    echo \"Test result: FAILED\"","lastModifiedDate":"2020-05-25"},{"lineNumber":37,"author":{"gitId":"-"},"content":"    exit 1","lastModifiedDate":"2020-05-25"},{"lineNumber":38,"author":{"gitId":"-"},"content":"fi","lastModifiedDate":"2020-05-25"}],"authorContributionMap":{"pkwangjoo":1,"-":37}}]
