{"authorDailyContributionsMap":{"pkwangjoo":[{"date":"2023-01-19","commitResults":[{"hash":"dd850f2005e408b021342a364c77f0c4b894e218","messageTitle":"implement greet, echo and exit","messageBody":"","tags":["Level-1"],"fileTypesAndContributionMap":{"java":{"insertions":49,"deletions":0}}},{"hash":"13c702d7c126809c79084fa095cea8e830d6f094","messageTitle":"implement add, list","messageBody":"","tags":["Level-2"],"fileTypesAndContributionMap":{"java":{"insertions":22,"deletions":5}}},{"hash":"f67d048f1f8747b647d27a4dcc6a9ac29820e553","messageTitle":"implement mark as done","messageBody":"","tags":["Level-3"],"fileTypesAndContributionMap":{"java":{"insertions":46,"deletions":8}}},{"hash":"3e100751df25343a182c5195fc88025dc28ff90c","messageTitle":"implement ToDos, Events, Deadlines","messageBody":"","tags":["Level-4"],"fileTypesAndContributionMap":{"java":{"insertions":96,"deletions":7}}},{"hash":"2edb024106d37042f51183258e0646cab7c3dfa7","messageTitle":"implement error handling","messageBody":"","tags":["Level-5"],"fileTypesAndContributionMap":{"java":{"insertions":76,"deletions":14}}},{"hash":"aa6af282611576a518ce89de796e3b6f4115e36d","messageTitle":"implement delete task","messageBody":"","tags":["Level-6"],"fileTypesAndContributionMap":{"java":{"insertions":9,"deletions":0}}},{"hash":"2253d8413590b26b5290be182d1334b6fe4f6444","messageTitle":"implement automated text ui testing","messageBody":"","tags":["A-TextUiTesting"],"fileTypesAndContributionMap":{"txt":{"insertions":7,"deletions":0},"sh":{"insertions":1,"deletions":1}}}]},{"date":"2023-01-23","commitResults":[{"hash":"21bc58ba5aa0bf4d67bbf0ea8007541ec764e4cb","messageTitle":"remove redundant try catch block","messageBody":"","fileTypesAndContributionMap":{"java":{"insertions":0,"deletions":6}}},{"hash":"f5f9b83d08134cf9d8a9840060111a2889bd0dd0","messageTitle":"indent switch case according to convention","messageBody":"","fileTypesAndContributionMap":{"java":{"insertions":26,"deletions":26}}}]},{"date":"2023-01-24","commitResults":[{"hash":"8ef885c2d1f2db87f016b2ba9ed978aeaddff2de","messageTitle":"implement save task list state to data file","messageBody":"","fileTypesAndContributionMap":{"java":{"insertions":46,"deletions":0}}}]},{"date":"2023-01-25","commitResults":[{"hash":"b104785938beedd7a1ca1d9001dd26f499f8c119","messageTitle":"implement load tasks from saved data","messageBody":"","fileTypesAndContributionMap":{"java":{"insertions":43,"deletions":4}}},{"hash":"998b48e9bdd145585d177343ee927d48c34f74b5","messageTitle":"remove redundant print statement","messageBody":"","fileTypesAndContributionMap":{"java":{"insertions":0,"deletions":1}}},{"hash":"4e878f6ce0bcdb7d13e7e4bc729be52359f6f5f8","messageTitle":"make treebot store date and time as LocalDateTime","messageBody":"","fileTypesAndContributionMap":{"java":{"insertions":55,"deletions":17}}}]},{"date":"2023-01-26","commitResults":[{"hash":"20569c583e6f5188c7dfc8af5765c70e2efc2299","messageTitle":"fix localDateTime formatting issue when casting task","messageBody":"","fileTypesAndContributionMap":{"java":{"insertions":7,"deletions":4}}},{"hash":"491fa41bfc08283f78fdf604795fa1046af7b47a","messageTitle":"implement Ui class to abstract user interaction","messageBody":"","fileTypesAndContributionMap":{"java":{"insertions":22,"deletions":3}}},{"hash":"357e1615a69132a779630eae96d60e7ea76c7e61","messageTitle":"add commands for list, add, delete, mark, unmark","messageBody":"","fileTypesAndContributionMap":{"java":{"insertions":69,"deletions":0}}},{"hash":"bb443783cf81cc5ce659b35e66ce473efba45784","messageTitle":"abstract file r/w using storage class","messageBody":"","fileTypesAndContributionMap":{"java":{"insertions":89,"deletions":58}}},{"hash":"77d24b40e6dd730f0c1fcbdf637a0f3636f9ff65","messageTitle":"implement parser and integrate commands and storage","messageBody":"","fileTypesAndContributionMap":{"java":{"insertions":101,"deletions":101}}},{"hash":"16838c4d44e7124672611b4b7757f959f89b95c6","messageTitle":"implement tasklist to abstract task collection","messageBody":"","tags":["A-MoreOOP"],"fileTypesAndContributionMap":{"java":{"insertions":57,"deletions":20}}}]}]},"authorFileTypeContributionMap":{"pkwangjoo":{"java":539,"md":0,"fxml":0,"sh":1,"bat":0,"gradle":0,"txt":7}},"authorContributionVariance":{"pkwangjoo":23737.205},"authorDisplayNameMap":{"pkwangjoo":"CS2103T-T17-2 PARK.. JOO"}}
