{"authorDailyContributionsMap":{"thennant":[{"date":"2023-01-16","commitResults":[{"hash":"b447b053f9eb399321d673647cdfc467eb7a854f","isMergeCommit":false,"messageTitle":"created skeletal version of crystal","messageBody":"","tags":["Level-1"],"fileTypesAndContributionMap":{"java":{"insertions":22,"deletions":0}}},{"hash":"30cc127ee1b3345c76abc1a31e552230831d6a06","isMergeCommit":false,"messageTitle":"added new features \"add and list\" to Crystal","messageBody":"","tags":["Level-2"],"fileTypesAndContributionMap":{"java":{"insertions":19,"deletions":5}}}]},{"date":"2023-01-17","commitResults":[{"hash":"a9d63da6bb6901fdcbd65528faca6643a9866365","isMergeCommit":false,"messageTitle":"added mark and unmark features to Crystal","messageBody":"","tags":["Level-3"],"fileTypesAndContributionMap":{"java":{"insertions":50,"deletions":5}}},{"hash":"0d6d8fc374705b0ee16450ae28e6e0ba98e9227c","isMergeCommit":false,"messageTitle":"added todo, event, deadline features to Crystal","messageBody":"","tags":["Level-4"],"fileTypesAndContributionMap":{"java":{"insertions":109,"deletions":6}}},{"hash":"5fcc841f3e171cd0c01ec7fbdd0d033ed44abc15","isMergeCommit":false,"messageTitle":"added Crystal Exception class and handle empty todo description and unrecognised term exceptions","messageBody":"","tags":["Level-5"],"fileTypesAndContributionMap":{"java":{"insertions":95,"deletions":80}}}]},{"date":"2023-01-18","commitResults":[{"hash":"a42edc15ed5b595415f9e2b6ea2aaec6dea8472e","isMergeCommit":false,"messageTitle":"added delete feature to Crystal","messageBody":"","tags":["Level-6"],"fileTypesAndContributionMap":{"java":{"insertions":17,"deletions":2}}}]},{"date":"2023-01-19","commitResults":[{"hash":"5652673ffc60940a4efb8ab24c6d2aa0f30e9e75","isMergeCommit":false,"messageTitle":"Change the code for string formatting of event and deadline","messageBody":"","fileTypesAndContributionMap":{"java":{"insertions":10,"deletions":12}}},{"hash":"afcf20e50e867fedbc61a314d9530786f151ce7f","isMergeCommit":false,"messageTitle":"done automated Text-UI testing","messageBody":"","tags":["A-TextUiTesting"],"fileTypesAndContributionMap":{"txt":{"insertions":10,"deletions":0},"java":{"insertions":1,"deletions":1},"bat":{"insertions":1,"deletions":1},"sh":{"insertions":1,"deletions":1}}}]},{"date":"2023-01-22","commitResults":[{"hash":"44ca98b265e547e4503b97582072ecfe30ccb3ad","isMergeCommit":false,"messageTitle":"Created save and load data Made task class abstract Remove uncessary methods from Todo, Event, Deadline class","messageBody":"","tags":["Level-7"],"fileTypesAndContributionMap":{"java":{"insertions":167,"deletions":29}}}]},{"date":"2023-01-24","commitResults":[{"hash":"dfaa37bebba2823918e8e5d2bdab3f550c37ccbc","isMergeCommit":false,"messageTitle":"taught Crystal how to recognise dates and time","messageBody":"","fileTypesAndContributionMap":{"java":{"insertions":83,"deletions":11}}},{"hash":"4ddd52484a66bcc56e0642fb49f636b7af6535b1","isMergeCommit":true,"messageTitle":"Merge branch \u0027branch-Level-8\u0027","messageBody":"# Conflicts:\n#\tsrc/main/java/Crystal.java\nSettled merged conflicts\n","tags":["Level-8"],"fileTypesAndContributionMap":{}}]},{"date":"2023-01-25","commitResults":[{"hash":"55d84c5f03b23d6de46d8302e2217ced9f6e7b34","isMergeCommit":false,"messageTitle":"Added Ui, Storage, Parser, Tasklist and Command classes","messageBody":"","tags":["A-MoreOOP"],"fileTypesAndContributionMap":{"java":{"insertions":470,"deletions":267}}},{"hash":"131624313021a8e708f453334ffe836f38975680","isMergeCommit":false,"messageTitle":"Divided classes into packages","messageBody":"","tags":["A-Packages"],"fileTypesAndContributionMap":{"java":{"insertions":90,"deletions":11}}}]},{"date":"2023-01-26","commitResults":[{"hash":"32e4a852113c90e4f96c63bb47e2b584ee5785b5","isMergeCommit":true,"messageTitle":"Merge branch \u0027add-gradle-support\u0027","messageBody":"","tags":["A-Gradle"],"fileTypesAndContributionMap":{}}]},{"date":"2023-01-28","commitResults":[{"hash":"6f7c7d376898c52b65fc294ca6addaa0a4063198","isMergeCommit":false,"messageTitle":"added JUnit test, change the deadline and event classes date time inputs and outputs","messageBody":"","tags":["A-Jar","A-JUnit"],"fileTypesAndContributionMap":{"java":{"insertions":126,"deletions":83}}},{"hash":"2963205b68099fd1b844caa38cf3ded7d9553a92","isMergeCommit":false,"messageTitle":"Added java docs to all classes","messageBody":"","fileTypesAndContributionMap":{"gradle":{"insertions":2,"deletions":2},"java":{"insertions":543,"deletions":21}}}]},{"date":"2023-01-29","commitResults":[{"hash":"5ff1330db3ab35df0080c25b2370b066a47420fd","isMergeCommit":false,"messageTitle":"Tweak the code to comply with the coding standard","messageBody":"","fileTypesAndContributionMap":{"java":{"insertions":131,"deletions":137}}},{"hash":"e8d2a5debc8ebb7f48e3f6c84dba79c88dd3306b","isMergeCommit":false,"messageTitle":"added find feature for users to find a task by searching for a keyword.","messageBody":"","fileTypesAndContributionMap":{"java":{"insertions":43,"deletions":0}}},{"hash":"58d21bb451495688f6ba04f1d024f0c3522841fb","isMergeCommit":true,"messageTitle":"Merge branch \u0027branch-A-JavaDoc\u0027","messageBody":"","tags":["A-JavaDoc"],"fileTypesAndContributionMap":{}},{"hash":"f5f97f511aca9db2fc2935a44b4c710bb750db5b","isMergeCommit":true,"messageTitle":"Merge branch \u0027branch-A-CodingStandard\u0027","messageBody":"# Conflicts:\n#\tsrc/main/java/crystal/CrystalException.java\n#\tsrc/main/java/crystal/Storage.java\n#\tsrc/main/java/crystal/Ui.java\n#\tsrc/main/java/crystal/command/DeadlineCommand.java\n#\tsrc/main/java/crystal/command/TodoCommand.java\n#\tsrc/main/java/crystal/task/Deadline.java\n#\tsrc/test/java/crystal/task/EventTest.java\n","tags":["A-CodingStandard"],"fileTypesAndContributionMap":{}},{"hash":"52369789fea30341b0a293296a5513b1d6792e9b","isMergeCommit":true,"messageTitle":"Merge branch \u0027branch-Level-9\u0027","messageBody":"# Conflicts:\n#\tsrc/main/java/crystal/Parser.java\n#\tsrc/main/java/crystal/task/Task.java\n","tags":["Level-9"],"fileTypesAndContributionMap":{}}]},{"date":"2023-02-03","commitResults":[{"hash":"848dd76a1bf7621cb610e6a4fde9a70d02d2a70a","isMergeCommit":false,"messageTitle":"Added a GUI to Crystal.","messageBody":"","tags":["Level-10"],"fileTypesAndContributionMap":{"gradle":{"insertions":20,"deletions":0},"fxml":{"insertions":35,"deletions":0},"java":{"insertions":510,"deletions":123}}}]},{"date":"2023-02-07","commitResults":[{"hash":"23c7080d5255a36d0440e239b3275d3130d55c88","isMergeCommit":false,"messageTitle":"TaskList class: Added assertion to get() and remove() methods Assert is added to check for negative index","messageBody":"Event class: Added assert to Event constructor\nAssert is added to check that the to date is not before the the from date\n\nTask class: Added assert to getDescription() method\nAssert is added to check that description of task is not empty\n","fileTypesAndContributionMap":{"gradle":{"insertions":1,"deletions":0},"java":{"insertions":4,"deletions":1}}}]},{"date":"2023-02-08","commitResults":[{"hash":"c5393c143000543edda0dcb3ecec29909cd3d489","isMergeCommit":false,"messageTitle":"Add Checkstyle","messageBody":"","fileTypesAndContributionMap":{"gradle":{"insertions":5,"deletions":0}}},{"hash":"f2c698160f280a7af8f9cf4bf504c157936e6052","isMergeCommit":true,"messageTitle":"Merge branch \u0027branch-A-CheckStyle\u0027","messageBody":"","tags":["A-CheckStyle"],"fileTypesAndContributionMap":{}}]},{"date":"2023-02-09","commitResults":[{"hash":"0f2fc21d27d75b177efa419d5125740dad05b0ad","isMergeCommit":false,"messageTitle":"* Added checkstyle * Refactored parser class code * Improve code quality for all classes * Removed unnecessary code","messageBody":"","fileTypesAndContributionMap":{"fxml":{"insertions":4,"deletions":4},"java":{"insertions":187,"deletions":257}}},{"hash":"3e9dcaeca1fad920e62caada459b4e613b99e2e9","isMergeCommit":true,"messageTitle":"Merge pull request #1 from thennant/branch-A-Assertions","messageBody":"TaskList class: Added assertion to get() and remove() methods","fileTypesAndContributionMap":{}},{"hash":"a6e10ed107c7cf89544f38babea2806187223564","isMergeCommit":true,"messageTitle":"Merge branch \u0027branch-A-Assertions\u0027","messageBody":"","tags":["A-Assertions"],"fileTypesAndContributionMap":{}},{"hash":"21254b6d6be21bd5d3694bfcdd101fc9183258c7","isMergeCommit":true,"messageTitle":"Merge pull request #2 from thennant/branch-A-CodeQuality","messageBody":"Branch a code quality","fileTypesAndContributionMap":{}},{"hash":"b83a9c38c21f850db86b8dcbe881af443a9055b5","isMergeCommit":true,"messageTitle":"Merge branch \u0027branch-A-CodeQuality\u0027","messageBody":"","tags":["A-CodeQuality"],"fileTypesAndContributionMap":{}}]},{"date":"2023-02-10","commitResults":[{"hash":"192cb8e1d51b87a3199f735d28e9b8aa160d7d92","isMergeCommit":false,"messageTitle":"Add Priority Command","messageBody":"Priority Command was added as an extension feature to allow users to set priority tags and level to the task of their choice\n\nPriority Command class was made to implement this feature\n\nIt is implemented as a class as the user is expected  to input the priority command to set the tag to the specific task\n","tags":["BCD-Extension","A-FullCommitMessage"],"fileTypesAndContributionMap":{"java":{"insertions":115,"deletions":8}}},{"hash":"c8efa05b7c3ecdcfad155c594dfb892e4563cdb8","isMergeCommit":true,"messageTitle":"Merge branch \u0027branch-BCD-Extension\u0027","messageBody":"","fileTypesAndContributionMap":{}}]},{"date":"2023-02-15","commitResults":[{"hash":"1b5a3859240cc607e35098e310919e950ce3f14f","isMergeCommit":false,"messageTitle":"Add user guide and representative image","messageBody":"Changed profile picture of crystal and user\n","tags":["A-UserGuide"],"fileTypesAndContributionMap":{"fxml":{"insertions":1,"deletions":0},"java":{"insertions":36,"deletions":14},"md":{"insertions":266,"deletions":8}}},{"hash":"31641830e4c479c1d843418c0b175e22b666a777","isMergeCommit":false,"messageTitle":"Add Ui image and edit section hyperlinks","messageBody":"","fileTypesAndContributionMap":{"md":{"insertions":4,"deletions":2}}},{"hash":"43631cdfc6d82780b9d1ca35c2287a68da6375e7","isMergeCommit":false,"messageTitle":"Update README.md","messageBody":"","fileTypesAndContributionMap":{"md":{"insertions":6,"deletions":1}}},{"hash":"e1f31dc45e161467cc9159162aeea1a300b780b1","isMergeCommit":true,"messageTitle":"Merge branch \u0027master\u0027 of https://github.com/thennant/ip","messageBody":"* \u0027master\u0027 of https://github.com/thennant/ip:\n  Update README.md\n","fileTypesAndContributionMap":{}},{"hash":"7e76d0e136a90efcb806d46ed1187d95197f8554","isMergeCommit":false,"messageTitle":"Add exit feature to Main Window","messageBody":"Exit feature was added so that when bye command is entered, the window will close after 1.5 seconds\n\nUpdated the user guide\n","fileTypesAndContributionMap":{"gradle":{"insertions":1,"deletions":1},"java":{"insertions":18,"deletions":0},"md":{"insertions":4,"deletions":3}}}]},{"date":"2023-02-17","commitResults":[{"hash":"fe38437bef0399e89f7f19ea3067fecf6cfe5973","isMergeCommit":false,"messageTitle":"Storage class code is too long and reads the text file as a string.","messageBody":"The user cannot overwrrite the old data.\n\nStorage class code is reformatted to be shorter and read the data dynamically.\nThis allows the user to overwrite the old data\n\nReadME md is also updated\n","tags":["A-Release"],"fileTypesAndContributionMap":{"java":{"insertions":100,"deletions":114},"md":{"insertions":2,"deletions":2}}}]}]},"authorFileTypeContributionMap":{"thennant":{"java":1493,"md":266,"fxml":36,"sh":1,"bat":1,"gradle":28,"txt":10}},"authorContributionVariance":{"thennant":52186.566},"authorDisplayNameMap":{"thennant":"CS2103T-W13-1 THEN..RONG"}}
