{"authorDailyContributionsMap":{"pangrwa":[{"date":"2023-01-18","commitResults":[{"hash":"31c4e396127f0259279f5cc5d92658437fc6412a","messageTitle":"Level-1","messageBody":"","tags":["Level-1"],"fileTypesAndContributionMap":{"java":{"insertions":58,"deletions":10}}},{"hash":"04a2d192c4a467efbdf1d0715ea554511e0acec3","messageTitle":"Level-2","messageBody":"","tags":["Level-2"],"fileTypesAndContributionMap":{"java":{"insertions":21,"deletions":5}}},{"hash":"a1dff42c86018d999895f2a01361cec0b83dc38a","messageTitle":"Level-3","messageBody":"","tags":["Level-3"],"fileTypesAndContributionMap":{"java":{"insertions":69,"deletions":12}}},{"hash":"cdd3ee4d75e5d36803965f100eedefdda8009310","messageTitle":"Level-4","messageBody":"","tags":["Level-4"],"fileTypesAndContributionMap":{"java":{"insertions":70,"deletions":5}}}]},{"date":"2023-01-19","commitResults":[{"hash":"71b51eee4b0758a293088e2dd2561f0bafb1ac38","messageTitle":"Level-5","messageBody":"","tags":["Level-5"],"fileTypesAndContributionMap":{"txt":{"insertions":7,"deletions":0},"java":{"insertions":73,"deletions":37},"bat":{"insertions":1,"deletions":0},"sh":{"insertions":1,"deletions":1}}},{"hash":"07a02dc673dd95c35f6d2db23fcf0880ce713298","messageTitle":"Level-6","messageBody":"","tags":["Level-6"],"fileTypesAndContributionMap":{"java":{"insertions":24,"deletions":2}}},{"hash":"7986253a5615c9c16d5afc870ad21817fd40daa1","messageTitle":"A-TextUiTesting","messageBody":"","tags":["A-TextUiTesting"],"fileTypesAndContributionMap":{"txt":{"insertions":4,"deletions":1},"java":{"insertions":16,"deletions":16}}}]},{"date":"2023-01-23","commitResults":[{"hash":"302c09451cc14f9dad4f254c48292dc4c107dca4","messageTitle":"Fix grammar errors by Alfred","messageBody":"","fileTypesAndContributionMap":{"java":{"insertions":4,"deletions":3}}}]},{"date":"2023-01-25","commitResults":[{"hash":"86f416a814bcfc32af77b338322d4a9ab63f225b","messageTitle":"branch-Level-7","messageBody":"","tags":["Level-7"],"fileTypesAndContributionMap":{"txt":{"insertions":4,"deletions":0},"java":{"insertions":116,"deletions":5}}}]},{"date":"2023-01-28","commitResults":[{"hash":"0e24eabf443cc52cb69301c6f5faa01b65020513","messageTitle":"branch-Level-8","messageBody":"","fileTypesAndContributionMap":{"java":{"insertions":49,"deletions":19}}},{"hash":"d32514b2f2dc95c97178de8031565b9900b72835","messageTitle":"Add list date items feature","messageBody":"","fileTypesAndContributionMap":{"java":{"insertions":51,"deletions":2}}},{"hash":"3653aea42568da221fffc61e69e367b46dcb2c94","messageTitle":"Fix some parsing issues of date because of merging","messageBody":"","fileTypesAndContributionMap":{"txt":{"insertions":9,"deletions":12},"java":{"insertions":9,"deletions":7}}}]},{"date":"2023-01-29","commitResults":[{"hash":"13da8bf1922bef2e8dff29534adeed1ca6dc142f","messageTitle":"A-MoreOOP: Abstract components out","messageBody":"","tags":["A-MoreOOP"],"fileTypesAndContributionMap":{"txt":{"insertions":0,"deletions":1},"java":{"insertions":492,"deletions":82}}},{"hash":"b35740298f5078bfee4b6b93becfabf2ff4c8eab","messageTitle":"A-Packages: divide classes into packages","messageBody":"","tags":["A-Packages"],"fileTypesAndContributionMap":{"java":{"insertions":124,"deletions":261}}},{"hash":"7262419e527503fa4d80aa4b8f807b026eff7eef","messageTitle":"A-Gradle: Automate project builds using Gradle","messageBody":"","tags":["A-Gradle"],"fileTypesAndContributionMap":{"gradle":{"insertions":5,"deletions":0},"java":{"insertions":12,"deletions":7}}}]},{"date":"2023-01-30","commitResults":[{"hash":"967fa48b9bd4f8f14103c6ddca5af33d6d5e180d","messageTitle":"A-JUnit: Add test files","messageBody":"","tags":["A-JUnit"],"fileTypesAndContributionMap":{"java":{"insertions":226,"deletions":6}}}]},{"date":"2023-01-31","commitResults":[{"hash":"946460c6491e1dd78cd03e93d444c6a0dcb94ec5","messageTitle":"A-Jar: Package app as a JAR file","messageBody":"","tags":["A-Jar"],"fileTypesAndContributionMap":{"gradle":{"insertions":17,"deletions":3}}},{"hash":"7f144950b582803d66e448e9501dd09a5fd0005c","messageTitle":"A-JavaDoc: Add JavaDoc comments.","messageBody":"","tags":["A-JavaDoc"],"fileTypesAndContributionMap":{"java":{"insertions":388,"deletions":46}}},{"hash":"ad179142253651b8159050911c681f2a23ce1db5","messageTitle":"A-CodingStandard: Tweak the code to comply with a coding standard.","messageBody":"","fileTypesAndContributionMap":{"java":{"insertions":60,"deletions":44}}}]},{"date":"2023-02-01","commitResults":[{"hash":"72bd5864505d44629f9d67715a798dc60a832d8f","messageTitle":"Level-9: Allow users to find tasks through keywords.","messageBody":"","fileTypesAndContributionMap":{"java":{"insertions":88,"deletions":1}}},{"hash":"59f2422d7e711da5b4785770d11b7fad4b024509","messageTitle":"Add import statement in Parser to accommodate for new class FindCommand.","messageBody":"","fileTypesAndContributionMap":{"java":{"insertions":1,"deletions":0}}},{"hash":"0b3faaabd6badddb3e0b7114df8b4f817be8a147","messageTitle":"Fix checking of wordDict in Task","messageBody":"","tags":["Level-9"],"fileTypesAndContributionMap":{"txt":{"insertions":3,"deletions":0},"java":{"insertions":4,"deletions":5}}}]},{"date":"2023-02-04","commitResults":[{"hash":"5fbba110159a8d94e806cccbe5c5f3e53818b0a1","messageTitle":"A-CheckStyle: Fix check style related issues except for test classes","messageBody":"","fileTypesAndContributionMap":{"txt":{"insertions":2,"deletions":3}}}]},{"date":"2023-02-08","commitResults":[{"hash":"190347c64874ecb5c5a87db94c1b400ca4b4eebf","messageTitle":"Level 10: Sync GUI with code logic.","messageBody":"","fileTypesAndContributionMap":{"txt":{"insertions":4,"deletions":1},"fxml":{"insertions":41,"deletions":0},"java":{"insertions":282,"deletions":63}}}]},{"date":"2023-02-09","commitResults":[{"hash":"ebd649a4612d5be3881a4d4d5029589ba146b68c","messageTitle":"Abstract components","messageBody":"","fileTypesAndContributionMap":{"gradle":{"insertions":1,"deletions":1},"fxml":{"insertions":2,"deletions":2},"java":{"insertions":8,"deletions":5}}},{"hash":"77413d43bc08d761e7ab70da75e4780e178b2abd","messageTitle":"Fix check styles for Main","messageBody":"","tags":["A-CheckStyle"],"fileTypesAndContributionMap":{"fxml":{"insertions":1,"deletions":1},"java":{"insertions":29,"deletions":6}}},{"hash":"368d3c34c878dd17ed15bae00af9eaaa4242593e","messageTitle":"Level-10: Modify time taken to close app","messageBody":"","tags":["Level-10"],"fileTypesAndContributionMap":{"java":{"insertions":1,"deletions":1}}},{"hash":"730b710df7cd1aa91dc2300ad302c8c0e5cf027d","messageTitle":"A-Assertions: Add some assert statements to check control flow invariants","messageBody":"","fileTypesAndContributionMap":{"gradle":{"insertions":1,"deletions":1},"java":{"insertions":8,"deletions":0}}},{"hash":"f1a8e9812818b88e25a139bf1535e8762d8f0309","messageTitle":"Fix GUI bug: Syntax error in MainWindow","messageBody":"","fileTypesAndContributionMap":{"fxml":{"insertions":1,"deletions":1},"java":{"insertions":1,"deletions":0}}}]},{"date":"2023-02-10","commitResults":[{"hash":"4a27088c522eb33acb5ecf762b42697a42e2bc7a","messageTitle":"A-CodeQuality: Adjust code logic to adhere to code quality","messageBody":"","fileTypesAndContributionMap":{"txt":{"insertions":2,"deletions":5},"java":{"insertions":514,"deletions":281}}}]},{"date":"2023-02-13","commitResults":[{"hash":"aafb490b62547e9399f11db5df4e3ebdf2874d85","messageTitle":"Add Stream into TaskList","messageBody":"","fileTypesAndContributionMap":{"txt":{"insertions":1,"deletions":4},"java":{"insertions":6,"deletions":4}}}]},{"date":"2023-02-15","commitResults":[{"hash":"ecd0ac4aa881c8d1add7fee8443a3d460885ba85","messageTitle":"set up CI by adding gradle.yml","messageBody":"","tags":["A-CI"],"fileTypesAndContributionMap":{"txt":{"insertions":0,"deletions":1}}},{"hash":"4fc358d955734cc4267a9f0fd311265aefad5598","messageTitle":"add C-Help functionality","messageBody":"","fileTypesAndContributionMap":{"java":{"insertions":65,"deletions":2}}}]},{"date":"2023-02-17","commitResults":[{"hash":"35bd98840c6c0ffc3b11fd9f695630afec08f253","messageTitle":"Modify text box, text box colour, font, image shape","messageBody":"","fileTypesAndContributionMap":{"txt":{"insertions":7,"deletions":1},"fxml":{"insertions":17,"deletions":10},"java":{"insertions":11,"deletions":3}}},{"hash":"994eb5f95538427d508980bcfc75a2f9adf8b8a2","messageTitle":"Fix bug: deadline and event parsed string message wrongly","messageBody":"","fileTypesAndContributionMap":{"txt":{"insertions":1,"deletions":1},"java":{"insertions":2,"deletions":2}}},{"hash":"ade2d449369d3b78b24d9b321e1ebb930b44eaf6","messageTitle":"Add new user and Alfred picture","messageBody":"","fileTypesAndContributionMap":{"fxml":{"insertions":1,"deletions":1},"java":{"insertions":2,"deletions":2}}},{"hash":"2d409e8dc99dbfa52c0aa8a4599e17c5c5d4f3aa","messageTitle":"Improve personality of Alfred","messageBody":"","tags":["A-Personality"],"fileTypesAndContributionMap":{"txt":{"insertions":3,"deletions":1},"java":{"insertions":86,"deletions":33}}},{"hash":"9f589fcde2f8505b2076ea139c203bd311e54646","messageTitle":"Increase GUI width and height","messageBody":"","fileTypesAndContributionMap":{"fxml":{"insertions":5,"deletions":5}}},{"hash":"98eda0754dd8305436df67b120af0f8c179eff88","messageTitle":"Add some assert statements, modify some InvalidCommandException","messageBody":"","tags":["A-MoreErrorHandling"],"fileTypesAndContributionMap":{"txt":{"insertions":1,"deletions":0},"java":{"insertions":8,"deletions":11}}},{"hash":"56421485a3ebb5db0404676bdbe35350b9f43d4c","messageTitle":"Add some test cases, inclucdes ParserTest","messageBody":"","tags":["A-MoreTesting"],"fileTypesAndContributionMap":{"java":{"insertions":50,"deletions":152}}},{"hash":"14fddc71027d4aeef06f9e8a065d8f91b4af7013","messageTitle":"Edit README.md","messageBody":"","tags":["A-UserGuide","A-Release"],"fileTypesAndContributionMap":{"txt":{"insertions":2,"deletions":4},"java":{"insertions":17,"deletions":18},"md":{"insertions":92,"deletions":13}}},{"hash":"c813771715e54bb7b9a6b942e76a1a2052f89e9d","messageTitle":"Modified some Javadoc","messageBody":"","fileTypesAndContributionMap":{"java":{"insertions":21,"deletions":19}}}]}]},"authorFileTypeContributionMap":{"pangrwa":{"java":1883,"md":92,"fxml":48,"sh":1,"bat":1,"gradle":22,"txt":12}},"authorContributionVariance":{"pangrwa":57584.754},"authorDisplayNameMap":{"pangrwa":"CS2103T-T09-4 PANG.. WEI"}}
