{"authorDailyContributionsMap":{"pangrwa":[{"date":"2023-01-18","commitResults":[{"hash":"31c4e396127f0259279f5cc5d92658437fc6412a","messageTitle":"Level-1","messageBody":"","tags":["Level-1"],"fileTypesAndContributionMap":{"java":{"insertions":58,"deletions":10}}},{"hash":"04a2d192c4a467efbdf1d0715ea554511e0acec3","messageTitle":"Level-2","messageBody":"","tags":["Level-2"],"fileTypesAndContributionMap":{"java":{"insertions":21,"deletions":5}}},{"hash":"a1dff42c86018d999895f2a01361cec0b83dc38a","messageTitle":"Level-3","messageBody":"","tags":["Level-3"],"fileTypesAndContributionMap":{"java":{"insertions":69,"deletions":12}}},{"hash":"cdd3ee4d75e5d36803965f100eedefdda8009310","messageTitle":"Level-4","messageBody":"","tags":["Level-4"],"fileTypesAndContributionMap":{"java":{"insertions":70,"deletions":5}}}]},{"date":"2023-01-19","commitResults":[{"hash":"71b51eee4b0758a293088e2dd2561f0bafb1ac38","messageTitle":"Level-5","messageBody":"","tags":["Level-5"],"fileTypesAndContributionMap":{"txt":{"insertions":7,"deletions":0},"java":{"insertions":73,"deletions":37},"bat":{"insertions":1,"deletions":0},"sh":{"insertions":1,"deletions":1}}},{"hash":"07a02dc673dd95c35f6d2db23fcf0880ce713298","messageTitle":"Level-6","messageBody":"","tags":["Level-6"],"fileTypesAndContributionMap":{"java":{"insertions":24,"deletions":2}}},{"hash":"7986253a5615c9c16d5afc870ad21817fd40daa1","messageTitle":"A-TextUiTesting","messageBody":"","tags":["A-TextUiTesting"],"fileTypesAndContributionMap":{"txt":{"insertions":4,"deletions":1},"java":{"insertions":16,"deletions":16}}}]},{"date":"2023-01-23","commitResults":[{"hash":"302c09451cc14f9dad4f254c48292dc4c107dca4","messageTitle":"Fix grammar errors by Alfred","messageBody":"","fileTypesAndContributionMap":{"java":{"insertions":4,"deletions":3}}}]},{"date":"2023-01-25","commitResults":[{"hash":"86f416a814bcfc32af77b338322d4a9ab63f225b","messageTitle":"branch-Level-7","messageBody":"","tags":["Level-7"],"fileTypesAndContributionMap":{"txt":{"insertions":4,"deletions":0},"java":{"insertions":116,"deletions":5}}}]},{"date":"2023-01-28","commitResults":[{"hash":"0e24eabf443cc52cb69301c6f5faa01b65020513","messageTitle":"branch-Level-8","messageBody":"","fileTypesAndContributionMap":{"java":{"insertions":49,"deletions":19}}},{"hash":"d32514b2f2dc95c97178de8031565b9900b72835","messageTitle":"Add list date items feature","messageBody":"","fileTypesAndContributionMap":{"java":{"insertions":51,"deletions":2}}},{"hash":"3653aea42568da221fffc61e69e367b46dcb2c94","messageTitle":"Fix some parsing issues of date because of merging","messageBody":"","fileTypesAndContributionMap":{"txt":{"insertions":9,"deletions":12},"java":{"insertions":9,"deletions":7}}}]},{"date":"2023-01-29","commitResults":[{"hash":"13da8bf1922bef2e8dff29534adeed1ca6dc142f","messageTitle":"A-MoreOOP: Abstract components out","messageBody":"","tags":["A-MoreOOP"],"fileTypesAndContributionMap":{"txt":{"insertions":0,"deletions":1},"java":{"insertions":492,"deletions":82}}},{"hash":"b35740298f5078bfee4b6b93becfabf2ff4c8eab","messageTitle":"A-Packages: divide classes into packages","messageBody":"","tags":["A-Packages"],"fileTypesAndContributionMap":{"java":{"insertions":124,"deletions":261}}},{"hash":"7262419e527503fa4d80aa4b8f807b026eff7eef","messageTitle":"A-Gradle: Automate project builds using Gradle","messageBody":"","tags":["A-Gradle"],"fileTypesAndContributionMap":{"gradle":{"insertions":5,"deletions":0},"java":{"insertions":12,"deletions":7}}}]},{"date":"2023-01-30","commitResults":[{"hash":"967fa48b9bd4f8f14103c6ddca5af33d6d5e180d","messageTitle":"A-JUnit: Add test files","messageBody":"","tags":["A-JUnit"],"fileTypesAndContributionMap":{"java":{"insertions":226,"deletions":6}}}]},{"date":"2023-01-31","commitResults":[{"hash":"946460c6491e1dd78cd03e93d444c6a0dcb94ec5","messageTitle":"A-Jar: Package app as a JAR file","messageBody":"","tags":["A-Jar"],"fileTypesAndContributionMap":{"gradle":{"insertions":17,"deletions":3}}},{"hash":"7f144950b582803d66e448e9501dd09a5fd0005c","messageTitle":"A-JavaDoc: Add JavaDoc comments.","messageBody":"","tags":["A-JavaDoc"],"fileTypesAndContributionMap":{"java":{"insertions":388,"deletions":46}}},{"hash":"ad179142253651b8159050911c681f2a23ce1db5","messageTitle":"A-CodingStandard: Tweak the code to comply with a coding standard.","messageBody":"","fileTypesAndContributionMap":{"java":{"insertions":60,"deletions":44}}}]},{"date":"2023-02-01","commitResults":[{"hash":"72bd5864505d44629f9d67715a798dc60a832d8f","messageTitle":"Level-9: Allow users to find tasks through keywords.","messageBody":"","fileTypesAndContributionMap":{"java":{"insertions":88,"deletions":1}}},{"hash":"59f2422d7e711da5b4785770d11b7fad4b024509","messageTitle":"Add import statement in Parser to accommodate for new class FindCommand.","messageBody":"","fileTypesAndContributionMap":{"java":{"insertions":1,"deletions":0}}},{"hash":"0b3faaabd6badddb3e0b7114df8b4f817be8a147","messageTitle":"Fix checking of wordDict in Task","messageBody":"","tags":["Level-9"],"fileTypesAndContributionMap":{"txt":{"insertions":3,"deletions":0},"java":{"insertions":4,"deletions":5}}}]},{"date":"2023-02-04","commitResults":[{"hash":"5fbba110159a8d94e806cccbe5c5f3e53818b0a1","messageTitle":"A-CheckStyle: Fix check style related issues except for test classes","messageBody":"","tags":["A-CheckStyle"],"fileTypesAndContributionMap":{"txt":{"insertions":2,"deletions":3}}}]}]},"authorFileTypeContributionMap":{"pangrwa":{"java":1374,"md":0,"fxml":0,"sh":1,"bat":1,"gradle":22,"txt":12}},"authorContributionVariance":{"pangrwa":51551.38},"authorDisplayNameMap":{"pangrwa":"CS2103T-T09-4 PANG.. WEI"}}
