[{"path":"build.gradle","fileType":"gradle","lines":[{"lineNumber":1,"author":{"gitId":"-"},"content":"plugins {","lastModifiedDate":"2020-05-25"},{"lineNumber":2,"author":{"gitId":"-"},"content":"    id \u0027java\u0027","lastModifiedDate":"2020-05-25"},{"lineNumber":3,"author":{"gitId":"-"},"content":"    id \u0027application\u0027","lastModifiedDate":"2020-05-25"},{"lineNumber":4,"author":{"gitId":"rmj1405"},"content":"    id \u0027checkstyle\u0027","lastModifiedDate":"2023-01-25"},{"lineNumber":5,"author":{"gitId":"-"},"content":"    id \u0027com.github.johnrengelman.shadow\u0027 version \u00275.1.0\u0027","lastModifiedDate":"2020-05-25"},{"lineNumber":6,"author":{"gitId":"-"},"content":"}","lastModifiedDate":"2020-05-25"},{"lineNumber":7,"author":{"gitId":"-"},"content":"","lastModifiedDate":"2020-05-25"},{"lineNumber":8,"author":{"gitId":"-"},"content":"repositories {","lastModifiedDate":"2020-05-25"},{"lineNumber":9,"author":{"gitId":"-"},"content":"    mavenCentral()","lastModifiedDate":"2020-05-25"},{"lineNumber":10,"author":{"gitId":"-"},"content":"}","lastModifiedDate":"2020-05-25"},{"lineNumber":11,"author":{"gitId":"-"},"content":"","lastModifiedDate":"2020-05-25"},{"lineNumber":12,"author":{"gitId":"-"},"content":"dependencies {","lastModifiedDate":"2020-05-25"},{"lineNumber":13,"author":{"gitId":"-"},"content":"    testImplementation group: \u0027org.junit.jupiter\u0027, name: \u0027junit-jupiter-api\u0027, version: \u00275.5.0\u0027","lastModifiedDate":"2020-05-25"},{"lineNumber":14,"author":{"gitId":"-"},"content":"    testRuntimeOnly group: \u0027org.junit.jupiter\u0027, name: \u0027junit-jupiter-engine\u0027, version: \u00275.5.0\u0027","lastModifiedDate":"2020-05-25"},{"lineNumber":15,"author":{"gitId":"-"},"content":"}","lastModifiedDate":"2020-05-25"},{"lineNumber":16,"author":{"gitId":"-"},"content":"","lastModifiedDate":"2020-05-25"},{"lineNumber":17,"author":{"gitId":"-"},"content":"test {","lastModifiedDate":"2020-05-25"},{"lineNumber":18,"author":{"gitId":"-"},"content":"    useJUnitPlatform()","lastModifiedDate":"2020-05-25"},{"lineNumber":19,"author":{"gitId":"-"},"content":"","lastModifiedDate":"2020-05-25"},{"lineNumber":20,"author":{"gitId":"-"},"content":"    testLogging {","lastModifiedDate":"2020-05-25"},{"lineNumber":21,"author":{"gitId":"-"},"content":"        events \"passed\", \"skipped\", \"failed\"","lastModifiedDate":"2020-05-25"},{"lineNumber":22,"author":{"gitId":"-"},"content":"","lastModifiedDate":"2020-05-25"},{"lineNumber":23,"author":{"gitId":"-"},"content":"        showExceptions true","lastModifiedDate":"2020-05-25"},{"lineNumber":24,"author":{"gitId":"-"},"content":"        exceptionFormat \"full\"","lastModifiedDate":"2020-05-25"},{"lineNumber":25,"author":{"gitId":"-"},"content":"        showCauses true","lastModifiedDate":"2020-05-25"},{"lineNumber":26,"author":{"gitId":"-"},"content":"        showStackTraces true","lastModifiedDate":"2020-05-25"},{"lineNumber":27,"author":{"gitId":"-"},"content":"        showStandardStreams \u003d false","lastModifiedDate":"2020-05-25"},{"lineNumber":28,"author":{"gitId":"-"},"content":"    }","lastModifiedDate":"2020-05-25"},{"lineNumber":29,"author":{"gitId":"-"},"content":"}","lastModifiedDate":"2020-05-25"},{"lineNumber":30,"author":{"gitId":"-"},"content":"","lastModifiedDate":"2020-05-25"},{"lineNumber":31,"author":{"gitId":"-"},"content":"application {","lastModifiedDate":"2020-05-25"},{"lineNumber":32,"author":{"gitId":"-"},"content":"    mainClassName \u003d \"seedu.duke.Duke\"","lastModifiedDate":"2020-05-25"},{"lineNumber":33,"author":{"gitId":"-"},"content":"}","lastModifiedDate":"2020-05-25"},{"lineNumber":34,"author":{"gitId":"-"},"content":"","lastModifiedDate":"2020-05-25"},{"lineNumber":35,"author":{"gitId":"-"},"content":"shadowJar {","lastModifiedDate":"2020-05-25"},{"lineNumber":36,"author":{"gitId":"-"},"content":"    archiveBaseName \u003d \"duke\"","lastModifiedDate":"2020-05-25"},{"lineNumber":37,"author":{"gitId":"-"},"content":"    archiveClassifier \u003d null","lastModifiedDate":"2020-05-25"},{"lineNumber":38,"author":{"gitId":"-"},"content":"}","lastModifiedDate":"2020-05-25"},{"lineNumber":39,"author":{"gitId":"-"},"content":"","lastModifiedDate":"2020-05-25"},{"lineNumber":40,"author":{"gitId":"-"},"content":"run{","lastModifiedDate":"2020-05-25"},{"lineNumber":41,"author":{"gitId":"-"},"content":"    standardInput \u003d System.in","lastModifiedDate":"2020-05-25"},{"lineNumber":42,"author":{"gitId":"rmj1405"},"content":"    enableAssertions \u003d true","lastModifiedDate":"2023-01-25"},{"lineNumber":43,"author":{"gitId":"-"},"content":"}","lastModifiedDate":"2020-05-25"}],"authorContributionMap":{"rmj1405":2,"-":41}},{"path":"src/main/java/ChatBot.java","fileType":"java","lines":[{"lineNumber":1,"author":{"gitId":"rmj1405"},"content":"import command.*;","lastModifiedDate":"2023-01-24"},{"lineNumber":2,"author":{"gitId":"rmj1405"},"content":"import task.TaskManager;","lastModifiedDate":"2023-01-23"},{"lineNumber":3,"author":{"gitId":"rmj1405"},"content":"import ui.WelcomeUI;","lastModifiedDate":"2023-01-23"},{"lineNumber":4,"author":{"gitId":"rmj1405"},"content":"import util.DukeException;","lastModifiedDate":"2023-01-24"},{"lineNumber":5,"author":{"gitId":"rmj1405"},"content":"import util.FileManager;","lastModifiedDate":"2023-01-26"},{"lineNumber":6,"author":{"gitId":"rmj1405"},"content":"","lastModifiedDate":"2023-01-23"},{"lineNumber":7,"author":{"gitId":"rmj1405"},"content":"import java.util.*;","lastModifiedDate":"2023-01-18"},{"lineNumber":8,"author":{"gitId":"rmj1405"},"content":"","lastModifiedDate":"2023-01-18"},{"lineNumber":9,"author":{"gitId":"rmj1405"},"content":"public class ChatBot {","lastModifiedDate":"2023-01-18"},{"lineNumber":10,"author":{"gitId":"rmj1405"},"content":"    private Scanner input;","lastModifiedDate":"2023-01-24"},{"lineNumber":11,"author":{"gitId":"rmj1405"},"content":"    private TaskManager taskManager;","lastModifiedDate":"2023-01-24"},{"lineNumber":12,"author":{"gitId":"rmj1405"},"content":"    private String[] inputArr;","lastModifiedDate":"2023-01-24"},{"lineNumber":13,"author":{"gitId":"rmj1405"},"content":"","lastModifiedDate":"2023-01-18"},{"lineNumber":14,"author":{"gitId":"rmj1405"},"content":"    private FileManager fileManager;","lastModifiedDate":"2023-01-26"},{"lineNumber":15,"author":{"gitId":"rmj1405"},"content":"","lastModifiedDate":"2023-01-26"},{"lineNumber":16,"author":{"gitId":"rmj1405"},"content":"    public ChatBot(Scanner input, WelcomeUI welcomeUI) {","lastModifiedDate":"2023-01-18"},{"lineNumber":17,"author":{"gitId":"rmj1405"},"content":"        System.out.println(welcomeUI);","lastModifiedDate":"2023-01-18"},{"lineNumber":18,"author":{"gitId":"rmj1405"},"content":"        this.input \u003d input;","lastModifiedDate":"2023-01-18"},{"lineNumber":19,"author":{"gitId":"rmj1405"},"content":"        //initialise taskmanager that manages array of tasks","lastModifiedDate":"2023-01-24"},{"lineNumber":20,"author":{"gitId":"rmj1405"},"content":"        this.taskManager \u003d new TaskManager();","lastModifiedDate":"2023-01-18"},{"lineNumber":21,"author":{"gitId":"rmj1405"},"content":"        this.fileManager \u003d new FileManager();","lastModifiedDate":"2023-01-26"},{"lineNumber":22,"author":{"gitId":"rmj1405"},"content":"","lastModifiedDate":"2023-01-26"},{"lineNumber":23,"author":{"gitId":"rmj1405"},"content":"        this.fileManager.loadDataToArrayList(this.taskManager);","lastModifiedDate":"2023-01-26"},{"lineNumber":24,"author":{"gitId":"rmj1405"},"content":"    }","lastModifiedDate":"2023-01-18"},{"lineNumber":25,"author":{"gitId":"rmj1405"},"content":"","lastModifiedDate":"2023-01-18"},{"lineNumber":26,"author":{"gitId":"rmj1405"},"content":"    public void run() {","lastModifiedDate":"2023-01-18"},{"lineNumber":27,"author":{"gitId":"rmj1405"},"content":"        loop: while(input.hasNextLine()) {","lastModifiedDate":"2023-01-19"},{"lineNumber":28,"author":{"gitId":"rmj1405"},"content":"","lastModifiedDate":"2023-01-18"},{"lineNumber":29,"author":{"gitId":"rmj1405"},"content":"            //remove leading and trailing whitespaces","lastModifiedDate":"2023-01-19"},{"lineNumber":30,"author":{"gitId":"rmj1405"},"content":"            String ip \u003d input.nextLine().trim();","lastModifiedDate":"2023-01-19"},{"lineNumber":31,"author":{"gitId":"rmj1405"},"content":"","lastModifiedDate":"2023-01-19"},{"lineNumber":32,"author":{"gitId":"rmj1405"},"content":"            //convert user input to String array","lastModifiedDate":"2023-01-18"},{"lineNumber":33,"author":{"gitId":"rmj1405"},"content":"            this.inputArr \u003d ip.split(\" \", 2);","lastModifiedDate":"2023-01-18"},{"lineNumber":34,"author":{"gitId":"rmj1405"},"content":"            int len \u003d inputArr.length;","lastModifiedDate":"2023-01-18"},{"lineNumber":35,"author":{"gitId":"rmj1405"},"content":"","lastModifiedDate":"2023-01-18"},{"lineNumber":36,"author":{"gitId":"rmj1405"},"content":"            //if blank input is given","lastModifiedDate":"2023-01-19"},{"lineNumber":37,"author":{"gitId":"rmj1405"},"content":"            if(ip.isBlank()) {","lastModifiedDate":"2023-01-19"},{"lineNumber":38,"author":{"gitId":"rmj1405"},"content":"                System.out.println(\"No command given, please give me one!\");","lastModifiedDate":"2023-01-19"},{"lineNumber":39,"author":{"gitId":"rmj1405"},"content":"            }","lastModifiedDate":"2023-01-19"},{"lineNumber":40,"author":{"gitId":"rmj1405"},"content":"","lastModifiedDate":"2023-01-18"},{"lineNumber":41,"author":{"gitId":"rmj1405"},"content":"            String command \u003d inputArr[0];","lastModifiedDate":"2023-01-24"},{"lineNumber":42,"author":{"gitId":"rmj1405"},"content":"","lastModifiedDate":"2023-01-25"},{"lineNumber":43,"author":{"gitId":"rmj1405"},"content":"            try {","lastModifiedDate":"2023-01-24"},{"lineNumber":44,"author":{"gitId":"rmj1405"},"content":"                switch (command) {","lastModifiedDate":"2023-01-18"},{"lineNumber":45,"author":{"gitId":"rmj1405"},"content":"                    case \"\":","lastModifiedDate":"2023-01-24"},{"lineNumber":46,"author":{"gitId":"rmj1405"},"content":"                        continue;","lastModifiedDate":"2023-01-24"},{"lineNumber":47,"author":{"gitId":"rmj1405"},"content":"                    case \"list\":","lastModifiedDate":"2023-01-18"},{"lineNumber":48,"author":{"gitId":"rmj1405"},"content":"                        ListCommand lc \u003d new ListCommand(taskManager);","lastModifiedDate":"2023-01-24"},{"lineNumber":49,"author":{"gitId":"rmj1405"},"content":"                        lc.executeCommand();","lastModifiedDate":"2023-01-24"},{"lineNumber":50,"author":{"gitId":"rmj1405"},"content":"                        break;","lastModifiedDate":"2023-01-18"},{"lineNumber":51,"author":{"gitId":"rmj1405"},"content":"                    case \"bye\":","lastModifiedDate":"2023-01-18"},{"lineNumber":52,"author":{"gitId":"rmj1405"},"content":"                        ByeCommand bc \u003d new ByeCommand();","lastModifiedDate":"2023-01-24"},{"lineNumber":53,"author":{"gitId":"rmj1405"},"content":"                        bc.executeCommand();","lastModifiedDate":"2023-01-24"},{"lineNumber":54,"author":{"gitId":"rmj1405"},"content":"                        fileManager.saveTasksToFile(taskManager);","lastModifiedDate":"2023-01-26"},{"lineNumber":55,"author":{"gitId":"rmj1405"},"content":"                        break loop;","lastModifiedDate":"2023-01-18"},{"lineNumber":56,"author":{"gitId":"rmj1405"},"content":"                    case \"check\":","lastModifiedDate":"2023-01-18"},{"lineNumber":57,"author":{"gitId":"rmj1405"},"content":"                        CheckCommand cc \u003d new CheckCommand(taskManager, inputArr[1]);","lastModifiedDate":"2023-01-24"},{"lineNumber":58,"author":{"gitId":"rmj1405"},"content":"                        cc.executeCommand();","lastModifiedDate":"2023-01-24"},{"lineNumber":59,"author":{"gitId":"rmj1405"},"content":"                        break;","lastModifiedDate":"2023-01-18"},{"lineNumber":60,"author":{"gitId":"rmj1405"},"content":"                    case \"uncheck\":","lastModifiedDate":"2023-01-18"},{"lineNumber":61,"author":{"gitId":"rmj1405"},"content":"                        UncheckCommand uc \u003d new UncheckCommand(taskManager, inputArr[1]);","lastModifiedDate":"2023-01-24"},{"lineNumber":62,"author":{"gitId":"rmj1405"},"content":"                        uc.executeCommand();","lastModifiedDate":"2023-01-24"},{"lineNumber":63,"author":{"gitId":"rmj1405"},"content":"                        break;","lastModifiedDate":"2023-01-18"},{"lineNumber":64,"author":{"gitId":"rmj1405"},"content":"                    case \"delete\":","lastModifiedDate":"2023-01-19"},{"lineNumber":65,"author":{"gitId":"rmj1405"},"content":"                        DeleteCommand dc \u003d new DeleteCommand(taskManager, inputArr[1]);","lastModifiedDate":"2023-01-24"},{"lineNumber":66,"author":{"gitId":"rmj1405"},"content":"                        dc.executeCommand();","lastModifiedDate":"2023-01-24"},{"lineNumber":67,"author":{"gitId":"rmj1405"},"content":"                        break;","lastModifiedDate":"2023-01-18"},{"lineNumber":68,"author":{"gitId":"rmj1405"},"content":"                    case \"todo\":","lastModifiedDate":"2023-01-18"},{"lineNumber":69,"author":{"gitId":"rmj1405"},"content":"                        TodoCommand tc \u003d new TodoCommand(taskManager, inputArr[1]);","lastModifiedDate":"2023-01-24"},{"lineNumber":70,"author":{"gitId":"rmj1405"},"content":"                        tc.executeCommand();","lastModifiedDate":"2023-01-24"},{"lineNumber":71,"author":{"gitId":"rmj1405"},"content":"                        break;","lastModifiedDate":"2023-01-18"},{"lineNumber":72,"author":{"gitId":"rmj1405"},"content":"                    case \"event\":","lastModifiedDate":"2023-01-18"},{"lineNumber":73,"author":{"gitId":"rmj1405"},"content":"                        EventCommand ec \u003d new EventCommand(taskManager, inputArr[1]);","lastModifiedDate":"2023-01-24"},{"lineNumber":74,"author":{"gitId":"rmj1405"},"content":"                        ec.executeCommand();","lastModifiedDate":"2023-01-24"},{"lineNumber":75,"author":{"gitId":"rmj1405"},"content":"                        break;","lastModifiedDate":"2023-01-18"},{"lineNumber":76,"author":{"gitId":"rmj1405"},"content":"                    case \"deadline\":","lastModifiedDate":"2023-01-18"},{"lineNumber":77,"author":{"gitId":"rmj1405"},"content":"                        DeadlineCommand dlc \u003d new DeadlineCommand(taskManager, inputArr[1]);","lastModifiedDate":"2023-01-24"},{"lineNumber":78,"author":{"gitId":"rmj1405"},"content":"                        dlc.executeCommand();","lastModifiedDate":"2023-01-24"},{"lineNumber":79,"author":{"gitId":"rmj1405"},"content":"                    default:","lastModifiedDate":"2023-01-18"},{"lineNumber":80,"author":{"gitId":"rmj1405"},"content":"                        throw new DukeException(\"Command not recognised, please enter a valid command!\");","lastModifiedDate":"2023-01-24"},{"lineNumber":81,"author":{"gitId":"rmj1405"},"content":"                }","lastModifiedDate":"2023-01-18"},{"lineNumber":82,"author":{"gitId":"rmj1405"},"content":"            } catch (ArrayIndexOutOfBoundsException e) {","lastModifiedDate":"2023-01-24"},{"lineNumber":83,"author":{"gitId":"rmj1405"},"content":"                System.out.println(\"Please enter an index or description with the command!\");","lastModifiedDate":"2023-01-24"},{"lineNumber":84,"author":{"gitId":"rmj1405"},"content":"            } catch (DukeException e) {","lastModifiedDate":"2023-01-24"},{"lineNumber":85,"author":{"gitId":"rmj1405"},"content":"                System.out.println(e);","lastModifiedDate":"2023-01-24"},{"lineNumber":86,"author":{"gitId":"rmj1405"},"content":"            }","lastModifiedDate":"2023-01-18"},{"lineNumber":87,"author":{"gitId":"rmj1405"},"content":"        }","lastModifiedDate":"2023-01-18"},{"lineNumber":88,"author":{"gitId":"rmj1405"},"content":"    }","lastModifiedDate":"2023-01-18"},{"lineNumber":89,"author":{"gitId":"rmj1405"},"content":"}","lastModifiedDate":"2023-01-18"}],"authorContributionMap":{"rmj1405":89}},{"path":"src/main/java/Duke.java","fileType":"java","lines":[{"lineNumber":1,"author":{"gitId":"rmj1405"},"content":"import ui.WelcomeUI;","lastModifiedDate":"2023-01-23"},{"lineNumber":2,"author":{"gitId":"rmj1405"},"content":"","lastModifiedDate":"2023-01-23"},{"lineNumber":3,"author":{"gitId":"rmj1405"},"content":"import java.util.*;","lastModifiedDate":"2023-01-17"},{"lineNumber":4,"author":{"gitId":"-"},"content":"public class Duke {","lastModifiedDate":"2019-07-29"},{"lineNumber":5,"author":{"gitId":"rmj1405"},"content":"","lastModifiedDate":"2023-01-17"},{"lineNumber":6,"author":{"gitId":"-"},"content":"    public static void main(String[] args) {","lastModifiedDate":"2019-07-29"},{"lineNumber":7,"author":{"gitId":"rmj1405"},"content":"        WelcomeUI welcome \u003d new WelcomeUI();","lastModifiedDate":"2023-01-18"},{"lineNumber":8,"author":{"gitId":"rmj1405"},"content":"        Scanner input \u003d new Scanner(System.in);","lastModifiedDate":"2023-01-17"},{"lineNumber":9,"author":{"gitId":"rmj1405"},"content":"        ChatBot chat \u003d new ChatBot(input, welcome);","lastModifiedDate":"2023-01-18"},{"lineNumber":10,"author":{"gitId":"rmj1405"},"content":"","lastModifiedDate":"2023-01-17"},{"lineNumber":11,"author":{"gitId":"rmj1405"},"content":"        chat.run();","lastModifiedDate":"2023-01-18"},{"lineNumber":12,"author":{"gitId":"rmj1405"},"content":"        input.close();","lastModifiedDate":"2023-01-19"},{"lineNumber":13,"author":{"gitId":"-"},"content":"    }","lastModifiedDate":"2019-07-29"},{"lineNumber":14,"author":{"gitId":"-"},"content":"}","lastModifiedDate":"2019-07-29"}],"authorContributionMap":{"rmj1405":10,"-":4}},{"path":"src/main/java/command/ByeCommand.java","fileType":"java","lines":[{"lineNumber":1,"author":{"gitId":"rmj1405"},"content":"package command;","lastModifiedDate":"2023-01-24"},{"lineNumber":2,"author":{"gitId":"rmj1405"},"content":"","lastModifiedDate":"2023-01-24"},{"lineNumber":3,"author":{"gitId":"rmj1405"},"content":"import util.DukeException;","lastModifiedDate":"2023-01-25"},{"lineNumber":4,"author":{"gitId":"rmj1405"},"content":"","lastModifiedDate":"2023-01-25"},{"lineNumber":5,"author":{"gitId":"rmj1405"},"content":"public class ByeCommand extends Command {","lastModifiedDate":"2023-01-24"},{"lineNumber":6,"author":{"gitId":"rmj1405"},"content":"    @Override","lastModifiedDate":"2023-01-24"},{"lineNumber":7,"author":{"gitId":"rmj1405"},"content":"    public void executeCommand() throws DukeException {","lastModifiedDate":"2023-01-25"},{"lineNumber":8,"author":{"gitId":"rmj1405"},"content":"        System.out.println(\"ByeBye! Come play with me again!\");","lastModifiedDate":"2023-01-24"},{"lineNumber":9,"author":{"gitId":"rmj1405"},"content":"    }","lastModifiedDate":"2023-01-24"},{"lineNumber":10,"author":{"gitId":"rmj1405"},"content":"}","lastModifiedDate":"2023-01-24"}],"authorContributionMap":{"rmj1405":10}},{"path":"src/main/java/command/CheckCommand.java","fileType":"java","lines":[{"lineNumber":1,"author":{"gitId":"rmj1405"},"content":"package command;","lastModifiedDate":"2023-01-24"},{"lineNumber":2,"author":{"gitId":"rmj1405"},"content":"","lastModifiedDate":"2023-01-24"},{"lineNumber":3,"author":{"gitId":"rmj1405"},"content":"import task.TaskManager;","lastModifiedDate":"2023-01-24"},{"lineNumber":4,"author":{"gitId":"rmj1405"},"content":"","lastModifiedDate":"2023-01-24"},{"lineNumber":5,"author":{"gitId":"rmj1405"},"content":"import util.DukeException;","lastModifiedDate":"2023-01-24"},{"lineNumber":6,"author":{"gitId":"rmj1405"},"content":"import util.Parser;","lastModifiedDate":"2023-01-24"},{"lineNumber":7,"author":{"gitId":"rmj1405"},"content":"","lastModifiedDate":"2023-01-24"},{"lineNumber":8,"author":{"gitId":"rmj1405"},"content":"public class CheckCommand extends Command {","lastModifiedDate":"2023-01-24"},{"lineNumber":9,"author":{"gitId":"rmj1405"},"content":"    private final TaskManager taskManager;","lastModifiedDate":"2023-01-24"},{"lineNumber":10,"author":{"gitId":"rmj1405"},"content":"    private final int index;","lastModifiedDate":"2023-01-24"},{"lineNumber":11,"author":{"gitId":"rmj1405"},"content":"    public CheckCommand(TaskManager taskManager, String input) {","lastModifiedDate":"2023-01-24"},{"lineNumber":12,"author":{"gitId":"rmj1405"},"content":"        this.taskManager \u003d taskManager;","lastModifiedDate":"2023-01-24"},{"lineNumber":13,"author":{"gitId":"rmj1405"},"content":"        this.index \u003d super.extractIndex(input) - 1;","lastModifiedDate":"2023-01-24"},{"lineNumber":14,"author":{"gitId":"rmj1405"},"content":"    }","lastModifiedDate":"2023-01-24"},{"lineNumber":15,"author":{"gitId":"rmj1405"},"content":"","lastModifiedDate":"2023-01-24"},{"lineNumber":16,"author":{"gitId":"rmj1405"},"content":"    @Override","lastModifiedDate":"2023-01-24"},{"lineNumber":17,"author":{"gitId":"rmj1405"},"content":"    public void executeCommand() throws DukeException {","lastModifiedDate":"2023-01-25"},{"lineNumber":18,"author":{"gitId":"rmj1405"},"content":"        try {","lastModifiedDate":"2023-01-24"},{"lineNumber":19,"author":{"gitId":"rmj1405"},"content":"            taskManager.checkTask(this.index);","lastModifiedDate":"2023-01-24"},{"lineNumber":20,"author":{"gitId":"rmj1405"},"content":"        } catch (IndexOutOfBoundsException e) {","lastModifiedDate":"2023-01-24"},{"lineNumber":21,"author":{"gitId":"rmj1405"},"content":"            throw new DukeException(\"Item does not exist in list! Please check your list again.\");","lastModifiedDate":"2023-01-25"},{"lineNumber":22,"author":{"gitId":"rmj1405"},"content":"        }","lastModifiedDate":"2023-01-24"},{"lineNumber":23,"author":{"gitId":"rmj1405"},"content":"    }","lastModifiedDate":"2023-01-24"},{"lineNumber":24,"author":{"gitId":"rmj1405"},"content":"}","lastModifiedDate":"2023-01-24"}],"authorContributionMap":{"rmj1405":24}},{"path":"src/main/java/command/Command.java","fileType":"java","lines":[{"lineNumber":1,"author":{"gitId":"rmj1405"},"content":"package command;","lastModifiedDate":"2023-01-24"},{"lineNumber":2,"author":{"gitId":"rmj1405"},"content":"","lastModifiedDate":"2023-01-24"},{"lineNumber":3,"author":{"gitId":"rmj1405"},"content":"import util.DukeException;","lastModifiedDate":"2023-01-25"},{"lineNumber":4,"author":{"gitId":"rmj1405"},"content":"import util.Parser;","lastModifiedDate":"2023-01-24"},{"lineNumber":5,"author":{"gitId":"rmj1405"},"content":"","lastModifiedDate":"2023-01-24"},{"lineNumber":6,"author":{"gitId":"rmj1405"},"content":"public abstract class Command {","lastModifiedDate":"2023-01-24"},{"lineNumber":7,"author":{"gitId":"rmj1405"},"content":"    public int extractIndex(String string) {","lastModifiedDate":"2023-01-24"},{"lineNumber":8,"author":{"gitId":"rmj1405"},"content":"        if (!Parser.isNumeric(string)) {","lastModifiedDate":"2023-01-24"},{"lineNumber":9,"author":{"gitId":"rmj1405"},"content":"            return 0;","lastModifiedDate":"2023-01-24"},{"lineNumber":10,"author":{"gitId":"rmj1405"},"content":"        }","lastModifiedDate":"2023-01-24"},{"lineNumber":11,"author":{"gitId":"rmj1405"},"content":"        return Integer.parseInt(string);","lastModifiedDate":"2023-01-24"},{"lineNumber":12,"author":{"gitId":"rmj1405"},"content":"    }","lastModifiedDate":"2023-01-24"},{"lineNumber":13,"author":{"gitId":"rmj1405"},"content":"","lastModifiedDate":"2023-01-24"},{"lineNumber":14,"author":{"gitId":"rmj1405"},"content":"    public abstract void executeCommand() throws DukeException;","lastModifiedDate":"2023-01-25"},{"lineNumber":15,"author":{"gitId":"rmj1405"},"content":"","lastModifiedDate":"2023-01-24"},{"lineNumber":16,"author":{"gitId":"rmj1405"},"content":"}","lastModifiedDate":"2023-01-24"}],"authorContributionMap":{"rmj1405":16}},{"path":"src/main/java/command/DeadlineCommand.java","fileType":"java","lines":[{"lineNumber":1,"author":{"gitId":"rmj1405"},"content":"package command;","lastModifiedDate":"2023-01-24"},{"lineNumber":2,"author":{"gitId":"rmj1405"},"content":"","lastModifiedDate":"2023-01-24"},{"lineNumber":3,"author":{"gitId":"rmj1405"},"content":"import task.Deadline;","lastModifiedDate":"2023-01-24"},{"lineNumber":4,"author":{"gitId":"rmj1405"},"content":"import task.TaskManager;","lastModifiedDate":"2023-01-24"},{"lineNumber":5,"author":{"gitId":"rmj1405"},"content":"import util.DukeException;","lastModifiedDate":"2023-01-25"},{"lineNumber":6,"author":{"gitId":"rmj1405"},"content":"","lastModifiedDate":"2023-01-24"},{"lineNumber":7,"author":{"gitId":"rmj1405"},"content":"public class DeadlineCommand extends Command {","lastModifiedDate":"2023-01-24"},{"lineNumber":8,"author":{"gitId":"rmj1405"},"content":"    private final TaskManager taskManager;","lastModifiedDate":"2023-01-24"},{"lineNumber":9,"author":{"gitId":"rmj1405"},"content":"    private final String description;","lastModifiedDate":"2023-01-24"},{"lineNumber":10,"author":{"gitId":"rmj1405"},"content":"    public DeadlineCommand(TaskManager taskManager, String description) {","lastModifiedDate":"2023-01-24"},{"lineNumber":11,"author":{"gitId":"rmj1405"},"content":"        this.taskManager \u003d taskManager;","lastModifiedDate":"2023-01-24"},{"lineNumber":12,"author":{"gitId":"rmj1405"},"content":"        this.description \u003d description;","lastModifiedDate":"2023-01-24"},{"lineNumber":13,"author":{"gitId":"rmj1405"},"content":"    }","lastModifiedDate":"2023-01-24"},{"lineNumber":14,"author":{"gitId":"rmj1405"},"content":"    @Override","lastModifiedDate":"2023-01-24"},{"lineNumber":15,"author":{"gitId":"rmj1405"},"content":"    public void executeCommand() throws DukeException {","lastModifiedDate":"2023-01-25"},{"lineNumber":16,"author":{"gitId":"rmj1405"},"content":"        try {","lastModifiedDate":"2023-01-25"},{"lineNumber":17,"author":{"gitId":"rmj1405"},"content":"            String[] tmp \u003d this.description.split(\" /by \");","lastModifiedDate":"2023-01-24"},{"lineNumber":18,"author":{"gitId":"rmj1405"},"content":"            Deadline deadline \u003d new Deadline(tmp[0], false, tmp[1]);","lastModifiedDate":"2023-01-26"},{"lineNumber":19,"author":{"gitId":"rmj1405"},"content":"            taskManager.addTaskToList(deadline);","lastModifiedDate":"2023-01-24"},{"lineNumber":20,"author":{"gitId":"rmj1405"},"content":"        } catch (ArrayIndexOutOfBoundsException e) {","lastModifiedDate":"2023-01-25"},{"lineNumber":21,"author":{"gitId":"rmj1405"},"content":"            throw new DukeException(\"Please add a description, date and time e.g. homework /by 12/12/12 2359\");","lastModifiedDate":"2023-01-25"},{"lineNumber":22,"author":{"gitId":"rmj1405"},"content":"        }","lastModifiedDate":"2023-01-25"},{"lineNumber":23,"author":{"gitId":"rmj1405"},"content":"    }","lastModifiedDate":"2023-01-24"},{"lineNumber":24,"author":{"gitId":"rmj1405"},"content":"}","lastModifiedDate":"2023-01-24"}],"authorContributionMap":{"rmj1405":24}},{"path":"src/main/java/command/DeleteCommand.java","fileType":"java","lines":[{"lineNumber":1,"author":{"gitId":"rmj1405"},"content":"package command;","lastModifiedDate":"2023-01-24"},{"lineNumber":2,"author":{"gitId":"rmj1405"},"content":"import task.TaskManager;","lastModifiedDate":"2023-01-24"},{"lineNumber":3,"author":{"gitId":"rmj1405"},"content":"import util.DukeException;","lastModifiedDate":"2023-01-24"},{"lineNumber":4,"author":{"gitId":"rmj1405"},"content":"import util.Parser;","lastModifiedDate":"2023-01-24"},{"lineNumber":5,"author":{"gitId":"rmj1405"},"content":"","lastModifiedDate":"2023-01-24"},{"lineNumber":6,"author":{"gitId":"rmj1405"},"content":"public class DeleteCommand extends Command {","lastModifiedDate":"2023-01-24"},{"lineNumber":7,"author":{"gitId":"rmj1405"},"content":"    private final TaskManager taskManager;","lastModifiedDate":"2023-01-24"},{"lineNumber":8,"author":{"gitId":"rmj1405"},"content":"    private final int index;","lastModifiedDate":"2023-01-24"},{"lineNumber":9,"author":{"gitId":"rmj1405"},"content":"    public DeleteCommand(TaskManager taskManager, String input) {","lastModifiedDate":"2023-01-24"},{"lineNumber":10,"author":{"gitId":"rmj1405"},"content":"        this.taskManager \u003d taskManager;","lastModifiedDate":"2023-01-24"},{"lineNumber":11,"author":{"gitId":"rmj1405"},"content":"        this.index \u003d super.extractIndex(input) - 1;","lastModifiedDate":"2023-01-24"},{"lineNumber":12,"author":{"gitId":"rmj1405"},"content":"    }","lastModifiedDate":"2023-01-24"},{"lineNumber":13,"author":{"gitId":"rmj1405"},"content":"","lastModifiedDate":"2023-01-24"},{"lineNumber":14,"author":{"gitId":"rmj1405"},"content":"    @Override","lastModifiedDate":"2023-01-24"},{"lineNumber":15,"author":{"gitId":"rmj1405"},"content":"    public void executeCommand() throws DukeException {","lastModifiedDate":"2023-01-25"},{"lineNumber":16,"author":{"gitId":"rmj1405"},"content":"        try {","lastModifiedDate":"2023-01-24"},{"lineNumber":17,"author":{"gitId":"rmj1405"},"content":"            taskManager.deleteTask(this.index);","lastModifiedDate":"2023-01-24"},{"lineNumber":18,"author":{"gitId":"rmj1405"},"content":"        } catch (IndexOutOfBoundsException e) {","lastModifiedDate":"2023-01-24"},{"lineNumber":19,"author":{"gitId":"rmj1405"},"content":"            throw new DukeException(\"Item does not exist in list! Please check your list again.\");","lastModifiedDate":"2023-01-25"},{"lineNumber":20,"author":{"gitId":"rmj1405"},"content":"        }","lastModifiedDate":"2023-01-24"},{"lineNumber":21,"author":{"gitId":"rmj1405"},"content":"    }","lastModifiedDate":"2023-01-24"},{"lineNumber":22,"author":{"gitId":"rmj1405"},"content":"}","lastModifiedDate":"2023-01-24"}],"authorContributionMap":{"rmj1405":22}},{"path":"src/main/java/command/EventCommand.java","fileType":"java","lines":[{"lineNumber":1,"author":{"gitId":"rmj1405"},"content":"package command;","lastModifiedDate":"2023-01-24"},{"lineNumber":2,"author":{"gitId":"rmj1405"},"content":"","lastModifiedDate":"2023-01-24"},{"lineNumber":3,"author":{"gitId":"rmj1405"},"content":"import task.Deadline;","lastModifiedDate":"2023-01-25"},{"lineNumber":4,"author":{"gitId":"rmj1405"},"content":"import task.Event;","lastModifiedDate":"2023-01-24"},{"lineNumber":5,"author":{"gitId":"rmj1405"},"content":"import task.TaskManager;","lastModifiedDate":"2023-01-24"},{"lineNumber":6,"author":{"gitId":"rmj1405"},"content":"import util.DukeException;","lastModifiedDate":"2023-01-25"},{"lineNumber":7,"author":{"gitId":"rmj1405"},"content":"","lastModifiedDate":"2023-01-24"},{"lineNumber":8,"author":{"gitId":"rmj1405"},"content":"public class EventCommand extends Command {","lastModifiedDate":"2023-01-24"},{"lineNumber":9,"author":{"gitId":"rmj1405"},"content":"    private final TaskManager taskManager;","lastModifiedDate":"2023-01-24"},{"lineNumber":10,"author":{"gitId":"rmj1405"},"content":"    private final String description;","lastModifiedDate":"2023-01-24"},{"lineNumber":11,"author":{"gitId":"rmj1405"},"content":"    public EventCommand(TaskManager taskManager, String description) {","lastModifiedDate":"2023-01-24"},{"lineNumber":12,"author":{"gitId":"rmj1405"},"content":"        this.taskManager \u003d taskManager;","lastModifiedDate":"2023-01-24"},{"lineNumber":13,"author":{"gitId":"rmj1405"},"content":"        this.description \u003d description;","lastModifiedDate":"2023-01-24"},{"lineNumber":14,"author":{"gitId":"rmj1405"},"content":"    }","lastModifiedDate":"2023-01-24"},{"lineNumber":15,"author":{"gitId":"rmj1405"},"content":"    @Override","lastModifiedDate":"2023-01-24"},{"lineNumber":16,"author":{"gitId":"rmj1405"},"content":"    public void executeCommand() throws DukeException {","lastModifiedDate":"2023-01-25"},{"lineNumber":17,"author":{"gitId":"rmj1405"},"content":"        try {","lastModifiedDate":"2023-01-25"},{"lineNumber":18,"author":{"gitId":"rmj1405"},"content":"            String[] arr \u003d this.description.split(\" /from \");","lastModifiedDate":"2023-01-24"},{"lineNumber":19,"author":{"gitId":"rmj1405"},"content":"            String[] time \u003d arr[1].split(\" /to \");","lastModifiedDate":"2023-01-24"},{"lineNumber":20,"author":{"gitId":"rmj1405"},"content":"            String start \u003d time[0];","lastModifiedDate":"2023-01-24"},{"lineNumber":21,"author":{"gitId":"rmj1405"},"content":"            String end \u003d time[1];","lastModifiedDate":"2023-01-24"},{"lineNumber":22,"author":{"gitId":"rmj1405"},"content":"            Event event \u003d new Event(arr[0], false, start, end);","lastModifiedDate":"2023-01-26"},{"lineNumber":23,"author":{"gitId":"rmj1405"},"content":"            taskManager.addTaskToList(event);","lastModifiedDate":"2023-01-24"},{"lineNumber":24,"author":{"gitId":"rmj1405"},"content":"        } catch (ArrayIndexOutOfBoundsException e) {","lastModifiedDate":"2023-01-25"},{"lineNumber":25,"author":{"gitId":"rmj1405"},"content":"            throw new DukeException(\"Please add a description, date and time e.g. party /from 12/2/23 1800 /to 12/2/23 2200\");","lastModifiedDate":"2023-01-25"},{"lineNumber":26,"author":{"gitId":"rmj1405"},"content":"        }","lastModifiedDate":"2023-01-25"},{"lineNumber":27,"author":{"gitId":"rmj1405"},"content":"    }","lastModifiedDate":"2023-01-24"},{"lineNumber":28,"author":{"gitId":"rmj1405"},"content":"}","lastModifiedDate":"2023-01-24"}],"authorContributionMap":{"rmj1405":28}},{"path":"src/main/java/command/ListCommand.java","fileType":"java","lines":[{"lineNumber":1,"author":{"gitId":"rmj1405"},"content":"package command;","lastModifiedDate":"2023-01-24"},{"lineNumber":2,"author":{"gitId":"rmj1405"},"content":"","lastModifiedDate":"2023-01-24"},{"lineNumber":3,"author":{"gitId":"rmj1405"},"content":"import task.TaskManager;","lastModifiedDate":"2023-01-24"},{"lineNumber":4,"author":{"gitId":"rmj1405"},"content":"import util.DukeException;","lastModifiedDate":"2023-01-25"},{"lineNumber":5,"author":{"gitId":"rmj1405"},"content":"","lastModifiedDate":"2023-01-24"},{"lineNumber":6,"author":{"gitId":"rmj1405"},"content":"public class ListCommand extends Command {","lastModifiedDate":"2023-01-24"},{"lineNumber":7,"author":{"gitId":"rmj1405"},"content":"    private final TaskManager taskManager;","lastModifiedDate":"2023-01-24"},{"lineNumber":8,"author":{"gitId":"rmj1405"},"content":"","lastModifiedDate":"2023-01-24"},{"lineNumber":9,"author":{"gitId":"rmj1405"},"content":"    public ListCommand(TaskManager taskManager) {","lastModifiedDate":"2023-01-24"},{"lineNumber":10,"author":{"gitId":"rmj1405"},"content":"        this.taskManager \u003d taskManager;","lastModifiedDate":"2023-01-24"},{"lineNumber":11,"author":{"gitId":"rmj1405"},"content":"    }","lastModifiedDate":"2023-01-24"},{"lineNumber":12,"author":{"gitId":"rmj1405"},"content":"","lastModifiedDate":"2023-01-24"},{"lineNumber":13,"author":{"gitId":"rmj1405"},"content":"    @Override","lastModifiedDate":"2023-01-24"},{"lineNumber":14,"author":{"gitId":"rmj1405"},"content":"    public void executeCommand() throws DukeException {","lastModifiedDate":"2023-01-25"},{"lineNumber":15,"author":{"gitId":"rmj1405"},"content":"        taskManager.displayList();","lastModifiedDate":"2023-01-24"},{"lineNumber":16,"author":{"gitId":"rmj1405"},"content":"    }","lastModifiedDate":"2023-01-24"},{"lineNumber":17,"author":{"gitId":"rmj1405"},"content":"}","lastModifiedDate":"2023-01-24"}],"authorContributionMap":{"rmj1405":17}},{"path":"src/main/java/command/TodoCommand.java","fileType":"java","lines":[{"lineNumber":1,"author":{"gitId":"rmj1405"},"content":"package command;","lastModifiedDate":"2023-01-24"},{"lineNumber":2,"author":{"gitId":"rmj1405"},"content":"","lastModifiedDate":"2023-01-24"},{"lineNumber":3,"author":{"gitId":"rmj1405"},"content":"import task.TaskManager;","lastModifiedDate":"2023-01-24"},{"lineNumber":4,"author":{"gitId":"rmj1405"},"content":"import task.ToDo;","lastModifiedDate":"2023-01-24"},{"lineNumber":5,"author":{"gitId":"rmj1405"},"content":"import util.DukeException;","lastModifiedDate":"2023-01-25"},{"lineNumber":6,"author":{"gitId":"rmj1405"},"content":"","lastModifiedDate":"2023-01-24"},{"lineNumber":7,"author":{"gitId":"rmj1405"},"content":"public class TodoCommand extends Command {","lastModifiedDate":"2023-01-24"},{"lineNumber":8,"author":{"gitId":"rmj1405"},"content":"    private final TaskManager taskManager;","lastModifiedDate":"2023-01-24"},{"lineNumber":9,"author":{"gitId":"rmj1405"},"content":"    private final String description;","lastModifiedDate":"2023-01-24"},{"lineNumber":10,"author":{"gitId":"rmj1405"},"content":"","lastModifiedDate":"2023-01-24"},{"lineNumber":11,"author":{"gitId":"rmj1405"},"content":"    public TodoCommand(TaskManager taskManager, String description) {","lastModifiedDate":"2023-01-24"},{"lineNumber":12,"author":{"gitId":"rmj1405"},"content":"        this.taskManager \u003d taskManager;","lastModifiedDate":"2023-01-24"},{"lineNumber":13,"author":{"gitId":"rmj1405"},"content":"        this.description \u003d description;","lastModifiedDate":"2023-01-24"},{"lineNumber":14,"author":{"gitId":"rmj1405"},"content":"    }","lastModifiedDate":"2023-01-24"},{"lineNumber":15,"author":{"gitId":"rmj1405"},"content":"","lastModifiedDate":"2023-01-24"},{"lineNumber":16,"author":{"gitId":"rmj1405"},"content":"    @Override","lastModifiedDate":"2023-01-24"},{"lineNumber":17,"author":{"gitId":"rmj1405"},"content":"    public void executeCommand() throws DukeException {","lastModifiedDate":"2023-01-25"},{"lineNumber":18,"author":{"gitId":"rmj1405"},"content":"        ToDo todo \u003d new ToDo(this.description, false);","lastModifiedDate":"2023-01-26"},{"lineNumber":19,"author":{"gitId":"rmj1405"},"content":"        taskManager.addTaskToList(todo);","lastModifiedDate":"2023-01-24"},{"lineNumber":20,"author":{"gitId":"rmj1405"},"content":"    }","lastModifiedDate":"2023-01-24"},{"lineNumber":21,"author":{"gitId":"rmj1405"},"content":"}","lastModifiedDate":"2023-01-24"}],"authorContributionMap":{"rmj1405":21}},{"path":"src/main/java/command/UncheckCommand.java","fileType":"java","lines":[{"lineNumber":1,"author":{"gitId":"rmj1405"},"content":"package command;","lastModifiedDate":"2023-01-24"},{"lineNumber":2,"author":{"gitId":"rmj1405"},"content":"","lastModifiedDate":"2023-01-24"},{"lineNumber":3,"author":{"gitId":"rmj1405"},"content":"import task.TaskManager;","lastModifiedDate":"2023-01-24"},{"lineNumber":4,"author":{"gitId":"rmj1405"},"content":"","lastModifiedDate":"2023-01-24"},{"lineNumber":5,"author":{"gitId":"rmj1405"},"content":"import util.DukeException;","lastModifiedDate":"2023-01-25"},{"lineNumber":6,"author":{"gitId":"rmj1405"},"content":"import util.Parser;","lastModifiedDate":"2023-01-24"},{"lineNumber":7,"author":{"gitId":"rmj1405"},"content":"public class UncheckCommand extends Command {","lastModifiedDate":"2023-01-24"},{"lineNumber":8,"author":{"gitId":"rmj1405"},"content":"    private final TaskManager taskManager;","lastModifiedDate":"2023-01-24"},{"lineNumber":9,"author":{"gitId":"rmj1405"},"content":"    private final int index;","lastModifiedDate":"2023-01-24"},{"lineNumber":10,"author":{"gitId":"rmj1405"},"content":"","lastModifiedDate":"2023-01-24"},{"lineNumber":11,"author":{"gitId":"rmj1405"},"content":"    public UncheckCommand(TaskManager taskManager, String input) {","lastModifiedDate":"2023-01-24"},{"lineNumber":12,"author":{"gitId":"rmj1405"},"content":"        this.taskManager \u003d taskManager;","lastModifiedDate":"2023-01-24"},{"lineNumber":13,"author":{"gitId":"rmj1405"},"content":"        this.index \u003d super.extractIndex(input) - 1;","lastModifiedDate":"2023-01-24"},{"lineNumber":14,"author":{"gitId":"rmj1405"},"content":"    }","lastModifiedDate":"2023-01-24"},{"lineNumber":15,"author":{"gitId":"rmj1405"},"content":"    @Override","lastModifiedDate":"2023-01-24"},{"lineNumber":16,"author":{"gitId":"rmj1405"},"content":"    public void executeCommand() throws DukeException {","lastModifiedDate":"2023-01-25"},{"lineNumber":17,"author":{"gitId":"rmj1405"},"content":"        try {","lastModifiedDate":"2023-01-24"},{"lineNumber":18,"author":{"gitId":"rmj1405"},"content":"            taskManager.uncheckTask(this.index);","lastModifiedDate":"2023-01-24"},{"lineNumber":19,"author":{"gitId":"rmj1405"},"content":"        } catch (IndexOutOfBoundsException e) {","lastModifiedDate":"2023-01-24"},{"lineNumber":20,"author":{"gitId":"rmj1405"},"content":"            throw new DukeException(\"Item does not exist in list! Please check your list again.\");","lastModifiedDate":"2023-01-25"},{"lineNumber":21,"author":{"gitId":"rmj1405"},"content":"        }","lastModifiedDate":"2023-01-24"},{"lineNumber":22,"author":{"gitId":"rmj1405"},"content":"    }","lastModifiedDate":"2023-01-24"},{"lineNumber":23,"author":{"gitId":"rmj1405"},"content":"}","lastModifiedDate":"2023-01-24"}],"authorContributionMap":{"rmj1405":23}},{"path":"src/main/java/data/UserTasks.txt","fileType":"txt","lines":[{"lineNumber":1,"author":{"gitId":"rmj1405"},"content":"Event,false,party,12/2/23 0600,12/2/23 1000","lastModifiedDate":"2023-01-26"},{"lineNumber":2,"author":{"gitId":"rmj1405"},"content":"Deadline,true,test program,25/12/23 1150","lastModifiedDate":"2023-01-26"},{"lineNumber":3,"author":{"gitId":"rmj1405"},"content":"Todo,false,task2","lastModifiedDate":"2023-01-26"}],"authorContributionMap":{"rmj1405":3}},{"path":"src/main/java/task/Deadline.java","fileType":"java","lines":[{"lineNumber":1,"author":{"gitId":"rmj1405"},"content":"package task;","lastModifiedDate":"2023-01-23"},{"lineNumber":2,"author":{"gitId":"rmj1405"},"content":"","lastModifiedDate":"2023-01-23"},{"lineNumber":3,"author":{"gitId":"rmj1405"},"content":"import util.DukeException;","lastModifiedDate":"2023-01-25"},{"lineNumber":4,"author":{"gitId":"rmj1405"},"content":"","lastModifiedDate":"2023-01-25"},{"lineNumber":5,"author":{"gitId":"rmj1405"},"content":"public class Deadline extends Task {","lastModifiedDate":"2023-01-24"},{"lineNumber":6,"author":{"gitId":"rmj1405"},"content":"    private String by;","lastModifiedDate":"2023-01-24"},{"lineNumber":7,"author":{"gitId":"rmj1405"},"content":"    private String byFormatted;","lastModifiedDate":"2023-01-25"},{"lineNumber":8,"author":{"gitId":"rmj1405"},"content":"    public Deadline(String description, boolean status, String by) throws DukeException {","lastModifiedDate":"2023-01-26"},{"lineNumber":9,"author":{"gitId":"rmj1405"},"content":"        super(description, status);","lastModifiedDate":"2023-01-26"},{"lineNumber":10,"author":{"gitId":"rmj1405"},"content":"        this.by \u003d by;","lastModifiedDate":"2023-01-18"},{"lineNumber":11,"author":{"gitId":"rmj1405"},"content":"        this.byFormatted \u003d super.dateFormatter(this.by);","lastModifiedDate":"2023-01-25"},{"lineNumber":12,"author":{"gitId":"rmj1405"},"content":"    }","lastModifiedDate":"2023-01-25"},{"lineNumber":13,"author":{"gitId":"rmj1405"},"content":"","lastModifiedDate":"2023-01-25"},{"lineNumber":14,"author":{"gitId":"rmj1405"},"content":"    public String serialise() {","lastModifiedDate":"2023-01-25"},{"lineNumber":15,"author":{"gitId":"rmj1405"},"content":"        return String.format(\"Deadline,%s,%s,%s\", super.getStatus(),","lastModifiedDate":"2023-01-26"},{"lineNumber":16,"author":{"gitId":"rmj1405"},"content":"                super.getDescription(), this.by);","lastModifiedDate":"2023-01-25"},{"lineNumber":17,"author":{"gitId":"rmj1405"},"content":"    }","lastModifiedDate":"2023-01-25"},{"lineNumber":18,"author":{"gitId":"rmj1405"},"content":"    public static Task deserialise(String data) throws DukeException {","lastModifiedDate":"2023-01-25"},{"lineNumber":19,"author":{"gitId":"rmj1405"},"content":"        String arr[] \u003d data.split(\",\");","lastModifiedDate":"2023-01-25"},{"lineNumber":20,"author":{"gitId":"rmj1405"},"content":"","lastModifiedDate":"2023-01-25"},{"lineNumber":21,"author":{"gitId":"rmj1405"},"content":"        boolean isDone \u003d Boolean.parseBoolean(arr[1]);","lastModifiedDate":"2023-01-26"},{"lineNumber":22,"author":{"gitId":"rmj1405"},"content":"        String description \u003d arr[2];","lastModifiedDate":"2023-01-25"},{"lineNumber":23,"author":{"gitId":"rmj1405"},"content":"        String by \u003d arr[3];","lastModifiedDate":"2023-01-25"},{"lineNumber":24,"author":{"gitId":"rmj1405"},"content":"","lastModifiedDate":"2023-01-25"},{"lineNumber":25,"author":{"gitId":"rmj1405"},"content":"        return new Deadline(description, isDone, by);","lastModifiedDate":"2023-01-26"},{"lineNumber":26,"author":{"gitId":"rmj1405"},"content":"    }","lastModifiedDate":"2023-01-18"},{"lineNumber":27,"author":{"gitId":"rmj1405"},"content":"","lastModifiedDate":"2023-01-18"},{"lineNumber":28,"author":{"gitId":"rmj1405"},"content":"    @Override","lastModifiedDate":"2023-01-18"},{"lineNumber":29,"author":{"gitId":"rmj1405"},"content":"    public String toString() {","lastModifiedDate":"2023-01-18"},{"lineNumber":30,"author":{"gitId":"rmj1405"},"content":"        return \"[D]\" + super.toString() + \" (by: \" + this.byFormatted + \")\";","lastModifiedDate":"2023-01-25"},{"lineNumber":31,"author":{"gitId":"rmj1405"},"content":"    }","lastModifiedDate":"2023-01-18"},{"lineNumber":32,"author":{"gitId":"rmj1405"},"content":"","lastModifiedDate":"2023-01-24"},{"lineNumber":33,"author":{"gitId":"rmj1405"},"content":"    //deadline test program /by 25/12/23 1150","lastModifiedDate":"2023-01-26"},{"lineNumber":34,"author":{"gitId":"rmj1405"},"content":"}","lastModifiedDate":"2023-01-18"}],"authorContributionMap":{"rmj1405":34}},{"path":"src/main/java/task/Event.java","fileType":"java","lines":[{"lineNumber":1,"author":{"gitId":"rmj1405"},"content":"package task;","lastModifiedDate":"2023-01-23"},{"lineNumber":2,"author":{"gitId":"rmj1405"},"content":"","lastModifiedDate":"2023-01-23"},{"lineNumber":3,"author":{"gitId":"rmj1405"},"content":"import util.DukeException;","lastModifiedDate":"2023-01-25"},{"lineNumber":4,"author":{"gitId":"rmj1405"},"content":"","lastModifiedDate":"2023-01-25"},{"lineNumber":5,"author":{"gitId":"rmj1405"},"content":"public class Event extends Task {","lastModifiedDate":"2023-01-24"},{"lineNumber":6,"author":{"gitId":"rmj1405"},"content":"    private String startFormatted;","lastModifiedDate":"2023-01-24"},{"lineNumber":7,"author":{"gitId":"rmj1405"},"content":"    private String start;","lastModifiedDate":"2023-01-25"},{"lineNumber":8,"author":{"gitId":"rmj1405"},"content":"    private String endFormatted;","lastModifiedDate":"2023-01-24"},{"lineNumber":9,"author":{"gitId":"rmj1405"},"content":"    private String end;","lastModifiedDate":"2023-01-25"},{"lineNumber":10,"author":{"gitId":"rmj1405"},"content":"","lastModifiedDate":"2023-01-25"},{"lineNumber":11,"author":{"gitId":"rmj1405"},"content":"    public Event(String description, boolean status, String start, String end) throws DukeException {","lastModifiedDate":"2023-01-26"},{"lineNumber":12,"author":{"gitId":"rmj1405"},"content":"        super(description, status);","lastModifiedDate":"2023-01-26"},{"lineNumber":13,"author":{"gitId":"rmj1405"},"content":"        this.start \u003d start;","lastModifiedDate":"2023-01-25"},{"lineNumber":14,"author":{"gitId":"rmj1405"},"content":"        this.end \u003d end;","lastModifiedDate":"2023-01-25"},{"lineNumber":15,"author":{"gitId":"rmj1405"},"content":"        this.startFormatted \u003d super.dateFormatter(start);","lastModifiedDate":"2023-01-24"},{"lineNumber":16,"author":{"gitId":"rmj1405"},"content":"        this.endFormatted \u003d super.dateFormatter(end);","lastModifiedDate":"2023-01-24"},{"lineNumber":17,"author":{"gitId":"rmj1405"},"content":"    }","lastModifiedDate":"2023-01-18"},{"lineNumber":18,"author":{"gitId":"rmj1405"},"content":"","lastModifiedDate":"2023-01-18"},{"lineNumber":19,"author":{"gitId":"rmj1405"},"content":"    public String serialise() {","lastModifiedDate":"2023-01-25"},{"lineNumber":20,"author":{"gitId":"rmj1405"},"content":"        return String.format(\"Event,%s,%s,%s,%s\", super.getStatus(),","lastModifiedDate":"2023-01-26"},{"lineNumber":21,"author":{"gitId":"rmj1405"},"content":"                super.getDescription(), this.start, this.end);","lastModifiedDate":"2023-01-25"},{"lineNumber":22,"author":{"gitId":"rmj1405"},"content":"    }","lastModifiedDate":"2023-01-25"},{"lineNumber":23,"author":{"gitId":"rmj1405"},"content":"","lastModifiedDate":"2023-01-25"},{"lineNumber":24,"author":{"gitId":"rmj1405"},"content":"    public static Task deserialise(String data) throws DukeException {","lastModifiedDate":"2023-01-25"},{"lineNumber":25,"author":{"gitId":"rmj1405"},"content":"        String arr[] \u003d data.split(\",\");","lastModifiedDate":"2023-01-25"},{"lineNumber":26,"author":{"gitId":"rmj1405"},"content":"","lastModifiedDate":"2023-01-25"},{"lineNumber":27,"author":{"gitId":"rmj1405"},"content":"        boolean isDone \u003d Boolean.parseBoolean(arr[1]);","lastModifiedDate":"2023-01-26"},{"lineNumber":28,"author":{"gitId":"rmj1405"},"content":"        String description \u003d arr[2];","lastModifiedDate":"2023-01-25"},{"lineNumber":29,"author":{"gitId":"rmj1405"},"content":"        String start \u003d arr[3];","lastModifiedDate":"2023-01-25"},{"lineNumber":30,"author":{"gitId":"rmj1405"},"content":"        String end \u003d arr[4];","lastModifiedDate":"2023-01-25"},{"lineNumber":31,"author":{"gitId":"rmj1405"},"content":"","lastModifiedDate":"2023-01-25"},{"lineNumber":32,"author":{"gitId":"rmj1405"},"content":"        return new Event(description, isDone, start, end);","lastModifiedDate":"2023-01-26"},{"lineNumber":33,"author":{"gitId":"rmj1405"},"content":"    }","lastModifiedDate":"2023-01-25"},{"lineNumber":34,"author":{"gitId":"rmj1405"},"content":"","lastModifiedDate":"2023-01-25"},{"lineNumber":35,"author":{"gitId":"rmj1405"},"content":"    @Override","lastModifiedDate":"2023-01-18"},{"lineNumber":36,"author":{"gitId":"rmj1405"},"content":"    public String toString() {","lastModifiedDate":"2023-01-18"},{"lineNumber":37,"author":{"gitId":"rmj1405"},"content":"        return \"[E]\" + super.toString() + \" (Start: \" + startFormatted + \" | End: \" + endFormatted + \")\";","lastModifiedDate":"2023-01-24"},{"lineNumber":38,"author":{"gitId":"rmj1405"},"content":"    }","lastModifiedDate":"2023-01-18"},{"lineNumber":39,"author":{"gitId":"rmj1405"},"content":"","lastModifiedDate":"2023-01-24"},{"lineNumber":40,"author":{"gitId":"rmj1405"},"content":"    //event party /from 12/2/23 0600 /to 12/2/23 1000","lastModifiedDate":"2023-01-26"},{"lineNumber":41,"author":{"gitId":"rmj1405"},"content":"}","lastModifiedDate":"2023-01-18"}],"authorContributionMap":{"rmj1405":41}},{"path":"src/main/java/task/Task.java","fileType":"java","lines":[{"lineNumber":1,"author":{"gitId":"rmj1405"},"content":"package task;","lastModifiedDate":"2023-01-23"},{"lineNumber":2,"author":{"gitId":"rmj1405"},"content":"import util.DukeException;","lastModifiedDate":"2023-01-25"},{"lineNumber":3,"author":{"gitId":"rmj1405"},"content":"","lastModifiedDate":"2023-01-25"},{"lineNumber":4,"author":{"gitId":"rmj1405"},"content":"import java.time.DateTimeException;","lastModifiedDate":"2023-01-25"},{"lineNumber":5,"author":{"gitId":"rmj1405"},"content":"import java.time.LocalDateTime;","lastModifiedDate":"2023-01-24"},{"lineNumber":6,"author":{"gitId":"rmj1405"},"content":"import java.time.format.DateTimeFormatter;","lastModifiedDate":"2023-01-24"},{"lineNumber":7,"author":{"gitId":"rmj1405"},"content":"public class Task {","lastModifiedDate":"2023-01-18"},{"lineNumber":8,"author":{"gitId":"rmj1405"},"content":"    private String description;","lastModifiedDate":"2023-01-24"},{"lineNumber":9,"author":{"gitId":"rmj1405"},"content":"    private boolean isDone;","lastModifiedDate":"2023-01-24"},{"lineNumber":10,"author":{"gitId":"rmj1405"},"content":"","lastModifiedDate":"2023-01-18"},{"lineNumber":11,"author":{"gitId":"rmj1405"},"content":"    public Task(String description, boolean status) {","lastModifiedDate":"2023-01-26"},{"lineNumber":12,"author":{"gitId":"rmj1405"},"content":"        this.description \u003d description;","lastModifiedDate":"2023-01-18"},{"lineNumber":13,"author":{"gitId":"rmj1405"},"content":"        this.isDone \u003d status;","lastModifiedDate":"2023-01-26"},{"lineNumber":14,"author":{"gitId":"rmj1405"},"content":"    }","lastModifiedDate":"2023-01-18"},{"lineNumber":15,"author":{"gitId":"rmj1405"},"content":"","lastModifiedDate":"2023-01-18"},{"lineNumber":16,"author":{"gitId":"rmj1405"},"content":"    public String getStatusIcon() {","lastModifiedDate":"2023-01-18"},{"lineNumber":17,"author":{"gitId":"rmj1405"},"content":"        //mark done task with X","lastModifiedDate":"2023-01-18"},{"lineNumber":18,"author":{"gitId":"rmj1405"},"content":"        return (isDone ? \"X\" : \" \");","lastModifiedDate":"2023-01-18"},{"lineNumber":19,"author":{"gitId":"rmj1405"},"content":"    }","lastModifiedDate":"2023-01-18"},{"lineNumber":20,"author":{"gitId":"rmj1405"},"content":"","lastModifiedDate":"2023-01-18"},{"lineNumber":21,"author":{"gitId":"rmj1405"},"content":"    public Boolean getStatus() {","lastModifiedDate":"2023-01-24"},{"lineNumber":22,"author":{"gitId":"rmj1405"},"content":"        return isDone;","lastModifiedDate":"2023-01-24"},{"lineNumber":23,"author":{"gitId":"rmj1405"},"content":"    }","lastModifiedDate":"2023-01-24"},{"lineNumber":24,"author":{"gitId":"rmj1405"},"content":"","lastModifiedDate":"2023-01-24"},{"lineNumber":25,"author":{"gitId":"rmj1405"},"content":"    public String getDescription() {","lastModifiedDate":"2023-01-18"},{"lineNumber":26,"author":{"gitId":"rmj1405"},"content":"        return description;","lastModifiedDate":"2023-01-18"},{"lineNumber":27,"author":{"gitId":"rmj1405"},"content":"    }","lastModifiedDate":"2023-01-18"},{"lineNumber":28,"author":{"gitId":"rmj1405"},"content":"","lastModifiedDate":"2023-01-18"},{"lineNumber":29,"author":{"gitId":"rmj1405"},"content":"    public void markAsDone() {","lastModifiedDate":"2023-01-18"},{"lineNumber":30,"author":{"gitId":"rmj1405"},"content":"        isDone \u003d true;","lastModifiedDate":"2023-01-18"},{"lineNumber":31,"author":{"gitId":"rmj1405"},"content":"    }","lastModifiedDate":"2023-01-18"},{"lineNumber":32,"author":{"gitId":"rmj1405"},"content":"","lastModifiedDate":"2023-01-18"},{"lineNumber":33,"author":{"gitId":"rmj1405"},"content":"    public void markAsUndone(){","lastModifiedDate":"2023-01-18"},{"lineNumber":34,"author":{"gitId":"rmj1405"},"content":"        isDone \u003d false;","lastModifiedDate":"2023-01-18"},{"lineNumber":35,"author":{"gitId":"rmj1405"},"content":"    }","lastModifiedDate":"2023-01-18"},{"lineNumber":36,"author":{"gitId":"rmj1405"},"content":"","lastModifiedDate":"2023-01-18"},{"lineNumber":37,"author":{"gitId":"rmj1405"},"content":"    public String dateFormatter(String str) throws DukeException {","lastModifiedDate":"2023-01-25"},{"lineNumber":38,"author":{"gitId":"rmj1405"},"content":"        //\"d/M/y H:mm\" for auto detection of AM/PM d/M/yy h:mma for manual but in 12hr time","lastModifiedDate":"2023-01-25"},{"lineNumber":39,"author":{"gitId":"rmj1405"},"content":"        try {","lastModifiedDate":"2023-01-25"},{"lineNumber":40,"author":{"gitId":"rmj1405"},"content":"            LocalDateTime localDateTime \u003d LocalDateTime.parse(str, DateTimeFormatter.ofPattern(\"d/M/yy Hmm\"));","lastModifiedDate":"2023-01-25"},{"lineNumber":41,"author":{"gitId":"rmj1405"},"content":"            String dt \u003d localDateTime.format(DateTimeFormatter.ofPattern(\"d MMM yyyy hh:mm a\"));","lastModifiedDate":"2023-01-24"},{"lineNumber":42,"author":{"gitId":"rmj1405"},"content":"            return dt;","lastModifiedDate":"2023-01-24"},{"lineNumber":43,"author":{"gitId":"rmj1405"},"content":"        } catch (DateTimeException e) {","lastModifiedDate":"2023-01-25"},{"lineNumber":44,"author":{"gitId":"rmj1405"},"content":"            throw new DukeException(\"Please enter date in dd/mm/yy and time in hhmm 24hr format!\");","lastModifiedDate":"2023-01-25"},{"lineNumber":45,"author":{"gitId":"rmj1405"},"content":"        }","lastModifiedDate":"2023-01-25"},{"lineNumber":46,"author":{"gitId":"rmj1405"},"content":"    }","lastModifiedDate":"2023-01-24"},{"lineNumber":47,"author":{"gitId":"rmj1405"},"content":"","lastModifiedDate":"2023-01-24"},{"lineNumber":48,"author":{"gitId":"rmj1405"},"content":"    public String serialise() {","lastModifiedDate":"2023-01-25"},{"lineNumber":49,"author":{"gitId":"rmj1405"},"content":"        return String.format(\"Task,%s,%s\", this.getStatus(), this.description);","lastModifiedDate":"2023-01-26"},{"lineNumber":50,"author":{"gitId":"rmj1405"},"content":"    }","lastModifiedDate":"2023-01-25"},{"lineNumber":51,"author":{"gitId":"rmj1405"},"content":"","lastModifiedDate":"2023-01-25"},{"lineNumber":52,"author":{"gitId":"rmj1405"},"content":"    public static Task deserialise(String data) throws DukeException {","lastModifiedDate":"2023-01-25"},{"lineNumber":53,"author":{"gitId":"rmj1405"},"content":"        String[] arr \u003d data.split(\",\");","lastModifiedDate":"2023-01-25"},{"lineNumber":54,"author":{"gitId":"rmj1405"},"content":"        boolean isDone \u003d Boolean.parseBoolean(arr[1]);","lastModifiedDate":"2023-01-26"},{"lineNumber":55,"author":{"gitId":"rmj1405"},"content":"        String desc \u003d arr[2];","lastModifiedDate":"2023-01-26"},{"lineNumber":56,"author":{"gitId":"rmj1405"},"content":"","lastModifiedDate":"2023-01-25"},{"lineNumber":57,"author":{"gitId":"rmj1405"},"content":"        return new Task(desc, isDone);","lastModifiedDate":"2023-01-26"},{"lineNumber":58,"author":{"gitId":"rmj1405"},"content":"    }","lastModifiedDate":"2023-01-25"},{"lineNumber":59,"author":{"gitId":"rmj1405"},"content":"","lastModifiedDate":"2023-01-25"},{"lineNumber":60,"author":{"gitId":"rmj1405"},"content":"    @Override","lastModifiedDate":"2023-01-18"},{"lineNumber":61,"author":{"gitId":"rmj1405"},"content":"    public String toString() {","lastModifiedDate":"2023-01-18"},{"lineNumber":62,"author":{"gitId":"rmj1405"},"content":"        String str \u003d \"[\" + this.getStatusIcon() + \"] \" + this.description;","lastModifiedDate":"2023-01-18"},{"lineNumber":63,"author":{"gitId":"rmj1405"},"content":"        return str;","lastModifiedDate":"2023-01-18"},{"lineNumber":64,"author":{"gitId":"rmj1405"},"content":"    }","lastModifiedDate":"2023-01-18"},{"lineNumber":65,"author":{"gitId":"rmj1405"},"content":"}","lastModifiedDate":"2023-01-18"}],"authorContributionMap":{"rmj1405":65}},{"path":"src/main/java/task/TaskManager.java","fileType":"java","lines":[{"lineNumber":1,"author":{"gitId":"rmj1405"},"content":"package task;","lastModifiedDate":"2023-01-23"},{"lineNumber":2,"author":{"gitId":"rmj1405"},"content":"","lastModifiedDate":"2023-01-23"},{"lineNumber":3,"author":{"gitId":"rmj1405"},"content":"import java.util.ArrayList;","lastModifiedDate":"2023-01-18"},{"lineNumber":4,"author":{"gitId":"rmj1405"},"content":"","lastModifiedDate":"2023-01-18"},{"lineNumber":5,"author":{"gitId":"rmj1405"},"content":"public class TaskManager {","lastModifiedDate":"2023-01-18"},{"lineNumber":6,"author":{"gitId":"rmj1405"},"content":"    private ArrayList\u003cTask\u003e taskArr;","lastModifiedDate":"2023-01-25"},{"lineNumber":7,"author":{"gitId":"rmj1405"},"content":"    public TaskManager() {","lastModifiedDate":"2023-01-18"},{"lineNumber":8,"author":{"gitId":"rmj1405"},"content":"        this.taskArr \u003d new ArrayList\u003c\u003e();","lastModifiedDate":"2023-01-18"},{"lineNumber":9,"author":{"gitId":"rmj1405"},"content":"    }","lastModifiedDate":"2023-01-18"},{"lineNumber":10,"author":{"gitId":"rmj1405"},"content":"","lastModifiedDate":"2023-01-18"},{"lineNumber":11,"author":{"gitId":"rmj1405"},"content":"    public void checkTask(int index) {","lastModifiedDate":"2023-01-18"},{"lineNumber":12,"author":{"gitId":"rmj1405"},"content":"        Task task \u003d taskArr.get(index);","lastModifiedDate":"2023-01-18"},{"lineNumber":13,"author":{"gitId":"rmj1405"},"content":"        task.markAsDone();","lastModifiedDate":"2023-01-18"},{"lineNumber":14,"author":{"gitId":"rmj1405"},"content":"        System.out.println(\"Great job! I have checked this task off the list:\");","lastModifiedDate":"2023-01-18"},{"lineNumber":15,"author":{"gitId":"rmj1405"},"content":"        System.out.println(task);","lastModifiedDate":"2023-01-18"},{"lineNumber":16,"author":{"gitId":"rmj1405"},"content":"    }","lastModifiedDate":"2023-01-18"},{"lineNumber":17,"author":{"gitId":"rmj1405"},"content":"","lastModifiedDate":"2023-01-18"},{"lineNumber":18,"author":{"gitId":"rmj1405"},"content":"    public void uncheckTask(int index) {","lastModifiedDate":"2023-01-18"},{"lineNumber":19,"author":{"gitId":"rmj1405"},"content":"        Task task \u003d taskArr.get(index);","lastModifiedDate":"2023-01-18"},{"lineNumber":20,"author":{"gitId":"rmj1405"},"content":"        task.markAsUndone();","lastModifiedDate":"2023-01-18"},{"lineNumber":21,"author":{"gitId":"rmj1405"},"content":"        System.out.println(\"No worries! I have unchecked this task in the list: \");","lastModifiedDate":"2023-01-18"},{"lineNumber":22,"author":{"gitId":"rmj1405"},"content":"        System.out.println(task);","lastModifiedDate":"2023-01-18"},{"lineNumber":23,"author":{"gitId":"rmj1405"},"content":"    }","lastModifiedDate":"2023-01-18"},{"lineNumber":24,"author":{"gitId":"rmj1405"},"content":"","lastModifiedDate":"2023-01-18"},{"lineNumber":25,"author":{"gitId":"rmj1405"},"content":"    public void deleteTask(int index) {","lastModifiedDate":"2023-01-19"},{"lineNumber":26,"author":{"gitId":"rmj1405"},"content":"        taskArr.remove(index);","lastModifiedDate":"2023-01-19"},{"lineNumber":27,"author":{"gitId":"rmj1405"},"content":"        System.out.println(\"Okay! I have removed the task!\");","lastModifiedDate":"2023-01-19"},{"lineNumber":28,"author":{"gitId":"rmj1405"},"content":"        System.out.println(\"There are currently \" + taskArr.size() + \" task(s) in the list!\");","lastModifiedDate":"2023-01-19"},{"lineNumber":29,"author":{"gitId":"rmj1405"},"content":"    }","lastModifiedDate":"2023-01-19"},{"lineNumber":30,"author":{"gitId":"rmj1405"},"content":"","lastModifiedDate":"2023-01-19"},{"lineNumber":31,"author":{"gitId":"rmj1405"},"content":"    public void addTaskToList(Task task) {","lastModifiedDate":"2023-01-19"},{"lineNumber":32,"author":{"gitId":"rmj1405"},"content":"        taskArr.add(task);","lastModifiedDate":"2023-01-19"},{"lineNumber":33,"author":{"gitId":"rmj1405"},"content":"        System.out.println(\"I have added: \" + task + \"!\");","lastModifiedDate":"2023-01-19"},{"lineNumber":34,"author":{"gitId":"rmj1405"},"content":"        System.out.println(\"There are currently \" + taskArr.size() + \" task(s) in the list!\");","lastModifiedDate":"2023-01-19"},{"lineNumber":35,"author":{"gitId":"rmj1405"},"content":"    }","lastModifiedDate":"2023-01-19"},{"lineNumber":36,"author":{"gitId":"rmj1405"},"content":"","lastModifiedDate":"2023-01-19"},{"lineNumber":37,"author":{"gitId":"rmj1405"},"content":"    public Task getTaskFromList(int index) {","lastModifiedDate":"2023-01-25"},{"lineNumber":38,"author":{"gitId":"rmj1405"},"content":"        return taskArr.get(index);","lastModifiedDate":"2023-01-25"},{"lineNumber":39,"author":{"gitId":"rmj1405"},"content":"    }","lastModifiedDate":"2023-01-18"},{"lineNumber":40,"author":{"gitId":"rmj1405"},"content":"","lastModifiedDate":"2023-01-18"},{"lineNumber":41,"author":{"gitId":"rmj1405"},"content":"    public String printTask(int index) {","lastModifiedDate":"2023-01-25"},{"lineNumber":42,"author":{"gitId":"rmj1405"},"content":"        String str \u003d taskArr.get(index).toString();","lastModifiedDate":"2023-01-25"},{"lineNumber":43,"author":{"gitId":"rmj1405"},"content":"        return str;","lastModifiedDate":"2023-01-25"},{"lineNumber":44,"author":{"gitId":"rmj1405"},"content":"    }","lastModifiedDate":"2023-01-18"},{"lineNumber":45,"author":{"gitId":"rmj1405"},"content":"","lastModifiedDate":"2023-01-18"},{"lineNumber":46,"author":{"gitId":"rmj1405"},"content":"    public void displayList() {","lastModifiedDate":"2023-01-18"},{"lineNumber":47,"author":{"gitId":"rmj1405"},"content":"        if(taskArr.isEmpty()) {","lastModifiedDate":"2023-01-18"},{"lineNumber":48,"author":{"gitId":"rmj1405"},"content":"            System.out.println(\"Your list is empty, please add a task!\");","lastModifiedDate":"2023-01-18"},{"lineNumber":49,"author":{"gitId":"rmj1405"},"content":"        }","lastModifiedDate":"2023-01-18"},{"lineNumber":50,"author":{"gitId":"rmj1405"},"content":"        for(int i \u003d 0; i \u003c taskArr.size(); i++) {","lastModifiedDate":"2023-01-18"},{"lineNumber":51,"author":{"gitId":"rmj1405"},"content":"            Task tsk \u003d taskArr.get(i);","lastModifiedDate":"2023-01-18"},{"lineNumber":52,"author":{"gitId":"rmj1405"},"content":"            System.out.println(i + 1 + \". \" + tsk);","lastModifiedDate":"2023-01-18"},{"lineNumber":53,"author":{"gitId":"rmj1405"},"content":"        }","lastModifiedDate":"2023-01-18"},{"lineNumber":54,"author":{"gitId":"rmj1405"},"content":"    }","lastModifiedDate":"2023-01-18"},{"lineNumber":55,"author":{"gitId":"rmj1405"},"content":"","lastModifiedDate":"2023-01-18"},{"lineNumber":56,"author":{"gitId":"rmj1405"},"content":"    public int getTaskArraySize() {","lastModifiedDate":"2023-01-24"},{"lineNumber":57,"author":{"gitId":"rmj1405"},"content":"        return taskArr.size();","lastModifiedDate":"2023-01-24"},{"lineNumber":58,"author":{"gitId":"rmj1405"},"content":"    }","lastModifiedDate":"2023-01-19"},{"lineNumber":59,"author":{"gitId":"rmj1405"},"content":"","lastModifiedDate":"2023-01-19"},{"lineNumber":60,"author":{"gitId":"rmj1405"},"content":"    public ArrayList\u003cTask\u003e getTaskArr() {","lastModifiedDate":"2023-01-25"},{"lineNumber":61,"author":{"gitId":"rmj1405"},"content":"        return taskArr;","lastModifiedDate":"2023-01-25"},{"lineNumber":62,"author":{"gitId":"rmj1405"},"content":"    }","lastModifiedDate":"2023-01-25"},{"lineNumber":63,"author":{"gitId":"rmj1405"},"content":"","lastModifiedDate":"2023-01-25"},{"lineNumber":64,"author":{"gitId":"rmj1405"},"content":"}","lastModifiedDate":"2023-01-18"}],"authorContributionMap":{"rmj1405":64}},{"path":"src/main/java/task/ToDo.java","fileType":"java","lines":[{"lineNumber":1,"author":{"gitId":"rmj1405"},"content":"package task;","lastModifiedDate":"2023-01-23"},{"lineNumber":2,"author":{"gitId":"rmj1405"},"content":"","lastModifiedDate":"2023-01-23"},{"lineNumber":3,"author":{"gitId":"rmj1405"},"content":"import util.DukeException;","lastModifiedDate":"2023-01-26"},{"lineNumber":4,"author":{"gitId":"rmj1405"},"content":"","lastModifiedDate":"2023-01-26"},{"lineNumber":5,"author":{"gitId":"rmj1405"},"content":"public class ToDo extends Task {","lastModifiedDate":"2023-01-24"},{"lineNumber":6,"author":{"gitId":"rmj1405"},"content":"    public ToDo(String description, boolean status) {","lastModifiedDate":"2023-01-26"},{"lineNumber":7,"author":{"gitId":"rmj1405"},"content":"        super(description, status);","lastModifiedDate":"2023-01-26"},{"lineNumber":8,"author":{"gitId":"rmj1405"},"content":"    }","lastModifiedDate":"2023-01-18"},{"lineNumber":9,"author":{"gitId":"rmj1405"},"content":"","lastModifiedDate":"2023-01-18"},{"lineNumber":10,"author":{"gitId":"rmj1405"},"content":"    public String serialise() {","lastModifiedDate":"2023-01-25"},{"lineNumber":11,"author":{"gitId":"rmj1405"},"content":"        return String.format(\"Todo,%s,%s\", super.getStatus(), super.getDescription());","lastModifiedDate":"2023-01-26"},{"lineNumber":12,"author":{"gitId":"rmj1405"},"content":"    }","lastModifiedDate":"2023-01-25"},{"lineNumber":13,"author":{"gitId":"rmj1405"},"content":"","lastModifiedDate":"2023-01-25"},{"lineNumber":14,"author":{"gitId":"rmj1405"},"content":"    public static Task deserialise(String data) {","lastModifiedDate":"2023-01-25"},{"lineNumber":15,"author":{"gitId":"rmj1405"},"content":"        String arr[] \u003d data.split(\",\");","lastModifiedDate":"2023-01-25"},{"lineNumber":16,"author":{"gitId":"rmj1405"},"content":"","lastModifiedDate":"2023-01-25"},{"lineNumber":17,"author":{"gitId":"rmj1405"},"content":"        boolean isDone \u003d Boolean.parseBoolean(arr[1]);","lastModifiedDate":"2023-01-26"},{"lineNumber":18,"author":{"gitId":"rmj1405"},"content":"        String description \u003d arr[2];","lastModifiedDate":"2023-01-25"},{"lineNumber":19,"author":{"gitId":"rmj1405"},"content":"","lastModifiedDate":"2023-01-25"},{"lineNumber":20,"author":{"gitId":"rmj1405"},"content":"        return new ToDo(description, isDone);","lastModifiedDate":"2023-01-26"},{"lineNumber":21,"author":{"gitId":"rmj1405"},"content":"    }","lastModifiedDate":"2023-01-25"},{"lineNumber":22,"author":{"gitId":"rmj1405"},"content":"    @Override","lastModifiedDate":"2023-01-18"},{"lineNumber":23,"author":{"gitId":"rmj1405"},"content":"    public String toString() {","lastModifiedDate":"2023-01-18"},{"lineNumber":24,"author":{"gitId":"rmj1405"},"content":"        return \"[T]\" + super.toString();","lastModifiedDate":"2023-01-18"},{"lineNumber":25,"author":{"gitId":"rmj1405"},"content":"    }","lastModifiedDate":"2023-01-18"},{"lineNumber":26,"author":{"gitId":"rmj1405"},"content":"}","lastModifiedDate":"2023-01-18"}],"authorContributionMap":{"rmj1405":26}},{"path":"src/main/java/ui/WelcomeUI.java","fileType":"java","lines":[{"lineNumber":1,"author":{"gitId":"rmj1405"},"content":"package ui;","lastModifiedDate":"2023-01-23"},{"lineNumber":2,"author":{"gitId":"rmj1405"},"content":"","lastModifiedDate":"2023-01-23"},{"lineNumber":3,"author":{"gitId":"rmj1405"},"content":"public class WelcomeUI {","lastModifiedDate":"2023-01-18"},{"lineNumber":4,"author":{"gitId":"rmj1405"},"content":"    /*","lastModifiedDate":"2023-01-18"},{"lineNumber":5,"author":{"gitId":"rmj1405"},"content":"     * logo credit: https://patorjk.com/software/taag/#p\u003dtestall\u0026h\u003d2\u0026v\u003d3\u0026f\u003d3D-ASCII\u0026t\u003dRubiRyo","lastModifiedDate":"2023-01-18"},{"lineNumber":6,"author":{"gitId":"rmj1405"},"content":"     * dog image credit: ChatGPT","lastModifiedDate":"2023-01-18"},{"lineNumber":7,"author":{"gitId":"rmj1405"},"content":"     * */","lastModifiedDate":"2023-01-18"},{"lineNumber":8,"author":{"gitId":"rmj1405"},"content":"//    protected String logo \u003d \"\\n\" +","lastModifiedDate":"2023-01-23"},{"lineNumber":9,"author":{"gitId":"rmj1405"},"content":"//            \" ____  __ __ ____  ____ ____  __ __  ___  \\n\" +","lastModifiedDate":"2023-01-23"},{"lineNumber":10,"author":{"gitId":"rmj1405"},"content":"//            \"|    \\\\|  |  |    \\\\|    |    \\\\|  |  |/   \\\\ \\n\" +","lastModifiedDate":"2023-01-23"},{"lineNumber":11,"author":{"gitId":"rmj1405"},"content":"//            \"|  D  )  |  |  o  )|  ||  D  )  |  |     |\\n\" +","lastModifiedDate":"2023-01-23"},{"lineNumber":12,"author":{"gitId":"rmj1405"},"content":"//            \"|    /|  |  |     ||  ||    /|  ~  |  O  |\\n\" +","lastModifiedDate":"2023-01-23"},{"lineNumber":13,"author":{"gitId":"rmj1405"},"content":"//            \"|    \\\\|  :  |  O  ||  ||    \\\\|___, |     |\\n\" +","lastModifiedDate":"2023-01-23"},{"lineNumber":14,"author":{"gitId":"rmj1405"},"content":"//            \"|  .  \\\\     |     ||  ||  .  \\\\     |     |\\n\" +","lastModifiedDate":"2023-01-23"},{"lineNumber":15,"author":{"gitId":"rmj1405"},"content":"//            \"|__|\\\\_|\\\\__,_|_____|____|__|\\\\_|____/ \\\\___/ \\n\" +","lastModifiedDate":"2023-01-23"},{"lineNumber":16,"author":{"gitId":"rmj1405"},"content":"//            \"                                          \\n\";","lastModifiedDate":"2023-01-23"},{"lineNumber":17,"author":{"gitId":"rmj1405"},"content":"","lastModifiedDate":"2023-01-23"},{"lineNumber":18,"author":{"gitId":"rmj1405"},"content":"    protected String LOGO \u003d \"RubiRyo \";","lastModifiedDate":"2023-01-23"},{"lineNumber":19,"author":{"gitId":"rmj1405"},"content":"","lastModifiedDate":"2023-01-18"},{"lineNumber":20,"author":{"gitId":"rmj1405"},"content":"    protected String introMessage \u003d \"Woof! I\u0027m RubiRyo the Japanese Spitz!\\n\" +","lastModifiedDate":"2023-01-18"},{"lineNumber":21,"author":{"gitId":"rmj1405"},"content":"            \"Give me a command or type menu to see the commands I know!\";","lastModifiedDate":"2023-01-18"},{"lineNumber":22,"author":{"gitId":"rmj1405"},"content":"","lastModifiedDate":"2023-01-18"},{"lineNumber":23,"author":{"gitId":"rmj1405"},"content":"    @Override","lastModifiedDate":"2023-01-18"},{"lineNumber":24,"author":{"gitId":"rmj1405"},"content":"    public String toString() {","lastModifiedDate":"2023-01-18"},{"lineNumber":25,"author":{"gitId":"rmj1405"},"content":"        return LOGO + introMessage;","lastModifiedDate":"2023-01-23"},{"lineNumber":26,"author":{"gitId":"rmj1405"},"content":"    }","lastModifiedDate":"2023-01-18"},{"lineNumber":27,"author":{"gitId":"rmj1405"},"content":"}","lastModifiedDate":"2023-01-18"}],"authorContributionMap":{"rmj1405":27}},{"path":"src/main/java/util/DukeException.java","fileType":"java","lines":[{"lineNumber":1,"author":{"gitId":"rmj1405"},"content":"package util;","lastModifiedDate":"2023-01-24"},{"lineNumber":2,"author":{"gitId":"rmj1405"},"content":"","lastModifiedDate":"2023-01-24"},{"lineNumber":3,"author":{"gitId":"rmj1405"},"content":"public class DukeException extends Exception {","lastModifiedDate":"2023-01-24"},{"lineNumber":4,"author":{"gitId":"rmj1405"},"content":"    public DukeException(String msg) {","lastModifiedDate":"2023-01-24"},{"lineNumber":5,"author":{"gitId":"rmj1405"},"content":"        super(msg);","lastModifiedDate":"2023-01-24"},{"lineNumber":6,"author":{"gitId":"rmj1405"},"content":"    }","lastModifiedDate":"2023-01-24"},{"lineNumber":7,"author":{"gitId":"rmj1405"},"content":"","lastModifiedDate":"2023-01-24"},{"lineNumber":8,"author":{"gitId":"rmj1405"},"content":"    @Override","lastModifiedDate":"2023-01-24"},{"lineNumber":9,"author":{"gitId":"rmj1405"},"content":"    public String toString() {","lastModifiedDate":"2023-01-24"},{"lineNumber":10,"author":{"gitId":"rmj1405"},"content":"        return String.format(\"Oh no! %s\", super.getMessage());","lastModifiedDate":"2023-01-24"},{"lineNumber":11,"author":{"gitId":"rmj1405"},"content":"    }","lastModifiedDate":"2023-01-24"},{"lineNumber":12,"author":{"gitId":"rmj1405"},"content":"}","lastModifiedDate":"2023-01-24"}],"authorContributionMap":{"rmj1405":12}},{"path":"src/main/java/util/FileManager.java","fileType":"java","lines":[{"lineNumber":1,"author":{"gitId":"rmj1405"},"content":"package util;","lastModifiedDate":"2023-01-24"},{"lineNumber":2,"author":{"gitId":"rmj1405"},"content":"","lastModifiedDate":"2023-01-24"},{"lineNumber":3,"author":{"gitId":"rmj1405"},"content":"import task.*;","lastModifiedDate":"2023-01-25"},{"lineNumber":4,"author":{"gitId":"rmj1405"},"content":"","lastModifiedDate":"2023-01-24"},{"lineNumber":5,"author":{"gitId":"rmj1405"},"content":"import java.io.*;","lastModifiedDate":"2023-01-24"},{"lineNumber":6,"author":{"gitId":"rmj1405"},"content":"import java.util.ArrayList;","lastModifiedDate":"2023-01-25"},{"lineNumber":7,"author":{"gitId":"rmj1405"},"content":"import java.util.Scanner;","lastModifiedDate":"2023-01-24"},{"lineNumber":8,"author":{"gitId":"rmj1405"},"content":"","lastModifiedDate":"2023-01-24"},{"lineNumber":9,"author":{"gitId":"rmj1405"},"content":"public class FileManager implements Serializable {","lastModifiedDate":"2023-01-26"},{"lineNumber":10,"author":{"gitId":"rmj1405"},"content":"    private static final String FILEPATH \u003d \"src/main/java/data/UserTasks.txt\";","lastModifiedDate":"2023-01-24"},{"lineNumber":11,"author":{"gitId":"rmj1405"},"content":"","lastModifiedDate":"2023-01-25"},{"lineNumber":12,"author":{"gitId":"rmj1405"},"content":"    //Credit to @Junyi00 for the simple and easy to understand serialisation method for level-7","lastModifiedDate":"2023-01-25"},{"lineNumber":13,"author":{"gitId":"rmj1405"},"content":"    public void saveTasksToFile(TaskManager taskManager) {","lastModifiedDate":"2023-01-25"},{"lineNumber":14,"author":{"gitId":"rmj1405"},"content":"        try{","lastModifiedDate":"2023-01-24"},{"lineNumber":15,"author":{"gitId":"rmj1405"},"content":"            File file \u003d new File(FILEPATH);","lastModifiedDate":"2023-01-24"},{"lineNumber":16,"author":{"gitId":"rmj1405"},"content":"            if(!file.isFile() \u0026\u0026 !file.isDirectory()) {","lastModifiedDate":"2023-01-24"},{"lineNumber":17,"author":{"gitId":"rmj1405"},"content":"                System.out.println(\"File or folder not found!\");","lastModifiedDate":"2023-01-24"},{"lineNumber":18,"author":{"gitId":"rmj1405"},"content":"                System.out.println(\"Please create the file or folder.\");","lastModifiedDate":"2023-01-24"},{"lineNumber":19,"author":{"gitId":"rmj1405"},"content":"            }","lastModifiedDate":"2023-01-24"},{"lineNumber":20,"author":{"gitId":"rmj1405"},"content":"            FileWriter fw \u003d new FileWriter(file);","lastModifiedDate":"2023-01-26"},{"lineNumber":21,"author":{"gitId":"rmj1405"},"content":"            ArrayList\u003cTask\u003e taskArr \u003d taskManager.getTaskArr();","lastModifiedDate":"2023-01-25"},{"lineNumber":22,"author":{"gitId":"rmj1405"},"content":"","lastModifiedDate":"2023-01-25"},{"lineNumber":23,"author":{"gitId":"rmj1405"},"content":"            for(int i \u003d 0; i \u003c taskArr.size(); i++) {","lastModifiedDate":"2023-01-25"},{"lineNumber":24,"author":{"gitId":"rmj1405"},"content":"                fw.write(taskArr.get(i).serialise());","lastModifiedDate":"2023-01-25"},{"lineNumber":25,"author":{"gitId":"rmj1405"},"content":"                fw.write(System.lineSeparator());","lastModifiedDate":"2023-01-25"},{"lineNumber":26,"author":{"gitId":"rmj1405"},"content":"            }","lastModifiedDate":"2023-01-25"},{"lineNumber":27,"author":{"gitId":"rmj1405"},"content":"            fw.close();","lastModifiedDate":"2023-01-25"},{"lineNumber":28,"author":{"gitId":"rmj1405"},"content":"        } catch (IOException e) {","lastModifiedDate":"2023-01-24"},{"lineNumber":29,"author":{"gitId":"rmj1405"},"content":"            System.out.println(\"IO Error Occurred\");","lastModifiedDate":"2023-01-26"},{"lineNumber":30,"author":{"gitId":"rmj1405"},"content":"        }","lastModifiedDate":"2023-01-24"},{"lineNumber":31,"author":{"gitId":"rmj1405"},"content":"    }","lastModifiedDate":"2023-01-24"},{"lineNumber":32,"author":{"gitId":"rmj1405"},"content":"","lastModifiedDate":"2023-01-24"},{"lineNumber":33,"author":{"gitId":"rmj1405"},"content":"    public int loadDataToArrayList(TaskManager taskManager) {","lastModifiedDate":"2023-01-25"},{"lineNumber":34,"author":{"gitId":"rmj1405"},"content":"        File file \u003d new File(FILEPATH);","lastModifiedDate":"2023-01-25"},{"lineNumber":35,"author":{"gitId":"rmj1405"},"content":"        if(!file.isFile()) {","lastModifiedDate":"2023-01-25"},{"lineNumber":36,"author":{"gitId":"rmj1405"},"content":"            return -1;","lastModifiedDate":"2023-01-25"},{"lineNumber":37,"author":{"gitId":"rmj1405"},"content":"        }","lastModifiedDate":"2023-01-25"},{"lineNumber":38,"author":{"gitId":"rmj1405"},"content":"","lastModifiedDate":"2023-01-25"},{"lineNumber":39,"author":{"gitId":"rmj1405"},"content":"        try {","lastModifiedDate":"2023-01-25"},{"lineNumber":40,"author":{"gitId":"rmj1405"},"content":"            Scanner s \u003d new Scanner(file); // create a Scanner using the File as the source","lastModifiedDate":"2023-01-25"},{"lineNumber":41,"author":{"gitId":"rmj1405"},"content":"            while (s.hasNext()) {","lastModifiedDate":"2023-01-25"},{"lineNumber":42,"author":{"gitId":"rmj1405"},"content":"                String data \u003d s.nextLine();","lastModifiedDate":"2023-01-26"},{"lineNumber":43,"author":{"gitId":"rmj1405"},"content":"                String id \u003d data.split(\",\")[0];","lastModifiedDate":"2023-01-25"},{"lineNumber":44,"author":{"gitId":"rmj1405"},"content":"                Task task;","lastModifiedDate":"2023-01-25"},{"lineNumber":45,"author":{"gitId":"rmj1405"},"content":"","lastModifiedDate":"2023-01-25"},{"lineNumber":46,"author":{"gitId":"rmj1405"},"content":"                switch (id) {","lastModifiedDate":"2023-01-25"},{"lineNumber":47,"author":{"gitId":"rmj1405"},"content":"                case \"Todo\":","lastModifiedDate":"2023-01-25"},{"lineNumber":48,"author":{"gitId":"rmj1405"},"content":"                    task \u003d ToDo.deserialise(data);","lastModifiedDate":"2023-01-25"},{"lineNumber":49,"author":{"gitId":"rmj1405"},"content":"                    break;","lastModifiedDate":"2023-01-25"},{"lineNumber":50,"author":{"gitId":"rmj1405"},"content":"                case \"Event\":","lastModifiedDate":"2023-01-25"},{"lineNumber":51,"author":{"gitId":"rmj1405"},"content":"                    task \u003d Event.deserialise(data);","lastModifiedDate":"2023-01-25"},{"lineNumber":52,"author":{"gitId":"rmj1405"},"content":"                    break;","lastModifiedDate":"2023-01-25"},{"lineNumber":53,"author":{"gitId":"rmj1405"},"content":"                case \"Deadline\":","lastModifiedDate":"2023-01-26"},{"lineNumber":54,"author":{"gitId":"rmj1405"},"content":"                    task \u003d Deadline.deserialise(data);","lastModifiedDate":"2023-01-25"},{"lineNumber":55,"author":{"gitId":"rmj1405"},"content":"                    break;","lastModifiedDate":"2023-01-25"},{"lineNumber":56,"author":{"gitId":"rmj1405"},"content":"                default:","lastModifiedDate":"2023-01-25"},{"lineNumber":57,"author":{"gitId":"rmj1405"},"content":"                    task \u003d Task.deserialise(data);","lastModifiedDate":"2023-01-25"},{"lineNumber":58,"author":{"gitId":"rmj1405"},"content":"                    break;","lastModifiedDate":"2023-01-25"},{"lineNumber":59,"author":{"gitId":"rmj1405"},"content":"                }","lastModifiedDate":"2023-01-25"},{"lineNumber":60,"author":{"gitId":"rmj1405"},"content":"","lastModifiedDate":"2023-01-24"},{"lineNumber":61,"author":{"gitId":"rmj1405"},"content":"                taskManager.addTaskToList(task);","lastModifiedDate":"2023-01-25"},{"lineNumber":62,"author":{"gitId":"rmj1405"},"content":"            }","lastModifiedDate":"2023-01-25"},{"lineNumber":63,"author":{"gitId":"rmj1405"},"content":"        } catch (FileNotFoundException e) {","lastModifiedDate":"2023-01-25"},{"lineNumber":64,"author":{"gitId":"rmj1405"},"content":"            System.out.println(e);","lastModifiedDate":"2023-01-26"},{"lineNumber":65,"author":{"gitId":"rmj1405"},"content":"            return -1;","lastModifiedDate":"2023-01-25"},{"lineNumber":66,"author":{"gitId":"rmj1405"},"content":"        } catch (DukeException e) {","lastModifiedDate":"2023-01-25"},{"lineNumber":67,"author":{"gitId":"rmj1405"},"content":"            System.out.println(e);","lastModifiedDate":"2023-01-26"},{"lineNumber":68,"author":{"gitId":"rmj1405"},"content":"            return 0;","lastModifiedDate":"2023-01-25"},{"lineNumber":69,"author":{"gitId":"rmj1405"},"content":"        }","lastModifiedDate":"2023-01-25"},{"lineNumber":70,"author":{"gitId":"rmj1405"},"content":"        return 0;","lastModifiedDate":"2023-01-25"},{"lineNumber":71,"author":{"gitId":"rmj1405"},"content":"    }","lastModifiedDate":"2023-01-24"},{"lineNumber":72,"author":{"gitId":"rmj1405"},"content":"","lastModifiedDate":"2023-01-24"},{"lineNumber":73,"author":{"gitId":"rmj1405"},"content":"}","lastModifiedDate":"2023-01-24"}],"authorContributionMap":{"rmj1405":73}},{"path":"src/main/java/util/Parser.java","fileType":"java","lines":[{"lineNumber":1,"author":{"gitId":"rmj1405"},"content":"package util;","lastModifiedDate":"2023-01-24"},{"lineNumber":2,"author":{"gitId":"rmj1405"},"content":"","lastModifiedDate":"2023-01-24"},{"lineNumber":3,"author":{"gitId":"rmj1405"},"content":"public class Parser {","lastModifiedDate":"2023-01-24"},{"lineNumber":4,"author":{"gitId":"rmj1405"},"content":"","lastModifiedDate":"2023-01-24"},{"lineNumber":5,"author":{"gitId":"rmj1405"},"content":"    public String parseScannerInput(String input) {","lastModifiedDate":"2023-01-24"},{"lineNumber":6,"author":{"gitId":"rmj1405"},"content":"        //remove leading and trailing whitespaces","lastModifiedDate":"2023-01-24"},{"lineNumber":7,"author":{"gitId":"rmj1405"},"content":"        String ip \u003d input.trim();","lastModifiedDate":"2023-01-24"},{"lineNumber":8,"author":{"gitId":"rmj1405"},"content":"        if(!ip.isBlank()) {","lastModifiedDate":"2023-01-24"},{"lineNumber":9,"author":{"gitId":"rmj1405"},"content":"            String[] inputArr \u003d ip.split(\" \", 2);","lastModifiedDate":"2023-01-24"},{"lineNumber":10,"author":{"gitId":"rmj1405"},"content":"            return inputArr[0];","lastModifiedDate":"2023-01-24"},{"lineNumber":11,"author":{"gitId":"rmj1405"},"content":"        }","lastModifiedDate":"2023-01-24"},{"lineNumber":12,"author":{"gitId":"rmj1405"},"content":"        System.out.println(\"No command given, please give me one!\");","lastModifiedDate":"2023-01-24"},{"lineNumber":13,"author":{"gitId":"rmj1405"},"content":"        return \"error\";","lastModifiedDate":"2023-01-24"},{"lineNumber":14,"author":{"gitId":"rmj1405"},"content":"    }","lastModifiedDate":"2023-01-24"},{"lineNumber":15,"author":{"gitId":"rmj1405"},"content":"","lastModifiedDate":"2023-01-24"},{"lineNumber":16,"author":{"gitId":"rmj1405"},"content":"    //credit: https://stackabuse.com/java-check-if-string-is-a-number/","lastModifiedDate":"2023-01-24"},{"lineNumber":17,"author":{"gitId":"rmj1405"},"content":"    public static boolean isNumeric(String string) {","lastModifiedDate":"2023-01-24"},{"lineNumber":18,"author":{"gitId":"rmj1405"},"content":"        int intValue;","lastModifiedDate":"2023-01-24"},{"lineNumber":19,"author":{"gitId":"rmj1405"},"content":"","lastModifiedDate":"2023-01-24"},{"lineNumber":20,"author":{"gitId":"rmj1405"},"content":"        if(string \u003d\u003d null || string.equals(\"\")) {","lastModifiedDate":"2023-01-24"},{"lineNumber":21,"author":{"gitId":"rmj1405"},"content":"            System.out.println(\"String cannot be parsed, it is null or empty.\");","lastModifiedDate":"2023-01-24"},{"lineNumber":22,"author":{"gitId":"rmj1405"},"content":"            return false;","lastModifiedDate":"2023-01-24"},{"lineNumber":23,"author":{"gitId":"rmj1405"},"content":"        }","lastModifiedDate":"2023-01-24"},{"lineNumber":24,"author":{"gitId":"rmj1405"},"content":"","lastModifiedDate":"2023-01-24"},{"lineNumber":25,"author":{"gitId":"rmj1405"},"content":"        try {","lastModifiedDate":"2023-01-24"},{"lineNumber":26,"author":{"gitId":"rmj1405"},"content":"            intValue \u003d Integer.parseInt(string);","lastModifiedDate":"2023-01-24"},{"lineNumber":27,"author":{"gitId":"rmj1405"},"content":"            return true;","lastModifiedDate":"2023-01-24"},{"lineNumber":28,"author":{"gitId":"rmj1405"},"content":"        } catch (NumberFormatException e) {","lastModifiedDate":"2023-01-24"},{"lineNumber":29,"author":{"gitId":"rmj1405"},"content":"            System.out.println(\"Illegal string input!\");","lastModifiedDate":"2023-01-24"},{"lineNumber":30,"author":{"gitId":"rmj1405"},"content":"        }","lastModifiedDate":"2023-01-24"},{"lineNumber":31,"author":{"gitId":"rmj1405"},"content":"        return false;","lastModifiedDate":"2023-01-24"},{"lineNumber":32,"author":{"gitId":"rmj1405"},"content":"    }","lastModifiedDate":"2023-01-24"},{"lineNumber":33,"author":{"gitId":"rmj1405"},"content":"}","lastModifiedDate":"2023-01-24"}],"authorContributionMap":{"rmj1405":33}},{"path":"src/test/java/command/DeadlineCommandTest.java","fileType":"java","lines":[{"lineNumber":1,"author":{"gitId":"rmj1405"},"content":"package command;","lastModifiedDate":"2023-01-25"},{"lineNumber":2,"author":{"gitId":"rmj1405"},"content":"","lastModifiedDate":"2023-01-25"},{"lineNumber":3,"author":{"gitId":"rmj1405"},"content":"import org.junit.jupiter.api.Test;","lastModifiedDate":"2023-01-25"},{"lineNumber":4,"author":{"gitId":"rmj1405"},"content":"import task.TaskManager;","lastModifiedDate":"2023-01-25"},{"lineNumber":5,"author":{"gitId":"rmj1405"},"content":"","lastModifiedDate":"2023-01-25"},{"lineNumber":6,"author":{"gitId":"rmj1405"},"content":"import static org.junit.jupiter.api.Assertions.assertEquals;","lastModifiedDate":"2023-01-25"},{"lineNumber":7,"author":{"gitId":"rmj1405"},"content":"import static org.junit.jupiter.api.Assertions.fail;","lastModifiedDate":"2023-01-25"},{"lineNumber":8,"author":{"gitId":"rmj1405"},"content":"","lastModifiedDate":"2023-01-25"},{"lineNumber":9,"author":{"gitId":"rmj1405"},"content":"public class DeadlineCommandTest {","lastModifiedDate":"2023-01-25"},{"lineNumber":10,"author":{"gitId":"rmj1405"},"content":"","lastModifiedDate":"2023-01-25"},{"lineNumber":11,"author":{"gitId":"rmj1405"},"content":"    //creates new task array","lastModifiedDate":"2023-01-25"},{"lineNumber":12,"author":{"gitId":"rmj1405"},"content":"    TaskManager tm \u003d new TaskManager();","lastModifiedDate":"2023-01-25"},{"lineNumber":13,"author":{"gitId":"rmj1405"},"content":"    @Test","lastModifiedDate":"2023-01-25"},{"lineNumber":14,"author":{"gitId":"rmj1405"},"content":"    public void executeCommand_checkAddToList_success(){","lastModifiedDate":"2023-01-25"},{"lineNumber":15,"author":{"gitId":"rmj1405"},"content":"        DeadlineCommand dc \u003d new DeadlineCommand(tm, \"test program /by 25/12/23 11:50PM\");","lastModifiedDate":"2023-01-25"},{"lineNumber":16,"author":{"gitId":"rmj1405"},"content":"        dc.executeCommand();","lastModifiedDate":"2023-01-25"},{"lineNumber":17,"author":{"gitId":"rmj1405"},"content":"        assertEquals(1, tm.getTaskArraySize());","lastModifiedDate":"2023-01-25"},{"lineNumber":18,"author":{"gitId":"rmj1405"},"content":"    }","lastModifiedDate":"2023-01-25"},{"lineNumber":19,"author":{"gitId":"rmj1405"},"content":"","lastModifiedDate":"2023-01-25"},{"lineNumber":20,"author":{"gitId":"rmj1405"},"content":"    @Test","lastModifiedDate":"2023-01-25"},{"lineNumber":21,"author":{"gitId":"rmj1405"},"content":"    public void executeCommand_checkTaskAddedToList_success(){","lastModifiedDate":"2023-01-25"},{"lineNumber":22,"author":{"gitId":"rmj1405"},"content":"        DeadlineCommand dc \u003d new DeadlineCommand(tm, \"test program /by 25/12/23 11:50PM\");","lastModifiedDate":"2023-01-25"},{"lineNumber":23,"author":{"gitId":"rmj1405"},"content":"        dc.executeCommand();","lastModifiedDate":"2023-01-25"},{"lineNumber":24,"author":{"gitId":"rmj1405"},"content":"        assertEquals(\"[D][ ] test program (by: 25/12/23 11:50PM)\", tm.printTask(0));","lastModifiedDate":"2023-01-25"},{"lineNumber":25,"author":{"gitId":"rmj1405"},"content":"    }","lastModifiedDate":"2023-01-25"},{"lineNumber":26,"author":{"gitId":"rmj1405"},"content":"","lastModifiedDate":"2023-01-25"},{"lineNumber":27,"author":{"gitId":"rmj1405"},"content":"    @Test","lastModifiedDate":"2023-01-25"},{"lineNumber":28,"author":{"gitId":"rmj1405"},"content":"    public void executeCommand_invalidUserInput_exceptionThrown(){","lastModifiedDate":"2023-01-25"},{"lineNumber":29,"author":{"gitId":"rmj1405"},"content":"        try {","lastModifiedDate":"2023-01-25"},{"lineNumber":30,"author":{"gitId":"rmj1405"},"content":"            DeadlineCommand dc \u003d new DeadlineCommand(tm, \"test /by 25/12/23 11:50PM\");","lastModifiedDate":"2023-01-25"},{"lineNumber":31,"author":{"gitId":"rmj1405"},"content":"            dc.executeCommand();","lastModifiedDate":"2023-01-25"},{"lineNumber":32,"author":{"gitId":"rmj1405"},"content":"            assertEquals(\"[D][ ] test program (by: 25/12/23 11:50PM)\", tm.printTask(0));","lastModifiedDate":"2023-01-25"},{"lineNumber":33,"author":{"gitId":"rmj1405"},"content":"            fail();","lastModifiedDate":"2023-01-25"},{"lineNumber":34,"author":{"gitId":"rmj1405"},"content":"        } catch (Exception e) {","lastModifiedDate":"2023-01-25"},{"lineNumber":35,"author":{"gitId":"rmj1405"},"content":"            //assertEquals(\"no\");","lastModifiedDate":"2023-01-25"},{"lineNumber":36,"author":{"gitId":"rmj1405"},"content":"        }","lastModifiedDate":"2023-01-25"},{"lineNumber":37,"author":{"gitId":"rmj1405"},"content":"","lastModifiedDate":"2023-01-25"},{"lineNumber":38,"author":{"gitId":"rmj1405"},"content":"    }","lastModifiedDate":"2023-01-25"},{"lineNumber":39,"author":{"gitId":"rmj1405"},"content":"}","lastModifiedDate":"2023-01-25"}],"authorContributionMap":{"rmj1405":39}},{"path":"src/test/java/task/DeadlineTest.java","fileType":"java","lines":[{"lineNumber":1,"author":{"gitId":"rmj1405"},"content":"package task;","lastModifiedDate":"2023-01-25"},{"lineNumber":2,"author":{"gitId":"rmj1405"},"content":"","lastModifiedDate":"2023-01-25"},{"lineNumber":3,"author":{"gitId":"rmj1405"},"content":"import org.junit.jupiter.api.Test;","lastModifiedDate":"2023-01-25"},{"lineNumber":4,"author":{"gitId":"rmj1405"},"content":"","lastModifiedDate":"2023-01-25"},{"lineNumber":5,"author":{"gitId":"rmj1405"},"content":"import static org.junit.jupiter.api.Assertions.assertEquals;","lastModifiedDate":"2023-01-25"},{"lineNumber":6,"author":{"gitId":"rmj1405"},"content":"","lastModifiedDate":"2023-01-25"},{"lineNumber":7,"author":{"gitId":"rmj1405"},"content":"public class DeadlineTest {","lastModifiedDate":"2023-01-25"},{"lineNumber":8,"author":{"gitId":"rmj1405"},"content":"    @Test","lastModifiedDate":"2023-01-25"},{"lineNumber":9,"author":{"gitId":"rmj1405"},"content":"    public void dummyTest(){","lastModifiedDate":"2023-01-25"},{"lineNumber":10,"author":{"gitId":"rmj1405"},"content":"        assertEquals(2, 2);","lastModifiedDate":"2023-01-25"},{"lineNumber":11,"author":{"gitId":"rmj1405"},"content":"    }","lastModifiedDate":"2023-01-25"},{"lineNumber":12,"author":{"gitId":"rmj1405"},"content":"","lastModifiedDate":"2023-01-25"},{"lineNumber":13,"author":{"gitId":"rmj1405"},"content":"    @Test","lastModifiedDate":"2023-01-25"},{"lineNumber":14,"author":{"gitId":"rmj1405"},"content":"    public void anotherDummyTest(){","lastModifiedDate":"2023-01-25"},{"lineNumber":15,"author":{"gitId":"rmj1405"},"content":"        assertEquals(4, 4);","lastModifiedDate":"2023-01-25"},{"lineNumber":16,"author":{"gitId":"rmj1405"},"content":"    }","lastModifiedDate":"2023-01-25"},{"lineNumber":17,"author":{"gitId":"rmj1405"},"content":"}","lastModifiedDate":"2023-01-25"}],"authorContributionMap":{"rmj1405":17}},{"path":"text-ui-test/input.txt","fileType":"txt","lines":[{"lineNumber":1,"author":{"gitId":"rmj1405"},"content":"list","lastModifiedDate":"2023-01-19"},{"lineNumber":2,"author":{"gitId":"rmj1405"},"content":"todo homework","lastModifiedDate":"2023-01-19"},{"lineNumber":3,"author":{"gitId":"rmj1405"},"content":"event party","lastModifiedDate":"2023-01-19"},{"lineNumber":4,"author":{"gitId":"rmj1405"},"content":"9pm","lastModifiedDate":"2023-01-19"},{"lineNumber":5,"author":{"gitId":"rmj1405"},"content":"12am","lastModifiedDate":"2023-01-19"},{"lineNumber":6,"author":{"gitId":"rmj1405"},"content":"deadline assignment","lastModifiedDate":"2023-01-19"},{"lineNumber":7,"author":{"gitId":"rmj1405"},"content":"tomorrow 12pm","lastModifiedDate":"2023-01-19"},{"lineNumber":8,"author":{"gitId":"rmj1405"},"content":"list","lastModifiedDate":"2023-01-19"},{"lineNumber":9,"author":{"gitId":"rmj1405"},"content":"check 1","lastModifiedDate":"2023-01-19"},{"lineNumber":10,"author":{"gitId":"rmj1405"},"content":"check 4","lastModifiedDate":"2023-01-19"},{"lineNumber":11,"author":{"gitId":"rmj1405"},"content":"delete 2","lastModifiedDate":"2023-01-19"},{"lineNumber":12,"author":{"gitId":"rmj1405"},"content":"check 3","lastModifiedDate":"2023-01-19"},{"lineNumber":13,"author":{"gitId":"rmj1405"},"content":"list","lastModifiedDate":"2023-01-19"},{"lineNumber":14,"author":{"gitId":"rmj1405"},"content":"uncheck 1","lastModifiedDate":"2023-01-19"}],"authorContributionMap":{"rmj1405":14}},{"path":"text-ui-test/runtest.bat","fileType":"bat","lines":[{"lineNumber":1,"author":{"gitId":"-"},"content":"@ECHO OFF","lastModifiedDate":"2020-05-25"},{"lineNumber":2,"author":{"gitId":"-"},"content":"","lastModifiedDate":"2020-05-25"},{"lineNumber":3,"author":{"gitId":"-"},"content":"REM create bin directory if it doesn\u0027t exist","lastModifiedDate":"2020-05-25"},{"lineNumber":4,"author":{"gitId":"-"},"content":"if not exist ..\\bin mkdir ..\\bin","lastModifiedDate":"2020-05-25"},{"lineNumber":5,"author":{"gitId":"-"},"content":"","lastModifiedDate":"2020-05-25"},{"lineNumber":6,"author":{"gitId":"-"},"content":"REM delete output from previous run","lastModifiedDate":"2020-05-25"},{"lineNumber":7,"author":{"gitId":"-"},"content":"if exist ACTUAL.TXT del ACTUAL.TXT","lastModifiedDate":"2020-08-25"},{"lineNumber":8,"author":{"gitId":"-"},"content":"","lastModifiedDate":"2020-05-25"},{"lineNumber":9,"author":{"gitId":"-"},"content":"REM compile the code into the bin folder","lastModifiedDate":"2020-05-25"},{"lineNumber":10,"author":{"gitId":"-"},"content":"javac  -cp ..\\src\\main\\java -Xlint:none -d ..\\bin ..\\src\\main\\java\\*.java","lastModifiedDate":"2020-08-25"},{"lineNumber":11,"author":{"gitId":"-"},"content":"IF ERRORLEVEL 1 (","lastModifiedDate":"2020-05-25"},{"lineNumber":12,"author":{"gitId":"-"},"content":"    echo ********** BUILD FAILURE **********","lastModifiedDate":"2020-05-25"},{"lineNumber":13,"author":{"gitId":"-"},"content":"    exit /b 1","lastModifiedDate":"2020-05-25"},{"lineNumber":14,"author":{"gitId":"-"},"content":")","lastModifiedDate":"2020-05-25"},{"lineNumber":15,"author":{"gitId":"-"},"content":"REM no error here, errorlevel \u003d\u003d 0","lastModifiedDate":"2020-05-25"},{"lineNumber":16,"author":{"gitId":"-"},"content":"","lastModifiedDate":"2020-05-25"},{"lineNumber":17,"author":{"gitId":"rmj1405"},"content":"REM run the program, feed command from input.txt file and redirect the output to the ACTUAL.TXT","lastModifiedDate":"2023-01-23"},{"lineNumber":18,"author":{"gitId":"-"},"content":"java -classpath ..\\bin Duke \u003c input.txt \u003e ACTUAL.TXT","lastModifiedDate":"2020-05-25"},{"lineNumber":19,"author":{"gitId":"-"},"content":"","lastModifiedDate":"2020-05-25"},{"lineNumber":20,"author":{"gitId":"-"},"content":"REM compare the output to the expected output","lastModifiedDate":"2020-05-25"},{"lineNumber":21,"author":{"gitId":"-"},"content":"FC ACTUAL.TXT EXPECTED.TXT","lastModifiedDate":"2020-05-25"}],"authorContributionMap":{"rmj1405":1,"-":20}}]
