[{"path":"src/main/java/ChatBot.java","fileType":"java","lines":[{"lineNumber":1,"author":{"gitId":"rmj1405"},"content":"import java.util.*;","lastModifiedDate":"2023-01-18"},{"lineNumber":2,"author":{"gitId":"rmj1405"},"content":"","lastModifiedDate":"2023-01-18"},{"lineNumber":3,"author":{"gitId":"rmj1405"},"content":"public class ChatBot {","lastModifiedDate":"2023-01-18"},{"lineNumber":4,"author":{"gitId":"rmj1405"},"content":"    protected Scanner input;","lastModifiedDate":"2023-01-18"},{"lineNumber":5,"author":{"gitId":"rmj1405"},"content":"    protected TaskManager taskManager;","lastModifiedDate":"2023-01-18"},{"lineNumber":6,"author":{"gitId":"rmj1405"},"content":"    protected String[] inputArr;","lastModifiedDate":"2023-01-18"},{"lineNumber":7,"author":{"gitId":"rmj1405"},"content":"","lastModifiedDate":"2023-01-18"},{"lineNumber":8,"author":{"gitId":"rmj1405"},"content":"","lastModifiedDate":"2023-01-18"},{"lineNumber":9,"author":{"gitId":"rmj1405"},"content":"    public ChatBot(Scanner input, WelcomeUI welcomeUI) {","lastModifiedDate":"2023-01-18"},{"lineNumber":10,"author":{"gitId":"rmj1405"},"content":"        System.out.println(welcomeUI);","lastModifiedDate":"2023-01-18"},{"lineNumber":11,"author":{"gitId":"rmj1405"},"content":"","lastModifiedDate":"2023-01-18"},{"lineNumber":12,"author":{"gitId":"rmj1405"},"content":"        //initialise scanner","lastModifiedDate":"2023-01-18"},{"lineNumber":13,"author":{"gitId":"rmj1405"},"content":"        this.input \u003d input;","lastModifiedDate":"2023-01-18"},{"lineNumber":14,"author":{"gitId":"rmj1405"},"content":"","lastModifiedDate":"2023-01-18"},{"lineNumber":15,"author":{"gitId":"rmj1405"},"content":"        //initialise array of tasks","lastModifiedDate":"2023-01-18"},{"lineNumber":16,"author":{"gitId":"rmj1405"},"content":"        this.taskManager \u003d new TaskManager();","lastModifiedDate":"2023-01-18"},{"lineNumber":17,"author":{"gitId":"rmj1405"},"content":"    }","lastModifiedDate":"2023-01-18"},{"lineNumber":18,"author":{"gitId":"rmj1405"},"content":"","lastModifiedDate":"2023-01-18"},{"lineNumber":19,"author":{"gitId":"rmj1405"},"content":"    public void run() {","lastModifiedDate":"2023-01-18"},{"lineNumber":20,"author":{"gitId":"rmj1405"},"content":"        //main logic loop","lastModifiedDate":"2023-01-18"},{"lineNumber":21,"author":{"gitId":"rmj1405"},"content":"        loop: while(true) {","lastModifiedDate":"2023-01-18"},{"lineNumber":22,"author":{"gitId":"rmj1405"},"content":"","lastModifiedDate":"2023-01-18"},{"lineNumber":23,"author":{"gitId":"rmj1405"},"content":"            //convert user input to String array","lastModifiedDate":"2023-01-18"},{"lineNumber":24,"author":{"gitId":"rmj1405"},"content":"            String ip \u003d input.nextLine();","lastModifiedDate":"2023-01-18"},{"lineNumber":25,"author":{"gitId":"rmj1405"},"content":"            this.inputArr \u003d ip.split(\" \", 2);","lastModifiedDate":"2023-01-18"},{"lineNumber":26,"author":{"gitId":"rmj1405"},"content":"            int len \u003d inputArr.length;","lastModifiedDate":"2023-01-18"},{"lineNumber":27,"author":{"gitId":"rmj1405"},"content":"","lastModifiedDate":"2023-01-18"},{"lineNumber":28,"author":{"gitId":"rmj1405"},"content":"            //if length \u003d 1, cases: list, bye, smth invalid","lastModifiedDate":"2023-01-18"},{"lineNumber":29,"author":{"gitId":"rmj1405"},"content":"            if(len \u003d\u003d 1) {","lastModifiedDate":"2023-01-18"},{"lineNumber":30,"author":{"gitId":"rmj1405"},"content":"                String command \u003d inputArr[0];","lastModifiedDate":"2023-01-18"},{"lineNumber":31,"author":{"gitId":"rmj1405"},"content":"","lastModifiedDate":"2023-01-18"},{"lineNumber":32,"author":{"gitId":"rmj1405"},"content":"                switch (command) {","lastModifiedDate":"2023-01-18"},{"lineNumber":33,"author":{"gitId":"rmj1405"},"content":"                    case \"list\":","lastModifiedDate":"2023-01-18"},{"lineNumber":34,"author":{"gitId":"rmj1405"},"content":"                        taskManager.displayList();","lastModifiedDate":"2023-01-18"},{"lineNumber":35,"author":{"gitId":"rmj1405"},"content":"                        break;","lastModifiedDate":"2023-01-18"},{"lineNumber":36,"author":{"gitId":"rmj1405"},"content":"                    case \"bye\":","lastModifiedDate":"2023-01-18"},{"lineNumber":37,"author":{"gitId":"rmj1405"},"content":"                        System.out.println(\"ByeBye! Come play with me again!\");","lastModifiedDate":"2023-01-18"},{"lineNumber":38,"author":{"gitId":"rmj1405"},"content":"                        break loop;","lastModifiedDate":"2023-01-18"},{"lineNumber":39,"author":{"gitId":"rmj1405"},"content":"                    case \"\":","lastModifiedDate":"2023-01-18"},{"lineNumber":40,"author":{"gitId":"rmj1405"},"content":"                        continue;","lastModifiedDate":"2023-01-18"},{"lineNumber":41,"author":{"gitId":"rmj1405"},"content":"                    default:","lastModifiedDate":"2023-01-18"},{"lineNumber":42,"author":{"gitId":"rmj1405"},"content":"                        System.out.println(\"I haven\u0027t learnt this command yet!\\n\" +","lastModifiedDate":"2023-01-18"},{"lineNumber":43,"author":{"gitId":"rmj1405"},"content":"                                \"Type menu to see the commands I know.\");","lastModifiedDate":"2023-01-18"},{"lineNumber":44,"author":{"gitId":"rmj1405"},"content":"                        break;","lastModifiedDate":"2023-01-18"},{"lineNumber":45,"author":{"gitId":"rmj1405"},"content":"                }","lastModifiedDate":"2023-01-18"},{"lineNumber":46,"author":{"gitId":"rmj1405"},"content":"            } else if(len \u003d\u003d 2) {","lastModifiedDate":"2023-01-18"},{"lineNumber":47,"author":{"gitId":"rmj1405"},"content":"                //cases: check, uncheck, add(default? maybe)","lastModifiedDate":"2023-01-18"},{"lineNumber":48,"author":{"gitId":"rmj1405"},"content":"","lastModifiedDate":"2023-01-18"},{"lineNumber":49,"author":{"gitId":"rmj1405"},"content":"                String fst \u003d inputArr[0];","lastModifiedDate":"2023-01-18"},{"lineNumber":50,"author":{"gitId":"rmj1405"},"content":"                String snd \u003d inputArr[1];","lastModifiedDate":"2023-01-18"},{"lineNumber":51,"author":{"gitId":"rmj1405"},"content":"                Boolean isNum \u003d taskManager.isNumeric(snd);","lastModifiedDate":"2023-01-18"},{"lineNumber":52,"author":{"gitId":"rmj1405"},"content":"","lastModifiedDate":"2023-01-18"},{"lineNumber":53,"author":{"gitId":"rmj1405"},"content":"                //if it is numeric : cases are check/uncheck","lastModifiedDate":"2023-01-18"},{"lineNumber":54,"author":{"gitId":"rmj1405"},"content":"                //else add to task(for now)","lastModifiedDate":"2023-01-18"},{"lineNumber":55,"author":{"gitId":"rmj1405"},"content":"                if(isNum) {","lastModifiedDate":"2023-01-18"},{"lineNumber":56,"author":{"gitId":"rmj1405"},"content":"                    int index \u003d Integer.parseInt(snd) - 1;","lastModifiedDate":"2023-01-18"},{"lineNumber":57,"author":{"gitId":"rmj1405"},"content":"                    switch(fst) {","lastModifiedDate":"2023-01-18"},{"lineNumber":58,"author":{"gitId":"rmj1405"},"content":"                        case \"check\":","lastModifiedDate":"2023-01-18"},{"lineNumber":59,"author":{"gitId":"rmj1405"},"content":"                            taskManager.checkTask(index);","lastModifiedDate":"2023-01-18"},{"lineNumber":60,"author":{"gitId":"rmj1405"},"content":"                            break;","lastModifiedDate":"2023-01-18"},{"lineNumber":61,"author":{"gitId":"rmj1405"},"content":"                        case \"uncheck\":","lastModifiedDate":"2023-01-18"},{"lineNumber":62,"author":{"gitId":"rmj1405"},"content":"                            taskManager.uncheckTask(index);","lastModifiedDate":"2023-01-18"},{"lineNumber":63,"author":{"gitId":"rmj1405"},"content":"                            break;","lastModifiedDate":"2023-01-18"},{"lineNumber":64,"author":{"gitId":"rmj1405"},"content":"                        case \"menu\":","lastModifiedDate":"2023-01-18"},{"lineNumber":65,"author":{"gitId":"rmj1405"},"content":"                            //taskManager.getMenu();","lastModifiedDate":"2023-01-18"},{"lineNumber":66,"author":{"gitId":"rmj1405"},"content":"                            break;","lastModifiedDate":"2023-01-18"},{"lineNumber":67,"author":{"gitId":"rmj1405"},"content":"                        default:","lastModifiedDate":"2023-01-18"},{"lineNumber":68,"author":{"gitId":"rmj1405"},"content":"                            System.out.println(\"I haven\u0027t learnt this command yet!\");","lastModifiedDate":"2023-01-18"},{"lineNumber":69,"author":{"gitId":"rmj1405"},"content":"                            break;","lastModifiedDate":"2023-01-18"},{"lineNumber":70,"author":{"gitId":"rmj1405"},"content":"                    }","lastModifiedDate":"2023-01-18"},{"lineNumber":71,"author":{"gitId":"rmj1405"},"content":"                } else { //snd is a string input","lastModifiedDate":"2023-01-18"},{"lineNumber":72,"author":{"gitId":"rmj1405"},"content":"                    switch(fst) {","lastModifiedDate":"2023-01-18"},{"lineNumber":73,"author":{"gitId":"rmj1405"},"content":"                        case \"todo\":","lastModifiedDate":"2023-01-18"},{"lineNumber":74,"author":{"gitId":"rmj1405"},"content":"                            ToDos todo \u003d new ToDos(snd);","lastModifiedDate":"2023-01-18"},{"lineNumber":75,"author":{"gitId":"rmj1405"},"content":"                            taskManager.addTaskToList(todo);","lastModifiedDate":"2023-01-18"},{"lineNumber":76,"author":{"gitId":"rmj1405"},"content":"                            break;","lastModifiedDate":"2023-01-18"},{"lineNumber":77,"author":{"gitId":"rmj1405"},"content":"                        case \"event\":","lastModifiedDate":"2023-01-18"},{"lineNumber":78,"author":{"gitId":"rmj1405"},"content":"                            System.out.println(\"Please enter a start time: \");","lastModifiedDate":"2023-01-18"},{"lineNumber":79,"author":{"gitId":"rmj1405"},"content":"                            String start \u003d input.nextLine();","lastModifiedDate":"2023-01-18"},{"lineNumber":80,"author":{"gitId":"rmj1405"},"content":"                            System.out.println(\"Please enter a end time: \");","lastModifiedDate":"2023-01-18"},{"lineNumber":81,"author":{"gitId":"rmj1405"},"content":"                            String end \u003d input.nextLine();","lastModifiedDate":"2023-01-18"},{"lineNumber":82,"author":{"gitId":"rmj1405"},"content":"","lastModifiedDate":"2023-01-18"},{"lineNumber":83,"author":{"gitId":"rmj1405"},"content":"                            Events event \u003d new Events(snd, start, end);","lastModifiedDate":"2023-01-18"},{"lineNumber":84,"author":{"gitId":"rmj1405"},"content":"                            taskManager.addTaskToList(event);","lastModifiedDate":"2023-01-18"},{"lineNumber":85,"author":{"gitId":"rmj1405"},"content":"                            break;","lastModifiedDate":"2023-01-18"},{"lineNumber":86,"author":{"gitId":"rmj1405"},"content":"                        case \"deadline\":","lastModifiedDate":"2023-01-18"},{"lineNumber":87,"author":{"gitId":"rmj1405"},"content":"                            System.out.println(\"Please enter a deadline to complete by: \");","lastModifiedDate":"2023-01-18"},{"lineNumber":88,"author":{"gitId":"rmj1405"},"content":"                            String by \u003d input.nextLine();","lastModifiedDate":"2023-01-18"},{"lineNumber":89,"author":{"gitId":"rmj1405"},"content":"                            Deadlines deadline \u003d new Deadlines(snd, by);","lastModifiedDate":"2023-01-18"},{"lineNumber":90,"author":{"gitId":"rmj1405"},"content":"                            taskManager.addTaskToList(deadline);","lastModifiedDate":"2023-01-18"},{"lineNumber":91,"author":{"gitId":"rmj1405"},"content":"                            break;","lastModifiedDate":"2023-01-18"},{"lineNumber":92,"author":{"gitId":"rmj1405"},"content":"                        default:","lastModifiedDate":"2023-01-18"},{"lineNumber":93,"author":{"gitId":"rmj1405"},"content":"                            System.out.println(\"I haven\u0027t learnt this command yet!\");","lastModifiedDate":"2023-01-18"},{"lineNumber":94,"author":{"gitId":"rmj1405"},"content":"//                            Task t \u003d new Task(snd);","lastModifiedDate":"2023-01-18"},{"lineNumber":95,"author":{"gitId":"rmj1405"},"content":"//                            taskManager.addTaskToList(t);","lastModifiedDate":"2023-01-18"},{"lineNumber":96,"author":{"gitId":"rmj1405"},"content":"                            break;","lastModifiedDate":"2023-01-18"},{"lineNumber":97,"author":{"gitId":"rmj1405"},"content":"                    }","lastModifiedDate":"2023-01-18"},{"lineNumber":98,"author":{"gitId":"rmj1405"},"content":"                }","lastModifiedDate":"2023-01-18"},{"lineNumber":99,"author":{"gitId":"rmj1405"},"content":"                //add exception over here if they don\u0027t specify keyword","lastModifiedDate":"2023-01-18"},{"lineNumber":100,"author":{"gitId":"rmj1405"},"content":"                //add exception if they have trailing spaces i.e. \"hello \"","lastModifiedDate":"2023-01-18"},{"lineNumber":101,"author":{"gitId":"rmj1405"},"content":"            } else {","lastModifiedDate":"2023-01-18"},{"lineNumber":102,"author":{"gitId":"rmj1405"},"content":"                //if input is empty","lastModifiedDate":"2023-01-18"},{"lineNumber":103,"author":{"gitId":"rmj1405"},"content":"","lastModifiedDate":"2023-01-18"},{"lineNumber":104,"author":{"gitId":"rmj1405"},"content":"            }","lastModifiedDate":"2023-01-18"},{"lineNumber":105,"author":{"gitId":"rmj1405"},"content":"        }","lastModifiedDate":"2023-01-18"},{"lineNumber":106,"author":{"gitId":"rmj1405"},"content":"    }","lastModifiedDate":"2023-01-18"},{"lineNumber":107,"author":{"gitId":"rmj1405"},"content":"}","lastModifiedDate":"2023-01-18"}],"authorContributionMap":{"rmj1405":107}},{"path":"src/main/java/Deadlines.java","fileType":"java","lines":[{"lineNumber":1,"author":{"gitId":"rmj1405"},"content":"public class Deadlines extends Task{","lastModifiedDate":"2023-01-18"},{"lineNumber":2,"author":{"gitId":"rmj1405"},"content":"    protected String by;","lastModifiedDate":"2023-01-18"},{"lineNumber":3,"author":{"gitId":"rmj1405"},"content":"    public Deadlines(String description, String by) {","lastModifiedDate":"2023-01-18"},{"lineNumber":4,"author":{"gitId":"rmj1405"},"content":"        super(description);","lastModifiedDate":"2023-01-18"},{"lineNumber":5,"author":{"gitId":"rmj1405"},"content":"        this.by \u003d by;","lastModifiedDate":"2023-01-18"},{"lineNumber":6,"author":{"gitId":"rmj1405"},"content":"    }","lastModifiedDate":"2023-01-18"},{"lineNumber":7,"author":{"gitId":"rmj1405"},"content":"","lastModifiedDate":"2023-01-18"},{"lineNumber":8,"author":{"gitId":"rmj1405"},"content":"    @Override","lastModifiedDate":"2023-01-18"},{"lineNumber":9,"author":{"gitId":"rmj1405"},"content":"    public String toString() {","lastModifiedDate":"2023-01-18"},{"lineNumber":10,"author":{"gitId":"rmj1405"},"content":"        return \"[D]\" + super.toString() + \" (by: \" + by + \")\";","lastModifiedDate":"2023-01-18"},{"lineNumber":11,"author":{"gitId":"rmj1405"},"content":"    }","lastModifiedDate":"2023-01-18"},{"lineNumber":12,"author":{"gitId":"rmj1405"},"content":"}","lastModifiedDate":"2023-01-18"}],"authorContributionMap":{"rmj1405":12}},{"path":"src/main/java/Duke.java","fileType":"java","lines":[{"lineNumber":1,"author":{"gitId":"rmj1405"},"content":"import java.util.*;","lastModifiedDate":"2023-01-17"},{"lineNumber":2,"author":{"gitId":"-"},"content":"public class Duke {","lastModifiedDate":"2019-07-29"},{"lineNumber":3,"author":{"gitId":"rmj1405"},"content":"","lastModifiedDate":"2023-01-17"},{"lineNumber":4,"author":{"gitId":"-"},"content":"    public static void main(String[] args) {","lastModifiedDate":"2019-07-29"},{"lineNumber":5,"author":{"gitId":"rmj1405"},"content":"        WelcomeUI welcome \u003d new WelcomeUI();","lastModifiedDate":"2023-01-18"},{"lineNumber":6,"author":{"gitId":"rmj1405"},"content":"        Scanner input \u003d new Scanner(System.in);","lastModifiedDate":"2023-01-17"},{"lineNumber":7,"author":{"gitId":"rmj1405"},"content":"        ChatBot chat \u003d new ChatBot(input, welcome);","lastModifiedDate":"2023-01-18"},{"lineNumber":8,"author":{"gitId":"rmj1405"},"content":"","lastModifiedDate":"2023-01-17"},{"lineNumber":9,"author":{"gitId":"rmj1405"},"content":"        chat.run();","lastModifiedDate":"2023-01-18"},{"lineNumber":10,"author":{"gitId":"-"},"content":"    }","lastModifiedDate":"2019-07-29"},{"lineNumber":11,"author":{"gitId":"-"},"content":"}","lastModifiedDate":"2019-07-29"}],"authorContributionMap":{"rmj1405":7,"-":4}},{"path":"src/main/java/Events.java","fileType":"java","lines":[{"lineNumber":1,"author":{"gitId":"rmj1405"},"content":"public class Events extends Task{","lastModifiedDate":"2023-01-18"},{"lineNumber":2,"author":{"gitId":"rmj1405"},"content":"","lastModifiedDate":"2023-01-18"},{"lineNumber":3,"author":{"gitId":"rmj1405"},"content":"    String start;","lastModifiedDate":"2023-01-18"},{"lineNumber":4,"author":{"gitId":"rmj1405"},"content":"    String end;","lastModifiedDate":"2023-01-18"},{"lineNumber":5,"author":{"gitId":"rmj1405"},"content":"    public Events(String description, String start, String end) {","lastModifiedDate":"2023-01-18"},{"lineNumber":6,"author":{"gitId":"rmj1405"},"content":"        super(description);","lastModifiedDate":"2023-01-18"},{"lineNumber":7,"author":{"gitId":"rmj1405"},"content":"        this.start \u003d start;","lastModifiedDate":"2023-01-18"},{"lineNumber":8,"author":{"gitId":"rmj1405"},"content":"        this.end \u003d end;","lastModifiedDate":"2023-01-18"},{"lineNumber":9,"author":{"gitId":"rmj1405"},"content":"    }","lastModifiedDate":"2023-01-18"},{"lineNumber":10,"author":{"gitId":"rmj1405"},"content":"","lastModifiedDate":"2023-01-18"},{"lineNumber":11,"author":{"gitId":"rmj1405"},"content":"    @Override","lastModifiedDate":"2023-01-18"},{"lineNumber":12,"author":{"gitId":"rmj1405"},"content":"    public String toString() {","lastModifiedDate":"2023-01-18"},{"lineNumber":13,"author":{"gitId":"rmj1405"},"content":"        return \"[E]\" + super.toString() + \"(Start: \" + start + \" End: \" + end + \")\";","lastModifiedDate":"2023-01-18"},{"lineNumber":14,"author":{"gitId":"rmj1405"},"content":"    }","lastModifiedDate":"2023-01-18"},{"lineNumber":15,"author":{"gitId":"rmj1405"},"content":"}","lastModifiedDate":"2023-01-18"}],"authorContributionMap":{"rmj1405":15}},{"path":"src/main/java/Task.java","fileType":"java","lines":[{"lineNumber":1,"author":{"gitId":"rmj1405"},"content":"public class Task {","lastModifiedDate":"2023-01-18"},{"lineNumber":2,"author":{"gitId":"rmj1405"},"content":"    protected String description;","lastModifiedDate":"2023-01-18"},{"lineNumber":3,"author":{"gitId":"rmj1405"},"content":"    protected boolean isDone;","lastModifiedDate":"2023-01-18"},{"lineNumber":4,"author":{"gitId":"rmj1405"},"content":"","lastModifiedDate":"2023-01-18"},{"lineNumber":5,"author":{"gitId":"rmj1405"},"content":"    public Task(String description) {","lastModifiedDate":"2023-01-18"},{"lineNumber":6,"author":{"gitId":"rmj1405"},"content":"        this.description \u003d description;","lastModifiedDate":"2023-01-18"},{"lineNumber":7,"author":{"gitId":"rmj1405"},"content":"        this.isDone \u003d false;","lastModifiedDate":"2023-01-18"},{"lineNumber":8,"author":{"gitId":"rmj1405"},"content":"    }","lastModifiedDate":"2023-01-18"},{"lineNumber":9,"author":{"gitId":"rmj1405"},"content":"","lastModifiedDate":"2023-01-18"},{"lineNumber":10,"author":{"gitId":"rmj1405"},"content":"    public String getStatusIcon() {","lastModifiedDate":"2023-01-18"},{"lineNumber":11,"author":{"gitId":"rmj1405"},"content":"        //mark done task with X","lastModifiedDate":"2023-01-18"},{"lineNumber":12,"author":{"gitId":"rmj1405"},"content":"        return (isDone ? \"X\" : \" \");","lastModifiedDate":"2023-01-18"},{"lineNumber":13,"author":{"gitId":"rmj1405"},"content":"    }","lastModifiedDate":"2023-01-18"},{"lineNumber":14,"author":{"gitId":"rmj1405"},"content":"","lastModifiedDate":"2023-01-18"},{"lineNumber":15,"author":{"gitId":"rmj1405"},"content":"    public String getDescription() {","lastModifiedDate":"2023-01-18"},{"lineNumber":16,"author":{"gitId":"rmj1405"},"content":"        return description;","lastModifiedDate":"2023-01-18"},{"lineNumber":17,"author":{"gitId":"rmj1405"},"content":"    }","lastModifiedDate":"2023-01-18"},{"lineNumber":18,"author":{"gitId":"rmj1405"},"content":"","lastModifiedDate":"2023-01-18"},{"lineNumber":19,"author":{"gitId":"rmj1405"},"content":"    public void markAsDone() {","lastModifiedDate":"2023-01-18"},{"lineNumber":20,"author":{"gitId":"rmj1405"},"content":"        isDone \u003d true;","lastModifiedDate":"2023-01-18"},{"lineNumber":21,"author":{"gitId":"rmj1405"},"content":"    }","lastModifiedDate":"2023-01-18"},{"lineNumber":22,"author":{"gitId":"rmj1405"},"content":"","lastModifiedDate":"2023-01-18"},{"lineNumber":23,"author":{"gitId":"rmj1405"},"content":"    public void markAsUndone(){","lastModifiedDate":"2023-01-18"},{"lineNumber":24,"author":{"gitId":"rmj1405"},"content":"        isDone \u003d false;","lastModifiedDate":"2023-01-18"},{"lineNumber":25,"author":{"gitId":"rmj1405"},"content":"    }","lastModifiedDate":"2023-01-18"},{"lineNumber":26,"author":{"gitId":"rmj1405"},"content":"","lastModifiedDate":"2023-01-18"},{"lineNumber":27,"author":{"gitId":"rmj1405"},"content":"    @Override","lastModifiedDate":"2023-01-18"},{"lineNumber":28,"author":{"gitId":"rmj1405"},"content":"    public String toString() {","lastModifiedDate":"2023-01-18"},{"lineNumber":29,"author":{"gitId":"rmj1405"},"content":"        String str \u003d \"[\" + this.getStatusIcon() + \"] \" + this.description;","lastModifiedDate":"2023-01-18"},{"lineNumber":30,"author":{"gitId":"rmj1405"},"content":"        return str;","lastModifiedDate":"2023-01-18"},{"lineNumber":31,"author":{"gitId":"rmj1405"},"content":"    }","lastModifiedDate":"2023-01-18"},{"lineNumber":32,"author":{"gitId":"rmj1405"},"content":"}","lastModifiedDate":"2023-01-18"}],"authorContributionMap":{"rmj1405":32}},{"path":"src/main/java/TaskManager.java","fileType":"java","lines":[{"lineNumber":1,"author":{"gitId":"rmj1405"},"content":"import java.util.ArrayList;","lastModifiedDate":"2023-01-18"},{"lineNumber":2,"author":{"gitId":"rmj1405"},"content":"","lastModifiedDate":"2023-01-18"},{"lineNumber":3,"author":{"gitId":"rmj1405"},"content":"public class TaskManager {","lastModifiedDate":"2023-01-18"},{"lineNumber":4,"author":{"gitId":"rmj1405"},"content":"    protected ArrayList\u003cTask\u003e taskArr;","lastModifiedDate":"2023-01-18"},{"lineNumber":5,"author":{"gitId":"rmj1405"},"content":"","lastModifiedDate":"2023-01-18"},{"lineNumber":6,"author":{"gitId":"rmj1405"},"content":"    public TaskManager() {","lastModifiedDate":"2023-01-18"},{"lineNumber":7,"author":{"gitId":"rmj1405"},"content":"        this.taskArr \u003d new ArrayList\u003c\u003e();","lastModifiedDate":"2023-01-18"},{"lineNumber":8,"author":{"gitId":"rmj1405"},"content":"    }","lastModifiedDate":"2023-01-18"},{"lineNumber":9,"author":{"gitId":"rmj1405"},"content":"","lastModifiedDate":"2023-01-18"},{"lineNumber":10,"author":{"gitId":"rmj1405"},"content":"    public void checkTask(int index) {","lastModifiedDate":"2023-01-18"},{"lineNumber":11,"author":{"gitId":"rmj1405"},"content":"        Task task \u003d taskArr.get(index);","lastModifiedDate":"2023-01-18"},{"lineNumber":12,"author":{"gitId":"rmj1405"},"content":"        task.markAsDone();","lastModifiedDate":"2023-01-18"},{"lineNumber":13,"author":{"gitId":"rmj1405"},"content":"        System.out.println(\"Great job! I have checked this task off the list:\");","lastModifiedDate":"2023-01-18"},{"lineNumber":14,"author":{"gitId":"rmj1405"},"content":"        System.out.println(task);","lastModifiedDate":"2023-01-18"},{"lineNumber":15,"author":{"gitId":"rmj1405"},"content":"    }","lastModifiedDate":"2023-01-18"},{"lineNumber":16,"author":{"gitId":"rmj1405"},"content":"","lastModifiedDate":"2023-01-18"},{"lineNumber":17,"author":{"gitId":"rmj1405"},"content":"    public void uncheckTask(int index) {","lastModifiedDate":"2023-01-18"},{"lineNumber":18,"author":{"gitId":"rmj1405"},"content":"        Task task \u003d taskArr.get(index);","lastModifiedDate":"2023-01-18"},{"lineNumber":19,"author":{"gitId":"rmj1405"},"content":"        task.markAsUndone();","lastModifiedDate":"2023-01-18"},{"lineNumber":20,"author":{"gitId":"rmj1405"},"content":"        System.out.println(\"No worries! I have unchecked this task in the list: \");","lastModifiedDate":"2023-01-18"},{"lineNumber":21,"author":{"gitId":"rmj1405"},"content":"        System.out.println(task);","lastModifiedDate":"2023-01-18"},{"lineNumber":22,"author":{"gitId":"rmj1405"},"content":"    }","lastModifiedDate":"2023-01-18"},{"lineNumber":23,"author":{"gitId":"rmj1405"},"content":"","lastModifiedDate":"2023-01-18"},{"lineNumber":24,"author":{"gitId":"rmj1405"},"content":"    //credit: https://stackabuse.com/java-check-if-string-is-a-number/","lastModifiedDate":"2023-01-18"},{"lineNumber":25,"author":{"gitId":"rmj1405"},"content":"    public boolean isNumeric(String string) {","lastModifiedDate":"2023-01-18"},{"lineNumber":26,"author":{"gitId":"rmj1405"},"content":"        int intValue;","lastModifiedDate":"2023-01-18"},{"lineNumber":27,"author":{"gitId":"rmj1405"},"content":"","lastModifiedDate":"2023-01-18"},{"lineNumber":28,"author":{"gitId":"rmj1405"},"content":"        if(string \u003d\u003d null || string.equals(\"\")) {","lastModifiedDate":"2023-01-18"},{"lineNumber":29,"author":{"gitId":"rmj1405"},"content":"            System.out.println(\"String cannot be parsed, it is null or empty.\");","lastModifiedDate":"2023-01-18"},{"lineNumber":30,"author":{"gitId":"rmj1405"},"content":"            return false;","lastModifiedDate":"2023-01-18"},{"lineNumber":31,"author":{"gitId":"rmj1405"},"content":"        }","lastModifiedDate":"2023-01-18"},{"lineNumber":32,"author":{"gitId":"rmj1405"},"content":"","lastModifiedDate":"2023-01-18"},{"lineNumber":33,"author":{"gitId":"rmj1405"},"content":"        try {","lastModifiedDate":"2023-01-18"},{"lineNumber":34,"author":{"gitId":"rmj1405"},"content":"            intValue \u003d Integer.parseInt(string);","lastModifiedDate":"2023-01-18"},{"lineNumber":35,"author":{"gitId":"rmj1405"},"content":"            return true;","lastModifiedDate":"2023-01-18"},{"lineNumber":36,"author":{"gitId":"rmj1405"},"content":"        } catch (NumberFormatException e) {","lastModifiedDate":"2023-01-18"},{"lineNumber":37,"author":{"gitId":"rmj1405"},"content":"            //System.out.println(\"Input String cannot be parsed to Integer.\");","lastModifiedDate":"2023-01-18"},{"lineNumber":38,"author":{"gitId":"rmj1405"},"content":"        }","lastModifiedDate":"2023-01-18"},{"lineNumber":39,"author":{"gitId":"rmj1405"},"content":"        return false;","lastModifiedDate":"2023-01-18"},{"lineNumber":40,"author":{"gitId":"rmj1405"},"content":"    }","lastModifiedDate":"2023-01-18"},{"lineNumber":41,"author":{"gitId":"rmj1405"},"content":"","lastModifiedDate":"2023-01-18"},{"lineNumber":42,"author":{"gitId":"rmj1405"},"content":"","lastModifiedDate":"2023-01-18"},{"lineNumber":43,"author":{"gitId":"rmj1405"},"content":"    public void addTaskToList(Task task) {","lastModifiedDate":"2023-01-18"},{"lineNumber":44,"author":{"gitId":"rmj1405"},"content":"        taskArr.add(task);","lastModifiedDate":"2023-01-18"},{"lineNumber":45,"author":{"gitId":"rmj1405"},"content":"        System.out.println(\"I have added: \" + task + \"!\");","lastModifiedDate":"2023-01-18"},{"lineNumber":46,"author":{"gitId":"rmj1405"},"content":"        System.out.println(\"There are currently \" + taskArr.size() + \" task(s) in the list!\");","lastModifiedDate":"2023-01-18"},{"lineNumber":47,"author":{"gitId":"rmj1405"},"content":"    }","lastModifiedDate":"2023-01-18"},{"lineNumber":48,"author":{"gitId":"rmj1405"},"content":"","lastModifiedDate":"2023-01-18"},{"lineNumber":49,"author":{"gitId":"rmj1405"},"content":"    //display items in list method","lastModifiedDate":"2023-01-18"},{"lineNumber":50,"author":{"gitId":"rmj1405"},"content":"    public void displayList() {","lastModifiedDate":"2023-01-18"},{"lineNumber":51,"author":{"gitId":"rmj1405"},"content":"        if(taskArr.isEmpty()) {","lastModifiedDate":"2023-01-18"},{"lineNumber":52,"author":{"gitId":"rmj1405"},"content":"            System.out.println(\"Your list is empty, please add a task!\");","lastModifiedDate":"2023-01-18"},{"lineNumber":53,"author":{"gitId":"rmj1405"},"content":"        }","lastModifiedDate":"2023-01-18"},{"lineNumber":54,"author":{"gitId":"rmj1405"},"content":"        for(int i \u003d 0; i \u003c taskArr.size(); i++) {","lastModifiedDate":"2023-01-18"},{"lineNumber":55,"author":{"gitId":"rmj1405"},"content":"            Task tsk \u003d taskArr.get(i);","lastModifiedDate":"2023-01-18"},{"lineNumber":56,"author":{"gitId":"rmj1405"},"content":"            System.out.println(i + 1 + \". \" + tsk);","lastModifiedDate":"2023-01-18"},{"lineNumber":57,"author":{"gitId":"rmj1405"},"content":"        }","lastModifiedDate":"2023-01-18"},{"lineNumber":58,"author":{"gitId":"rmj1405"},"content":"    }","lastModifiedDate":"2023-01-18"},{"lineNumber":59,"author":{"gitId":"rmj1405"},"content":"","lastModifiedDate":"2023-01-18"},{"lineNumber":60,"author":{"gitId":"rmj1405"},"content":"}","lastModifiedDate":"2023-01-18"}],"authorContributionMap":{"rmj1405":60}},{"path":"src/main/java/ToDos.java","fileType":"java","lines":[{"lineNumber":1,"author":{"gitId":"rmj1405"},"content":"public class ToDos extends Task{","lastModifiedDate":"2023-01-18"},{"lineNumber":2,"author":{"gitId":"rmj1405"},"content":"    public ToDos(String description) {","lastModifiedDate":"2023-01-18"},{"lineNumber":3,"author":{"gitId":"rmj1405"},"content":"        super(description);","lastModifiedDate":"2023-01-18"},{"lineNumber":4,"author":{"gitId":"rmj1405"},"content":"    }","lastModifiedDate":"2023-01-18"},{"lineNumber":5,"author":{"gitId":"rmj1405"},"content":"","lastModifiedDate":"2023-01-18"},{"lineNumber":6,"author":{"gitId":"rmj1405"},"content":"    @Override","lastModifiedDate":"2023-01-18"},{"lineNumber":7,"author":{"gitId":"rmj1405"},"content":"    public String toString() {","lastModifiedDate":"2023-01-18"},{"lineNumber":8,"author":{"gitId":"rmj1405"},"content":"        return \"[T]\" + super.toString();","lastModifiedDate":"2023-01-18"},{"lineNumber":9,"author":{"gitId":"rmj1405"},"content":"    }","lastModifiedDate":"2023-01-18"},{"lineNumber":10,"author":{"gitId":"rmj1405"},"content":"}","lastModifiedDate":"2023-01-18"}],"authorContributionMap":{"rmj1405":10}},{"path":"src/main/java/WelcomeUI.java","fileType":"java","lines":[{"lineNumber":1,"author":{"gitId":"rmj1405"},"content":"public class WelcomeUI {","lastModifiedDate":"2023-01-18"},{"lineNumber":2,"author":{"gitId":"rmj1405"},"content":"    /*","lastModifiedDate":"2023-01-18"},{"lineNumber":3,"author":{"gitId":"rmj1405"},"content":"     * logo credit: https://patorjk.com/software/taag/#p\u003dtestall\u0026h\u003d2\u0026v\u003d3\u0026f\u003d3D-ASCII\u0026t\u003dRubiRyo","lastModifiedDate":"2023-01-18"},{"lineNumber":4,"author":{"gitId":"rmj1405"},"content":"     * dog image credit: ChatGPT","lastModifiedDate":"2023-01-18"},{"lineNumber":5,"author":{"gitId":"rmj1405"},"content":"     * */","lastModifiedDate":"2023-01-18"},{"lineNumber":6,"author":{"gitId":"rmj1405"},"content":"    protected String logo \u003d \"\\n\" +","lastModifiedDate":"2023-01-18"},{"lineNumber":7,"author":{"gitId":"rmj1405"},"content":"            \" ____  __ __ ____  ____ ____  __ __  ___  \\n\" +","lastModifiedDate":"2023-01-18"},{"lineNumber":8,"author":{"gitId":"rmj1405"},"content":"            \"|    \\\\|  |  |    \\\\|    |    \\\\|  |  |/   \\\\ \\n\" +","lastModifiedDate":"2023-01-18"},{"lineNumber":9,"author":{"gitId":"rmj1405"},"content":"            \"|  D  )  |  |  o  )|  ||  D  )  |  |     |\\n\" +","lastModifiedDate":"2023-01-18"},{"lineNumber":10,"author":{"gitId":"rmj1405"},"content":"            \"|    /|  |  |     ||  ||    /|  ~  |  O  |\\n\" +","lastModifiedDate":"2023-01-18"},{"lineNumber":11,"author":{"gitId":"rmj1405"},"content":"            \"|    \\\\|  :  |  O  ||  ||    \\\\|___, |     |\\n\" +","lastModifiedDate":"2023-01-18"},{"lineNumber":12,"author":{"gitId":"rmj1405"},"content":"            \"|  .  \\\\     |     ||  ||  .  \\\\     |     |\\n\" +","lastModifiedDate":"2023-01-18"},{"lineNumber":13,"author":{"gitId":"rmj1405"},"content":"            \"|__|\\\\_|\\\\__,_|_____|____|__|\\\\_|____/ \\\\___/ \\n\" +","lastModifiedDate":"2023-01-18"},{"lineNumber":14,"author":{"gitId":"rmj1405"},"content":"            \"                                          \\n\";","lastModifiedDate":"2023-01-18"},{"lineNumber":15,"author":{"gitId":"rmj1405"},"content":"    protected String dogImage \u003d \"|\\\\___/|\\n\" +","lastModifiedDate":"2023-01-18"},{"lineNumber":16,"author":{"gitId":"rmj1405"},"content":"            \"| o o |\\n\" +","lastModifiedDate":"2023-01-18"},{"lineNumber":17,"author":{"gitId":"rmj1405"},"content":"            \" \\\\   /\\n\" +","lastModifiedDate":"2023-01-18"},{"lineNumber":18,"author":{"gitId":"rmj1405"},"content":"            \"  \\\\ /\\n\";","lastModifiedDate":"2023-01-18"},{"lineNumber":19,"author":{"gitId":"rmj1405"},"content":"","lastModifiedDate":"2023-01-18"},{"lineNumber":20,"author":{"gitId":"rmj1405"},"content":"    protected String introMessage \u003d \"Woof! I\u0027m RubiRyo the Japanese Spitz!\\n\" +","lastModifiedDate":"2023-01-18"},{"lineNumber":21,"author":{"gitId":"rmj1405"},"content":"            \"Give me a command or type menu to see the commands I know!\";","lastModifiedDate":"2023-01-18"},{"lineNumber":22,"author":{"gitId":"rmj1405"},"content":"","lastModifiedDate":"2023-01-18"},{"lineNumber":23,"author":{"gitId":"rmj1405"},"content":"    @Override","lastModifiedDate":"2023-01-18"},{"lineNumber":24,"author":{"gitId":"rmj1405"},"content":"    public String toString() {","lastModifiedDate":"2023-01-18"},{"lineNumber":25,"author":{"gitId":"rmj1405"},"content":"        return logo + introMessage;","lastModifiedDate":"2023-01-18"},{"lineNumber":26,"author":{"gitId":"rmj1405"},"content":"    }","lastModifiedDate":"2023-01-18"},{"lineNumber":27,"author":{"gitId":"rmj1405"},"content":"}","lastModifiedDate":"2023-01-18"}],"authorContributionMap":{"rmj1405":27}}]
