{"authorDailyContributionsMap":{"rmj1405":[{"date":"2023-01-17","commitResults":[{"hash":"3adad3e4d324822eb0326ce60250cbce16030525","messageTitle":"Customised Duke and greet,echo,exit functionality","messageBody":"","tags":["Level-1"],"fileTypesAndContributionMap":{"java":{"insertions":37,"deletions":6}}},{"hash":"7b32144b32cd31b51f0946820385d3c31e8871c9","messageTitle":"Added insert to list and display functionality","messageBody":"","tags":["Level-2"],"fileTypesAndContributionMap":{"java":{"insertions":25,"deletions":8}}}]},{"date":"2023-01-18","commitResults":[{"hash":"7fe5c532c1e471bab858d61a1fa8efe47740ad36","messageTitle":"Added new classes to organise program and fulfill check task feature","messageBody":"","tags":["Level-3"],"fileTypesAndContributionMap":{"java":{"insertions":202,"deletions":50}}},{"hash":"343420f79c469a2b8b341bd896b127b2dc1726f5","messageTitle":"Added todos, events and deadlines classes","messageBody":"","tags":["Level-4"],"fileTypesAndContributionMap":{"java":{"insertions":66,"deletions":2}}}]},{"date":"2023-01-19","commitResults":[{"hash":"1ba17c8a7d73f44b28361dd9bd43868e03cba2d8","messageTitle":"Added delete task functionality","messageBody":"","tags":["Level-6"],"fileTypesAndContributionMap":{"java":{"insertions":30,"deletions":14}}},{"hash":"82c7f8c82030637ac3446d6d469ef1031eb71dd1","messageTitle":"Added exception handling for user input errors","messageBody":"","tags":["Level-5"],"fileTypesAndContributionMap":{"java":{"insertions":37,"deletions":31}}},{"hash":"55a1601be553aecb7349bffdc7ca8c8b61fb979c","messageTitle":"Updated input.txt and attempted regression testing","messageBody":"","tags":["A-TextUiTesting"],"fileTypesAndContributionMap":{"txt":{"insertions":14,"deletions":0}}}]}]},"authorFileTypeContributionMap":{"rmj1405":{"java":292,"md":0,"fxml":0,"sh":0,"bat":0,"gradle":0,"txt":14}},"authorContributionVariance":{"rmj1405":12160.817},"authorDisplayNameMap":{"rmj1405":"RITI..OSHI"}}
