[{"path":"README.md","fileType":"md","lines":[{"lineNumber":1,"author":{"gitId":"wesleybldc"},"content":"# Willy Bot - How to use?","lastModifiedDate":"2023-01-19"},{"lineNumber":2,"author":{"gitId":"wesleybldc"},"content":"","lastModifiedDate":"2023-01-19"},{"lineNumber":3,"author":{"gitId":"wesleybldc"},"content":"For the Willy Bot, we can take and save 3 different types of task","lastModifiedDate":"2023-01-19"},{"lineNumber":4,"author":{"gitId":"wesleybldc"},"content":"","lastModifiedDate":"2023-01-19"},{"lineNumber":5,"author":{"gitId":"wesleybldc"},"content":"Please enter commands into the terminal in the following format.","lastModifiedDate":"2023-01-19"},{"lineNumber":6,"author":{"gitId":"wesleybldc"},"content":"","lastModifiedDate":"2023-01-19"},{"lineNumber":7,"author":{"gitId":"wesleybldc"},"content":"Task Type Name, Example ","lastModifiedDate":"2023-01-19"},{"lineNumber":8,"author":{"gitId":"wesleybldc"},"content":"","lastModifiedDate":"2023-01-19"},{"lineNumber":9,"author":{"gitId":"wesleybldc"},"content":"todo -\u003e todo borrow book","lastModifiedDate":"2023-01-19"},{"lineNumber":10,"author":{"gitId":"wesleybldc"},"content":"Note: \"todo\" keyword must be infront.","lastModifiedDate":"2023-01-19"},{"lineNumber":11,"author":{"gitId":"wesleybldc"},"content":"","lastModifiedDate":"2023-01-19"},{"lineNumber":12,"author":{"gitId":"wesleybldc"},"content":"deadline -\u003e deadline return book /by Sunday","lastModifiedDate":"2023-01-19"},{"lineNumber":13,"author":{"gitId":"wesleybldc"},"content":"Note: \"deadline\" keyword must be infront and the date must come after the first instance of \"/\"","lastModifiedDate":"2023-01-19"},{"lineNumber":14,"author":{"gitId":"wesleybldc"},"content":"","lastModifiedDate":"2023-01-19"},{"lineNumber":15,"author":{"gitId":"wesleybldc"},"content":"event -\u003e event project meeting /from Mon 2pm /to 4pm","lastModifiedDate":"2023-01-19"},{"lineNumber":16,"author":{"gitId":"wesleybldc"},"content":"Note: \"event\" keyword must be infront. the from and to must be in said order and come after the first and second instance of \"/\" in order accordingly.","lastModifiedDate":"2023-01-19"},{"lineNumber":17,"author":{"gitId":"wesleybldc"},"content":"","lastModifiedDate":"2023-01-19"},{"lineNumber":18,"author":{"gitId":"wesleybldc"},"content":"# Additional commands","lastModifiedDate":"2023-01-19"},{"lineNumber":19,"author":{"gitId":"wesleybldc"},"content":"","lastModifiedDate":"2023-01-19"},{"lineNumber":20,"author":{"gitId":"wesleybldc"},"content":"mark %d: It will mark the task in the index of the list as done","lastModifiedDate":"2023-01-19"},{"lineNumber":21,"author":{"gitId":"wesleybldc"},"content":"unmark %d: It will mark the task in the index of the list as undone","lastModifiedDate":"2023-01-19"},{"lineNumber":22,"author":{"gitId":"wesleybldc"},"content":"delete %d: It will delete the task in the said position in the list","lastModifiedDate":"2023-01-19"},{"lineNumber":23,"author":{"gitId":"wesleybldc"},"content":"list: to generate the list of Tasks","lastModifiedDate":"2023-01-19"},{"lineNumber":24,"author":{"gitId":"wesleybldc"},"content":"bye: to close the program","lastModifiedDate":"2023-01-19"},{"lineNumber":25,"author":{"gitId":"wesleybldc"},"content":"","lastModifiedDate":"2023-01-19"},{"lineNumber":26,"author":{"gitId":"wesleybldc"},"content":"","lastModifiedDate":"2023-01-19"},{"lineNumber":27,"author":{"gitId":"-"},"content":"# Duke project template","lastModifiedDate":"2020-05-25"},{"lineNumber":28,"author":{"gitId":"-"},"content":"","lastModifiedDate":"2020-05-25"},{"lineNumber":29,"author":{"gitId":"-"},"content":"This is a project template for a greenfield Java project. It\u0027s named after the Java mascot _Duke_. Given below are instructions on how to use it.","lastModifiedDate":"2020-05-25"},{"lineNumber":30,"author":{"gitId":"-"},"content":"","lastModifiedDate":"2020-05-25"},{"lineNumber":31,"author":{"gitId":"-"},"content":"## Setting up in Intellij","lastModifiedDate":"2020-05-25"},{"lineNumber":32,"author":{"gitId":"-"},"content":"","lastModifiedDate":"2020-05-25"},{"lineNumber":33,"author":{"gitId":"-"},"content":"Prerequisites: JDK 11, update Intellij to the most recent version.","lastModifiedDate":"2020-05-25"},{"lineNumber":34,"author":{"gitId":"-"},"content":"","lastModifiedDate":"2020-05-25"},{"lineNumber":35,"author":{"gitId":"-"},"content":"1. Open Intellij (if you are not in the welcome screen, click `File` \u003e `Close Project` to close the existing project first)","lastModifiedDate":"2021-01-17"},{"lineNumber":36,"author":{"gitId":"-"},"content":"1. Open the project into Intellij as follows:","lastModifiedDate":"2021-01-17"},{"lineNumber":37,"author":{"gitId":"-"},"content":"   1. Click `Open`.","lastModifiedDate":"2021-01-17"},{"lineNumber":38,"author":{"gitId":"-"},"content":"   1. Select the project directory, and click `OK`.","lastModifiedDate":"2021-01-17"},{"lineNumber":39,"author":{"gitId":"-"},"content":"   1. If there are any further prompts, accept the defaults.","lastModifiedDate":"2020-05-25"},{"lineNumber":40,"author":{"gitId":"-"},"content":"1. Configure the project to use **JDK 11** (not other versions) as explained in [here](https://www.jetbrains.com/help/idea/sdk.html#set-up-jdk).\u003cbr\u003e","lastModifiedDate":"2021-07-29"},{"lineNumber":41,"author":{"gitId":"-"},"content":"   In the same dialog, set the **Project language level** field to the `SDK default` option.","lastModifiedDate":"2021-07-29"},{"lineNumber":42,"author":{"gitId":"-"},"content":"3. After that, locate the `src/main/java/Duke.java` file, right-click it, and choose `Run Duke.main()` (if the code editor is showing compile errors, try restarting the IDE). If the setup is correct, you should see something like the below as the output:","lastModifiedDate":"2021-07-29"},{"lineNumber":43,"author":{"gitId":"-"},"content":"   ```","lastModifiedDate":"2020-05-25"},{"lineNumber":44,"author":{"gitId":"-"},"content":"   Hello from","lastModifiedDate":"2020-05-25"},{"lineNumber":45,"author":{"gitId":"-"},"content":"    ____        _        ","lastModifiedDate":"2020-05-25"},{"lineNumber":46,"author":{"gitId":"-"},"content":"   |  _ \\ _   _| | _____ ","lastModifiedDate":"2020-05-25"},{"lineNumber":47,"author":{"gitId":"-"},"content":"   | | | | | | | |/ / _ \\","lastModifiedDate":"2020-05-25"},{"lineNumber":48,"author":{"gitId":"-"},"content":"   | |_| | |_| |   \u003c  __/","lastModifiedDate":"2020-05-25"},{"lineNumber":49,"author":{"gitId":"-"},"content":"   |____/ \\__,_|_|\\_\\___|","lastModifiedDate":"2020-05-25"},{"lineNumber":50,"author":{"gitId":"-"},"content":"   ```","lastModifiedDate":"2020-05-25"}],"authorContributionMap":{"wesleybldc":26,"-":24}},{"path":"build.gradle","fileType":"gradle","lines":[{"lineNumber":1,"author":{"gitId":"-"},"content":"plugins {","lastModifiedDate":"2020-05-25"},{"lineNumber":2,"author":{"gitId":"-"},"content":"    id \u0027java\u0027","lastModifiedDate":"2020-05-25"},{"lineNumber":3,"author":{"gitId":"-"},"content":"    id \u0027application\u0027","lastModifiedDate":"2020-05-25"},{"lineNumber":4,"author":{"gitId":"wesleybldc"},"content":"    id \u0027checkstyle\u0027","lastModifiedDate":"2023-02-06"},{"lineNumber":5,"author":{"gitId":"-"},"content":"    id \u0027com.github.johnrengelman.shadow\u0027 version \u00275.1.0\u0027","lastModifiedDate":"2020-05-25"},{"lineNumber":6,"author":{"gitId":"-"},"content":"}","lastModifiedDate":"2020-05-25"},{"lineNumber":7,"author":{"gitId":"-"},"content":"","lastModifiedDate":"2020-05-25"},{"lineNumber":8,"author":{"gitId":"wesleybldc"},"content":"checkstyle {","lastModifiedDate":"2023-02-06"},{"lineNumber":9,"author":{"gitId":"wesleybldc"},"content":"    toolVersion \u003d \u002710.2\u0027","lastModifiedDate":"2023-02-06"},{"lineNumber":10,"author":{"gitId":"wesleybldc"},"content":"}","lastModifiedDate":"2023-02-06"},{"lineNumber":11,"author":{"gitId":"wesleybldc"},"content":"","lastModifiedDate":"2023-02-06"},{"lineNumber":12,"author":{"gitId":"-"},"content":"repositories {","lastModifiedDate":"2020-05-25"},{"lineNumber":13,"author":{"gitId":"-"},"content":"    mavenCentral()","lastModifiedDate":"2020-05-25"},{"lineNumber":14,"author":{"gitId":"-"},"content":"}","lastModifiedDate":"2020-05-25"},{"lineNumber":15,"author":{"gitId":"-"},"content":"","lastModifiedDate":"2020-05-25"},{"lineNumber":16,"author":{"gitId":"-"},"content":"dependencies {","lastModifiedDate":"2020-05-25"},{"lineNumber":17,"author":{"gitId":"-"},"content":"    testImplementation group: \u0027org.junit.jupiter\u0027, name: \u0027junit-jupiter-api\u0027, version: \u00275.5.0\u0027","lastModifiedDate":"2020-05-25"},{"lineNumber":18,"author":{"gitId":"-"},"content":"    testRuntimeOnly group: \u0027org.junit.jupiter\u0027, name: \u0027junit-jupiter-engine\u0027, version: \u00275.5.0\u0027","lastModifiedDate":"2020-05-25"},{"lineNumber":19,"author":{"gitId":"wesleybldc"},"content":"","lastModifiedDate":"2023-02-06"},{"lineNumber":20,"author":{"gitId":"wesleybldc"},"content":"    String javaFxVersion \u003d \u002711\u0027","lastModifiedDate":"2023-02-06"},{"lineNumber":21,"author":{"gitId":"wesleybldc"},"content":"","lastModifiedDate":"2023-02-06"},{"lineNumber":22,"author":{"gitId":"wesleybldc"},"content":"    implementation group: \u0027org.openjfx\u0027, name: \u0027javafx-base\u0027, version: javaFxVersion, classifier: \u0027win\u0027","lastModifiedDate":"2023-02-06"},{"lineNumber":23,"author":{"gitId":"wesleybldc"},"content":"    implementation group: \u0027org.openjfx\u0027, name: \u0027javafx-base\u0027, version: javaFxVersion, classifier: \u0027mac\u0027","lastModifiedDate":"2023-02-06"},{"lineNumber":24,"author":{"gitId":"wesleybldc"},"content":"    implementation group: \u0027org.openjfx\u0027, name: \u0027javafx-base\u0027, version: javaFxVersion, classifier: \u0027linux\u0027","lastModifiedDate":"2023-02-06"},{"lineNumber":25,"author":{"gitId":"wesleybldc"},"content":"    implementation group: \u0027org.openjfx\u0027, name: \u0027javafx-controls\u0027, version: javaFxVersion, classifier: \u0027win\u0027","lastModifiedDate":"2023-02-06"},{"lineNumber":26,"author":{"gitId":"wesleybldc"},"content":"    implementation group: \u0027org.openjfx\u0027, name: \u0027javafx-controls\u0027, version: javaFxVersion, classifier: \u0027mac\u0027","lastModifiedDate":"2023-02-06"},{"lineNumber":27,"author":{"gitId":"wesleybldc"},"content":"    implementation group: \u0027org.openjfx\u0027, name: \u0027javafx-controls\u0027, version: javaFxVersion, classifier: \u0027linux\u0027","lastModifiedDate":"2023-02-06"},{"lineNumber":28,"author":{"gitId":"wesleybldc"},"content":"    implementation group: \u0027org.openjfx\u0027, name: \u0027javafx-fxml\u0027, version: javaFxVersion, classifier: \u0027win\u0027","lastModifiedDate":"2023-02-06"},{"lineNumber":29,"author":{"gitId":"wesleybldc"},"content":"    implementation group: \u0027org.openjfx\u0027, name: \u0027javafx-fxml\u0027, version: javaFxVersion, classifier: \u0027mac\u0027","lastModifiedDate":"2023-02-06"},{"lineNumber":30,"author":{"gitId":"wesleybldc"},"content":"    implementation group: \u0027org.openjfx\u0027, name: \u0027javafx-fxml\u0027, version: javaFxVersion, classifier: \u0027linux\u0027","lastModifiedDate":"2023-02-06"},{"lineNumber":31,"author":{"gitId":"wesleybldc"},"content":"    implementation group: \u0027org.openjfx\u0027, name: \u0027javafx-graphics\u0027, version: javaFxVersion, classifier: \u0027win\u0027","lastModifiedDate":"2023-02-06"},{"lineNumber":32,"author":{"gitId":"wesleybldc"},"content":"    implementation group: \u0027org.openjfx\u0027, name: \u0027javafx-graphics\u0027, version: javaFxVersion, classifier: \u0027mac\u0027","lastModifiedDate":"2023-02-06"},{"lineNumber":33,"author":{"gitId":"wesleybldc"},"content":"    implementation group: \u0027org.openjfx\u0027, name: \u0027javafx-graphics\u0027, version: javaFxVersion, classifier: \u0027linux\u0027","lastModifiedDate":"2023-02-06"},{"lineNumber":34,"author":{"gitId":"-"},"content":"}","lastModifiedDate":"2020-05-25"},{"lineNumber":35,"author":{"gitId":"-"},"content":"","lastModifiedDate":"2020-05-25"},{"lineNumber":36,"author":{"gitId":"-"},"content":"test {","lastModifiedDate":"2020-05-25"},{"lineNumber":37,"author":{"gitId":"-"},"content":"    useJUnitPlatform()","lastModifiedDate":"2020-05-25"},{"lineNumber":38,"author":{"gitId":"-"},"content":"","lastModifiedDate":"2020-05-25"},{"lineNumber":39,"author":{"gitId":"-"},"content":"    testLogging {","lastModifiedDate":"2020-05-25"},{"lineNumber":40,"author":{"gitId":"-"},"content":"        events \"passed\", \"skipped\", \"failed\"","lastModifiedDate":"2020-05-25"},{"lineNumber":41,"author":{"gitId":"-"},"content":"","lastModifiedDate":"2020-05-25"},{"lineNumber":42,"author":{"gitId":"-"},"content":"        showExceptions true","lastModifiedDate":"2020-05-25"},{"lineNumber":43,"author":{"gitId":"-"},"content":"        exceptionFormat \"full\"","lastModifiedDate":"2020-05-25"},{"lineNumber":44,"author":{"gitId":"-"},"content":"        showCauses true","lastModifiedDate":"2020-05-25"},{"lineNumber":45,"author":{"gitId":"-"},"content":"        showStackTraces true","lastModifiedDate":"2020-05-25"},{"lineNumber":46,"author":{"gitId":"-"},"content":"        showStandardStreams \u003d false","lastModifiedDate":"2020-05-25"},{"lineNumber":47,"author":{"gitId":"-"},"content":"    }","lastModifiedDate":"2020-05-25"},{"lineNumber":48,"author":{"gitId":"-"},"content":"}","lastModifiedDate":"2020-05-25"},{"lineNumber":49,"author":{"gitId":"-"},"content":"","lastModifiedDate":"2020-05-25"},{"lineNumber":50,"author":{"gitId":"-"},"content":"application {","lastModifiedDate":"2020-05-25"},{"lineNumber":51,"author":{"gitId":"wesleybldc"},"content":"    mainClassName \u003d \"Willy.Willy\"","lastModifiedDate":"2023-02-06"},{"lineNumber":52,"author":{"gitId":"-"},"content":"}","lastModifiedDate":"2020-05-25"},{"lineNumber":53,"author":{"gitId":"-"},"content":"","lastModifiedDate":"2020-05-25"},{"lineNumber":54,"author":{"gitId":"-"},"content":"shadowJar {","lastModifiedDate":"2020-05-25"},{"lineNumber":55,"author":{"gitId":"wesleybldc"},"content":"    archiveBaseName \u003d \"Willy\"","lastModifiedDate":"2023-02-06"},{"lineNumber":56,"author":{"gitId":"-"},"content":"    archiveClassifier \u003d null","lastModifiedDate":"2020-05-25"},{"lineNumber":57,"author":{"gitId":"-"},"content":"}","lastModifiedDate":"2020-05-25"},{"lineNumber":58,"author":{"gitId":"-"},"content":"","lastModifiedDate":"2020-05-25"},{"lineNumber":59,"author":{"gitId":"-"},"content":"run{","lastModifiedDate":"2020-05-25"},{"lineNumber":60,"author":{"gitId":"-"},"content":"    standardInput \u003d System.in","lastModifiedDate":"2020-05-25"},{"lineNumber":61,"author":{"gitId":"-"},"content":"}","lastModifiedDate":"2020-05-25"}],"authorContributionMap":{"wesleybldc":22,"-":39}},{"path":"data/Willy.txt","fileType":"txt","lines":[{"lineNumber":1,"author":{"gitId":"wesleybldc"},"content":"[T][ ]todo test","lastModifiedDate":"2023-02-06"},{"lineNumber":2,"author":{"gitId":"wesleybldc"},"content":"[T][ ]todo hello","lastModifiedDate":"2023-02-06"}],"authorContributionMap":{"wesleybldc":2}},{"path":"src/main/java/Willy/Willy.java","fileType":"java","lines":[{"lineNumber":1,"author":{"gitId":"wesleybldc"},"content":"package Willy;","lastModifiedDate":"2023-02-05"},{"lineNumber":2,"author":{"gitId":"wesleybldc"},"content":"","lastModifiedDate":"2023-02-05"},{"lineNumber":3,"author":{"gitId":"wesleybldc"},"content":"import Willy.parser.Parser;","lastModifiedDate":"2023-02-05"},{"lineNumber":4,"author":{"gitId":"wesleybldc"},"content":"","lastModifiedDate":"2023-01-19"},{"lineNumber":5,"author":{"gitId":"wesleybldc"},"content":"import java.io.IOException;","lastModifiedDate":"2023-02-05"},{"lineNumber":6,"author":{"gitId":"wesleybldc"},"content":"import Willy.exception.WillyException;","lastModifiedDate":"2023-02-05"},{"lineNumber":7,"author":{"gitId":"wesleybldc"},"content":"import Willy.storage.Storage;","lastModifiedDate":"2023-02-05"},{"lineNumber":8,"author":{"gitId":"wesleybldc"},"content":"import Willy.task.TaskList;","lastModifiedDate":"2023-02-05"},{"lineNumber":9,"author":{"gitId":"wesleybldc"},"content":"import Willy.ui.Ui;","lastModifiedDate":"2023-02-05"},{"lineNumber":10,"author":{"gitId":"wesleybldc"},"content":"","lastModifiedDate":"2023-02-05"},{"lineNumber":11,"author":{"gitId":"wesleybldc"},"content":"public class Willy {","lastModifiedDate":"2023-01-19"},{"lineNumber":12,"author":{"gitId":"wesleybldc"},"content":"","lastModifiedDate":"2023-01-19"},{"lineNumber":13,"author":{"gitId":"wesleybldc"},"content":"    private Storage storage;","lastModifiedDate":"2023-02-05"},{"lineNumber":14,"author":{"gitId":"wesleybldc"},"content":"    private TaskList tList;","lastModifiedDate":"2023-02-05"},{"lineNumber":15,"author":{"gitId":"wesleybldc"},"content":"    private Ui ui;","lastModifiedDate":"2023-02-05"},{"lineNumber":16,"author":{"gitId":"wesleybldc"},"content":"","lastModifiedDate":"2023-02-05"},{"lineNumber":17,"author":{"gitId":"wesleybldc"},"content":"    public Willy(String filePath) {","lastModifiedDate":"2023-02-05"},{"lineNumber":18,"author":{"gitId":"wesleybldc"},"content":"        this.ui \u003d new Ui();","lastModifiedDate":"2023-02-05"},{"lineNumber":19,"author":{"gitId":"wesleybldc"},"content":"        this.storage \u003d new Storage(filePath);","lastModifiedDate":"2023-02-05"},{"lineNumber":20,"author":{"gitId":"wesleybldc"},"content":"        this.tList \u003d new TaskList(this.storage); // load data done in storage class","lastModifiedDate":"2023-02-05"},{"lineNumber":21,"author":{"gitId":"wesleybldc"},"content":"    }","lastModifiedDate":"2023-02-05"},{"lineNumber":22,"author":{"gitId":"wesleybldc"},"content":"","lastModifiedDate":"2023-02-05"},{"lineNumber":23,"author":{"gitId":"wesleybldc"},"content":"    public void run() throws IOException, WillyException {","lastModifiedDate":"2023-02-05"},{"lineNumber":24,"author":{"gitId":"wesleybldc"},"content":"        ui.showStartupMessage();","lastModifiedDate":"2023-02-05"},{"lineNumber":25,"author":{"gitId":"wesleybldc"},"content":"        boolean isExit \u003d false;","lastModifiedDate":"2023-02-05"},{"lineNumber":26,"author":{"gitId":"wesleybldc"},"content":"","lastModifiedDate":"2023-01-19"},{"lineNumber":27,"author":{"gitId":"wesleybldc"},"content":"        while (!isExit) {","lastModifiedDate":"2023-02-05"},{"lineNumber":28,"author":{"gitId":"wesleybldc"},"content":"            String command \u003d ui.getCommand();","lastModifiedDate":"2023-02-05"},{"lineNumber":29,"author":{"gitId":"wesleybldc"},"content":"            Parser p \u003d new Parser(tList);","lastModifiedDate":"2023-02-05"},{"lineNumber":30,"author":{"gitId":"wesleybldc"},"content":"            p.parseCommand(command);","lastModifiedDate":"2023-02-05"},{"lineNumber":31,"author":{"gitId":"wesleybldc"},"content":"            isExit \u003d p.getExitStatus();","lastModifiedDate":"2023-02-05"},{"lineNumber":32,"author":{"gitId":"wesleybldc"},"content":"        }","lastModifiedDate":"2023-01-19"},{"lineNumber":33,"author":{"gitId":"wesleybldc"},"content":"    }","lastModifiedDate":"2023-01-19"},{"lineNumber":34,"author":{"gitId":"wesleybldc"},"content":"","lastModifiedDate":"2023-02-05"},{"lineNumber":35,"author":{"gitId":"wesleybldc"},"content":"    public static void main(String[] args) throws IOException, WillyException {","lastModifiedDate":"2023-02-05"},{"lineNumber":36,"author":{"gitId":"wesleybldc"},"content":"        new Willy(\"data/Willy.txt\").run();","lastModifiedDate":"2023-02-05"},{"lineNumber":37,"author":{"gitId":"wesleybldc"},"content":"    }","lastModifiedDate":"2023-01-19"},{"lineNumber":38,"author":{"gitId":"wesleybldc"},"content":"}","lastModifiedDate":"2023-01-19"}],"authorContributionMap":{"wesleybldc":38}},{"path":"src/main/java/Willy/exception/WillyException.java","fileType":"java","lines":[{"lineNumber":1,"author":{"gitId":"wesleybldc"},"content":"package Willy.exception;","lastModifiedDate":"2023-02-05"},{"lineNumber":2,"author":{"gitId":"wesleybldc"},"content":"","lastModifiedDate":"2023-02-05"},{"lineNumber":3,"author":{"gitId":"wesleybldc"},"content":"public class WillyException extends Exception {","lastModifiedDate":"2023-01-19"},{"lineNumber":4,"author":{"gitId":"wesleybldc"},"content":"    public WillyException(String message){","lastModifiedDate":"2023-01-19"},{"lineNumber":5,"author":{"gitId":"wesleybldc"},"content":"        super(message);","lastModifiedDate":"2023-01-19"},{"lineNumber":6,"author":{"gitId":"wesleybldc"},"content":"    }","lastModifiedDate":"2023-01-19"},{"lineNumber":7,"author":{"gitId":"wesleybldc"},"content":"}","lastModifiedDate":"2023-01-19"}],"authorContributionMap":{"wesleybldc":7}},{"path":"src/main/java/Willy/parser/Parser.java","fileType":"java","lines":[{"lineNumber":1,"author":{"gitId":"wesleybldc"},"content":"package Willy.parser;","lastModifiedDate":"2023-02-05"},{"lineNumber":2,"author":{"gitId":"wesleybldc"},"content":"","lastModifiedDate":"2023-02-05"},{"lineNumber":3,"author":{"gitId":"wesleybldc"},"content":"import java.util.Arrays;","lastModifiedDate":"2023-02-05"},{"lineNumber":4,"author":{"gitId":"wesleybldc"},"content":"","lastModifiedDate":"2023-02-05"},{"lineNumber":5,"author":{"gitId":"wesleybldc"},"content":"import Willy.exception.WillyException;","lastModifiedDate":"2023-02-05"},{"lineNumber":6,"author":{"gitId":"wesleybldc"},"content":"import Willy.task.TaskList;","lastModifiedDate":"2023-02-05"},{"lineNumber":7,"author":{"gitId":"wesleybldc"},"content":"","lastModifiedDate":"2023-02-05"},{"lineNumber":8,"author":{"gitId":"wesleybldc"},"content":"public class Parser {","lastModifiedDate":"2023-02-05"},{"lineNumber":9,"author":{"gitId":"wesleybldc"},"content":"","lastModifiedDate":"2023-02-05"},{"lineNumber":10,"author":{"gitId":"wesleybldc"},"content":"    private TaskList tList;","lastModifiedDate":"2023-02-05"},{"lineNumber":11,"author":{"gitId":"wesleybldc"},"content":"    private boolean isExit;","lastModifiedDate":"2023-02-05"},{"lineNumber":12,"author":{"gitId":"wesleybldc"},"content":"","lastModifiedDate":"2023-02-05"},{"lineNumber":13,"author":{"gitId":"wesleybldc"},"content":"    public Parser(TaskList tList) {","lastModifiedDate":"2023-02-05"},{"lineNumber":14,"author":{"gitId":"wesleybldc"},"content":"        this.tList \u003d tList;","lastModifiedDate":"2023-02-05"},{"lineNumber":15,"author":{"gitId":"wesleybldc"},"content":"        this.isExit \u003d false;","lastModifiedDate":"2023-02-05"},{"lineNumber":16,"author":{"gitId":"wesleybldc"},"content":"    }","lastModifiedDate":"2023-02-05"},{"lineNumber":17,"author":{"gitId":"wesleybldc"},"content":"","lastModifiedDate":"2023-02-05"},{"lineNumber":18,"author":{"gitId":"wesleybldc"},"content":"    public static void listCommand(TaskList tList) {","lastModifiedDate":"2023-02-05"},{"lineNumber":19,"author":{"gitId":"wesleybldc"},"content":"        int taskCount \u003d tList.getTaskCount();","lastModifiedDate":"2023-02-05"},{"lineNumber":20,"author":{"gitId":"wesleybldc"},"content":"        if (taskCount \u003d\u003d 0) {","lastModifiedDate":"2023-02-05"},{"lineNumber":21,"author":{"gitId":"wesleybldc"},"content":"            System.out.println(\"You have 0 tasks in your list\");","lastModifiedDate":"2023-02-05"},{"lineNumber":22,"author":{"gitId":"wesleybldc"},"content":"        } else {","lastModifiedDate":"2023-02-05"},{"lineNumber":23,"author":{"gitId":"wesleybldc"},"content":"            System.out.format(\"You have %d tasks in your list \\n\", taskCount);","lastModifiedDate":"2023-02-05"},{"lineNumber":24,"author":{"gitId":"wesleybldc"},"content":"            System.out.println(tList.toString());","lastModifiedDate":"2023-02-05"},{"lineNumber":25,"author":{"gitId":"wesleybldc"},"content":"        }","lastModifiedDate":"2023-02-05"},{"lineNumber":26,"author":{"gitId":"wesleybldc"},"content":"    }","lastModifiedDate":"2023-02-05"},{"lineNumber":27,"author":{"gitId":"wesleybldc"},"content":"","lastModifiedDate":"2023-02-05"},{"lineNumber":28,"author":{"gitId":"wesleybldc"},"content":"    // public static void byeCommand() {","lastModifiedDate":"2023-02-05"},{"lineNumber":29,"author":{"gitId":"wesleybldc"},"content":"    // System.out.println(\"Bye. Hope to see you again soon!\");","lastModifiedDate":"2023-02-05"},{"lineNumber":30,"author":{"gitId":"wesleybldc"},"content":"    // System.exit(0);","lastModifiedDate":"2023-02-05"},{"lineNumber":31,"author":{"gitId":"wesleybldc"},"content":"    // }","lastModifiedDate":"2023-02-05"},{"lineNumber":32,"author":{"gitId":"wesleybldc"},"content":"","lastModifiedDate":"2023-02-05"},{"lineNumber":33,"author":{"gitId":"wesleybldc"},"content":"    public int getIndex(String input) {","lastModifiedDate":"2023-02-05"},{"lineNumber":34,"author":{"gitId":"wesleybldc"},"content":"        return Integer.parseInt(input) - 1;","lastModifiedDate":"2023-02-05"},{"lineNumber":35,"author":{"gitId":"wesleybldc"},"content":"    }","lastModifiedDate":"2023-02-05"},{"lineNumber":36,"author":{"gitId":"wesleybldc"},"content":"","lastModifiedDate":"2023-02-05"},{"lineNumber":37,"author":{"gitId":"wesleybldc"},"content":"    public boolean getExitStatus() {","lastModifiedDate":"2023-02-05"},{"lineNumber":38,"author":{"gitId":"wesleybldc"},"content":"        return isExit;","lastModifiedDate":"2023-02-05"},{"lineNumber":39,"author":{"gitId":"wesleybldc"},"content":"    }","lastModifiedDate":"2023-02-05"},{"lineNumber":40,"author":{"gitId":"wesleybldc"},"content":"","lastModifiedDate":"2023-02-05"},{"lineNumber":41,"author":{"gitId":"wesleybldc"},"content":"    public void exitCommand() {","lastModifiedDate":"2023-02-05"},{"lineNumber":42,"author":{"gitId":"wesleybldc"},"content":"        System.out.println(\"Bye. Hope to see you again soon!\");","lastModifiedDate":"2023-02-05"},{"lineNumber":43,"author":{"gitId":"wesleybldc"},"content":"        isExit \u003d true;","lastModifiedDate":"2023-02-05"},{"lineNumber":44,"author":{"gitId":"wesleybldc"},"content":"    }","lastModifiedDate":"2023-02-05"},{"lineNumber":45,"author":{"gitId":"wesleybldc"},"content":"","lastModifiedDate":"2023-02-05"},{"lineNumber":46,"author":{"gitId":"wesleybldc"},"content":"    public void parseCommand(String command) throws WillyException {    ","lastModifiedDate":"2023-02-05"},{"lineNumber":47,"author":{"gitId":"wesleybldc"},"content":"        String[] tempBySpace \u003d command.split(\" \");","lastModifiedDate":"2023-02-05"},{"lineNumber":48,"author":{"gitId":"wesleybldc"},"content":"        String[] tempBySlash \u003d command.split(\"/\");","lastModifiedDate":"2023-02-05"},{"lineNumber":49,"author":{"gitId":"wesleybldc"},"content":"        ","lastModifiedDate":"2023-02-05"},{"lineNumber":50,"author":{"gitId":"wesleybldc"},"content":"        if (tempBySpace[0].equals(\"mark\")) {","lastModifiedDate":"2023-02-05"},{"lineNumber":51,"author":{"gitId":"wesleybldc"},"content":"            int index \u003d getIndex(tempBySpace[1]);","lastModifiedDate":"2023-02-05"},{"lineNumber":52,"author":{"gitId":"wesleybldc"},"content":"            tList.markTask(index);","lastModifiedDate":"2023-02-05"},{"lineNumber":53,"author":{"gitId":"wesleybldc"},"content":"        } else if (tempBySpace[0].equals(\"unmark\")) {","lastModifiedDate":"2023-02-05"},{"lineNumber":54,"author":{"gitId":"wesleybldc"},"content":"            int index \u003d getIndex(tempBySpace[1]);","lastModifiedDate":"2023-02-05"},{"lineNumber":55,"author":{"gitId":"wesleybldc"},"content":"            tList.unmarkTask(index);","lastModifiedDate":"2023-02-05"},{"lineNumber":56,"author":{"gitId":"wesleybldc"},"content":"        } else if (command.contains(\"delete\")) {","lastModifiedDate":"2023-02-05"},{"lineNumber":57,"author":{"gitId":"wesleybldc"},"content":"            int index \u003d getIndex(tempBySpace[1]);","lastModifiedDate":"2023-02-05"},{"lineNumber":58,"author":{"gitId":"wesleybldc"},"content":"            tList.deleteTask(index);","lastModifiedDate":"2023-02-05"},{"lineNumber":59,"author":{"gitId":"wesleybldc"},"content":"        } else if (command.equals(\"list\")) {","lastModifiedDate":"2023-02-05"},{"lineNumber":60,"author":{"gitId":"wesleybldc"},"content":"            listCommand(tList);","lastModifiedDate":"2023-02-05"},{"lineNumber":61,"author":{"gitId":"wesleybldc"},"content":"        } else if (command.equals(\"bye\")) {","lastModifiedDate":"2023-02-05"},{"lineNumber":62,"author":{"gitId":"wesleybldc"},"content":"            exitCommand();","lastModifiedDate":"2023-02-05"},{"lineNumber":63,"author":{"gitId":"wesleybldc"},"content":"        } else if (command.equals(\"blah\")) {","lastModifiedDate":"2023-02-05"},{"lineNumber":64,"author":{"gitId":"wesleybldc"},"content":"            throw new WillyException(\"☹ OOPS!!! I\u0027m sorry, but I don\u0027t know what that means :-(\");","lastModifiedDate":"2023-02-05"},{"lineNumber":65,"author":{"gitId":"wesleybldc"},"content":"        } else {","lastModifiedDate":"2023-02-05"},{"lineNumber":66,"author":{"gitId":"wesleybldc"},"content":"            if (command.contains(\"todo\")) {","lastModifiedDate":"2023-02-05"},{"lineNumber":67,"author":{"gitId":"wesleybldc"},"content":"                if (command.length() \u003e 4) {","lastModifiedDate":"2023-02-05"},{"lineNumber":68,"author":{"gitId":"wesleybldc"},"content":"                    tList.addTodo(command);","lastModifiedDate":"2023-02-05"},{"lineNumber":69,"author":{"gitId":"wesleybldc"},"content":"                } else {","lastModifiedDate":"2023-02-05"},{"lineNumber":70,"author":{"gitId":"wesleybldc"},"content":"                    throw new WillyException(\"☹ OOPS!!! The description of a todo cannot be empty.\");","lastModifiedDate":"2023-02-05"},{"lineNumber":71,"author":{"gitId":"wesleybldc"},"content":"                }","lastModifiedDate":"2023-02-05"},{"lineNumber":72,"author":{"gitId":"wesleybldc"},"content":"            }","lastModifiedDate":"2023-02-05"},{"lineNumber":73,"author":{"gitId":"wesleybldc"},"content":"            if (command.contains(\"deadline\")) {","lastModifiedDate":"2023-02-05"},{"lineNumber":74,"author":{"gitId":"wesleybldc"},"content":"                if (tempBySlash.length \u003e 2) {","lastModifiedDate":"2023-02-05"},{"lineNumber":75,"author":{"gitId":"wesleybldc"},"content":"                    String combinedString \u003d String.join(\" \",","lastModifiedDate":"2023-02-05"},{"lineNumber":76,"author":{"gitId":"wesleybldc"},"content":"                            Arrays.asList(tempBySlash).subList(1, tempBySlash.length));","lastModifiedDate":"2023-02-05"},{"lineNumber":77,"author":{"gitId":"wesleybldc"},"content":"                    String dateString \u003d combinedString.substring(3);","lastModifiedDate":"2023-02-05"},{"lineNumber":78,"author":{"gitId":"wesleybldc"},"content":"                    String[] dateArray \u003d dateString.split(\" \");","lastModifiedDate":"2023-02-05"},{"lineNumber":79,"author":{"gitId":"wesleybldc"},"content":"                    tList.addDeadlineWithDate(tempBySlash[0], dateArray);","lastModifiedDate":"2023-02-05"},{"lineNumber":80,"author":{"gitId":"wesleybldc"},"content":"                } else {","lastModifiedDate":"2023-02-05"},{"lineNumber":81,"author":{"gitId":"wesleybldc"},"content":"                    tList.addDeadline(tempBySlash[0], tempBySlash[1]);","lastModifiedDate":"2023-02-05"},{"lineNumber":82,"author":{"gitId":"wesleybldc"},"content":"                }","lastModifiedDate":"2023-02-05"},{"lineNumber":83,"author":{"gitId":"wesleybldc"},"content":"            }","lastModifiedDate":"2023-02-05"},{"lineNumber":84,"author":{"gitId":"wesleybldc"},"content":"            if (command.contains(\"event\")) {","lastModifiedDate":"2023-02-05"},{"lineNumber":85,"author":{"gitId":"wesleybldc"},"content":"                tList.addEvent(tempBySlash[0], tempBySlash[1], tempBySlash[2]);","lastModifiedDate":"2023-02-05"},{"lineNumber":86,"author":{"gitId":"wesleybldc"},"content":"            }","lastModifiedDate":"2023-02-05"},{"lineNumber":87,"author":{"gitId":"wesleybldc"},"content":"        }","lastModifiedDate":"2023-02-05"},{"lineNumber":88,"author":{"gitId":"wesleybldc"},"content":"    }","lastModifiedDate":"2023-02-05"},{"lineNumber":89,"author":{"gitId":"wesleybldc"},"content":"","lastModifiedDate":"2023-02-05"},{"lineNumber":90,"author":{"gitId":"wesleybldc"},"content":"}","lastModifiedDate":"2023-02-05"}],"authorContributionMap":{"wesleybldc":90}},{"path":"src/main/java/Willy/storage/Storage.java","fileType":"java","lines":[{"lineNumber":1,"author":{"gitId":"wesleybldc"},"content":"package Willy.storage;","lastModifiedDate":"2023-02-05"},{"lineNumber":2,"author":{"gitId":"wesleybldc"},"content":"","lastModifiedDate":"2023-02-05"},{"lineNumber":3,"author":{"gitId":"wesleybldc"},"content":"import Willy.task.Deadline;","lastModifiedDate":"2023-02-05"},{"lineNumber":4,"author":{"gitId":"wesleybldc"},"content":"import Willy.task.Event;","lastModifiedDate":"2023-02-05"},{"lineNumber":5,"author":{"gitId":"wesleybldc"},"content":"import Willy.task.Todo;","lastModifiedDate":"2023-02-05"},{"lineNumber":6,"author":{"gitId":"wesleybldc"},"content":"import Willy.task.Task;","lastModifiedDate":"2023-02-05"},{"lineNumber":7,"author":{"gitId":"wesleybldc"},"content":"import Willy.task.TaskList;","lastModifiedDate":"2023-02-05"},{"lineNumber":8,"author":{"gitId":"wesleybldc"},"content":"","lastModifiedDate":"2023-02-05"},{"lineNumber":9,"author":{"gitId":"wesleybldc"},"content":"import java.io.File;","lastModifiedDate":"2023-02-05"},{"lineNumber":10,"author":{"gitId":"wesleybldc"},"content":"import java.io.FileWriter;","lastModifiedDate":"2023-02-05"},{"lineNumber":11,"author":{"gitId":"wesleybldc"},"content":"import java.io.IOException;","lastModifiedDate":"2023-02-05"},{"lineNumber":12,"author":{"gitId":"wesleybldc"},"content":"import java.nio.file.Files;","lastModifiedDate":"2023-02-05"},{"lineNumber":13,"author":{"gitId":"wesleybldc"},"content":"import java.nio.file.Path;","lastModifiedDate":"2023-02-05"},{"lineNumber":14,"author":{"gitId":"wesleybldc"},"content":"import java.nio.file.Paths;","lastModifiedDate":"2023-02-05"},{"lineNumber":15,"author":{"gitId":"wesleybldc"},"content":"import java.util.ArrayList;","lastModifiedDate":"2023-02-05"},{"lineNumber":16,"author":{"gitId":"wesleybldc"},"content":"import java.util.List;","lastModifiedDate":"2023-02-05"},{"lineNumber":17,"author":{"gitId":"wesleybldc"},"content":"","lastModifiedDate":"2023-02-05"},{"lineNumber":18,"author":{"gitId":"wesleybldc"},"content":"public class Storage {","lastModifiedDate":"2023-02-05"},{"lineNumber":19,"author":{"gitId":"wesleybldc"},"content":"    private static String DATA_PATH \u003d \"data/Willy.txt\";","lastModifiedDate":"2023-02-05"},{"lineNumber":20,"author":{"gitId":"wesleybldc"},"content":"    private Path filePath;","lastModifiedDate":"2023-02-05"},{"lineNumber":21,"author":{"gitId":"wesleybldc"},"content":"    private String relativeFilePath;","lastModifiedDate":"2023-02-05"},{"lineNumber":22,"author":{"gitId":"wesleybldc"},"content":"","lastModifiedDate":"2023-02-05"},{"lineNumber":23,"author":{"gitId":"wesleybldc"},"content":"    public Storage() {","lastModifiedDate":"2023-02-05"},{"lineNumber":24,"author":{"gitId":"wesleybldc"},"content":"        try {","lastModifiedDate":"2023-02-05"},{"lineNumber":25,"author":{"gitId":"wesleybldc"},"content":"            relativeFilePath \u003d new File(\".\").getCanonicalPath();","lastModifiedDate":"2023-02-05"},{"lineNumber":26,"author":{"gitId":"wesleybldc"},"content":"            filePath \u003d Paths.get(relativeFilePath, \u0027/\u0027 + DATA_PATH);","lastModifiedDate":"2023-02-05"},{"lineNumber":27,"author":{"gitId":"wesleybldc"},"content":"            Files.createDirectories(filePath.getParent());","lastModifiedDate":"2023-02-05"},{"lineNumber":28,"author":{"gitId":"wesleybldc"},"content":"        } catch (IOException e) {","lastModifiedDate":"2023-02-05"},{"lineNumber":29,"author":{"gitId":"wesleybldc"},"content":"            System.out.println(e);","lastModifiedDate":"2023-02-05"},{"lineNumber":30,"author":{"gitId":"wesleybldc"},"content":"        }","lastModifiedDate":"2023-02-05"},{"lineNumber":31,"author":{"gitId":"wesleybldc"},"content":"    }","lastModifiedDate":"2023-02-05"},{"lineNumber":32,"author":{"gitId":"wesleybldc"},"content":"","lastModifiedDate":"2023-02-05"},{"lineNumber":33,"author":{"gitId":"wesleybldc"},"content":"    public Storage(String filePathGiven) {","lastModifiedDate":"2023-02-05"},{"lineNumber":34,"author":{"gitId":"wesleybldc"},"content":"        // double check later","lastModifiedDate":"2023-02-05"},{"lineNumber":35,"author":{"gitId":"wesleybldc"},"content":"        try {","lastModifiedDate":"2023-02-05"},{"lineNumber":36,"author":{"gitId":"wesleybldc"},"content":"            relativeFilePath \u003d new File(\".\").getCanonicalPath();","lastModifiedDate":"2023-02-05"},{"lineNumber":37,"author":{"gitId":"wesleybldc"},"content":"            filePath \u003d Paths.get(relativeFilePath, \u0027/\u0027 + filePathGiven);","lastModifiedDate":"2023-02-05"},{"lineNumber":38,"author":{"gitId":"wesleybldc"},"content":"            Files.createDirectories(filePath.getParent());","lastModifiedDate":"2023-02-05"},{"lineNumber":39,"author":{"gitId":"wesleybldc"},"content":"        } catch (IOException e) {","lastModifiedDate":"2023-02-05"},{"lineNumber":40,"author":{"gitId":"wesleybldc"},"content":"            System.out.println(e);","lastModifiedDate":"2023-02-05"},{"lineNumber":41,"author":{"gitId":"wesleybldc"},"content":"        }","lastModifiedDate":"2023-02-05"},{"lineNumber":42,"author":{"gitId":"wesleybldc"},"content":"    }","lastModifiedDate":"2023-02-05"},{"lineNumber":43,"author":{"gitId":"wesleybldc"},"content":"","lastModifiedDate":"2023-02-05"},{"lineNumber":44,"author":{"gitId":"wesleybldc"},"content":"    public List\u003cTask\u003e loadData() {","lastModifiedDate":"2023-02-05"},{"lineNumber":45,"author":{"gitId":"wesleybldc"},"content":"        List\u003cTask\u003e list \u003d new ArrayList\u003c\u003e();","lastModifiedDate":"2023-02-05"},{"lineNumber":46,"author":{"gitId":"wesleybldc"},"content":"        try {","lastModifiedDate":"2023-02-05"},{"lineNumber":47,"author":{"gitId":"wesleybldc"},"content":"            List\u003cString\u003e lines \u003d Files.readAllLines(filePath);","lastModifiedDate":"2023-02-05"},{"lineNumber":48,"author":{"gitId":"wesleybldc"},"content":"            for (String line : lines) {","lastModifiedDate":"2023-02-05"},{"lineNumber":49,"author":{"gitId":"wesleybldc"},"content":"                char taskType \u003d line.charAt(1);","lastModifiedDate":"2023-02-05"},{"lineNumber":50,"author":{"gitId":"wesleybldc"},"content":"                Task taskEntry \u003d null;","lastModifiedDate":"2023-02-05"},{"lineNumber":51,"author":{"gitId":"wesleybldc"},"content":"                if (taskType \u003d\u003d \u0027T\u0027) {","lastModifiedDate":"2023-02-05"},{"lineNumber":52,"author":{"gitId":"wesleybldc"},"content":"                    // [T][ ]todo borrow book","lastModifiedDate":"2023-02-05"},{"lineNumber":53,"author":{"gitId":"wesleybldc"},"content":"                    String details \u003d line.substring(6);","lastModifiedDate":"2023-02-05"},{"lineNumber":54,"author":{"gitId":"wesleybldc"},"content":"                    taskEntry \u003d new Todo(details);","lastModifiedDate":"2023-02-05"},{"lineNumber":55,"author":{"gitId":"wesleybldc"},"content":"","lastModifiedDate":"2023-02-05"},{"lineNumber":56,"author":{"gitId":"wesleybldc"},"content":"                } else if (taskType \u003d\u003d \u0027D\u0027) {","lastModifiedDate":"2023-02-05"},{"lineNumber":57,"author":{"gitId":"wesleybldc"},"content":"                    // [D][ ]deadline return book (by Sunday)","lastModifiedDate":"2023-02-05"},{"lineNumber":58,"author":{"gitId":"wesleybldc"},"content":"                    String[] result \u003d line.split(\"\\\\(by \", 2);","lastModifiedDate":"2023-02-05"},{"lineNumber":59,"author":{"gitId":"wesleybldc"},"content":"                    String details \u003d result[0].substring(6).trim();","lastModifiedDate":"2023-02-05"},{"lineNumber":60,"author":{"gitId":"wesleybldc"},"content":"                    String date \u003d result[1].replace(\")\", \"\");","lastModifiedDate":"2023-02-05"},{"lineNumber":61,"author":{"gitId":"wesleybldc"},"content":"                    taskEntry \u003d new Deadline(details, date);","lastModifiedDate":"2023-02-05"},{"lineNumber":62,"author":{"gitId":"wesleybldc"},"content":"","lastModifiedDate":"2023-02-05"},{"lineNumber":63,"author":{"gitId":"wesleybldc"},"content":"                } else if (taskType \u003d\u003d \u0027E\u0027) {","lastModifiedDate":"2023-02-05"},{"lineNumber":64,"author":{"gitId":"wesleybldc"},"content":"                    // [E][ ]event project meeting (from Mon 2pm to 4pm)","lastModifiedDate":"2023-02-05"},{"lineNumber":65,"author":{"gitId":"wesleybldc"},"content":"                    String[] result \u003d line.split(\"\\\\(from \", 2);","lastModifiedDate":"2023-02-05"},{"lineNumber":66,"author":{"gitId":"wesleybldc"},"content":"                    String details \u003d result[0].substring(6).trim();","lastModifiedDate":"2023-02-05"},{"lineNumber":67,"author":{"gitId":"wesleybldc"},"content":"                    String fromAndToResult \u003d result[1].replace(\")\", \"\");","lastModifiedDate":"2023-02-05"},{"lineNumber":68,"author":{"gitId":"wesleybldc"},"content":"                    String[] fromAndToSplit \u003d fromAndToResult.split(\" to \");","lastModifiedDate":"2023-02-05"},{"lineNumber":69,"author":{"gitId":"wesleybldc"},"content":"                    String from \u003d fromAndToSplit[0];","lastModifiedDate":"2023-02-05"},{"lineNumber":70,"author":{"gitId":"wesleybldc"},"content":"                    String to \u003d fromAndToSplit[1];","lastModifiedDate":"2023-02-05"},{"lineNumber":71,"author":{"gitId":"wesleybldc"},"content":"                    taskEntry \u003d new Event(details, from, to);","lastModifiedDate":"2023-02-05"},{"lineNumber":72,"author":{"gitId":"wesleybldc"},"content":"                }","lastModifiedDate":"2023-02-05"},{"lineNumber":73,"author":{"gitId":"wesleybldc"},"content":"                list.add(taskEntry);","lastModifiedDate":"2023-02-05"},{"lineNumber":74,"author":{"gitId":"wesleybldc"},"content":"            }","lastModifiedDate":"2023-02-05"},{"lineNumber":75,"author":{"gitId":"wesleybldc"},"content":"        } catch (IOException e) {","lastModifiedDate":"2023-02-05"},{"lineNumber":76,"author":{"gitId":"wesleybldc"},"content":"            System.out.println(e);","lastModifiedDate":"2023-02-05"},{"lineNumber":77,"author":{"gitId":"wesleybldc"},"content":"        } finally {","lastModifiedDate":"2023-02-05"},{"lineNumber":78,"author":{"gitId":"wesleybldc"},"content":"            return list;","lastModifiedDate":"2023-02-05"},{"lineNumber":79,"author":{"gitId":"wesleybldc"},"content":"        }","lastModifiedDate":"2023-02-05"},{"lineNumber":80,"author":{"gitId":"wesleybldc"},"content":"    }","lastModifiedDate":"2023-02-05"},{"lineNumber":81,"author":{"gitId":"wesleybldc"},"content":"","lastModifiedDate":"2023-02-05"},{"lineNumber":82,"author":{"gitId":"wesleybldc"},"content":"    public void save(TaskList tList) {","lastModifiedDate":"2023-02-05"},{"lineNumber":83,"author":{"gitId":"wesleybldc"},"content":"        String tempText \u003d \"\";","lastModifiedDate":"2023-02-05"},{"lineNumber":84,"author":{"gitId":"wesleybldc"},"content":"        for (int i \u003d 0; i \u003c tList.getTaskCount(); i++) {","lastModifiedDate":"2023-02-05"},{"lineNumber":85,"author":{"gitId":"wesleybldc"},"content":"            tempText +\u003d tList.getTask(i) + \"\\n\";","lastModifiedDate":"2023-02-05"},{"lineNumber":86,"author":{"gitId":"wesleybldc"},"content":"        }","lastModifiedDate":"2023-02-05"},{"lineNumber":87,"author":{"gitId":"wesleybldc"},"content":"","lastModifiedDate":"2023-02-05"},{"lineNumber":88,"author":{"gitId":"wesleybldc"},"content":"        try {","lastModifiedDate":"2023-02-05"},{"lineNumber":89,"author":{"gitId":"wesleybldc"},"content":"            FileWriter fileWriter \u003d new FileWriter(DATA_PATH);","lastModifiedDate":"2023-02-05"},{"lineNumber":90,"author":{"gitId":"wesleybldc"},"content":"            fileWriter.write(tempText);","lastModifiedDate":"2023-02-05"},{"lineNumber":91,"author":{"gitId":"wesleybldc"},"content":"            fileWriter.close();","lastModifiedDate":"2023-02-05"},{"lineNumber":92,"author":{"gitId":"wesleybldc"},"content":"        } catch (IOException e) {","lastModifiedDate":"2023-02-05"},{"lineNumber":93,"author":{"gitId":"wesleybldc"},"content":"            System.out.println(e);","lastModifiedDate":"2023-02-05"},{"lineNumber":94,"author":{"gitId":"wesleybldc"},"content":"        }","lastModifiedDate":"2023-02-05"},{"lineNumber":95,"author":{"gitId":"wesleybldc"},"content":"    }","lastModifiedDate":"2023-02-05"},{"lineNumber":96,"author":{"gitId":"wesleybldc"},"content":"}","lastModifiedDate":"2023-02-05"}],"authorContributionMap":{"wesleybldc":96}},{"path":"src/main/java/Willy/task/Deadline.java","fileType":"java","lines":[{"lineNumber":1,"author":{"gitId":"wesleybldc"},"content":"package Willy.task;","lastModifiedDate":"2023-02-05"},{"lineNumber":2,"author":{"gitId":"wesleybldc"},"content":"","lastModifiedDate":"2023-02-05"},{"lineNumber":3,"author":{"gitId":"wesleybldc"},"content":"import java.time.LocalDate;","lastModifiedDate":"2023-02-05"},{"lineNumber":4,"author":{"gitId":"wesleybldc"},"content":"import java.time.LocalTime;","lastModifiedDate":"2023-02-05"},{"lineNumber":5,"author":{"gitId":"wesleybldc"},"content":"import java.time.format.DateTimeFormatter;","lastModifiedDate":"2023-02-05"},{"lineNumber":6,"author":{"gitId":"wesleybldc"},"content":"","lastModifiedDate":"2023-02-05"},{"lineNumber":7,"author":{"gitId":"wesleybldc"},"content":"public class Deadline extends Task {","lastModifiedDate":"2023-01-19"},{"lineNumber":8,"author":{"gitId":"wesleybldc"},"content":"    private String by;","lastModifiedDate":"2023-01-19"},{"lineNumber":9,"author":{"gitId":"wesleybldc"},"content":"    private String code;","lastModifiedDate":"2023-01-19"},{"lineNumber":10,"author":{"gitId":"wesleybldc"},"content":"    private LocalDate date;","lastModifiedDate":"2023-02-05"},{"lineNumber":11,"author":{"gitId":"wesleybldc"},"content":"    private LocalTime time;","lastModifiedDate":"2023-02-05"},{"lineNumber":12,"author":{"gitId":"wesleybldc"},"content":"","lastModifiedDate":"2023-01-19"},{"lineNumber":13,"author":{"gitId":"wesleybldc"},"content":"    public Deadline(String msg, String by) {","lastModifiedDate":"2023-01-19"},{"lineNumber":14,"author":{"gitId":"wesleybldc"},"content":"        super(msg);","lastModifiedDate":"2023-01-19"},{"lineNumber":15,"author":{"gitId":"wesleybldc"},"content":"        this.by \u003d by;","lastModifiedDate":"2023-01-19"},{"lineNumber":16,"author":{"gitId":"wesleybldc"},"content":"        this.code \u003d \"[D]\";","lastModifiedDate":"2023-01-19"},{"lineNumber":17,"author":{"gitId":"wesleybldc"},"content":"    }","lastModifiedDate":"2023-01-19"},{"lineNumber":18,"author":{"gitId":"wesleybldc"},"content":"","lastModifiedDate":"2023-01-19"},{"lineNumber":19,"author":{"gitId":"wesleybldc"},"content":"    public Deadline(String msg, String[] dateArr) {","lastModifiedDate":"2023-02-05"},{"lineNumber":20,"author":{"gitId":"wesleybldc"},"content":"        super(msg);","lastModifiedDate":"2023-02-05"},{"lineNumber":21,"author":{"gitId":"wesleybldc"},"content":"        this.code \u003d \"[D]\";","lastModifiedDate":"2023-02-05"},{"lineNumber":22,"author":{"gitId":"wesleybldc"},"content":"","lastModifiedDate":"2023-02-05"},{"lineNumber":23,"author":{"gitId":"wesleybldc"},"content":"        StringBuilder sb \u003d new StringBuilder();","lastModifiedDate":"2023-02-05"},{"lineNumber":24,"author":{"gitId":"wesleybldc"},"content":"        for (int i \u003d 0; i \u003c dateArr.length - 1; i++) {","lastModifiedDate":"2023-02-05"},{"lineNumber":25,"author":{"gitId":"wesleybldc"},"content":"            if (dateArr[i].length() \u003d\u003d 2 || dateArr[i].length() \u003d\u003d 4) {","lastModifiedDate":"2023-02-05"},{"lineNumber":26,"author":{"gitId":"wesleybldc"},"content":"                sb.append(dateArr[i]);","lastModifiedDate":"2023-02-05"},{"lineNumber":27,"author":{"gitId":"wesleybldc"},"content":"            } else {","lastModifiedDate":"2023-02-05"},{"lineNumber":28,"author":{"gitId":"wesleybldc"},"content":"                sb.append(\"0\");","lastModifiedDate":"2023-02-05"},{"lineNumber":29,"author":{"gitId":"wesleybldc"},"content":"                sb.append(dateArr[i]);","lastModifiedDate":"2023-02-05"},{"lineNumber":30,"author":{"gitId":"wesleybldc"},"content":"            }","lastModifiedDate":"2023-02-05"},{"lineNumber":31,"author":{"gitId":"wesleybldc"},"content":"            if (i \u003c dateArr.length - 2) {","lastModifiedDate":"2023-02-05"},{"lineNumber":32,"author":{"gitId":"wesleybldc"},"content":"                sb.append(\"-\");","lastModifiedDate":"2023-02-05"},{"lineNumber":33,"author":{"gitId":"wesleybldc"},"content":"            }","lastModifiedDate":"2023-02-05"},{"lineNumber":34,"author":{"gitId":"wesleybldc"},"content":"        }","lastModifiedDate":"2023-02-05"},{"lineNumber":35,"author":{"gitId":"wesleybldc"},"content":"","lastModifiedDate":"2023-02-05"},{"lineNumber":36,"author":{"gitId":"wesleybldc"},"content":"        String date \u003d sb.toString();","lastModifiedDate":"2023-02-05"},{"lineNumber":37,"author":{"gitId":"wesleybldc"},"content":"        DateTimeFormatter f1 \u003d DateTimeFormatter.ofPattern(\"dd-MM-yyyy\");","lastModifiedDate":"2023-02-05"},{"lineNumber":38,"author":{"gitId":"wesleybldc"},"content":"        this.date \u003d LocalDate.parse(date, f1);","lastModifiedDate":"2023-02-05"},{"lineNumber":39,"author":{"gitId":"wesleybldc"},"content":"","lastModifiedDate":"2023-02-05"},{"lineNumber":40,"author":{"gitId":"wesleybldc"},"content":"        String time \u003d dateArr[3];","lastModifiedDate":"2023-02-05"},{"lineNumber":41,"author":{"gitId":"wesleybldc"},"content":"        DateTimeFormatter f2 \u003d DateTimeFormatter.ofPattern(\"HHmm\");","lastModifiedDate":"2023-02-05"},{"lineNumber":42,"author":{"gitId":"wesleybldc"},"content":"        this.time \u003d LocalTime.parse(time, f2);","lastModifiedDate":"2023-02-05"},{"lineNumber":43,"author":{"gitId":"wesleybldc"},"content":"        System.out.println(time);","lastModifiedDate":"2023-02-05"},{"lineNumber":44,"author":{"gitId":"wesleybldc"},"content":"    }","lastModifiedDate":"2023-02-05"},{"lineNumber":45,"author":{"gitId":"wesleybldc"},"content":"","lastModifiedDate":"2023-02-05"},{"lineNumber":46,"author":{"gitId":"wesleybldc"},"content":"    public String getCode() {","lastModifiedDate":"2023-01-19"},{"lineNumber":47,"author":{"gitId":"wesleybldc"},"content":"        return this.code;","lastModifiedDate":"2023-01-19"},{"lineNumber":48,"author":{"gitId":"wesleybldc"},"content":"    }","lastModifiedDate":"2023-01-19"},{"lineNumber":49,"author":{"gitId":"wesleybldc"},"content":"","lastModifiedDate":"2023-01-19"},{"lineNumber":50,"author":{"gitId":"wesleybldc"},"content":"    @Override","lastModifiedDate":"2023-01-19"},{"lineNumber":51,"author":{"gitId":"wesleybldc"},"content":"    public String toString() {","lastModifiedDate":"2023-01-19"},{"lineNumber":52,"author":{"gitId":"wesleybldc"},"content":"        if (date !\u003d null \u0026\u0026 time !\u003d null) {","lastModifiedDate":"2023-02-05"},{"lineNumber":53,"author":{"gitId":"wesleybldc"},"content":"            return code + super.toString() + \"(due on \" + date + \" at \" + time + \")\";","lastModifiedDate":"2023-02-05"},{"lineNumber":54,"author":{"gitId":"wesleybldc"},"content":"        } else {","lastModifiedDate":"2023-02-05"},{"lineNumber":55,"author":{"gitId":"wesleybldc"},"content":"            return code + super.toString() + \"(\" + by + \")\";","lastModifiedDate":"2023-01-19"},{"lineNumber":56,"author":{"gitId":"wesleybldc"},"content":"        }","lastModifiedDate":"2023-01-19"},{"lineNumber":57,"author":{"gitId":"wesleybldc"},"content":"    }","lastModifiedDate":"2023-02-05"},{"lineNumber":58,"author":{"gitId":"wesleybldc"},"content":"","lastModifiedDate":"2023-01-19"},{"lineNumber":59,"author":{"gitId":"wesleybldc"},"content":"}","lastModifiedDate":"2023-01-19"}],"authorContributionMap":{"wesleybldc":59}},{"path":"src/main/java/Willy/task/Event.java","fileType":"java","lines":[{"lineNumber":1,"author":{"gitId":"wesleybldc"},"content":"package Willy.task;","lastModifiedDate":"2023-02-05"},{"lineNumber":2,"author":{"gitId":"wesleybldc"},"content":"","lastModifiedDate":"2023-02-05"},{"lineNumber":3,"author":{"gitId":"wesleybldc"},"content":"public class Event extends Task {","lastModifiedDate":"2023-01-19"},{"lineNumber":4,"author":{"gitId":"wesleybldc"},"content":"    private String from;","lastModifiedDate":"2023-01-19"},{"lineNumber":5,"author":{"gitId":"wesleybldc"},"content":"    private String to;","lastModifiedDate":"2023-01-19"},{"lineNumber":6,"author":{"gitId":"wesleybldc"},"content":"    private String code;","lastModifiedDate":"2023-01-19"},{"lineNumber":7,"author":{"gitId":"wesleybldc"},"content":"","lastModifiedDate":"2023-01-19"},{"lineNumber":8,"author":{"gitId":"wesleybldc"},"content":"    public Event(String msg, String from, String to) {","lastModifiedDate":"2023-01-19"},{"lineNumber":9,"author":{"gitId":"wesleybldc"},"content":"        super(msg);","lastModifiedDate":"2023-01-19"},{"lineNumber":10,"author":{"gitId":"wesleybldc"},"content":"        this.from \u003d from;","lastModifiedDate":"2023-01-19"},{"lineNumber":11,"author":{"gitId":"wesleybldc"},"content":"        this.to \u003d to;","lastModifiedDate":"2023-01-19"},{"lineNumber":12,"author":{"gitId":"wesleybldc"},"content":"        this.code \u003d \"[E]\";","lastModifiedDate":"2023-01-19"},{"lineNumber":13,"author":{"gitId":"wesleybldc"},"content":"    }","lastModifiedDate":"2023-01-19"},{"lineNumber":14,"author":{"gitId":"wesleybldc"},"content":"","lastModifiedDate":"2023-01-19"},{"lineNumber":15,"author":{"gitId":"wesleybldc"},"content":"    public String getCode() {","lastModifiedDate":"2023-01-19"},{"lineNumber":16,"author":{"gitId":"wesleybldc"},"content":"        return this.code;","lastModifiedDate":"2023-01-19"},{"lineNumber":17,"author":{"gitId":"wesleybldc"},"content":"    }","lastModifiedDate":"2023-01-19"},{"lineNumber":18,"author":{"gitId":"wesleybldc"},"content":"","lastModifiedDate":"2023-01-19"},{"lineNumber":19,"author":{"gitId":"wesleybldc"},"content":"    @Override","lastModifiedDate":"2023-01-19"},{"lineNumber":20,"author":{"gitId":"wesleybldc"},"content":"    public String toString() {","lastModifiedDate":"2023-01-19"},{"lineNumber":21,"author":{"gitId":"wesleybldc"},"content":"        return code + super.toString() + \"(\" + from  + to + \")\";","lastModifiedDate":"2023-02-06"},{"lineNumber":22,"author":{"gitId":"wesleybldc"},"content":"    }","lastModifiedDate":"2023-01-19"},{"lineNumber":23,"author":{"gitId":"wesleybldc"},"content":"","lastModifiedDate":"2023-01-19"},{"lineNumber":24,"author":{"gitId":"wesleybldc"},"content":"}","lastModifiedDate":"2023-01-19"}],"authorContributionMap":{"wesleybldc":24}},{"path":"src/main/java/Willy/task/Task.java","fileType":"java","lines":[{"lineNumber":1,"author":{"gitId":"wesleybldc"},"content":"package Willy.task;","lastModifiedDate":"2023-02-05"},{"lineNumber":2,"author":{"gitId":"wesleybldc"},"content":"","lastModifiedDate":"2023-02-05"},{"lineNumber":3,"author":{"gitId":"wesleybldc"},"content":"public class Task {","lastModifiedDate":"2023-01-19"},{"lineNumber":4,"author":{"gitId":"wesleybldc"},"content":"    private String msg;","lastModifiedDate":"2023-01-19"},{"lineNumber":5,"author":{"gitId":"wesleybldc"},"content":"    private Boolean status;","lastModifiedDate":"2023-01-19"},{"lineNumber":6,"author":{"gitId":"wesleybldc"},"content":"","lastModifiedDate":"2023-01-19"},{"lineNumber":7,"author":{"gitId":"wesleybldc"},"content":"    public Task(String msg) {","lastModifiedDate":"2023-01-19"},{"lineNumber":8,"author":{"gitId":"wesleybldc"},"content":"        this.msg \u003d msg;","lastModifiedDate":"2023-01-19"},{"lineNumber":9,"author":{"gitId":"wesleybldc"},"content":"        this.status \u003d false;","lastModifiedDate":"2023-01-19"},{"lineNumber":10,"author":{"gitId":"wesleybldc"},"content":"    }","lastModifiedDate":"2023-01-19"},{"lineNumber":11,"author":{"gitId":"wesleybldc"},"content":"","lastModifiedDate":"2023-01-19"},{"lineNumber":12,"author":{"gitId":"wesleybldc"},"content":"    public String getStatusIcon() {","lastModifiedDate":"2023-01-19"},{"lineNumber":13,"author":{"gitId":"wesleybldc"},"content":"        return (status ? \"[X]\" : \"[ ]\");","lastModifiedDate":"2023-01-19"},{"lineNumber":14,"author":{"gitId":"wesleybldc"},"content":"    }","lastModifiedDate":"2023-01-19"},{"lineNumber":15,"author":{"gitId":"wesleybldc"},"content":"","lastModifiedDate":"2023-01-19"},{"lineNumber":16,"author":{"gitId":"wesleybldc"},"content":"    public String getMsg() {","lastModifiedDate":"2023-01-19"},{"lineNumber":17,"author":{"gitId":"wesleybldc"},"content":"        return msg;","lastModifiedDate":"2023-01-19"},{"lineNumber":18,"author":{"gitId":"wesleybldc"},"content":"    }","lastModifiedDate":"2023-01-19"},{"lineNumber":19,"author":{"gitId":"wesleybldc"},"content":"","lastModifiedDate":"2023-01-19"},{"lineNumber":20,"author":{"gitId":"wesleybldc"},"content":"    public void mark() {","lastModifiedDate":"2023-01-19"},{"lineNumber":21,"author":{"gitId":"wesleybldc"},"content":"        status \u003d true;","lastModifiedDate":"2023-01-19"},{"lineNumber":22,"author":{"gitId":"wesleybldc"},"content":"        System.out.println(\"Nice! I\u0027ve marked this task as done:\\n\" + getStatusIcon() + msg);","lastModifiedDate":"2023-01-19"},{"lineNumber":23,"author":{"gitId":"wesleybldc"},"content":"    }","lastModifiedDate":"2023-01-19"},{"lineNumber":24,"author":{"gitId":"wesleybldc"},"content":"","lastModifiedDate":"2023-01-19"},{"lineNumber":25,"author":{"gitId":"wesleybldc"},"content":"    public void unmark() {","lastModifiedDate":"2023-01-19"},{"lineNumber":26,"author":{"gitId":"wesleybldc"},"content":"        status \u003d false;","lastModifiedDate":"2023-01-19"},{"lineNumber":27,"author":{"gitId":"wesleybldc"},"content":"        System.out.println(\"OK, I\u0027ve unmarked this task:\\n\" + getStatusIcon() + msg);","lastModifiedDate":"2023-02-05"},{"lineNumber":28,"author":{"gitId":"wesleybldc"},"content":"    }","lastModifiedDate":"2023-01-19"},{"lineNumber":29,"author":{"gitId":"wesleybldc"},"content":"","lastModifiedDate":"2023-01-19"},{"lineNumber":30,"author":{"gitId":"wesleybldc"},"content":"    @Override","lastModifiedDate":"2023-01-19"},{"lineNumber":31,"author":{"gitId":"wesleybldc"},"content":"    public String toString() {","lastModifiedDate":"2023-01-19"},{"lineNumber":32,"author":{"gitId":"wesleybldc"},"content":"        return this.getStatusIcon() + msg;","lastModifiedDate":"2023-01-19"},{"lineNumber":33,"author":{"gitId":"wesleybldc"},"content":"    }","lastModifiedDate":"2023-01-19"},{"lineNumber":34,"author":{"gitId":"wesleybldc"},"content":"}","lastModifiedDate":"2023-01-19"}],"authorContributionMap":{"wesleybldc":34}},{"path":"src/main/java/Willy/task/TaskList.java","fileType":"java","lines":[{"lineNumber":1,"author":{"gitId":"wesleybldc"},"content":"package Willy.task;","lastModifiedDate":"2023-02-05"},{"lineNumber":2,"author":{"gitId":"wesleybldc"},"content":"","lastModifiedDate":"2023-02-05"},{"lineNumber":3,"author":{"gitId":"wesleybldc"},"content":"import Willy.exception.WillyException;","lastModifiedDate":"2023-02-05"},{"lineNumber":4,"author":{"gitId":"wesleybldc"},"content":"import Willy.storage.Storage;","lastModifiedDate":"2023-02-05"},{"lineNumber":5,"author":{"gitId":"wesleybldc"},"content":"","lastModifiedDate":"2023-02-05"},{"lineNumber":6,"author":{"gitId":"wesleybldc"},"content":"import java.util.ArrayList;","lastModifiedDate":"2023-02-05"},{"lineNumber":7,"author":{"gitId":"wesleybldc"},"content":"import java.util.List;","lastModifiedDate":"2023-02-05"},{"lineNumber":8,"author":{"gitId":"wesleybldc"},"content":"","lastModifiedDate":"2023-02-05"},{"lineNumber":9,"author":{"gitId":"wesleybldc"},"content":"public class TaskList {","lastModifiedDate":"2023-02-05"},{"lineNumber":10,"author":{"gitId":"wesleybldc"},"content":"    protected List\u003cTask\u003e tasks \u003d new ArrayList\u003cTask\u003e();","lastModifiedDate":"2023-02-05"},{"lineNumber":11,"author":{"gitId":"wesleybldc"},"content":"    public Storage storage;","lastModifiedDate":"2023-02-05"},{"lineNumber":12,"author":{"gitId":"wesleybldc"},"content":"","lastModifiedDate":"2023-02-05"},{"lineNumber":13,"author":{"gitId":"wesleybldc"},"content":"    public TaskList() {","lastModifiedDate":"2023-02-05"},{"lineNumber":14,"author":{"gitId":"wesleybldc"},"content":"        this.storage \u003d new Storage();","lastModifiedDate":"2023-02-05"},{"lineNumber":15,"author":{"gitId":"wesleybldc"},"content":"        List\u003cTask\u003e tmp \u003d storage.loadData();","lastModifiedDate":"2023-02-05"},{"lineNumber":16,"author":{"gitId":"wesleybldc"},"content":"        this.tasks \u003d tmp;","lastModifiedDate":"2023-02-05"},{"lineNumber":17,"author":{"gitId":"wesleybldc"},"content":"    }","lastModifiedDate":"2023-02-05"},{"lineNumber":18,"author":{"gitId":"wesleybldc"},"content":"","lastModifiedDate":"2023-02-05"},{"lineNumber":19,"author":{"gitId":"wesleybldc"},"content":"    public TaskList(Storage storage) {","lastModifiedDate":"2023-02-05"},{"lineNumber":20,"author":{"gitId":"wesleybldc"},"content":"        this.storage \u003d storage;","lastModifiedDate":"2023-02-05"},{"lineNumber":21,"author":{"gitId":"wesleybldc"},"content":"        List\u003cTask\u003e tmp \u003d storage.loadData();","lastModifiedDate":"2023-02-05"},{"lineNumber":22,"author":{"gitId":"wesleybldc"},"content":"        this.tasks \u003d tmp;","lastModifiedDate":"2023-02-05"},{"lineNumber":23,"author":{"gitId":"wesleybldc"},"content":"    }","lastModifiedDate":"2023-02-05"},{"lineNumber":24,"author":{"gitId":"wesleybldc"},"content":"","lastModifiedDate":"2023-02-05"},{"lineNumber":25,"author":{"gitId":"wesleybldc"},"content":"    public int getTaskCount() {","lastModifiedDate":"2023-02-05"},{"lineNumber":26,"author":{"gitId":"wesleybldc"},"content":"        return tasks.size();","lastModifiedDate":"2023-02-05"},{"lineNumber":27,"author":{"gitId":"wesleybldc"},"content":"    }","lastModifiedDate":"2023-02-05"},{"lineNumber":28,"author":{"gitId":"wesleybldc"},"content":"","lastModifiedDate":"2023-02-05"},{"lineNumber":29,"author":{"gitId":"wesleybldc"},"content":"    public Task getTask(int index) {","lastModifiedDate":"2023-02-05"},{"lineNumber":30,"author":{"gitId":"wesleybldc"},"content":"        return tasks.get(index);","lastModifiedDate":"2023-02-05"},{"lineNumber":31,"author":{"gitId":"wesleybldc"},"content":"    }","lastModifiedDate":"2023-02-05"},{"lineNumber":32,"author":{"gitId":"wesleybldc"},"content":"","lastModifiedDate":"2023-02-05"},{"lineNumber":33,"author":{"gitId":"wesleybldc"},"content":"    public void markTask(int index) {","lastModifiedDate":"2023-02-05"},{"lineNumber":34,"author":{"gitId":"wesleybldc"},"content":"        Task t \u003d tasks.get(index);","lastModifiedDate":"2023-02-05"},{"lineNumber":35,"author":{"gitId":"wesleybldc"},"content":"        t.mark();","lastModifiedDate":"2023-02-05"},{"lineNumber":36,"author":{"gitId":"wesleybldc"},"content":"        storage.save(this);","lastModifiedDate":"2023-02-05"},{"lineNumber":37,"author":{"gitId":"wesleybldc"},"content":"    }","lastModifiedDate":"2023-02-05"},{"lineNumber":38,"author":{"gitId":"wesleybldc"},"content":"","lastModifiedDate":"2023-02-05"},{"lineNumber":39,"author":{"gitId":"wesleybldc"},"content":"    public void unmarkTask(int index) {","lastModifiedDate":"2023-02-05"},{"lineNumber":40,"author":{"gitId":"wesleybldc"},"content":"        Task t \u003d tasks.get(index);","lastModifiedDate":"2023-02-05"},{"lineNumber":41,"author":{"gitId":"wesleybldc"},"content":"        t.unmark();","lastModifiedDate":"2023-02-05"},{"lineNumber":42,"author":{"gitId":"wesleybldc"},"content":"        storage.save(this);","lastModifiedDate":"2023-02-05"},{"lineNumber":43,"author":{"gitId":"wesleybldc"},"content":"    }","lastModifiedDate":"2023-02-05"},{"lineNumber":44,"author":{"gitId":"wesleybldc"},"content":"","lastModifiedDate":"2023-02-05"},{"lineNumber":45,"author":{"gitId":"wesleybldc"},"content":"    public void deleteTask(int index) {","lastModifiedDate":"2023-02-05"},{"lineNumber":46,"author":{"gitId":"wesleybldc"},"content":"        tasks.remove(index);","lastModifiedDate":"2023-02-05"},{"lineNumber":47,"author":{"gitId":"wesleybldc"},"content":"        storage.save(this);","lastModifiedDate":"2023-02-05"},{"lineNumber":48,"author":{"gitId":"wesleybldc"},"content":"        // System.out.println(\"Successfully deleted this task\"); // chaneg this later","lastModifiedDate":"2023-02-05"},{"lineNumber":49,"author":{"gitId":"wesleybldc"},"content":"    }","lastModifiedDate":"2023-02-05"},{"lineNumber":50,"author":{"gitId":"wesleybldc"},"content":"","lastModifiedDate":"2023-02-05"},{"lineNumber":51,"author":{"gitId":"wesleybldc"},"content":"    public void addTodo(String details) {","lastModifiedDate":"2023-02-05"},{"lineNumber":52,"author":{"gitId":"wesleybldc"},"content":"        Todo entry \u003d new Todo(details);","lastModifiedDate":"2023-02-05"},{"lineNumber":53,"author":{"gitId":"wesleybldc"},"content":"        tasks.add(entry);","lastModifiedDate":"2023-02-05"},{"lineNumber":54,"author":{"gitId":"wesleybldc"},"content":"        storage.save(this);","lastModifiedDate":"2023-02-05"},{"lineNumber":55,"author":{"gitId":"wesleybldc"},"content":"        System.out.println(entry.toString());","lastModifiedDate":"2023-02-05"},{"lineNumber":56,"author":{"gitId":"wesleybldc"},"content":"        // System.out.format(\"Now you have %d things in your list%n\",","lastModifiedDate":"2023-02-05"},{"lineNumber":57,"author":{"gitId":"wesleybldc"},"content":"        // this.getTaskCount());","lastModifiedDate":"2023-02-05"},{"lineNumber":58,"author":{"gitId":"wesleybldc"},"content":"        // System.out.println(\"Successfully added a todo\"); // chaneg","lastModifiedDate":"2023-02-05"},{"lineNumber":59,"author":{"gitId":"wesleybldc"},"content":"    }","lastModifiedDate":"2023-02-05"},{"lineNumber":60,"author":{"gitId":"wesleybldc"},"content":"","lastModifiedDate":"2023-02-05"},{"lineNumber":61,"author":{"gitId":"wesleybldc"},"content":"    public void addDeadline(String details, String date) {","lastModifiedDate":"2023-02-05"},{"lineNumber":62,"author":{"gitId":"wesleybldc"},"content":"        Deadline entry \u003d new Deadline(details, date);","lastModifiedDate":"2023-02-05"},{"lineNumber":63,"author":{"gitId":"wesleybldc"},"content":"        tasks.add(entry);","lastModifiedDate":"2023-02-05"},{"lineNumber":64,"author":{"gitId":"wesleybldc"},"content":"        storage.save(this);","lastModifiedDate":"2023-02-05"},{"lineNumber":65,"author":{"gitId":"wesleybldc"},"content":"        System.out.println(entry.toString());","lastModifiedDate":"2023-02-05"},{"lineNumber":66,"author":{"gitId":"wesleybldc"},"content":"        // System.out.println(\"Successfully added a deadline\"); // chaneg this later","lastModifiedDate":"2023-02-05"},{"lineNumber":67,"author":{"gitId":"wesleybldc"},"content":"    }","lastModifiedDate":"2023-02-05"},{"lineNumber":68,"author":{"gitId":"wesleybldc"},"content":"","lastModifiedDate":"2023-02-05"},{"lineNumber":69,"author":{"gitId":"wesleybldc"},"content":"    public void addDeadlineWithDate(String details, String[] dateArray) {","lastModifiedDate":"2023-02-05"},{"lineNumber":70,"author":{"gitId":"wesleybldc"},"content":"        Deadline entry \u003d new Deadline(details, dateArray);","lastModifiedDate":"2023-02-05"},{"lineNumber":71,"author":{"gitId":"wesleybldc"},"content":"        tasks.add(entry);","lastModifiedDate":"2023-02-05"},{"lineNumber":72,"author":{"gitId":"wesleybldc"},"content":"        storage.save(this);","lastModifiedDate":"2023-02-05"},{"lineNumber":73,"author":{"gitId":"wesleybldc"},"content":"        System.out.println(entry.toString());","lastModifiedDate":"2023-02-05"},{"lineNumber":74,"author":{"gitId":"wesleybldc"},"content":"        // System.out.println(\"Successfully added a deadline with a date\"); // chaneg","lastModifiedDate":"2023-02-05"},{"lineNumber":75,"author":{"gitId":"wesleybldc"},"content":"        // this later","lastModifiedDate":"2023-02-05"},{"lineNumber":76,"author":{"gitId":"wesleybldc"},"content":"    }","lastModifiedDate":"2023-02-05"},{"lineNumber":77,"author":{"gitId":"wesleybldc"},"content":"","lastModifiedDate":"2023-02-05"},{"lineNumber":78,"author":{"gitId":"wesleybldc"},"content":"    public void addEvent(String details, String dateFrom, String dateTo) {","lastModifiedDate":"2023-02-05"},{"lineNumber":79,"author":{"gitId":"wesleybldc"},"content":"        Event entry \u003d new Event(details, dateFrom, dateTo);","lastModifiedDate":"2023-02-05"},{"lineNumber":80,"author":{"gitId":"wesleybldc"},"content":"        tasks.add(entry);","lastModifiedDate":"2023-02-05"},{"lineNumber":81,"author":{"gitId":"wesleybldc"},"content":"        storage.save(this);","lastModifiedDate":"2023-02-05"},{"lineNumber":82,"author":{"gitId":"wesleybldc"},"content":"        System.out.println(entry.toString());","lastModifiedDate":"2023-02-05"},{"lineNumber":83,"author":{"gitId":"wesleybldc"},"content":"        // System.out.println(\"Successfully added an event\"); // chaneg this later","lastModifiedDate":"2023-02-05"},{"lineNumber":84,"author":{"gitId":"wesleybldc"},"content":"    }","lastModifiedDate":"2023-02-05"},{"lineNumber":85,"author":{"gitId":"wesleybldc"},"content":"","lastModifiedDate":"2023-02-05"},{"lineNumber":86,"author":{"gitId":"wesleybldc"},"content":"    @Override","lastModifiedDate":"2023-02-05"},{"lineNumber":87,"author":{"gitId":"wesleybldc"},"content":"    public String toString() {","lastModifiedDate":"2023-02-05"},{"lineNumber":88,"author":{"gitId":"wesleybldc"},"content":"        String str \u003d \"\", msg \u003d \"\";","lastModifiedDate":"2023-02-05"},{"lineNumber":89,"author":{"gitId":"wesleybldc"},"content":"        for (int i \u003d 0; i \u003c getTaskCount(); i++) {","lastModifiedDate":"2023-02-05"},{"lineNumber":90,"author":{"gitId":"wesleybldc"},"content":"            msg \u003d \"#\" + (i + 1) + \". \" + this.getTask(i);","lastModifiedDate":"2023-02-05"},{"lineNumber":91,"author":{"gitId":"wesleybldc"},"content":"","lastModifiedDate":"2023-02-05"},{"lineNumber":92,"author":{"gitId":"wesleybldc"},"content":"            if (i \u003d\u003d getTaskCount() - 1) {","lastModifiedDate":"2023-02-05"},{"lineNumber":93,"author":{"gitId":"wesleybldc"},"content":"                // Marks the end of the tList","lastModifiedDate":"2023-02-05"},{"lineNumber":94,"author":{"gitId":"wesleybldc"},"content":"                str +\u003d msg;","lastModifiedDate":"2023-02-05"},{"lineNumber":95,"author":{"gitId":"wesleybldc"},"content":"            } else {","lastModifiedDate":"2023-02-05"},{"lineNumber":96,"author":{"gitId":"wesleybldc"},"content":"                str +\u003d msg + \"\\n\";","lastModifiedDate":"2023-02-05"},{"lineNumber":97,"author":{"gitId":"wesleybldc"},"content":"            }","lastModifiedDate":"2023-02-05"},{"lineNumber":98,"author":{"gitId":"wesleybldc"},"content":"        }","lastModifiedDate":"2023-02-05"},{"lineNumber":99,"author":{"gitId":"wesleybldc"},"content":"        return str;","lastModifiedDate":"2023-02-05"},{"lineNumber":100,"author":{"gitId":"wesleybldc"},"content":"    }","lastModifiedDate":"2023-02-05"},{"lineNumber":101,"author":{"gitId":"wesleybldc"},"content":"","lastModifiedDate":"2023-02-05"},{"lineNumber":102,"author":{"gitId":"wesleybldc"},"content":"}","lastModifiedDate":"2023-02-05"}],"authorContributionMap":{"wesleybldc":102}},{"path":"src/main/java/Willy/task/Todo.java","fileType":"java","lines":[{"lineNumber":1,"author":{"gitId":"wesleybldc"},"content":"package Willy.task;","lastModifiedDate":"2023-02-05"},{"lineNumber":2,"author":{"gitId":"wesleybldc"},"content":"","lastModifiedDate":"2023-02-05"},{"lineNumber":3,"author":{"gitId":"wesleybldc"},"content":"public class Todo extends Task {","lastModifiedDate":"2023-02-05"},{"lineNumber":4,"author":{"gitId":"wesleybldc"},"content":"    private String code;","lastModifiedDate":"2023-01-19"},{"lineNumber":5,"author":{"gitId":"wesleybldc"},"content":"","lastModifiedDate":"2023-01-19"},{"lineNumber":6,"author":{"gitId":"wesleybldc"},"content":"    public Todo(String msg) {","lastModifiedDate":"2023-02-05"},{"lineNumber":7,"author":{"gitId":"wesleybldc"},"content":"        super(msg);","lastModifiedDate":"2023-01-19"},{"lineNumber":8,"author":{"gitId":"wesleybldc"},"content":"        this.code \u003d \"[T]\";","lastModifiedDate":"2023-01-19"},{"lineNumber":9,"author":{"gitId":"wesleybldc"},"content":"    }","lastModifiedDate":"2023-01-19"},{"lineNumber":10,"author":{"gitId":"wesleybldc"},"content":"","lastModifiedDate":"2023-01-19"},{"lineNumber":11,"author":{"gitId":"wesleybldc"},"content":"    public String getCode() {","lastModifiedDate":"2023-01-19"},{"lineNumber":12,"author":{"gitId":"wesleybldc"},"content":"        return this.code;","lastModifiedDate":"2023-01-19"},{"lineNumber":13,"author":{"gitId":"wesleybldc"},"content":"    }","lastModifiedDate":"2023-01-19"},{"lineNumber":14,"author":{"gitId":"wesleybldc"},"content":"","lastModifiedDate":"2023-01-19"},{"lineNumber":15,"author":{"gitId":"wesleybldc"},"content":"    @Override","lastModifiedDate":"2023-01-19"},{"lineNumber":16,"author":{"gitId":"wesleybldc"},"content":"    public String toString() {","lastModifiedDate":"2023-01-19"},{"lineNumber":17,"author":{"gitId":"wesleybldc"},"content":"        return code + super.toString();","lastModifiedDate":"2023-01-19"},{"lineNumber":18,"author":{"gitId":"wesleybldc"},"content":"    }","lastModifiedDate":"2023-01-19"},{"lineNumber":19,"author":{"gitId":"wesleybldc"},"content":"","lastModifiedDate":"2023-01-19"},{"lineNumber":20,"author":{"gitId":"wesleybldc"},"content":"}","lastModifiedDate":"2023-01-19"}],"authorContributionMap":{"wesleybldc":20}},{"path":"src/main/java/Willy/ui/Ui.java","fileType":"java","lines":[{"lineNumber":1,"author":{"gitId":"wesleybldc"},"content":"package Willy.ui;","lastModifiedDate":"2023-02-05"},{"lineNumber":2,"author":{"gitId":"wesleybldc"},"content":"","lastModifiedDate":"2023-02-05"},{"lineNumber":3,"author":{"gitId":"wesleybldc"},"content":"import java.io.BufferedReader;","lastModifiedDate":"2023-02-05"},{"lineNumber":4,"author":{"gitId":"wesleybldc"},"content":"import java.io.IOException;","lastModifiedDate":"2023-02-05"},{"lineNumber":5,"author":{"gitId":"wesleybldc"},"content":"import java.io.InputStreamReader;","lastModifiedDate":"2023-02-05"},{"lineNumber":6,"author":{"gitId":"wesleybldc"},"content":"","lastModifiedDate":"2023-02-05"},{"lineNumber":7,"author":{"gitId":"wesleybldc"},"content":"public class Ui {","lastModifiedDate":"2023-02-05"},{"lineNumber":8,"author":{"gitId":"wesleybldc"},"content":"","lastModifiedDate":"2023-02-05"},{"lineNumber":9,"author":{"gitId":"wesleybldc"},"content":"    private BufferedReader br \u003d new BufferedReader(new InputStreamReader(System.in));","lastModifiedDate":"2023-02-05"},{"lineNumber":10,"author":{"gitId":"wesleybldc"},"content":"","lastModifiedDate":"2023-02-05"},{"lineNumber":11,"author":{"gitId":"wesleybldc"},"content":"    public Ui() {","lastModifiedDate":"2023-02-05"},{"lineNumber":12,"author":{"gitId":"wesleybldc"},"content":"","lastModifiedDate":"2023-02-05"},{"lineNumber":13,"author":{"gitId":"wesleybldc"},"content":"    }","lastModifiedDate":"2023-02-05"},{"lineNumber":14,"author":{"gitId":"wesleybldc"},"content":"","lastModifiedDate":"2023-02-05"},{"lineNumber":15,"author":{"gitId":"wesleybldc"},"content":"    public String getCommand() throws IOException{","lastModifiedDate":"2023-02-05"},{"lineNumber":16,"author":{"gitId":"wesleybldc"},"content":"        String str \u003d br.readLine();","lastModifiedDate":"2023-02-05"},{"lineNumber":17,"author":{"gitId":"wesleybldc"},"content":"        return str;","lastModifiedDate":"2023-02-05"},{"lineNumber":18,"author":{"gitId":"wesleybldc"},"content":"    }","lastModifiedDate":"2023-02-05"},{"lineNumber":19,"author":{"gitId":"wesleybldc"},"content":"","lastModifiedDate":"2023-02-05"},{"lineNumber":20,"author":{"gitId":"wesleybldc"},"content":"    public void showStartupMessage() {","lastModifiedDate":"2023-02-05"},{"lineNumber":21,"author":{"gitId":"wesleybldc"},"content":"        System.out.println(\"Hello! I\u0027m Willy\\nWhat can I do for you?\");","lastModifiedDate":"2023-02-05"},{"lineNumber":22,"author":{"gitId":"wesleybldc"},"content":"    }","lastModifiedDate":"2023-02-05"},{"lineNumber":23,"author":{"gitId":"wesleybldc"},"content":"","lastModifiedDate":"2023-02-05"},{"lineNumber":24,"author":{"gitId":"wesleybldc"},"content":"    public void showError(String e) {","lastModifiedDate":"2023-02-05"},{"lineNumber":25,"author":{"gitId":"wesleybldc"},"content":"        System.out.println(e);","lastModifiedDate":"2023-02-05"},{"lineNumber":26,"author":{"gitId":"wesleybldc"},"content":"    }","lastModifiedDate":"2023-02-05"},{"lineNumber":27,"author":{"gitId":"wesleybldc"},"content":"","lastModifiedDate":"2023-02-05"},{"lineNumber":28,"author":{"gitId":"wesleybldc"},"content":"    public void showLine() {","lastModifiedDate":"2023-02-05"},{"lineNumber":29,"author":{"gitId":"wesleybldc"},"content":"        System.out.println(\"\\t____________________________________________________________\");","lastModifiedDate":"2023-02-05"},{"lineNumber":30,"author":{"gitId":"wesleybldc"},"content":"    }","lastModifiedDate":"2023-02-05"},{"lineNumber":31,"author":{"gitId":"wesleybldc"},"content":"","lastModifiedDate":"2023-02-05"},{"lineNumber":32,"author":{"gitId":"wesleybldc"},"content":"}","lastModifiedDate":"2023-02-05"}],"authorContributionMap":{"wesleybldc":32}},{"path":"src/test/java/Willy/task/DeadlineTest.java","fileType":"java","lines":[{"lineNumber":1,"author":{"gitId":"wesleybldc"},"content":"package Willy;","lastModifiedDate":"2023-02-06"},{"lineNumber":2,"author":{"gitId":"wesleybldc"},"content":"","lastModifiedDate":"2023-02-06"},{"lineNumber":3,"author":{"gitId":"wesleybldc"},"content":"import Willy.task.Deadline;","lastModifiedDate":"2023-02-06"},{"lineNumber":4,"author":{"gitId":"wesleybldc"},"content":"import org.junit.jupiter.api.Test;","lastModifiedDate":"2023-02-06"},{"lineNumber":5,"author":{"gitId":"wesleybldc"},"content":"import static org.junit.jupiter.api.Assertions.assertEquals;","lastModifiedDate":"2023-02-06"},{"lineNumber":6,"author":{"gitId":"wesleybldc"},"content":"","lastModifiedDate":"2023-02-06"},{"lineNumber":7,"author":{"gitId":"wesleybldc"},"content":"public class DeadlineTest {","lastModifiedDate":"2023-02-06"},{"lineNumber":8,"author":{"gitId":"wesleybldc"},"content":"    @Test","lastModifiedDate":"2023-02-06"},{"lineNumber":9,"author":{"gitId":"wesleybldc"},"content":"    public void testEventCreation() {","lastModifiedDate":"2023-02-06"},{"lineNumber":10,"author":{"gitId":"wesleybldc"},"content":"        assertEquals(\"[D][ ]deadline return book (by Sunday)\",","lastModifiedDate":"2023-02-06"},{"lineNumber":11,"author":{"gitId":"wesleybldc"},"content":"                new Deadline(\"deadline return book \", \"by Sunday\").toString());","lastModifiedDate":"2023-02-06"},{"lineNumber":12,"author":{"gitId":"wesleybldc"},"content":"    }","lastModifiedDate":"2023-02-06"},{"lineNumber":13,"author":{"gitId":"wesleybldc"},"content":"}","lastModifiedDate":"2023-02-06"}],"authorContributionMap":{"wesleybldc":13}},{"path":"src/test/java/Willy/task/EventTest.java","fileType":"java","lines":[{"lineNumber":1,"author":{"gitId":"wesleybldc"},"content":"package Willy;","lastModifiedDate":"2023-02-06"},{"lineNumber":2,"author":{"gitId":"wesleybldc"},"content":"","lastModifiedDate":"2023-02-06"},{"lineNumber":3,"author":{"gitId":"wesleybldc"},"content":"import Willy.task.Event;","lastModifiedDate":"2023-02-06"},{"lineNumber":4,"author":{"gitId":"wesleybldc"},"content":"import org.junit.jupiter.api.Test;","lastModifiedDate":"2023-02-06"},{"lineNumber":5,"author":{"gitId":"wesleybldc"},"content":"import static org.junit.jupiter.api.Assertions.assertEquals;","lastModifiedDate":"2023-02-06"},{"lineNumber":6,"author":{"gitId":"wesleybldc"},"content":"","lastModifiedDate":"2023-02-06"},{"lineNumber":7,"author":{"gitId":"wesleybldc"},"content":"public class EventTest {","lastModifiedDate":"2023-02-06"},{"lineNumber":8,"author":{"gitId":"wesleybldc"},"content":"    @Test","lastModifiedDate":"2023-02-06"},{"lineNumber":9,"author":{"gitId":"wesleybldc"},"content":"    public void testEventCreation() {","lastModifiedDate":"2023-02-06"},{"lineNumber":10,"author":{"gitId":"wesleybldc"},"content":"        assertEquals(\"[E][ ]event project meeting (from Mon 2pm to 4pm)\",","lastModifiedDate":"2023-02-06"},{"lineNumber":11,"author":{"gitId":"wesleybldc"},"content":"                new Event(\"event project meeting \", \"from Mon 2pm\", \" to 4pm\").toString());","lastModifiedDate":"2023-02-06"},{"lineNumber":12,"author":{"gitId":"wesleybldc"},"content":"    }","lastModifiedDate":"2023-02-06"},{"lineNumber":13,"author":{"gitId":"wesleybldc"},"content":"}","lastModifiedDate":"2023-02-06"}],"authorContributionMap":{"wesleybldc":13}},{"path":"src/test/java/Willy/task/TodoTest.java","fileType":"java","lines":[{"lineNumber":1,"author":{"gitId":"wesleybldc"},"content":"package Willy;","lastModifiedDate":"2023-02-06"},{"lineNumber":2,"author":{"gitId":"wesleybldc"},"content":"","lastModifiedDate":"2023-02-06"},{"lineNumber":3,"author":{"gitId":"wesleybldc"},"content":"import Willy.task.Todo;","lastModifiedDate":"2023-02-06"},{"lineNumber":4,"author":{"gitId":"wesleybldc"},"content":"import org.junit.jupiter.api.Test;","lastModifiedDate":"2023-02-06"},{"lineNumber":5,"author":{"gitId":"wesleybldc"},"content":"import static org.junit.jupiter.api.Assertions.assertEquals;","lastModifiedDate":"2023-02-06"},{"lineNumber":6,"author":{"gitId":"wesleybldc"},"content":"","lastModifiedDate":"2023-02-06"},{"lineNumber":7,"author":{"gitId":"wesleybldc"},"content":"public class TodoTest {","lastModifiedDate":"2023-02-06"},{"lineNumber":8,"author":{"gitId":"wesleybldc"},"content":"    @Test","lastModifiedDate":"2023-02-06"},{"lineNumber":9,"author":{"gitId":"wesleybldc"},"content":"    public void testTodoCreation() {","lastModifiedDate":"2023-02-06"},{"lineNumber":10,"author":{"gitId":"wesleybldc"},"content":"        assertEquals(\"[T][ ]todo borrow book\", new Todo(\"todo borrow book\").toString());","lastModifiedDate":"2023-02-06"},{"lineNumber":11,"author":{"gitId":"wesleybldc"},"content":"    }","lastModifiedDate":"2023-02-06"},{"lineNumber":12,"author":{"gitId":"wesleybldc"},"content":"}","lastModifiedDate":"2023-02-06"}],"authorContributionMap":{"wesleybldc":12}},{"path":"text-ui-test/data/Willy.txt","fileType":"txt","lines":[{"lineNumber":1,"author":{"gitId":"wesleybldc"},"content":"[T][ ]todo borrow book","lastModifiedDate":"2023-02-05"},{"lineNumber":2,"author":{"gitId":"wesleybldc"},"content":"[T][ ]todo borrow book","lastModifiedDate":"2023-02-05"},{"lineNumber":3,"author":{"gitId":"wesleybldc"},"content":"[T][ ]todo borrow book","lastModifiedDate":"2023-02-05"},{"lineNumber":4,"author":{"gitId":"wesleybldc"},"content":"[D][ ]deadline return book  (by Sunday)","lastModifiedDate":"2023-02-05"},{"lineNumber":5,"author":{"gitId":"wesleybldc"},"content":"[E][ ]event project meeting  (from from Mon 2pm  to to 4pm)","lastModifiedDate":"2023-02-05"}],"authorContributionMap":{"wesleybldc":5}},{"path":"text-ui-test/extra_input.txt","fileType":"txt","lines":[{"lineNumber":1,"author":{"gitId":"wesleybldc"},"content":"deadline return book /by 2/12/2019 1800","lastModifiedDate":"2023-02-05"},{"lineNumber":2,"author":{"gitId":"wesleybldc"},"content":"","lastModifiedDate":"2023-02-05"},{"lineNumber":3,"author":{"gitId":"wesleybldc"},"content":"Hello! I\u0027m Willy","lastModifiedDate":"2023-02-05"},{"lineNumber":4,"author":{"gitId":"wesleybldc"},"content":"What can I do for you?","lastModifiedDate":"2023-02-05"},{"lineNumber":5,"author":{"gitId":"wesleybldc"},"content":"[T][ ]todo borrow book","lastModifiedDate":"2023-02-05"},{"lineNumber":6,"author":{"gitId":"wesleybldc"},"content":"Now you have 1 things in your list","lastModifiedDate":"2023-02-05"},{"lineNumber":7,"author":{"gitId":"wesleybldc"},"content":"[D][ ]deadline return book  (by Sunday)","lastModifiedDate":"2023-02-05"},{"lineNumber":8,"author":{"gitId":"wesleybldc"},"content":"Now you have 2 things in your list ","lastModifiedDate":"2023-02-05"},{"lineNumber":9,"author":{"gitId":"wesleybldc"},"content":"[E][ ]event project meeting  (from Mon 2pm to 4pm)","lastModifiedDate":"2023-02-05"},{"lineNumber":10,"author":{"gitId":"wesleybldc"},"content":"Now you have 3 things in your list ","lastModifiedDate":"2023-02-05"}],"authorContributionMap":{"wesleybldc":10}},{"path":"text-ui-test/input.txt","fileType":"txt","lines":[{"lineNumber":1,"author":{"gitId":"wesleybldc"},"content":"todo borrow book","lastModifiedDate":"2023-01-30"},{"lineNumber":2,"author":{"gitId":"wesleybldc"},"content":"deadline return book /by Sunday","lastModifiedDate":"2023-02-05"},{"lineNumber":3,"author":{"gitId":"wesleybldc"},"content":"event project meeting /from Mon 2pm /to 4pm","lastModifiedDate":"2023-02-05"}],"authorContributionMap":{"wesleybldc":3}},{"path":"text-ui-test/runtest.bat","fileType":"bat","lines":[{"lineNumber":1,"author":{"gitId":"-"},"content":"@ECHO OFF","lastModifiedDate":"2020-05-25"},{"lineNumber":2,"author":{"gitId":"-"},"content":"","lastModifiedDate":"2020-05-25"},{"lineNumber":3,"author":{"gitId":"-"},"content":"REM create bin directory if it doesn\u0027t exist","lastModifiedDate":"2020-05-25"},{"lineNumber":4,"author":{"gitId":"-"},"content":"if not exist ..\\bin mkdir ..\\bin","lastModifiedDate":"2020-05-25"},{"lineNumber":5,"author":{"gitId":"-"},"content":"","lastModifiedDate":"2020-05-25"},{"lineNumber":6,"author":{"gitId":"-"},"content":"REM delete output from previous run","lastModifiedDate":"2020-05-25"},{"lineNumber":7,"author":{"gitId":"-"},"content":"if exist ACTUAL.TXT del ACTUAL.TXT","lastModifiedDate":"2020-08-25"},{"lineNumber":8,"author":{"gitId":"-"},"content":"","lastModifiedDate":"2020-05-25"},{"lineNumber":9,"author":{"gitId":"-"},"content":"REM compile the code into the bin folder","lastModifiedDate":"2020-05-25"},{"lineNumber":10,"author":{"gitId":"-"},"content":"javac  -cp ..\\src\\main\\java -Xlint:none -d ..\\bin ..\\src\\main\\java\\*.java","lastModifiedDate":"2020-08-25"},{"lineNumber":11,"author":{"gitId":"-"},"content":"IF ERRORLEVEL 1 (","lastModifiedDate":"2020-05-25"},{"lineNumber":12,"author":{"gitId":"-"},"content":"    echo ********** BUILD FAILURE **********","lastModifiedDate":"2020-05-25"},{"lineNumber":13,"author":{"gitId":"-"},"content":"    exit /b 1","lastModifiedDate":"2020-05-25"},{"lineNumber":14,"author":{"gitId":"-"},"content":")","lastModifiedDate":"2020-05-25"},{"lineNumber":15,"author":{"gitId":"-"},"content":"REM no error here, errorlevel \u003d\u003d 0","lastModifiedDate":"2020-05-25"},{"lineNumber":16,"author":{"gitId":"-"},"content":"","lastModifiedDate":"2020-05-25"},{"lineNumber":17,"author":{"gitId":"-"},"content":"REM run the program, feed commands from input.txt file and redirect the output to the ACTUAL.TXT","lastModifiedDate":"2020-05-25"},{"lineNumber":18,"author":{"gitId":"wesleybldc"},"content":"java -classpath ..\\bin Willy \u003c input.txt \u003e ACTUAL.TXT","lastModifiedDate":"2023-01-19"},{"lineNumber":19,"author":{"gitId":"-"},"content":"","lastModifiedDate":"2020-05-25"},{"lineNumber":20,"author":{"gitId":"-"},"content":"REM compare the output to the expected output","lastModifiedDate":"2020-05-25"},{"lineNumber":21,"author":{"gitId":"-"},"content":"FC ACTUAL.TXT EXPECTED.TXT","lastModifiedDate":"2020-05-25"}],"authorContributionMap":{"wesleybldc":1,"-":20}},{"path":"text-ui-test/runtest.sh","fileType":"sh","lines":[{"lineNumber":1,"author":{"gitId":"-"},"content":"#!/usr/bin/env bash","lastModifiedDate":"2020-05-25"},{"lineNumber":2,"author":{"gitId":"-"},"content":"","lastModifiedDate":"2020-05-25"},{"lineNumber":3,"author":{"gitId":"-"},"content":"# create bin directory if it doesn\u0027t exist","lastModifiedDate":"2020-05-25"},{"lineNumber":4,"author":{"gitId":"-"},"content":"if [ ! -d \"../bin\" ]","lastModifiedDate":"2020-05-25"},{"lineNumber":5,"author":{"gitId":"-"},"content":"then","lastModifiedDate":"2020-05-25"},{"lineNumber":6,"author":{"gitId":"-"},"content":"    mkdir ../bin","lastModifiedDate":"2020-05-25"},{"lineNumber":7,"author":{"gitId":"-"},"content":"fi","lastModifiedDate":"2020-05-25"},{"lineNumber":8,"author":{"gitId":"-"},"content":"","lastModifiedDate":"2020-05-25"},{"lineNumber":9,"author":{"gitId":"-"},"content":"# delete output from previous run","lastModifiedDate":"2020-05-25"},{"lineNumber":10,"author":{"gitId":"-"},"content":"if [ -e \"./ACTUAL.TXT\" ]","lastModifiedDate":"2020-05-25"},{"lineNumber":11,"author":{"gitId":"-"},"content":"then","lastModifiedDate":"2020-05-25"},{"lineNumber":12,"author":{"gitId":"-"},"content":"    rm ACTUAL.TXT","lastModifiedDate":"2020-05-25"},{"lineNumber":13,"author":{"gitId":"-"},"content":"fi","lastModifiedDate":"2020-05-25"},{"lineNumber":14,"author":{"gitId":"-"},"content":"","lastModifiedDate":"2020-05-25"},{"lineNumber":15,"author":{"gitId":"-"},"content":"# compile the code into the bin folder, terminates if error occurred","lastModifiedDate":"2020-05-25"},{"lineNumber":16,"author":{"gitId":"wesleybldc"},"content":"if ! javac -cp ../src/main/java/Willy -Xlint:none -d ../bin ../src/main/java/Willy/*.java","lastModifiedDate":"2023-02-06"},{"lineNumber":17,"author":{"gitId":"-"},"content":"then","lastModifiedDate":"2020-05-25"},{"lineNumber":18,"author":{"gitId":"-"},"content":"    echo \"********** BUILD FAILURE **********\"","lastModifiedDate":"2020-05-25"},{"lineNumber":19,"author":{"gitId":"-"},"content":"    exit 1","lastModifiedDate":"2020-05-25"},{"lineNumber":20,"author":{"gitId":"-"},"content":"fi","lastModifiedDate":"2020-05-25"},{"lineNumber":21,"author":{"gitId":"-"},"content":"","lastModifiedDate":"2020-05-25"},{"lineNumber":22,"author":{"gitId":"-"},"content":"# run the program, feed commands from input.txt file and redirect the output to the ACTUAL.TXT","lastModifiedDate":"2020-05-25"},{"lineNumber":23,"author":{"gitId":"wesleybldc"},"content":"java -classpath ../bin Willy \u003c input.txt \u003e ACTUAL.TXT","lastModifiedDate":"2023-01-19"},{"lineNumber":24,"author":{"gitId":"-"},"content":"","lastModifiedDate":"2020-05-25"},{"lineNumber":25,"author":{"gitId":"-"},"content":"# compare the output to the expected output","lastModifiedDate":"2020-05-25"},{"lineNumber":26,"author":{"gitId":"wesleybldc"},"content":"diff ACTUAL.TXT EXPECTED.TXT","lastModifiedDate":"2023-01-30"},{"lineNumber":27,"author":{"gitId":"-"},"content":"if [ $? -eq 0 ]","lastModifiedDate":"2020-05-25"},{"lineNumber":28,"author":{"gitId":"-"},"content":"then","lastModifiedDate":"2020-05-25"},{"lineNumber":29,"author":{"gitId":"-"},"content":"    echo \"Test result: PASSED\"","lastModifiedDate":"2020-05-25"},{"lineNumber":30,"author":{"gitId":"-"},"content":"    exit 0","lastModifiedDate":"2020-05-25"},{"lineNumber":31,"author":{"gitId":"-"},"content":"else","lastModifiedDate":"2020-05-25"},{"lineNumber":32,"author":{"gitId":"-"},"content":"    echo \"Test result: FAILED\"","lastModifiedDate":"2020-05-25"},{"lineNumber":33,"author":{"gitId":"-"},"content":"    exit 1","lastModifiedDate":"2020-05-25"},{"lineNumber":34,"author":{"gitId":"-"},"content":"fi","lastModifiedDate":"2020-05-25"}],"authorContributionMap":{"wesleybldc":3,"-":31}}]
