{"authorDailyContributionsMap":{"junlee1991":[{"date":"2023-01-16","commitResults":[{"hash":"74b903e01c506c44f1a4a21a693a311752ed95bd","messageTitle":"Level-1 done","messageBody":"","tags":["Level-1"],"fileTypesAndContributionMap":{"java":{"insertions":17,"deletions":0}}},{"hash":"fe03718d37d645130312f0606716203c4166ee12","messageTitle":"Level-2 done","messageBody":"","tags":["Level-2"],"fileTypesAndContributionMap":{"java":{"insertions":19,"deletions":16}}},{"hash":"58f9f35cecb8943456c121ce2804f52f7cd2b6ca","messageTitle":"Level-3 done","messageBody":"","tags":["Level-3"],"fileTypesAndContributionMap":{"java":{"insertions":52,"deletions":4}}},{"hash":"dfcae9becd273cf28c68befedcc4277f851ac612","messageTitle":"Level-4 done","messageBody":"","tags":["Level-4"],"fileTypesAndContributionMap":{"java":{"insertions":93,"deletions":7}}},{"hash":"6de8e348bc231995769ed103e4661f9e5e656890","messageTitle":"A-TextUiTesting done","messageBody":"","tags":["A-TextUiTesting"],"fileTypesAndContributionMap":{"txt":{"insertions":3,"deletions":0}}},{"hash":"9f7c36c9e3b7fc37fb6abb69f8d07eb7de190988","messageTitle":"Level-5 done","messageBody":"","tags":["Level-5"],"fileTypesAndContributionMap":{"java":{"insertions":64,"deletions":11}}},{"hash":"9109640265d8d17c8c0335a766044d00ce6a62fe","messageTitle":"Level-6 done","messageBody":"","tags":["Level-6"],"fileTypesAndContributionMap":{"java":{"insertions":13,"deletions":1}}}]},{"date":"2023-01-23","commitResults":[{"hash":"ccf1e63b8f0bbb6f4537f4297daffe1533c5cf9b","messageTitle":"Level-7 done","messageBody":"","tags":["Level-7"],"fileTypesAndContributionMap":{"txt":{"insertions":0,"deletions":0},"java":{"insertions":306,"deletions":92}}}]}]},"authorFileTypeContributionMap":{"junlee1991":{"java":439,"md":0,"fxml":0,"sh":0,"bat":0,"gradle":0,"txt":3}},"authorContributionVariance":{"junlee1991":18555.701},"authorDisplayNameMap":{"junlee1991":"JULI..ARJO"}}
