{"authorDailyContributionsMap":{"junlee1991":[{"date":"2023-01-16","commitResults":[{"hash":"74b903e01c506c44f1a4a21a693a311752ed95bd","messageTitle":"Level-1 done","messageBody":"","tags":["Level-1"],"fileTypesAndContributionMap":{"java":{"insertions":17,"deletions":0}}},{"hash":"fe03718d37d645130312f0606716203c4166ee12","messageTitle":"Level-2 done","messageBody":"","tags":["Level-2"],"fileTypesAndContributionMap":{"java":{"insertions":19,"deletions":16}}},{"hash":"58f9f35cecb8943456c121ce2804f52f7cd2b6ca","messageTitle":"Level-3 done","messageBody":"","tags":["Level-3"],"fileTypesAndContributionMap":{"java":{"insertions":52,"deletions":4}}},{"hash":"dfcae9becd273cf28c68befedcc4277f851ac612","messageTitle":"Level-4 done","messageBody":"","tags":["Level-4"],"fileTypesAndContributionMap":{"java":{"insertions":93,"deletions":7}}},{"hash":"6de8e348bc231995769ed103e4661f9e5e656890","messageTitle":"A-TextUiTesting done","messageBody":"","tags":["A-TextUiTesting"],"fileTypesAndContributionMap":{"txt":{"insertions":3,"deletions":0}}},{"hash":"9f7c36c9e3b7fc37fb6abb69f8d07eb7de190988","messageTitle":"Level-5 done","messageBody":"","tags":["Level-5"],"fileTypesAndContributionMap":{"java":{"insertions":64,"deletions":11}}},{"hash":"9109640265d8d17c8c0335a766044d00ce6a62fe","messageTitle":"Level-6 done","messageBody":"","tags":["Level-6"],"fileTypesAndContributionMap":{"java":{"insertions":13,"deletions":1}}}]},{"date":"2023-01-23","commitResults":[{"hash":"ccf1e63b8f0bbb6f4537f4297daffe1533c5cf9b","messageTitle":"Level-7 done","messageBody":"","tags":["Level-7"],"fileTypesAndContributionMap":{"txt":{"insertions":0,"deletions":0},"java":{"insertions":306,"deletions":92}}},{"hash":"f31309c94033fb647b1f8542d218e530ff0364f0","messageTitle":"Level-8 done","messageBody":"","tags":["Level-8"],"fileTypesAndContributionMap":{"java":{"insertions":46,"deletions":2}}},{"hash":"74bb18516436430981670d6bd91033f647749f83","messageTitle":"Level-8 done","messageBody":"","fileTypesAndContributionMap":{"java":{"insertions":2,"deletions":46}}},{"hash":"211e1e8c52e56d1db72abe3de365984ac394fc11","messageTitle":"Revert \"Level-8 done\"","messageBody":"This reverts commit 74bb18516436430981670d6bd91033f647749f83.\n","fileTypesAndContributionMap":{"java":{"insertions":46,"deletions":2}}}]},{"date":"2023-01-24","commitResults":[{"hash":"4f1aacd2d154cbbb17235e124b1cd58bb6f6c039","messageTitle":"A-MoreOOP done","messageBody":"","tags":["A-MoreOOP"],"fileTypesAndContributionMap":{"java":{"insertions":733,"deletions":255}}},{"hash":"6db39f13c9462cee8e178f9c63aa203ded724fa1","messageTitle":"A-Packages done","messageBody":"","tags":["A-Packages"],"fileTypesAndContributionMap":{"java":{"insertions":96,"deletions":20},"bat":{"insertions":1,"deletions":1},"md":{"insertions":2,"deletions":2}}},{"hash":"453ce5806413dbf188b2767ba501115010da48a6","messageTitle":"Delete TaskManager","messageBody":"","fileTypesAndContributionMap":{"java":{"insertions":0,"deletions":24}}}]},{"date":"2023-01-25","commitResults":[{"hash":"dd1dbec5a7622151f7203963dce05473d7216423","messageTitle":"A-JUnit done","messageBody":"","tags":["A-JUnit"],"fileTypesAndContributionMap":{"java":{"insertions":39,"deletions":1}}},{"hash":"8c7585304bc2f0addee57e7b47a9f9c82af4482e","messageTitle":"A-Jar done","messageBody":"","tags":["A-Jar"],"fileTypesAndContributionMap":{"gradle":{"insertions":23,"deletions":3}}},{"hash":"50a21ef25b1c5b19b792da3457f2811e470aee77","messageTitle":"A-JavaDoc done","messageBody":"","tags":["A-JavaDoc"],"fileTypesAndContributionMap":{"java":{"insertions":164,"deletions":23}}},{"hash":"560666abcbf73d81174f0355e8386e8a93e73518","messageTitle":"A-CodingStandard done","messageBody":"","tags":["A-CodingStandard"],"fileTypesAndContributionMap":{"java":{"insertions":92,"deletions":70}}},{"hash":"4f072dad3c31cddae6eea8cb1c47af1eb2e36a52","messageTitle":"Level-9 done","messageBody":"","tags":["Level-9"],"fileTypesAndContributionMap":{"java":{"insertions":67,"deletions":17}}},{"hash":"f65ce2f51b96e34efaa517946d902ad06f0f4f55","messageTitle":"Fix import statements","messageBody":"","fileTypesAndContributionMap":{"java":{"insertions":16,"deletions":5}}},{"hash":"1c499180c6bfa080b8beebd4584e6831996b8153","messageTitle":"Fix javaDocs","messageBody":"","fileTypesAndContributionMap":{"java":{"insertions":2,"deletions":2}}},{"hash":"519583776cccf51440e114665d73e21b473113e1","messageTitle":"Fix coding standard","messageBody":"","fileTypesAndContributionMap":{"java":{"insertions":4,"deletions":4}}},{"hash":"87a7b0e0ac80901b96de549995ff348ea747bf29","messageTitle":"Fix level-9","messageBody":"","fileTypesAndContributionMap":{"java":{"insertions":1,"deletions":1}}},{"hash":"feea32c4f49dfbfdc9a85a1189ce8b7415b621c6","messageTitle":"Revert \"Fix javaDocs\"","messageBody":"This reverts commit 1c499180c6bfa080b8beebd4584e6831996b8153.\n","fileTypesAndContributionMap":{"java":{"insertions":2,"deletions":2}}},{"hash":"d9dbae76f15b2d272c7b0b9fbada6510b0936064","messageTitle":"Fix javaDoc","messageBody":"","fileTypesAndContributionMap":{"java":{"insertions":1,"deletions":1}}}]},{"date":"2023-02-02","commitResults":[{"hash":"e42bd60af5c2e025d1a00be673e5763a2d2e3b76","messageTitle":"Level-10 done","messageBody":"","tags":["Level-10"],"fileTypesAndContributionMap":{"gradle":{"insertions":2,"deletions":0},"fxml":{"insertions":35,"deletions":0},"java":{"insertions":222,"deletions":29}}}]},{"date":"2023-02-03","commitResults":[{"hash":"17f25b7ea9ad84b0106cd812beeb03700584ed41","messageTitle":"Level-10 done","messageBody":"","fileTypesAndContributionMap":{"gradle":{"insertions":5,"deletions":0},"txt":{"insertions":0,"deletions":0},"java":{"insertions":45,"deletions":42}}},{"hash":"d9cc37b3d6052102a4fd81b0957dbb59b656b1d0","messageTitle":"A-Checkstyle partially done","messageBody":"","fileTypesAndContributionMap":{"java":{"insertions":51,"deletions":34}}},{"hash":"cf45fd5cdd7ee3f0182d941257ff2681f83f71a0","messageTitle":"A-Checkstyle partially done","messageBody":"","fileTypesAndContributionMap":{"java":{"insertions":4,"deletions":6}}}]},{"date":"2023-02-05","commitResults":[{"hash":"7855360afb61f95670fec9efa2c6acf2995f6736","messageTitle":"A-Checkstyle done","messageBody":"","tags":["A-Checkstyle"],"fileTypesAndContributionMap":{"java":{"insertions":114,"deletions":102}}}]},{"date":"2023-02-09","commitResults":[{"hash":"67d44b53027ae162b110213c4cf5da7b7564090e","messageTitle":"Update build.gradle","messageBody":".jar file generated uses CLI as it uses duke.Duke as the main class.\n\nLet\u0027s change the build.gradle application main class to duke.Launcher\nto use the GUI instead.\n","tags":["A-FullCommitMessage"],"fileTypesAndContributionMap":{"gradle":{"insertions":1,"deletions":1},"java":{"insertions":1,"deletions":1}}},{"hash":"5e1eedd56a8b742ed3d7118714264989a2f28f3f","messageTitle":"Update Parser.java for A-Assertions","messageBody":"Parser parses the input by commands\n\nLet\u0027s add assertions to ensure that the inputs are parsed correctly\naccording to the number of substrings in that command\n","fileTypesAndContributionMap":{"java":{"insertions":8,"deletions":0}}},{"hash":"9d680428d14d146d1fe4aa2e270d8f00a2fa63f5","messageTitle":"Delete dead code and fix checkstyle","messageBody":"","fileTypesAndContributionMap":{"java":{"insertions":1,"deletions":6}}},{"hash":"023f12b05b23c15e28bf2dcd79b1b726e980026d","messageTitle":"Add some assertions","messageBody":"","fileTypesAndContributionMap":{"java":{"insertions":1,"deletions":1}}},{"hash":"52147bcd687777be42d4ad08b4ed03cd753d3c18","messageTitle":"C-DetectDuplicates done","messageBody":"","tags":["BCD-Extension"],"fileTypesAndContributionMap":{"java":{"insertions":38,"deletions":9}}}]},{"date":"2023-02-10","commitResults":[{"hash":"a02447a0f4b77c27388b9ab9378ffd1636569279","messageTitle":"Write user guide","messageBody":"","tags":["A-UserGuide","A-Release2","A-Release"],"fileTypesAndContributionMap":{"md":{"insertions":147,"deletions":12}}}]}]},"authorFileTypeContributionMap":{"junlee1991":{"java":1468,"md":141,"fxml":35,"sh":0,"bat":1,"gradle":30,"txt":3}},"authorContributionVariance":{"junlee1991":60315.918},"authorDisplayNameMap":{"junlee1991":"CS2103-W17-4 JULI..ARJO"}}
