{"authorDailyContributionsMap":{"benjamin-wee":[{"date":"2023-01-19","commitResults":[{"hash":"748b2890aeeb48895a3f6cff940803f8fb8d2313","messageTitle":"first commit","messageBody":"","tags":["M1","Level-1"],"fileTypesAndContributionMap":{"java":{"insertions":18,"deletions":6}}},{"hash":"c40c3061de6de8a9b07d4b0f0869d361fee84436","messageTitle":"Second commit","messageBody":"","tags":["Level-2"],"fileTypesAndContributionMap":{"java":{"insertions":11,"deletions":3}}}]},{"date":"2023-01-20","commitResults":[{"hash":"bc136f5ebdc1c1bf20126a8e2004b4c5d50332f8","messageTitle":"added marking and unmarking status of tasks","messageBody":"","tags":["Level-3"],"fileTypesAndContributionMap":{"java":{"insertions":48,"deletions":5}}}]},{"date":"2023-01-21","commitResults":[{"hash":"937834a3224f38ebdeb96088eacf63775d1e1b38","messageTitle":"added deadline, event, todo classes","messageBody":"","tags":["Level-4"],"fileTypesAndContributionMap":{"java":{"insertions":84,"deletions":10}}},{"hash":"c2f6f19abf6ae8e7489d28925430bc8f19fa3c8e","messageTitle":"added automated testing of text UIs and minor edits to duke.java","messageBody":"","tags":["A-TextUiTesting"],"fileTypesAndContributionMap":{"txt":{"insertions":8,"deletions":0},"java":{"insertions":10,"deletions":11}}},{"hash":"2908a08663b784a0c039981b3f3e103c40c9e387","messageTitle":"handle exceptions","messageBody":"","tags":["Level-5"],"fileTypesAndContributionMap":{"java":{"insertions":84,"deletions":32}}},{"hash":"c58f081266795444634a0fe4628b5b5487082d55","messageTitle":"added delete command","messageBody":"","tags":["Level-6"],"fileTypesAndContributionMap":{"java":{"insertions":6,"deletions":0}}}]},{"date":"2023-02-01","commitResults":[{"hash":"7d90cdfb7b2704c6b03cdfe2169354ccbf68b21b","messageTitle":"added save feature and dates","messageBody":"","fileTypesAndContributionMap":{"txt":{"insertions":2,"deletions":0},"java":{"insertions":128,"deletions":5}}},{"hash":"6e2221a105633aa8c0d9f7b7ca10c687ec1cab5d","messageTitle":"Revert \"added save feature and dates\"","messageBody":"This reverts commit 7d90cdfb7b2704c6b03cdfe2169354ccbf68b21b.\n","fileTypesAndContributionMap":{"txt":{"insertions":0,"deletions":2},"java":{"insertions":5,"deletions":128}}},{"hash":"1d8c8d5815e7f0671e7686ffc9303c4febaf3330","messageTitle":"no message","messageBody":"","fileTypesAndContributionMap":{"java":{"insertions":0,"deletions":1}}},{"hash":"bf909666e78db6cd2178517a387afed344cc6011","messageTitle":"added saving to hard disk","messageBody":"","fileTypesAndContributionMap":{"java":{"insertions":111,"deletions":0}}},{"hash":"254768730156b5375b0b9503cf87884718843f0e","messageTitle":"allowed Duke to understand dates","messageBody":"","fileTypesAndContributionMap":{"java":{"insertions":10,"deletions":5}}}]}]},"authorFileTypeContributionMap":{"benjamin-wee":{"java":322,"md":0,"fxml":0,"sh":0,"bat":0,"gradle":0,"txt":8}},"authorContributionVariance":{"benjamin-wee":9751.128},"authorDisplayNameMap":{"benjamin-wee":"CS2103T-W15-4 BENJ..N EN"}}
