{"authorDailyContributionsMap":{"panavdua":[{"date":"2023-01-19","commitResults":[{"hash":"8673b0af80dd59c44a955dd000f6a9200b1f4e5a","messageTitle":"Created Level - 1 framework","messageBody":"","tags":["Level-1"],"fileTypesAndContributionMap":{"java":{"insertions":21,"deletions":1}}},{"hash":"54806e634014dee082b54edccf236f99bc00bc0b","messageTitle":"Level-2 completed","messageBody":"","tags":["Level-2"],"fileTypesAndContributionMap":{"java":{"insertions":15,"deletions":5}}},{"hash":"98c646abf38e3d7a20a3cd2118b74e6eaac4b21a","messageTitle":"Added new Task class and edited Duke according to level 3 increment","messageBody":"","tags":["Level-3"],"fileTypesAndContributionMap":{"java":{"insertions":46,"deletions":3}}},{"hash":"541bb7bc320d3093a5190974eb9e24a0c0747ac0","messageTitle":"Added new subclasses of events and completed Level-4","messageBody":"","tags":["Level-4"],"fileTypesAndContributionMap":{"java":{"insertions":140,"deletions":39}}},{"hash":"be2eea4600c09c8a124048eeecc10a64b49da2ae","messageTitle":"Tested out automated testing","messageBody":"","tags":["A-TextUiTesting"],"fileTypesAndContributionMap":{"txt":{"insertions":3,"deletions":0}}},{"hash":"8e72879c54f47d3d273b501032897bc5a1431788","messageTitle":"Did level 5","messageBody":"","tags":["Level-5"],"fileTypesAndContributionMap":{"java":{"insertions":55,"deletions":17}}}]},{"date":"2023-01-20","commitResults":[{"hash":"3b2449ccd394d32a095aef6b59a3e90d5d274a0e","messageTitle":"Added delete functionality","messageBody":"","tags":["Level-6"],"fileTypesAndContributionMap":{"java":{"insertions":11,"deletions":0}}},{"hash":"fd9fe32375f41ca3d1f0ba42562a0f15a66ec78c","messageTitle":"Fixed bugs in \"deadline\"","messageBody":"","fileTypesAndContributionMap":{"java":{"insertions":3,"deletions":2}}}]},{"date":"2023-01-24","commitResults":[{"hash":"bfd8f0083100b81161b1075b49c50b818dc36923","messageTitle":"Add InvalidNumberException and fix bugs","messageBody":"","fileTypesAndContributionMap":{"java":{"insertions":50,"deletions":30}}}]},{"date":"2023-01-25","commitResults":[{"hash":"9e26bff519f48f83184c2fe5bd591928ab254ba3","messageTitle":"Add javadocs","messageBody":"","fileTypesAndContributionMap":{"java":{"insertions":15,"deletions":1}}},{"hash":"8712493cacb859c661e7c3bcb020ca9de0c59664","messageTitle":"Add functionality to save list of tasks into hard disk","messageBody":"","fileTypesAndContributionMap":{"java":{"insertions":120,"deletions":13}}}]},{"date":"2023-01-27","commitResults":[{"hash":"a7622e298f89830cb99a82be52736457e51cdd95","messageTitle":"Implement OOP principls","messageBody":"","tags":["A-MoreOOP"],"fileTypesAndContributionMap":{"java":{"insertions":507,"deletions":23}}},{"hash":"8a3dc359baa34b88155ff8a032f0074784141642","messageTitle":"Organise all existing classes into packages","messageBody":"","tags":["A-Packages"],"fileTypesAndContributionMap":{"java":{"insertions":191,"deletions":334}}}]},{"date":"2023-01-28","commitResults":[{"hash":"9279d4e7e2949a70822a82309f7784ad80264363","messageTitle":"Add gradle support","messageBody":"","fileTypesAndContributionMap":{"gradle":{"insertions":2,"deletions":0}}},{"hash":"90f01fcf57ffd5739e6e1925fd8447cecc14b806","messageTitle":"Configure Gradle to to run JUnit tests","messageBody":"","tags":["A-Gradle"],"fileTypesAndContributionMap":{"gradle":{"insertions":1,"deletions":0}}},{"hash":"c9f46058d141ca6bef0c2f1f4356e8080d860faa","messageTitle":"Implement JUnit tests for some methods of certain classes","messageBody":"","tags":["A-Jar","A-JUnit"],"fileTypesAndContributionMap":{"java":{"insertions":39,"deletions":0}}},{"hash":"bd74c085eb28c95178936924e81e494995250664","messageTitle":"Modify details in build.gradle","messageBody":"","fileTypesAndContributionMap":{"gradle":{"insertions":2,"deletions":2}}},{"hash":"e7428b529495af59b882f0e3fa17986be8f337a3","messageTitle":"Add JavaDoc comments to all classes and public methods in the program.","messageBody":"","fileTypesAndContributionMap":{"java":{"insertions":221,"deletions":2}}},{"hash":"338daa6645c0d8e2afa547776543ebe7053ff20a","messageTitle":"Made changes to adhere to coding stadard","messageBody":"","fileTypesAndContributionMap":{"java":{"insertions":65,"deletions":14}}},{"hash":"b5a4cbae0f4a97def84d9a2d55638f6d9b8e0165","messageTitle":"Add feature to find all tasks in the list which contain a specific word","messageBody":"","fileTypesAndContributionMap":{"java":{"insertions":64,"deletions":1}}}]},{"date":"2023-02-02","commitResults":[{"hash":"5060a4d6eeb65bf885020735b7f6cc455d480789","messageTitle":"Implement checkstyle tests and improve the general coding quality","messageBody":"","tags":["A-CheckStyle"],"fileTypesAndContributionMap":{"gradle":{"insertions":4,"deletions":0},"java":{"insertions":41,"deletions":41}}}]},{"date":"2023-02-03","commitResults":[{"hash":"9b4c74654138d825f72a3dc7fa3945afcff2b1d4","messageTitle":"Improve checkStyle in various files","messageBody":"","fileTypesAndContributionMap":{"gradle":{"insertions":15,"deletions":0},"java":{"insertions":42,"deletions":20}}}]},{"date":"2023-02-04","commitResults":[{"hash":"2b6876319a8772a7bcf3cbf1e9ed2186f0995074","messageTitle":"Add JavaFX basic controls to Panav.java and created Launcher.java","messageBody":"","fileTypesAndContributionMap":{"gradle":{"insertions":1,"deletions":1},"java":{"insertions":51,"deletions":2}}}]},{"date":"2023-02-06","commitResults":[{"hash":"189ecd84ff613b8c9f559cdf4c0ff105d55c9a1f","messageTitle":"Create basic layout for GUI Panav","messageBody":"","fileTypesAndContributionMap":{"java":{"insertions":34,"deletions":0}}},{"hash":"f28a21b2121d4b4b074b05e99bde2d58e5c24ce4","messageTitle":"Improve code styling and convention","messageBody":"","fileTypesAndContributionMap":{"java":{"insertions":18,"deletions":1}}}]},{"date":"2023-02-07","commitResults":[{"hash":"c58139b6c03c6be43f7e7dca2b550a9218fb3ec2","messageTitle":"Add interaction of GUI with the user","messageBody":"","fileTypesAndContributionMap":{"java":{"insertions":283,"deletions":92}}}]},{"date":"2023-02-10","commitResults":[{"hash":"c2b773748d5fdf6e3501409a85f549e77cc32a39","messageTitle":"Use FXML and SceneBuilder","messageBody":"","fileTypesAndContributionMap":{"fxml":{"insertions":35,"deletions":0},"java":{"insertions":137,"deletions":63}}},{"hash":"30f7bf5f1daa7fcea93cc6dee7bb6861c47d5f69","messageTitle":"Improve code quality","messageBody":"","fileTypesAndContributionMap":{"java":{"insertions":162,"deletions":281}}},{"hash":"ece3ec7e9b99c2b7efbfb12ebda7a87116659d54","messageTitle":"Add assertions to highlight important assumptions in the code","messageBody":"","fileTypesAndContributionMap":{"java":{"insertions":13,"deletions":5}}}]},{"date":"2023-02-11","commitResults":[{"hash":"8f02e344f79c2ff5e6f1701fa2543a338d402302","messageTitle":"Update build.gradle","messageBody":"","fileTypesAndContributionMap":{"gradle":{"insertions":1,"deletions":1}}}]}]},"authorFileTypeContributionMap":{"panavdua":{"java":1365,"md":0,"fxml":35,"sh":0,"bat":0,"gradle":24,"txt":3}},"authorContributionVariance":{"panavdua":56329.758},"authorDisplayNameMap":{"panavdua":"CS2103T-W09-4 PANA.. DUA"}}
