[{"path":"README.md","fileType":"md","lines":[{"lineNumber":1,"author":{"gitId":"tariq-droid"},"content":"# DukeDeluxe","lastModifiedDate":"2023-01-28"},{"lineNumber":2,"author":{"gitId":"tariq-droid"},"content":"\u003e Where you talk to a robot instead of your friends","lastModifiedDate":"2023-01-28"},{"lineNumber":3,"author":{"gitId":"tariq-droid"},"content":"DukePro frees your mind of having to remember things you need to do. It\u0027s,","lastModifiedDate":"2023-01-28"},{"lineNumber":4,"author":{"gitId":"tariq-droid"},"content":"- a robot","lastModifiedDate":"2023-01-28"},{"lineNumber":5,"author":{"gitId":"tariq-droid"},"content":"- software","lastModifiedDate":"2023-01-28"},{"lineNumber":6,"author":{"gitId":"tariq-droid"},"content":"- and most importantly homework for CS2103","lastModifiedDate":"2023-01-28"},{"lineNumber":7,"author":{"gitId":"tariq-droid"},"content":"All you need to do is:","lastModifiedDate":"2023-01-28"},{"lineNumber":8,"author":{"gitId":"tariq-droid"},"content":"1. download it","lastModifiedDate":"2023-01-28"},{"lineNumber":9,"author":{"gitId":"tariq-droid"},"content":"2. use it","lastModifiedDate":"2023-01-28"},{"lineNumber":10,"author":{"gitId":"tariq-droid"},"content":"Only for the price of **FREE** + 500$ *(Optional)*","lastModifiedDate":"2023-01-28"},{"lineNumber":11,"author":{"gitId":"-"},"content":"","lastModifiedDate":"2020-05-25"},{"lineNumber":12,"author":{"gitId":"tariq-droid"},"content":"Features:","lastModifiedDate":"2023-01-28"},{"lineNumber":13,"author":{"gitId":"tariq-droid"},"content":"- [ ] manage tasks without bugs","lastModifiedDate":"2023-01-28"},{"lineNumber":14,"author":{"gitId":"tariq-droid"},"content":"- [x] manage tasks sub-optimally","lastModifiedDate":"2023-01-28"},{"lineNumber":15,"author":{"gitId":"tariq-droid"},"content":"- [x] complicated code","lastModifiedDate":"2023-01-28"},{"lineNumber":16,"author":{"gitId":"-"},"content":"","lastModifiedDate":"2020-05-25"},{"lineNumber":17,"author":{"gitId":"tariq-droid"},"content":"if you are an experienced Java programmer **do not** look at the code","lastModifiedDate":"2023-01-28"},{"lineNumber":18,"author":{"gitId":"-"},"content":"```","lastModifiedDate":"2020-05-25"},{"lineNumber":19,"author":{"gitId":"tariq-droid"},"content":"public static void main() {","lastModifiedDate":"2023-01-28"},{"lineNumber":20,"author":{"gitId":"tariq-droid"},"content":"  System.out.println(\"Do not look);","lastModifiedDate":"2023-01-28"},{"lineNumber":21,"author":{"gitId":"tariq-droid"},"content":"}","lastModifiedDate":"2023-01-28"},{"lineNumber":22,"author":{"gitId":"-"},"content":"```","lastModifiedDate":"2020-05-25"},{"lineNumber":23,"author":{"gitId":"-"},"content":"","lastModifiedDate":"2023-01-28"},{"lineNumber":24,"author":{"gitId":"tariq-droid"},"content":"This site was built using [GitHub Pages](https://pages.github.com/).","lastModifiedDate":"2023-01-28"}],"authorContributionMap":{"tariq-droid":19,"-":5}},{"path":"duke.txt","fileType":"txt","lines":[{"lineNumber":1,"author":{"gitId":"tariq-droid"},"content":"[ T ][ N ] eat ","lastModifiedDate":"2023-01-23"},{"lineNumber":2,"author":{"gitId":"tariq-droid"},"content":"[ T ][ N ] eat 5 burgers ","lastModifiedDate":"2023-01-23"},{"lineNumber":3,"author":{"gitId":"tariq-droid"},"content":"[ T ][ N ] burgers 5 eat ","lastModifiedDate":"2023-01-23"},{"lineNumber":4,"author":{"gitId":"tariq-droid"},"content":"[ T ][ N ] book ","lastModifiedDate":"2023-01-23"},{"lineNumber":5,"author":{"gitId":"tariq-droid"},"content":"[ T ][ N ] read book ","lastModifiedDate":"2023-01-23"}],"authorContributionMap":{"tariq-droid":5}},{"path":"src/main/java/seedu/duke/Deadline.java","fileType":"java","lines":[{"lineNumber":1,"author":{"gitId":"tariq-droid"},"content":"package seedu.duke;","lastModifiedDate":"2023-01-22"},{"lineNumber":2,"author":{"gitId":"tariq-droid"},"content":"","lastModifiedDate":"2023-01-22"},{"lineNumber":3,"author":{"gitId":"tariq-droid"},"content":"import java.time.LocalDate;","lastModifiedDate":"2023-01-21"},{"lineNumber":4,"author":{"gitId":"tariq-droid"},"content":"","lastModifiedDate":"2023-01-22"},{"lineNumber":5,"author":{"gitId":"tariq-droid"},"content":"/**","lastModifiedDate":"2023-01-23"},{"lineNumber":6,"author":{"gitId":"tariq-droid"},"content":" * Class for tasks that have a deadline.","lastModifiedDate":"2023-01-23"},{"lineNumber":7,"author":{"gitId":"tariq-droid"},"content":" * it extends the Task class.","lastModifiedDate":"2023-01-23"},{"lineNumber":8,"author":{"gitId":"tariq-droid"},"content":" *","lastModifiedDate":"2023-01-23"},{"lineNumber":9,"author":{"gitId":"tariq-droid"},"content":" * @param type task type.","lastModifiedDate":"2023-01-23"},{"lineNumber":10,"author":{"gitId":"tariq-droid"},"content":" * @param date the deadline date.","lastModifiedDate":"2023-01-23"},{"lineNumber":11,"author":{"gitId":"tariq-droid"},"content":" */","lastModifiedDate":"2023-01-23"},{"lineNumber":12,"author":{"gitId":"tariq-droid"},"content":"public class Deadline extends Task{","lastModifiedDate":"2023-01-14"},{"lineNumber":13,"author":{"gitId":"tariq-droid"},"content":"    protected String type \u003d \"[ D ]\";","lastModifiedDate":"2023-01-14"},{"lineNumber":14,"author":{"gitId":"tariq-droid"},"content":"    protected LocalDate date;","lastModifiedDate":"2023-01-21"},{"lineNumber":15,"author":{"gitId":"tariq-droid"},"content":"    /**","lastModifiedDate":"2023-01-23"},{"lineNumber":16,"author":{"gitId":"tariq-droid"},"content":"     * Constructs a Deadline task object and initializes the needed parameters.","lastModifiedDate":"2023-01-23"},{"lineNumber":17,"author":{"gitId":"tariq-droid"},"content":"     *","lastModifiedDate":"2023-01-23"},{"lineNumber":18,"author":{"gitId":"tariq-droid"},"content":"     * @param description description of the task.","lastModifiedDate":"2023-01-23"},{"lineNumber":19,"author":{"gitId":"tariq-droid"},"content":"     * @param a the deadline date.","lastModifiedDate":"2023-01-23"},{"lineNumber":20,"author":{"gitId":"tariq-droid"},"content":"     */","lastModifiedDate":"2023-01-23"},{"lineNumber":21,"author":{"gitId":"tariq-droid"},"content":"    public Deadline(String description, String a) {","lastModifiedDate":"2023-01-21"},{"lineNumber":22,"author":{"gitId":"tariq-droid"},"content":"        super(description);","lastModifiedDate":"2023-01-14"},{"lineNumber":23,"author":{"gitId":"tariq-droid"},"content":"        System.out.println(date);","lastModifiedDate":"2023-01-21"},{"lineNumber":24,"author":{"gitId":"tariq-droid"},"content":"        this.date \u003d LocalDate.parse(a);","lastModifiedDate":"2023-01-21"},{"lineNumber":25,"author":{"gitId":"tariq-droid"},"content":"    }","lastModifiedDate":"2023-01-14"},{"lineNumber":26,"author":{"gitId":"tariq-droid"},"content":"","lastModifiedDate":"2023-01-14"},{"lineNumber":27,"author":{"gitId":"tariq-droid"},"content":"    /**","lastModifiedDate":"2023-01-23"},{"lineNumber":28,"author":{"gitId":"tariq-droid"},"content":"     * Returns the string describing the task.","lastModifiedDate":"2023-01-23"},{"lineNumber":29,"author":{"gitId":"tariq-droid"},"content":"     *","lastModifiedDate":"2023-01-23"},{"lineNumber":30,"author":{"gitId":"tariq-droid"},"content":"     * @return description of task.","lastModifiedDate":"2023-01-23"},{"lineNumber":31,"author":{"gitId":"tariq-droid"},"content":"     */","lastModifiedDate":"2023-01-23"},{"lineNumber":32,"author":{"gitId":"tariq-droid"},"content":"    @Override","lastModifiedDate":"2023-01-14"},{"lineNumber":33,"author":{"gitId":"tariq-droid"},"content":"    public String toString() {","lastModifiedDate":"2023-01-14"},{"lineNumber":34,"author":{"gitId":"tariq-droid"},"content":"        return type + super.toString() + \" by: \" + date + \" \";","lastModifiedDate":"2023-01-22"},{"lineNumber":35,"author":{"gitId":"tariq-droid"},"content":"    }","lastModifiedDate":"2023-01-14"},{"lineNumber":36,"author":{"gitId":"tariq-droid"},"content":"}","lastModifiedDate":"2023-01-14"}],"authorContributionMap":{"tariq-droid":36}},{"path":"src/main/java/seedu/duke/Duke.java","fileType":"java","lines":[{"lineNumber":1,"author":{"gitId":"tariq-droid"},"content":"package seedu.duke;","lastModifiedDate":"2023-01-22"},{"lineNumber":2,"author":{"gitId":"tariq-droid"},"content":"","lastModifiedDate":"2023-01-23"},{"lineNumber":3,"author":{"gitId":"tariq-droid"},"content":"import java.util.ArrayList;","lastModifiedDate":"2023-01-14"},{"lineNumber":4,"author":{"gitId":"tariq-droid"},"content":"","lastModifiedDate":"2023-01-23"},{"lineNumber":5,"author":{"gitId":"tariq-droid"},"content":"import java.io.IOException;","lastModifiedDate":"2023-01-21"},{"lineNumber":6,"author":{"gitId":"tariq-droid"},"content":"","lastModifiedDate":"2023-01-14"},{"lineNumber":7,"author":{"gitId":"tariq-droid"},"content":"","lastModifiedDate":"2023-01-22"},{"lineNumber":8,"author":{"gitId":"-"},"content":"public class Duke {","lastModifiedDate":"2019-07-29"},{"lineNumber":9,"author":{"gitId":"tariq-droid"},"content":"    private Storage storage;","lastModifiedDate":"2023-01-22"},{"lineNumber":10,"author":{"gitId":"tariq-droid"},"content":"    private TaskList tasks;","lastModifiedDate":"2023-01-22"},{"lineNumber":11,"author":{"gitId":"tariq-droid"},"content":"    private Ui ui;","lastModifiedDate":"2023-01-22"},{"lineNumber":12,"author":{"gitId":"tariq-droid"},"content":"    private static ArrayList\u003cTask\u003e list \u003d new ArrayList\u003c\u003e();","lastModifiedDate":"2023-01-22"},{"lineNumber":13,"author":{"gitId":"tariq-droid"},"content":"    /**","lastModifiedDate":"2023-01-23"},{"lineNumber":14,"author":{"gitId":"tariq-droid"},"content":"     * Constructs a Duke object and initializes the needed parameters.","lastModifiedDate":"2023-01-23"},{"lineNumber":15,"author":{"gitId":"tariq-droid"},"content":"     *","lastModifiedDate":"2023-01-23"},{"lineNumber":16,"author":{"gitId":"tariq-droid"},"content":"     * @param filePath file path of the tasks file.","lastModifiedDate":"2023-01-23"},{"lineNumber":17,"author":{"gitId":"tariq-droid"},"content":"     * @throws IOException.","lastModifiedDate":"2023-01-23"},{"lineNumber":18,"author":{"gitId":"tariq-droid"},"content":"     */","lastModifiedDate":"2023-01-23"},{"lineNumber":19,"author":{"gitId":"tariq-droid"},"content":"    public Duke(String filePath) throws IOException {","lastModifiedDate":"2023-01-22"},{"lineNumber":20,"author":{"gitId":"tariq-droid"},"content":"        ui \u003d new Ui();","lastModifiedDate":"2023-01-22"},{"lineNumber":21,"author":{"gitId":"tariq-droid"},"content":"        storage \u003d new Storage(filePath);","lastModifiedDate":"2023-01-22"},{"lineNumber":22,"author":{"gitId":"tariq-droid"},"content":"        tasks \u003d new TaskList(storage.load());","lastModifiedDate":"2023-01-22"},{"lineNumber":23,"author":{"gitId":"tariq-droid"},"content":"    }","lastModifiedDate":"2023-01-22"},{"lineNumber":24,"author":{"gitId":"tariq-droid"},"content":"","lastModifiedDate":"2023-01-22"},{"lineNumber":25,"author":{"gitId":"tariq-droid"},"content":"    public void run() throws DukeException, IOException {","lastModifiedDate":"2023-01-22"},{"lineNumber":26,"author":{"gitId":"tariq-droid"},"content":"        //...","lastModifiedDate":"2023-01-22"},{"lineNumber":27,"author":{"gitId":"tariq-droid"},"content":"        boolean isRunning \u003d true;","lastModifiedDate":"2023-01-23"},{"lineNumber":28,"author":{"gitId":"tariq-droid"},"content":"        while (isRunning) {","lastModifiedDate":"2023-01-23"},{"lineNumber":29,"author":{"gitId":"tariq-droid"},"content":"            try {","lastModifiedDate":"2023-01-14"},{"lineNumber":30,"author":{"gitId":"tariq-droid"},"content":"                isRunning \u003d ui.getInput(tasks);","lastModifiedDate":"2023-01-23"},{"lineNumber":31,"author":{"gitId":"tariq-droid"},"content":"                storage.updateFile(tasks);","lastModifiedDate":"2023-01-22"},{"lineNumber":32,"author":{"gitId":"tariq-droid"},"content":"            } catch (DukeException e) {","lastModifiedDate":"2023-01-22"},{"lineNumber":33,"author":{"gitId":"tariq-droid"},"content":"                throw new RuntimeException(e);","lastModifiedDate":"2023-01-22"},{"lineNumber":34,"author":{"gitId":"tariq-droid"},"content":"            }","lastModifiedDate":"2023-01-14"},{"lineNumber":35,"author":{"gitId":"tariq-droid"},"content":"","lastModifiedDate":"2023-01-14"},{"lineNumber":36,"author":{"gitId":"tariq-droid"},"content":"        }","lastModifiedDate":"2023-01-14"},{"lineNumber":37,"author":{"gitId":"tariq-droid"},"content":"        storage.close();","lastModifiedDate":"2023-01-22"},{"lineNumber":38,"author":{"gitId":"tariq-droid"},"content":"    }","lastModifiedDate":"2023-01-14"},{"lineNumber":39,"author":{"gitId":"tariq-droid"},"content":"    public static void main(String[] args)","lastModifiedDate":"2023-01-23"},{"lineNumber":40,"author":{"gitId":"tariq-droid"},"content":"            throws DukeException, IOException {","lastModifiedDate":"2023-01-23"},{"lineNumber":41,"author":{"gitId":"tariq-droid"},"content":"","lastModifiedDate":"2023-01-14"},{"lineNumber":42,"author":{"gitId":"tariq-droid"},"content":"        new Duke(\"duke.txt\").run();","lastModifiedDate":"2023-01-22"},{"lineNumber":43,"author":{"gitId":"tariq-droid"},"content":"","lastModifiedDate":"2023-01-14"},{"lineNumber":44,"author":{"gitId":"tariq-droid"},"content":"    }","lastModifiedDate":"2023-01-14"},{"lineNumber":45,"author":{"gitId":"tariq-droid"},"content":"","lastModifiedDate":"2023-01-14"},{"lineNumber":46,"author":{"gitId":"tariq-droid"},"content":"}","lastModifiedDate":"2023-01-14"},{"lineNumber":47,"author":{"gitId":"tariq-droid"},"content":"","lastModifiedDate":"2023-01-21"}],"authorContributionMap":{"tariq-droid":46,"-":1}},{"path":"src/main/java/seedu/duke/DukeException.java","fileType":"java","lines":[{"lineNumber":1,"author":{"gitId":"tariq-droid"},"content":"package seedu.duke;","lastModifiedDate":"2023-01-22"},{"lineNumber":2,"author":{"gitId":"tariq-droid"},"content":"","lastModifiedDate":"2023-01-22"},{"lineNumber":3,"author":{"gitId":"tariq-droid"},"content":"/**","lastModifiedDate":"2023-01-23"},{"lineNumber":4,"author":{"gitId":"tariq-droid"},"content":" * Class for exceptions that happen in the chatbot.","lastModifiedDate":"2023-01-23"},{"lineNumber":5,"author":{"gitId":"tariq-droid"},"content":" * it extends the Exception class","lastModifiedDate":"2023-01-23"},{"lineNumber":6,"author":{"gitId":"tariq-droid"},"content":" *","lastModifiedDate":"2023-01-23"},{"lineNumber":7,"author":{"gitId":"tariq-droid"},"content":" */","lastModifiedDate":"2023-01-23"},{"lineNumber":8,"author":{"gitId":"tariq-droid"},"content":"public class DukeException extends Exception{","lastModifiedDate":"2023-01-14"},{"lineNumber":9,"author":{"gitId":"tariq-droid"},"content":"","lastModifiedDate":"2023-01-23"},{"lineNumber":10,"author":{"gitId":"tariq-droid"},"content":"    /**","lastModifiedDate":"2023-01-23"},{"lineNumber":11,"author":{"gitId":"tariq-droid"},"content":"     * typical exception to run when the bot doesn\u0027t understand the command.","lastModifiedDate":"2023-01-23"},{"lineNumber":12,"author":{"gitId":"tariq-droid"},"content":"     */","lastModifiedDate":"2023-01-23"},{"lineNumber":13,"author":{"gitId":"tariq-droid"},"content":"    public DukeException(){","lastModifiedDate":"2023-01-14"},{"lineNumber":14,"author":{"gitId":"tariq-droid"},"content":"        super(\"    -------------------------------------------\\n    \" +","lastModifiedDate":"2023-01-14"},{"lineNumber":15,"author":{"gitId":"tariq-droid"},"content":"                \"☹ OOPS!!! I\u0027m sorry, but I don\u0027t know what that means :-(\\n    \" +","lastModifiedDate":"2023-01-14"},{"lineNumber":16,"author":{"gitId":"tariq-droid"},"content":"                \"-------------------------------------------\");","lastModifiedDate":"2023-01-14"},{"lineNumber":17,"author":{"gitId":"tariq-droid"},"content":"    }","lastModifiedDate":"2023-01-14"},{"lineNumber":18,"author":{"gitId":"tariq-droid"},"content":"}","lastModifiedDate":"2023-01-14"}],"authorContributionMap":{"tariq-droid":18}},{"path":"src/main/java/seedu/duke/Event.java","fileType":"java","lines":[{"lineNumber":1,"author":{"gitId":"tariq-droid"},"content":"package seedu.duke;","lastModifiedDate":"2023-01-22"},{"lineNumber":2,"author":{"gitId":"tariq-droid"},"content":"","lastModifiedDate":"2023-01-22"},{"lineNumber":3,"author":{"gitId":"tariq-droid"},"content":"import java.time.LocalDate;","lastModifiedDate":"2023-01-21"},{"lineNumber":4,"author":{"gitId":"tariq-droid"},"content":"","lastModifiedDate":"2023-01-21"},{"lineNumber":5,"author":{"gitId":"tariq-droid"},"content":"/**","lastModifiedDate":"2023-01-23"},{"lineNumber":6,"author":{"gitId":"tariq-droid"},"content":" * Class for tasks that have a specific period of time.","lastModifiedDate":"2023-01-23"},{"lineNumber":7,"author":{"gitId":"tariq-droid"},"content":" * it extends the Task class.","lastModifiedDate":"2023-01-23"},{"lineNumber":8,"author":{"gitId":"tariq-droid"},"content":" * @param type task type.","lastModifiedDate":"2023-01-23"},{"lineNumber":9,"author":{"gitId":"tariq-droid"},"content":" * @param fromDate the beginning date.","lastModifiedDate":"2023-01-23"},{"lineNumber":10,"author":{"gitId":"tariq-droid"},"content":" * @param toDate the end date.","lastModifiedDate":"2023-01-23"},{"lineNumber":11,"author":{"gitId":"tariq-droid"},"content":" */","lastModifiedDate":"2023-01-23"},{"lineNumber":12,"author":{"gitId":"tariq-droid"},"content":"public class Event extends Task{","lastModifiedDate":"2023-01-14"},{"lineNumber":13,"author":{"gitId":"tariq-droid"},"content":"    protected String type \u003d \"[ E ]\";","lastModifiedDate":"2023-01-14"},{"lineNumber":14,"author":{"gitId":"tariq-droid"},"content":"    protected LocalDate fromDate;","lastModifiedDate":"2023-01-21"},{"lineNumber":15,"author":{"gitId":"tariq-droid"},"content":"    protected LocalDate toDate;","lastModifiedDate":"2023-01-21"},{"lineNumber":16,"author":{"gitId":"tariq-droid"},"content":"","lastModifiedDate":"2023-01-23"},{"lineNumber":17,"author":{"gitId":"tariq-droid"},"content":"    /**","lastModifiedDate":"2023-01-23"},{"lineNumber":18,"author":{"gitId":"tariq-droid"},"content":"     * Constructs an Event task object and initializes the needed parameters.","lastModifiedDate":"2023-01-23"},{"lineNumber":19,"author":{"gitId":"tariq-droid"},"content":"     *","lastModifiedDate":"2023-01-23"},{"lineNumber":20,"author":{"gitId":"tariq-droid"},"content":"     * @param description description of the task.","lastModifiedDate":"2023-01-23"},{"lineNumber":21,"author":{"gitId":"tariq-droid"},"content":"     * @param fromDate the beginning date.","lastModifiedDate":"2023-01-23"},{"lineNumber":22,"author":{"gitId":"tariq-droid"},"content":"     * @param toDate the end date.","lastModifiedDate":"2023-01-23"},{"lineNumber":23,"author":{"gitId":"tariq-droid"},"content":"     */","lastModifiedDate":"2023-01-23"},{"lineNumber":24,"author":{"gitId":"tariq-droid"},"content":"    public Event(String description, String fromDate, String toDate) {","lastModifiedDate":"2023-01-14"},{"lineNumber":25,"author":{"gitId":"tariq-droid"},"content":"        super(description);","lastModifiedDate":"2023-01-14"},{"lineNumber":26,"author":{"gitId":"tariq-droid"},"content":"        this.fromDate \u003d LocalDate.parse(fromDate);","lastModifiedDate":"2023-01-21"},{"lineNumber":27,"author":{"gitId":"tariq-droid"},"content":"        this.toDate \u003d LocalDate.parse(toDate);","lastModifiedDate":"2023-01-21"},{"lineNumber":28,"author":{"gitId":"tariq-droid"},"content":"    }","lastModifiedDate":"2023-01-14"},{"lineNumber":29,"author":{"gitId":"tariq-droid"},"content":"","lastModifiedDate":"2023-01-14"},{"lineNumber":30,"author":{"gitId":"tariq-droid"},"content":"    /**","lastModifiedDate":"2023-01-23"},{"lineNumber":31,"author":{"gitId":"tariq-droid"},"content":"     * Returns the string describing the task.","lastModifiedDate":"2023-01-23"},{"lineNumber":32,"author":{"gitId":"tariq-droid"},"content":"     *","lastModifiedDate":"2023-01-23"},{"lineNumber":33,"author":{"gitId":"tariq-droid"},"content":"     * @return description of task.","lastModifiedDate":"2023-01-23"},{"lineNumber":34,"author":{"gitId":"tariq-droid"},"content":"     */","lastModifiedDate":"2023-01-23"},{"lineNumber":35,"author":{"gitId":"tariq-droid"},"content":"    @Override","lastModifiedDate":"2023-01-14"},{"lineNumber":36,"author":{"gitId":"tariq-droid"},"content":"    public String toString() {","lastModifiedDate":"2023-01-14"},{"lineNumber":37,"author":{"gitId":"tariq-droid"},"content":"        return type + super.toString() + \"from: \" + this.fromDate + \" to: \" + this.toDate;","lastModifiedDate":"2023-01-22"},{"lineNumber":38,"author":{"gitId":"tariq-droid"},"content":"    }","lastModifiedDate":"2023-01-14"},{"lineNumber":39,"author":{"gitId":"tariq-droid"},"content":"}","lastModifiedDate":"2023-01-14"}],"authorContributionMap":{"tariq-droid":39}},{"path":"src/main/java/seedu/duke/Parser.java","fileType":"java","lines":[{"lineNumber":1,"author":{"gitId":"tariq-droid"},"content":"package seedu.duke;","lastModifiedDate":"2023-01-22"},{"lineNumber":2,"author":{"gitId":"tariq-droid"},"content":"","lastModifiedDate":"2023-01-22"},{"lineNumber":3,"author":{"gitId":"tariq-droid"},"content":"/**","lastModifiedDate":"2023-01-23"},{"lineNumber":4,"author":{"gitId":"tariq-droid"},"content":" * Class that parses the command given.","lastModifiedDate":"2023-01-23"},{"lineNumber":5,"author":{"gitId":"tariq-droid"},"content":" *","lastModifiedDate":"2023-01-23"},{"lineNumber":6,"author":{"gitId":"tariq-droid"},"content":" */","lastModifiedDate":"2023-01-23"},{"lineNumber":7,"author":{"gitId":"tariq-droid"},"content":"public class Parser {","lastModifiedDate":"2023-01-22"},{"lineNumber":8,"author":{"gitId":"tariq-droid"},"content":"","lastModifiedDate":"2023-01-22"},{"lineNumber":9,"author":{"gitId":"tariq-droid"},"content":"    public Parser() throws DukeException {","lastModifiedDate":"2023-01-22"},{"lineNumber":10,"author":{"gitId":"tariq-droid"},"content":"","lastModifiedDate":"2023-01-22"},{"lineNumber":11,"author":{"gitId":"tariq-droid"},"content":"    }","lastModifiedDate":"2023-01-22"},{"lineNumber":12,"author":{"gitId":"tariq-droid"},"content":"","lastModifiedDate":"2023-01-23"},{"lineNumber":13,"author":{"gitId":"tariq-droid"},"content":"    /**","lastModifiedDate":"2023-01-23"},{"lineNumber":14,"author":{"gitId":"tariq-droid"},"content":"     * Takes in the command and chooses what function should be used.","lastModifiedDate":"2023-01-23"},{"lineNumber":15,"author":{"gitId":"tariq-droid"},"content":"     *","lastModifiedDate":"2023-01-23"},{"lineNumber":16,"author":{"gitId":"tariq-droid"},"content":"     * @param echo the command given.","lastModifiedDate":"2023-01-23"},{"lineNumber":17,"author":{"gitId":"tariq-droid"},"content":"     * @param echoSplit an array of String containing the words of the command given.","lastModifiedDate":"2023-01-23"},{"lineNumber":18,"author":{"gitId":"tariq-droid"},"content":"     * @param COUNTER int indicating list size","lastModifiedDate":"2023-01-23"},{"lineNumber":19,"author":{"gitId":"tariq-droid"},"content":"     * @param tasks TaskList object containing the tasks list and functions.","lastModifiedDate":"2023-01-23"},{"lineNumber":20,"author":{"gitId":"tariq-droid"},"content":"     */","lastModifiedDate":"2023-01-23"},{"lineNumber":21,"author":{"gitId":"tariq-droid"},"content":"    public void parse(String echo, String[] echoSplit, int COUNTER, TaskList tasks) throws DukeException {","lastModifiedDate":"2023-01-22"},{"lineNumber":22,"author":{"gitId":"tariq-droid"},"content":"        if (echo.equals(\"list\")) {","lastModifiedDate":"2023-01-22"},{"lineNumber":23,"author":{"gitId":"tariq-droid"},"content":"            tasks.showList();","lastModifiedDate":"2023-01-22"},{"lineNumber":24,"author":{"gitId":"tariq-droid"},"content":"        } else if (echoSplit.length \u003c 2 \u0026\u0026 !echo.equals(\"\")) {","lastModifiedDate":"2023-01-22"},{"lineNumber":25,"author":{"gitId":"tariq-droid"},"content":"            throw new DukeException();","lastModifiedDate":"2023-01-22"},{"lineNumber":26,"author":{"gitId":"tariq-droid"},"content":"        } else if (echoSplit[0].equals(\"mark\")) {","lastModifiedDate":"2023-01-22"},{"lineNumber":27,"author":{"gitId":"tariq-droid"},"content":"            int index \u003d Integer.valueOf(echoSplit[1]) - 1;","lastModifiedDate":"2023-01-22"},{"lineNumber":28,"author":{"gitId":"tariq-droid"},"content":"            tasks.mark(index);","lastModifiedDate":"2023-01-22"},{"lineNumber":29,"author":{"gitId":"tariq-droid"},"content":"        } else if (echoSplit[0].equals(\"unmark\")) {","lastModifiedDate":"2023-01-22"},{"lineNumber":30,"author":{"gitId":"tariq-droid"},"content":"            int index \u003d Integer.valueOf(echoSplit[1]) - 1;","lastModifiedDate":"2023-01-22"},{"lineNumber":31,"author":{"gitId":"tariq-droid"},"content":"            tasks.unmark(index);","lastModifiedDate":"2023-01-22"},{"lineNumber":32,"author":{"gitId":"tariq-droid"},"content":"        } else {","lastModifiedDate":"2023-01-22"},{"lineNumber":33,"author":{"gitId":"tariq-droid"},"content":"            if (echoSplit[0].equals(\"todo\")) {","lastModifiedDate":"2023-01-22"},{"lineNumber":34,"author":{"gitId":"tariq-droid"},"content":"                tasks.addToDo(echoSplit);","lastModifiedDate":"2023-01-22"},{"lineNumber":35,"author":{"gitId":"tariq-droid"},"content":"                COUNTER++;","lastModifiedDate":"2023-01-22"},{"lineNumber":36,"author":{"gitId":"tariq-droid"},"content":"            } else if (echoSplit[0].equals(\"deadline\")) {","lastModifiedDate":"2023-01-22"},{"lineNumber":37,"author":{"gitId":"tariq-droid"},"content":"                tasks.addDeadline(echoSplit, 0);","lastModifiedDate":"2023-01-22"},{"lineNumber":38,"author":{"gitId":"tariq-droid"},"content":"                COUNTER++;","lastModifiedDate":"2023-01-22"},{"lineNumber":39,"author":{"gitId":"tariq-droid"},"content":"            } else if (echoSplit[0].equals(\"event\")) {","lastModifiedDate":"2023-01-22"},{"lineNumber":40,"author":{"gitId":"tariq-droid"},"content":"                tasks.addEvent(echoSplit, 0);","lastModifiedDate":"2023-01-22"},{"lineNumber":41,"author":{"gitId":"tariq-droid"},"content":"                COUNTER++;","lastModifiedDate":"2023-01-22"},{"lineNumber":42,"author":{"gitId":"tariq-droid"},"content":"            } else if (echoSplit[0].equals(\"delete\")) {","lastModifiedDate":"2023-01-22"},{"lineNumber":43,"author":{"gitId":"tariq-droid"},"content":"                int index \u003d Integer.valueOf(echoSplit[1]) - 1;","lastModifiedDate":"2023-01-22"},{"lineNumber":44,"author":{"gitId":"tariq-droid"},"content":"                tasks.delete(index);","lastModifiedDate":"2023-01-22"},{"lineNumber":45,"author":{"gitId":"tariq-droid"},"content":"                COUNTER--;","lastModifiedDate":"2023-01-22"},{"lineNumber":46,"author":{"gitId":"tariq-droid"},"content":"            } else if (echoSplit[0].equals(\"find\")) {","lastModifiedDate":"2023-01-23"},{"lineNumber":47,"author":{"gitId":"tariq-droid"},"content":"                tasks.find(echoSplit);","lastModifiedDate":"2023-01-23"},{"lineNumber":48,"author":{"gitId":"tariq-droid"},"content":"            } else {","lastModifiedDate":"2023-01-22"},{"lineNumber":49,"author":{"gitId":"tariq-droid"},"content":"                System.out.println(\"I don\u0027t know what you are talking about\");","lastModifiedDate":"2023-01-23"},{"lineNumber":50,"author":{"gitId":"tariq-droid"},"content":"            }","lastModifiedDate":"2023-01-22"},{"lineNumber":51,"author":{"gitId":"tariq-droid"},"content":"        }","lastModifiedDate":"2023-01-22"},{"lineNumber":52,"author":{"gitId":"tariq-droid"},"content":"","lastModifiedDate":"2023-01-22"},{"lineNumber":53,"author":{"gitId":"tariq-droid"},"content":"    }","lastModifiedDate":"2023-01-22"},{"lineNumber":54,"author":{"gitId":"tariq-droid"},"content":"","lastModifiedDate":"2023-01-22"},{"lineNumber":55,"author":{"gitId":"tariq-droid"},"content":"","lastModifiedDate":"2023-01-22"},{"lineNumber":56,"author":{"gitId":"tariq-droid"},"content":"}","lastModifiedDate":"2023-01-22"}],"authorContributionMap":{"tariq-droid":56}},{"path":"src/main/java/seedu/duke/Storage.java","fileType":"java","lines":[{"lineNumber":1,"author":{"gitId":"tariq-droid"},"content":"package seedu.duke;","lastModifiedDate":"2023-01-22"},{"lineNumber":2,"author":{"gitId":"tariq-droid"},"content":"","lastModifiedDate":"2023-01-23"},{"lineNumber":3,"author":{"gitId":"tariq-droid"},"content":"import java.io.FileNotFoundException;","lastModifiedDate":"2023-01-22"},{"lineNumber":4,"author":{"gitId":"tariq-droid"},"content":"import java.io.FileReader;","lastModifiedDate":"2023-01-22"},{"lineNumber":5,"author":{"gitId":"tariq-droid"},"content":"import java.io.FileWriter;","lastModifiedDate":"2023-01-22"},{"lineNumber":6,"author":{"gitId":"tariq-droid"},"content":"import java.io.IOException;","lastModifiedDate":"2023-01-22"},{"lineNumber":7,"author":{"gitId":"tariq-droid"},"content":"","lastModifiedDate":"2023-01-23"},{"lineNumber":8,"author":{"gitId":"tariq-droid"},"content":"import java.util.ArrayList;","lastModifiedDate":"2023-01-22"},{"lineNumber":9,"author":{"gitId":"tariq-droid"},"content":"","lastModifiedDate":"2023-01-22"},{"lineNumber":10,"author":{"gitId":"tariq-droid"},"content":"public class Storage {","lastModifiedDate":"2023-01-22"},{"lineNumber":11,"author":{"gitId":"tariq-droid"},"content":"    protected FileWriter fw \u003d null;","lastModifiedDate":"2023-01-22"},{"lineNumber":12,"author":{"gitId":"tariq-droid"},"content":"    protected FileReader fr \u003d null;","lastModifiedDate":"2023-01-22"},{"lineNumber":13,"author":{"gitId":"tariq-droid"},"content":"    protected String fileName;","lastModifiedDate":"2023-01-22"},{"lineNumber":14,"author":{"gitId":"tariq-droid"},"content":"    public Storage(String fileName) {","lastModifiedDate":"2023-01-22"},{"lineNumber":15,"author":{"gitId":"tariq-droid"},"content":"        this.fileName \u003d fileName;","lastModifiedDate":"2023-01-22"},{"lineNumber":16,"author":{"gitId":"tariq-droid"},"content":"    }","lastModifiedDate":"2023-01-22"},{"lineNumber":17,"author":{"gitId":"tariq-droid"},"content":"","lastModifiedDate":"2023-01-22"},{"lineNumber":18,"author":{"gitId":"tariq-droid"},"content":"    public ArrayList\u003cTask\u003e load() throws IOException {","lastModifiedDate":"2023-01-22"},{"lineNumber":19,"author":{"gitId":"tariq-droid"},"content":"        ArrayList\u003cTask\u003e list \u003d new ArrayList\u003cTask\u003e();","lastModifiedDate":"2023-01-22"},{"lineNumber":20,"author":{"gitId":"tariq-droid"},"content":"        try {","lastModifiedDate":"2023-01-23"},{"lineNumber":21,"author":{"gitId":"tariq-droid"},"content":"            fr \u003d new FileReader(this.fileName);","lastModifiedDate":"2023-01-22"},{"lineNumber":22,"author":{"gitId":"tariq-droid"},"content":"            String task \u003d \"\";","lastModifiedDate":"2023-01-22"},{"lineNumber":23,"author":{"gitId":"tariq-droid"},"content":"            int ch;","lastModifiedDate":"2023-01-22"},{"lineNumber":24,"author":{"gitId":"tariq-droid"},"content":"            while ((ch\u003dfr.read()) !\u003d -1)","lastModifiedDate":"2023-01-22"},{"lineNumber":25,"author":{"gitId":"tariq-droid"},"content":"                task +\u003d (char)ch;","lastModifiedDate":"2023-01-22"},{"lineNumber":26,"author":{"gitId":"tariq-droid"},"content":"            fr.close();","lastModifiedDate":"2023-01-22"},{"lineNumber":27,"author":{"gitId":"tariq-droid"},"content":"","lastModifiedDate":"2023-01-22"},{"lineNumber":28,"author":{"gitId":"tariq-droid"},"content":"            String[] lines \u003d task.split(\"\\n\");","lastModifiedDate":"2023-01-22"},{"lineNumber":29,"author":{"gitId":"tariq-droid"},"content":"            String[] taskSplit;","lastModifiedDate":"2023-01-23"},{"lineNumber":30,"author":{"gitId":"tariq-droid"},"content":"            for (int i \u003d 0; i \u003c lines.length; i++) {","lastModifiedDate":"2023-01-22"},{"lineNumber":31,"author":{"gitId":"tariq-droid"},"content":"                taskSplit \u003d lines[i].split(\" \");","lastModifiedDate":"2023-01-22"},{"lineNumber":32,"author":{"gitId":"tariq-droid"},"content":"                if (taskSplit[1].equals(\"T\")){","lastModifiedDate":"2023-01-22"},{"lineNumber":33,"author":{"gitId":"tariq-droid"},"content":"","lastModifiedDate":"2023-01-22"},{"lineNumber":34,"author":{"gitId":"tariq-droid"},"content":"                    String description \u003d \"\";","lastModifiedDate":"2023-01-22"},{"lineNumber":35,"author":{"gitId":"tariq-droid"},"content":"","lastModifiedDate":"2023-01-22"},{"lineNumber":36,"author":{"gitId":"tariq-droid"},"content":"                    for (int j \u003d 5; j \u003c taskSplit.length; j++) {","lastModifiedDate":"2023-01-22"},{"lineNumber":37,"author":{"gitId":"tariq-droid"},"content":"                        description +\u003d taskSplit[j] + \" \";","lastModifiedDate":"2023-01-22"},{"lineNumber":38,"author":{"gitId":"tariq-droid"},"content":"                    }","lastModifiedDate":"2023-01-22"},{"lineNumber":39,"author":{"gitId":"tariq-droid"},"content":"                    list.add(new ToDo(description));","lastModifiedDate":"2023-01-22"},{"lineNumber":40,"author":{"gitId":"tariq-droid"},"content":"","lastModifiedDate":"2023-01-22"},{"lineNumber":41,"author":{"gitId":"tariq-droid"},"content":"                } else if (taskSplit[1].equals(\"D\")){","lastModifiedDate":"2023-01-22"},{"lineNumber":42,"author":{"gitId":"tariq-droid"},"content":"","lastModifiedDate":"2023-01-22"},{"lineNumber":43,"author":{"gitId":"tariq-droid"},"content":"                    String deadline \u003d \"deadline\";","lastModifiedDate":"2023-01-22"},{"lineNumber":44,"author":{"gitId":"tariq-droid"},"content":"                    for (int j \u003d 5; j \u003c taskSplit.length; j++) {","lastModifiedDate":"2023-01-22"},{"lineNumber":45,"author":{"gitId":"tariq-droid"},"content":"                        deadline +\u003d \" \" + taskSplit[j];","lastModifiedDate":"2023-01-22"},{"lineNumber":46,"author":{"gitId":"tariq-droid"},"content":"                    }","lastModifiedDate":"2023-01-22"},{"lineNumber":47,"author":{"gitId":"tariq-droid"},"content":"                    String[] split \u003d deadline.split(\" \");","lastModifiedDate":"2023-01-23"},{"lineNumber":48,"author":{"gitId":"tariq-droid"},"content":"                    addDeadline(split, list, 1);","lastModifiedDate":"2023-01-22"},{"lineNumber":49,"author":{"gitId":"tariq-droid"},"content":"","lastModifiedDate":"2023-01-22"},{"lineNumber":50,"author":{"gitId":"tariq-droid"},"content":"                } else if (taskSplit[1].equals(\"E\")){","lastModifiedDate":"2023-01-22"},{"lineNumber":51,"author":{"gitId":"tariq-droid"},"content":"                    String event \u003d \"event\";","lastModifiedDate":"2023-01-22"},{"lineNumber":52,"author":{"gitId":"tariq-droid"},"content":"                    for (int j \u003d 5; j \u003c taskSplit.length; j++) {","lastModifiedDate":"2023-01-22"},{"lineNumber":53,"author":{"gitId":"tariq-droid"},"content":"                        event +\u003d \" \" + taskSplit[j];","lastModifiedDate":"2023-01-22"},{"lineNumber":54,"author":{"gitId":"tariq-droid"},"content":"                    }","lastModifiedDate":"2023-01-22"},{"lineNumber":55,"author":{"gitId":"tariq-droid"},"content":"                    String[] split \u003d event.split(\" \");","lastModifiedDate":"2023-01-23"},{"lineNumber":56,"author":{"gitId":"tariq-droid"},"content":"                    addEvent(split, list, 1);","lastModifiedDate":"2023-01-22"},{"lineNumber":57,"author":{"gitId":"tariq-droid"},"content":"                }","lastModifiedDate":"2023-01-22"},{"lineNumber":58,"author":{"gitId":"tariq-droid"},"content":"                if (taskSplit[3].equals(\"Y\")) {","lastModifiedDate":"2023-01-22"},{"lineNumber":59,"author":{"gitId":"tariq-droid"},"content":"                    list.get(list.size() - 1).isDone \u003d true;","lastModifiedDate":"2023-01-22"},{"lineNumber":60,"author":{"gitId":"tariq-droid"},"content":"                }","lastModifiedDate":"2023-01-22"},{"lineNumber":61,"author":{"gitId":"tariq-droid"},"content":"            }","lastModifiedDate":"2023-01-22"},{"lineNumber":62,"author":{"gitId":"tariq-droid"},"content":"","lastModifiedDate":"2023-01-22"},{"lineNumber":63,"author":{"gitId":"tariq-droid"},"content":"","lastModifiedDate":"2023-01-22"},{"lineNumber":64,"author":{"gitId":"tariq-droid"},"content":"        } catch (FileNotFoundException fe) {","lastModifiedDate":"2023-01-23"},{"lineNumber":65,"author":{"gitId":"tariq-droid"},"content":"            System.out.println(\"File not found...creating the file\");","lastModifiedDate":"2023-01-22"},{"lineNumber":66,"author":{"gitId":"tariq-droid"},"content":"            fw \u003d new FileWriter(\"duke.txt\");","lastModifiedDate":"2023-01-22"},{"lineNumber":67,"author":{"gitId":"tariq-droid"},"content":"        } catch(ArrayIndexOutOfBoundsException a) {","lastModifiedDate":"2023-01-23"},{"lineNumber":68,"author":{"gitId":"tariq-droid"},"content":"            System.out.println(\"array...creating the file\");","lastModifiedDate":"2023-01-22"},{"lineNumber":69,"author":{"gitId":"tariq-droid"},"content":"            fw \u003d new FileWriter(\"duke.txt\");","lastModifiedDate":"2023-01-22"},{"lineNumber":70,"author":{"gitId":"tariq-droid"},"content":"        } finally {","lastModifiedDate":"2023-01-23"},{"lineNumber":71,"author":{"gitId":"tariq-droid"},"content":"            System.out.println(\"err...creating the file\");","lastModifiedDate":"2023-01-22"},{"lineNumber":72,"author":{"gitId":"tariq-droid"},"content":"            fw \u003d new FileWriter(\"duke.txt\");","lastModifiedDate":"2023-01-22"},{"lineNumber":73,"author":{"gitId":"tariq-droid"},"content":"        }","lastModifiedDate":"2023-01-22"},{"lineNumber":74,"author":{"gitId":"tariq-droid"},"content":"        return list;","lastModifiedDate":"2023-01-22"},{"lineNumber":75,"author":{"gitId":"tariq-droid"},"content":"    }","lastModifiedDate":"2023-01-22"},{"lineNumber":76,"author":{"gitId":"tariq-droid"},"content":"","lastModifiedDate":"2023-01-22"},{"lineNumber":77,"author":{"gitId":"tariq-droid"},"content":"    public void updateFile(TaskList tasks) throws IOException {","lastModifiedDate":"2023-01-22"},{"lineNumber":78,"author":{"gitId":"tariq-droid"},"content":"        fw \u003d new FileWriter(this.fileName);","lastModifiedDate":"2023-01-22"},{"lineNumber":79,"author":{"gitId":"tariq-droid"},"content":"        for (int i \u003d 0; i \u003c tasks.list.size(); i++) {","lastModifiedDate":"2023-01-22"},{"lineNumber":80,"author":{"gitId":"tariq-droid"},"content":"            fw.write(tasks.list.get(i).toString()+\u0027\\n\u0027);","lastModifiedDate":"2023-01-22"},{"lineNumber":81,"author":{"gitId":"tariq-droid"},"content":"        }","lastModifiedDate":"2023-01-22"},{"lineNumber":82,"author":{"gitId":"tariq-droid"},"content":"        fw.flush();","lastModifiedDate":"2023-01-22"},{"lineNumber":83,"author":{"gitId":"tariq-droid"},"content":"    }","lastModifiedDate":"2023-01-22"},{"lineNumber":84,"author":{"gitId":"tariq-droid"},"content":"","lastModifiedDate":"2023-01-22"},{"lineNumber":85,"author":{"gitId":"tariq-droid"},"content":"    public void close() throws IOException {","lastModifiedDate":"2023-01-22"},{"lineNumber":86,"author":{"gitId":"tariq-droid"},"content":"        fw.close();","lastModifiedDate":"2023-01-22"},{"lineNumber":87,"author":{"gitId":"tariq-droid"},"content":"        fr.close();","lastModifiedDate":"2023-01-22"},{"lineNumber":88,"author":{"gitId":"tariq-droid"},"content":"    }","lastModifiedDate":"2023-01-22"},{"lineNumber":89,"author":{"gitId":"tariq-droid"},"content":"","lastModifiedDate":"2023-01-22"},{"lineNumber":90,"author":{"gitId":"tariq-droid"},"content":"    public void addEvent(String[] echoSplit,ArrayList\u003cTask\u003e list, int print){","lastModifiedDate":"2023-01-22"},{"lineNumber":91,"author":{"gitId":"tariq-droid"},"content":"        String task \u003d \"\";","lastModifiedDate":"2023-01-22"},{"lineNumber":92,"author":{"gitId":"tariq-droid"},"content":"        int fromI \u003d 0;","lastModifiedDate":"2023-01-22"},{"lineNumber":93,"author":{"gitId":"tariq-droid"},"content":"        int toI \u003d 0;","lastModifiedDate":"2023-01-22"},{"lineNumber":94,"author":{"gitId":"tariq-droid"},"content":"        String from \u003d \"\";","lastModifiedDate":"2023-01-22"},{"lineNumber":95,"author":{"gitId":"tariq-droid"},"content":"        String to \u003d \"\";","lastModifiedDate":"2023-01-22"},{"lineNumber":96,"author":{"gitId":"tariq-droid"},"content":"","lastModifiedDate":"2023-01-22"},{"lineNumber":97,"author":{"gitId":"tariq-droid"},"content":"        for (int i \u003d 1; i \u003c echoSplit.length; i++) {","lastModifiedDate":"2023-01-22"},{"lineNumber":98,"author":{"gitId":"tariq-droid"},"content":"","lastModifiedDate":"2023-01-22"},{"lineNumber":99,"author":{"gitId":"tariq-droid"},"content":"            if (echoSplit[i].equals(\"/from\") || echoSplit[i].equals(\"from:\")) {","lastModifiedDate":"2023-01-22"},{"lineNumber":100,"author":{"gitId":"tariq-droid"},"content":"                fromI \u003d i;","lastModifiedDate":"2023-01-22"},{"lineNumber":101,"author":{"gitId":"tariq-droid"},"content":"            }","lastModifiedDate":"2023-01-22"},{"lineNumber":102,"author":{"gitId":"tariq-droid"},"content":"            if (echoSplit[i].equals(\"/to\") || echoSplit[i].equals(\"to:\")) {","lastModifiedDate":"2023-01-22"},{"lineNumber":103,"author":{"gitId":"tariq-droid"},"content":"                toI \u003d i;","lastModifiedDate":"2023-01-22"},{"lineNumber":104,"author":{"gitId":"tariq-droid"},"content":"","lastModifiedDate":"2023-01-22"},{"lineNumber":105,"author":{"gitId":"tariq-droid"},"content":"                for (int j \u003d fromI + 1; j \u003c toI; j++) {","lastModifiedDate":"2023-01-22"},{"lineNumber":106,"author":{"gitId":"tariq-droid"},"content":"                    if (j \u003d\u003d toI - 1) {","lastModifiedDate":"2023-01-23"},{"lineNumber":107,"author":{"gitId":"tariq-droid"},"content":"                        from +\u003d echoSplit[j];","lastModifiedDate":"2023-01-22"},{"lineNumber":108,"author":{"gitId":"tariq-droid"},"content":"                    } else {","lastModifiedDate":"2023-01-23"},{"lineNumber":109,"author":{"gitId":"tariq-droid"},"content":"                        from +\u003d echoSplit[j] + \" \";","lastModifiedDate":"2023-01-22"},{"lineNumber":110,"author":{"gitId":"tariq-droid"},"content":"                    }","lastModifiedDate":"2023-01-22"},{"lineNumber":111,"author":{"gitId":"tariq-droid"},"content":"                }","lastModifiedDate":"2023-01-23"},{"lineNumber":112,"author":{"gitId":"tariq-droid"},"content":"                for (int j \u003d toI + 1; j \u003c echoSplit.length; j++) {","lastModifiedDate":"2023-01-22"},{"lineNumber":113,"author":{"gitId":"tariq-droid"},"content":"                    if (j \u003d\u003d echoSplit.length - 1) {","lastModifiedDate":"2023-01-23"},{"lineNumber":114,"author":{"gitId":"tariq-droid"},"content":"                        to +\u003d echoSplit[j];","lastModifiedDate":"2023-01-22"},{"lineNumber":115,"author":{"gitId":"tariq-droid"},"content":"                    } else {","lastModifiedDate":"2023-01-23"},{"lineNumber":116,"author":{"gitId":"tariq-droid"},"content":"                        to +\u003d echoSplit[j] + \" \";","lastModifiedDate":"2023-01-22"},{"lineNumber":117,"author":{"gitId":"tariq-droid"},"content":"                    }","lastModifiedDate":"2023-01-22"},{"lineNumber":118,"author":{"gitId":"tariq-droid"},"content":"                }","lastModifiedDate":"2023-01-23"},{"lineNumber":119,"author":{"gitId":"tariq-droid"},"content":"                for (int j \u003d 1; j \u003c fromI; j++) {","lastModifiedDate":"2023-01-22"},{"lineNumber":120,"author":{"gitId":"tariq-droid"},"content":"                    task +\u003d echoSplit[j] + \" \";","lastModifiedDate":"2023-01-22"},{"lineNumber":121,"author":{"gitId":"tariq-droid"},"content":"                }","lastModifiedDate":"2023-01-22"},{"lineNumber":122,"author":{"gitId":"tariq-droid"},"content":"                break;","lastModifiedDate":"2023-01-22"},{"lineNumber":123,"author":{"gitId":"tariq-droid"},"content":"            }","lastModifiedDate":"2023-01-22"},{"lineNumber":124,"author":{"gitId":"tariq-droid"},"content":"","lastModifiedDate":"2023-01-22"},{"lineNumber":125,"author":{"gitId":"tariq-droid"},"content":"","lastModifiedDate":"2023-01-22"},{"lineNumber":126,"author":{"gitId":"tariq-droid"},"content":"        }","lastModifiedDate":"2023-01-22"},{"lineNumber":127,"author":{"gitId":"tariq-droid"},"content":"        list.add(new Event(task, from, to));","lastModifiedDate":"2023-01-22"},{"lineNumber":128,"author":{"gitId":"tariq-droid"},"content":"        if (print \u003d\u003d 0)","lastModifiedDate":"2023-01-22"},{"lineNumber":129,"author":{"gitId":"tariq-droid"},"content":"            System.out.println(\"    -------------------------------------------\\n    \"","lastModifiedDate":"2023-01-23"},{"lineNumber":130,"author":{"gitId":"tariq-droid"},"content":"                    + \"added: \" + task","lastModifiedDate":"2023-01-23"},{"lineNumber":131,"author":{"gitId":"tariq-droid"},"content":"                    +\"\\n    -------------------------------------------\");","lastModifiedDate":"2023-01-23"},{"lineNumber":132,"author":{"gitId":"tariq-droid"},"content":"    }","lastModifiedDate":"2023-01-22"},{"lineNumber":133,"author":{"gitId":"tariq-droid"},"content":"    public void addDeadline(String[] echoSplit, ArrayList\u003cTask\u003e list, int print){","lastModifiedDate":"2023-01-22"},{"lineNumber":134,"author":{"gitId":"tariq-droid"},"content":"        String task \u003d \"\";","lastModifiedDate":"2023-01-22"},{"lineNumber":135,"author":{"gitId":"tariq-droid"},"content":"        String date \u003d \"\";","lastModifiedDate":"2023-01-22"},{"lineNumber":136,"author":{"gitId":"tariq-droid"},"content":"","lastModifiedDate":"2023-01-22"},{"lineNumber":137,"author":{"gitId":"tariq-droid"},"content":"        for (int i \u003d 1; i \u003c echoSplit.length; i++) {","lastModifiedDate":"2023-01-22"},{"lineNumber":138,"author":{"gitId":"tariq-droid"},"content":"            if (echoSplit[i].equals(\"/by\") || echoSplit[i].equals(\"by:\")){","lastModifiedDate":"2023-01-22"},{"lineNumber":139,"author":{"gitId":"tariq-droid"},"content":"","lastModifiedDate":"2023-01-22"},{"lineNumber":140,"author":{"gitId":"tariq-droid"},"content":"                for (int j \u003d 1; j \u003c i; j++) {","lastModifiedDate":"2023-01-22"},{"lineNumber":141,"author":{"gitId":"tariq-droid"},"content":"                    if (j \u003d\u003d i-1) {","lastModifiedDate":"2023-01-23"},{"lineNumber":142,"author":{"gitId":"tariq-droid"},"content":"                        task +\u003d echoSplit[j];","lastModifiedDate":"2023-01-22"},{"lineNumber":143,"author":{"gitId":"tariq-droid"},"content":"                    } else {","lastModifiedDate":"2023-01-23"},{"lineNumber":144,"author":{"gitId":"tariq-droid"},"content":"                        task +\u003d echoSplit[j] + \" \";","lastModifiedDate":"2023-01-22"},{"lineNumber":145,"author":{"gitId":"tariq-droid"},"content":"                    }","lastModifiedDate":"2023-01-22"},{"lineNumber":146,"author":{"gitId":"tariq-droid"},"content":"                }","lastModifiedDate":"2023-01-23"},{"lineNumber":147,"author":{"gitId":"tariq-droid"},"content":"                for (int j \u003d i + 1; j \u003c echoSplit.length; j++) {","lastModifiedDate":"2023-01-22"},{"lineNumber":148,"author":{"gitId":"tariq-droid"},"content":"                    if (j \u003d\u003d echoSplit.length - 1) {","lastModifiedDate":"2023-01-23"},{"lineNumber":149,"author":{"gitId":"tariq-droid"},"content":"                        date +\u003d echoSplit[j];","lastModifiedDate":"2023-01-22"},{"lineNumber":150,"author":{"gitId":"tariq-droid"},"content":"                    } else {","lastModifiedDate":"2023-01-23"},{"lineNumber":151,"author":{"gitId":"tariq-droid"},"content":"                        date +\u003d echoSplit[j] + \" \";","lastModifiedDate":"2023-01-22"},{"lineNumber":152,"author":{"gitId":"tariq-droid"},"content":"                    }","lastModifiedDate":"2023-01-22"},{"lineNumber":153,"author":{"gitId":"tariq-droid"},"content":"                }","lastModifiedDate":"2023-01-23"},{"lineNumber":154,"author":{"gitId":"tariq-droid"},"content":"","lastModifiedDate":"2023-01-22"},{"lineNumber":155,"author":{"gitId":"tariq-droid"},"content":"                list.add(new Deadline(task, date));","lastModifiedDate":"2023-01-22"},{"lineNumber":156,"author":{"gitId":"tariq-droid"},"content":"                if (print \u003d\u003d 0) {","lastModifiedDate":"2023-01-22"},{"lineNumber":157,"author":{"gitId":"tariq-droid"},"content":"                    System.out.println(echoSplit[i+1]);","lastModifiedDate":"2023-01-22"},{"lineNumber":158,"author":{"gitId":"tariq-droid"},"content":"                    System.out.println(\"    -------------------------------------------\\n    \"","lastModifiedDate":"2023-01-23"},{"lineNumber":159,"author":{"gitId":"tariq-droid"},"content":"                            + \"added: \" + task","lastModifiedDate":"2023-01-23"},{"lineNumber":160,"author":{"gitId":"tariq-droid"},"content":"                            +\"\\n    -------------------------------------------\");","lastModifiedDate":"2023-01-23"},{"lineNumber":161,"author":{"gitId":"tariq-droid"},"content":"                }","lastModifiedDate":"2023-01-22"},{"lineNumber":162,"author":{"gitId":"tariq-droid"},"content":"","lastModifiedDate":"2023-01-22"},{"lineNumber":163,"author":{"gitId":"tariq-droid"},"content":"            }","lastModifiedDate":"2023-01-22"},{"lineNumber":164,"author":{"gitId":"tariq-droid"},"content":"        }","lastModifiedDate":"2023-01-22"},{"lineNumber":165,"author":{"gitId":"tariq-droid"},"content":"    }","lastModifiedDate":"2023-01-22"},{"lineNumber":166,"author":{"gitId":"tariq-droid"},"content":"","lastModifiedDate":"2023-01-22"},{"lineNumber":167,"author":{"gitId":"tariq-droid"},"content":"","lastModifiedDate":"2023-01-22"},{"lineNumber":168,"author":{"gitId":"tariq-droid"},"content":"","lastModifiedDate":"2023-01-22"},{"lineNumber":169,"author":{"gitId":"tariq-droid"},"content":"","lastModifiedDate":"2023-01-22"},{"lineNumber":170,"author":{"gitId":"tariq-droid"},"content":"}","lastModifiedDate":"2023-01-22"}],"authorContributionMap":{"tariq-droid":170}},{"path":"src/main/java/seedu/duke/Task.java","fileType":"java","lines":[{"lineNumber":1,"author":{"gitId":"tariq-droid"},"content":"package seedu.duke;","lastModifiedDate":"2023-01-22"},{"lineNumber":2,"author":{"gitId":"tariq-droid"},"content":"","lastModifiedDate":"2023-01-22"},{"lineNumber":3,"author":{"gitId":"tariq-droid"},"content":"public class Task {","lastModifiedDate":"2023-01-14"},{"lineNumber":4,"author":{"gitId":"tariq-droid"},"content":"    protected String description;","lastModifiedDate":"2023-01-14"},{"lineNumber":5,"author":{"gitId":"tariq-droid"},"content":"    protected boolean isDone;","lastModifiedDate":"2023-01-14"},{"lineNumber":6,"author":{"gitId":"tariq-droid"},"content":"","lastModifiedDate":"2023-01-14"},{"lineNumber":7,"author":{"gitId":"tariq-droid"},"content":"    public Task(String description) {","lastModifiedDate":"2023-01-14"},{"lineNumber":8,"author":{"gitId":"tariq-droid"},"content":"        this.description \u003d description;","lastModifiedDate":"2023-01-14"},{"lineNumber":9,"author":{"gitId":"tariq-droid"},"content":"        this.isDone \u003d false;","lastModifiedDate":"2023-01-14"},{"lineNumber":10,"author":{"gitId":"tariq-droid"},"content":"    }","lastModifiedDate":"2023-01-14"},{"lineNumber":11,"author":{"gitId":"tariq-droid"},"content":"","lastModifiedDate":"2023-01-14"},{"lineNumber":12,"author":{"gitId":"tariq-droid"},"content":"    public String getStatusIcon() {","lastModifiedDate":"2023-01-14"},{"lineNumber":13,"author":{"gitId":"tariq-droid"},"content":"        return (isDone ? \" Y \" : \" N \"); // mark done task with X","lastModifiedDate":"2023-01-21"},{"lineNumber":14,"author":{"gitId":"tariq-droid"},"content":"    }","lastModifiedDate":"2023-01-14"},{"lineNumber":15,"author":{"gitId":"tariq-droid"},"content":"","lastModifiedDate":"2023-01-14"},{"lineNumber":16,"author":{"gitId":"tariq-droid"},"content":"    public String getDescription() {","lastModifiedDate":"2023-01-23"},{"lineNumber":17,"author":{"gitId":"tariq-droid"},"content":"        return this.description;","lastModifiedDate":"2023-01-23"},{"lineNumber":18,"author":{"gitId":"tariq-droid"},"content":"    }","lastModifiedDate":"2023-01-23"},{"lineNumber":19,"author":{"gitId":"tariq-droid"},"content":"    @Override","lastModifiedDate":"2023-01-14"},{"lineNumber":20,"author":{"gitId":"tariq-droid"},"content":"    public String toString() {","lastModifiedDate":"2023-01-14"},{"lineNumber":21,"author":{"gitId":"tariq-droid"},"content":"        return \"[\" + this.getStatusIcon() + \"] \" + this.description;","lastModifiedDate":"2023-01-14"},{"lineNumber":22,"author":{"gitId":"tariq-droid"},"content":"    }","lastModifiedDate":"2023-01-14"},{"lineNumber":23,"author":{"gitId":"tariq-droid"},"content":"}","lastModifiedDate":"2023-01-14"}],"authorContributionMap":{"tariq-droid":23}},{"path":"src/main/java/seedu/duke/TaskList.java","fileType":"java","lines":[{"lineNumber":1,"author":{"gitId":"tariq-droid"},"content":"package seedu.duke;","lastModifiedDate":"2023-01-22"},{"lineNumber":2,"author":{"gitId":"tariq-droid"},"content":"","lastModifiedDate":"2023-01-23"},{"lineNumber":3,"author":{"gitId":"tariq-droid"},"content":"import java.util.ArrayList;","lastModifiedDate":"2023-01-22"},{"lineNumber":4,"author":{"gitId":"tariq-droid"},"content":"","lastModifiedDate":"2023-01-22"},{"lineNumber":5,"author":{"gitId":"tariq-droid"},"content":"/**","lastModifiedDate":"2023-01-23"},{"lineNumber":6,"author":{"gitId":"tariq-droid"},"content":" * Class that contains the tasks and the actions to do on them.","lastModifiedDate":"2023-01-23"},{"lineNumber":7,"author":{"gitId":"tariq-droid"},"content":" * it extends the Task class.","lastModifiedDate":"2023-01-23"},{"lineNumber":8,"author":{"gitId":"tariq-droid"},"content":" *","lastModifiedDate":"2023-01-23"},{"lineNumber":9,"author":{"gitId":"tariq-droid"},"content":" * @param list ArrayList of tasks containing the tasks.","lastModifiedDate":"2023-01-23"},{"lineNumber":10,"author":{"gitId":"tariq-droid"},"content":" */","lastModifiedDate":"2023-01-23"},{"lineNumber":11,"author":{"gitId":"tariq-droid"},"content":"public class TaskList {","lastModifiedDate":"2023-01-22"},{"lineNumber":12,"author":{"gitId":"tariq-droid"},"content":"    protected ArrayList\u003cTask\u003e list;","lastModifiedDate":"2023-01-22"},{"lineNumber":13,"author":{"gitId":"tariq-droid"},"content":"","lastModifiedDate":"2023-01-22"},{"lineNumber":14,"author":{"gitId":"tariq-droid"},"content":"    public TaskList(ArrayList\u003cTask\u003e list){","lastModifiedDate":"2023-01-22"},{"lineNumber":15,"author":{"gitId":"tariq-droid"},"content":"        this.list \u003d list;","lastModifiedDate":"2023-01-22"},{"lineNumber":16,"author":{"gitId":"tariq-droid"},"content":"    }","lastModifiedDate":"2023-01-22"},{"lineNumber":17,"author":{"gitId":"tariq-droid"},"content":"    public TaskList(){","lastModifiedDate":"2023-01-22"},{"lineNumber":18,"author":{"gitId":"tariq-droid"},"content":"        this.list \u003d new ArrayList\u003cTask\u003e();","lastModifiedDate":"2023-01-22"},{"lineNumber":19,"author":{"gitId":"tariq-droid"},"content":"    }","lastModifiedDate":"2023-01-22"},{"lineNumber":20,"author":{"gitId":"tariq-droid"},"content":"","lastModifiedDate":"2023-01-23"},{"lineNumber":21,"author":{"gitId":"tariq-droid"},"content":"    /**","lastModifiedDate":"2023-01-23"},{"lineNumber":22,"author":{"gitId":"tariq-droid"},"content":"     * Marks a task as done.","lastModifiedDate":"2023-01-23"},{"lineNumber":23,"author":{"gitId":"tariq-droid"},"content":"     *","lastModifiedDate":"2023-01-23"},{"lineNumber":24,"author":{"gitId":"tariq-droid"},"content":"     * @param index the index of the task that is to be marked.","lastModifiedDate":"2023-01-23"},{"lineNumber":25,"author":{"gitId":"tariq-droid"},"content":"     */","lastModifiedDate":"2023-01-23"},{"lineNumber":26,"author":{"gitId":"tariq-droid"},"content":"    public void mark(int index){","lastModifiedDate":"2023-01-22"},{"lineNumber":27,"author":{"gitId":"tariq-droid"},"content":"        try {","lastModifiedDate":"2023-01-22"},{"lineNumber":28,"author":{"gitId":"tariq-droid"},"content":"            list.get(index).isDone \u003d true;","lastModifiedDate":"2023-01-22"},{"lineNumber":29,"author":{"gitId":"tariq-droid"},"content":"            System.out.println(\"    -------------------------------------------\");","lastModifiedDate":"2023-01-22"},{"lineNumber":30,"author":{"gitId":"tariq-droid"},"content":"            System.out.println(\"Nice! I\u0027ve marked this task as done:\");","lastModifiedDate":"2023-01-22"},{"lineNumber":31,"author":{"gitId":"tariq-droid"},"content":"            System.out.println(\"    \" + \"[\" + list.get(index).getStatusIcon() + \"] \" + list.get(index).description);","lastModifiedDate":"2023-01-22"},{"lineNumber":32,"author":{"gitId":"tariq-droid"},"content":"            System.out.println(\"    -------------------------------------------\");","lastModifiedDate":"2023-01-22"},{"lineNumber":33,"author":{"gitId":"tariq-droid"},"content":"        } catch (IndexOutOfBoundsException e) {","lastModifiedDate":"2023-01-22"},{"lineNumber":34,"author":{"gitId":"tariq-droid"},"content":"            System.out.println(\"caught IOOBE\");","lastModifiedDate":"2023-01-22"},{"lineNumber":35,"author":{"gitId":"tariq-droid"},"content":"        } catch (NullPointerException n) {","lastModifiedDate":"2023-01-22"},{"lineNumber":36,"author":{"gitId":"tariq-droid"},"content":"            System.out.println(\"caught NPE\");","lastModifiedDate":"2023-01-22"},{"lineNumber":37,"author":{"gitId":"tariq-droid"},"content":"        }","lastModifiedDate":"2023-01-22"},{"lineNumber":38,"author":{"gitId":"tariq-droid"},"content":"    }","lastModifiedDate":"2023-01-22"},{"lineNumber":39,"author":{"gitId":"tariq-droid"},"content":"","lastModifiedDate":"2023-01-22"},{"lineNumber":40,"author":{"gitId":"tariq-droid"},"content":"    /**","lastModifiedDate":"2023-01-23"},{"lineNumber":41,"author":{"gitId":"tariq-droid"},"content":"     * Marks a task as being not done.","lastModifiedDate":"2023-01-23"},{"lineNumber":42,"author":{"gitId":"tariq-droid"},"content":"     *","lastModifiedDate":"2023-01-23"},{"lineNumber":43,"author":{"gitId":"tariq-droid"},"content":"     * @param index the index of the task that is to be unmarked.","lastModifiedDate":"2023-01-23"},{"lineNumber":44,"author":{"gitId":"tariq-droid"},"content":"     */","lastModifiedDate":"2023-01-23"},{"lineNumber":45,"author":{"gitId":"tariq-droid"},"content":"    public void unmark(int index){","lastModifiedDate":"2023-01-22"},{"lineNumber":46,"author":{"gitId":"tariq-droid"},"content":"        list.get(index).isDone \u003d false;","lastModifiedDate":"2023-01-22"},{"lineNumber":47,"author":{"gitId":"tariq-droid"},"content":"        System.out.println(\"    -------------------------------------------\");","lastModifiedDate":"2023-01-22"},{"lineNumber":48,"author":{"gitId":"tariq-droid"},"content":"        System.out.println(\"Nice! I\u0027ve marked this task as not done yet:\");","lastModifiedDate":"2023-01-22"},{"lineNumber":49,"author":{"gitId":"tariq-droid"},"content":"        System.out.println(\"    \" +","lastModifiedDate":"2023-01-23"},{"lineNumber":50,"author":{"gitId":"tariq-droid"},"content":"                \"[\" + list.get(index).getStatusIcon() + \"] \"","lastModifiedDate":"2023-01-23"},{"lineNumber":51,"author":{"gitId":"tariq-droid"},"content":"                + list.get(index).description);","lastModifiedDate":"2023-01-23"},{"lineNumber":52,"author":{"gitId":"tariq-droid"},"content":"        System.out.println(\"    -------------------------------------------\");","lastModifiedDate":"2023-01-22"},{"lineNumber":53,"author":{"gitId":"tariq-droid"},"content":"    }","lastModifiedDate":"2023-01-22"},{"lineNumber":54,"author":{"gitId":"tariq-droid"},"content":"","lastModifiedDate":"2023-01-22"},{"lineNumber":55,"author":{"gitId":"tariq-droid"},"content":"    /**","lastModifiedDate":"2023-01-23"},{"lineNumber":56,"author":{"gitId":"tariq-droid"},"content":"     * prints the tasks.","lastModifiedDate":"2023-01-23"},{"lineNumber":57,"author":{"gitId":"tariq-droid"},"content":"     */","lastModifiedDate":"2023-01-23"},{"lineNumber":58,"author":{"gitId":"tariq-droid"},"content":"    public void showList(){","lastModifiedDate":"2023-01-22"},{"lineNumber":59,"author":{"gitId":"tariq-droid"},"content":"        System.out.println(\"    -------------------------------------------\");","lastModifiedDate":"2023-01-22"},{"lineNumber":60,"author":{"gitId":"tariq-droid"},"content":"        for (int i \u003d 0; i \u003c list.size(); i++) {","lastModifiedDate":"2023-01-22"},{"lineNumber":61,"author":{"gitId":"tariq-droid"},"content":"            System.out.println(\"    \" + String.valueOf(i + 1) + \".\"  + list.get(i).toString());","lastModifiedDate":"2023-01-22"},{"lineNumber":62,"author":{"gitId":"tariq-droid"},"content":"        }","lastModifiedDate":"2023-01-22"},{"lineNumber":63,"author":{"gitId":"tariq-droid"},"content":"        System.out.println(\"    -------------------------------------------\");","lastModifiedDate":"2023-01-22"},{"lineNumber":64,"author":{"gitId":"tariq-droid"},"content":"    }","lastModifiedDate":"2023-01-22"},{"lineNumber":65,"author":{"gitId":"tariq-droid"},"content":"","lastModifiedDate":"2023-01-22"},{"lineNumber":66,"author":{"gitId":"tariq-droid"},"content":"    /**","lastModifiedDate":"2023-01-23"},{"lineNumber":67,"author":{"gitId":"tariq-droid"},"content":"     * Adds a ToDo task to the list.","lastModifiedDate":"2023-01-23"},{"lineNumber":68,"author":{"gitId":"tariq-droid"},"content":"     *","lastModifiedDate":"2023-01-23"},{"lineNumber":69,"author":{"gitId":"tariq-droid"},"content":"     * @param echoSplit an array of String containing the words of the command given.","lastModifiedDate":"2023-01-23"},{"lineNumber":70,"author":{"gitId":"tariq-droid"},"content":"     */","lastModifiedDate":"2023-01-23"},{"lineNumber":71,"author":{"gitId":"tariq-droid"},"content":"    public void addToDo(String[] echoSplit){","lastModifiedDate":"2023-01-22"},{"lineNumber":72,"author":{"gitId":"tariq-droid"},"content":"        String task \u003d \"\";","lastModifiedDate":"2023-01-22"},{"lineNumber":73,"author":{"gitId":"tariq-droid"},"content":"        for (int i \u003d 1; i \u003c echoSplit.length; i++) {","lastModifiedDate":"2023-01-22"},{"lineNumber":74,"author":{"gitId":"tariq-droid"},"content":"            task +\u003d echoSplit[i] + \" \";","lastModifiedDate":"2023-01-22"},{"lineNumber":75,"author":{"gitId":"tariq-droid"},"content":"        }","lastModifiedDate":"2023-01-22"},{"lineNumber":76,"author":{"gitId":"tariq-droid"},"content":"        list.add(new ToDo(task));","lastModifiedDate":"2023-01-22"},{"lineNumber":77,"author":{"gitId":"tariq-droid"},"content":"        System.out.println(\"    -------------------------------------------\\n    \"","lastModifiedDate":"2023-01-23"},{"lineNumber":78,"author":{"gitId":"tariq-droid"},"content":"                + \"added: \" + task","lastModifiedDate":"2023-01-23"},{"lineNumber":79,"author":{"gitId":"tariq-droid"},"content":"                +\"\\n    -------------------------------------------\");","lastModifiedDate":"2023-01-23"},{"lineNumber":80,"author":{"gitId":"tariq-droid"},"content":"    }","lastModifiedDate":"2023-01-22"},{"lineNumber":81,"author":{"gitId":"tariq-droid"},"content":"","lastModifiedDate":"2023-01-23"},{"lineNumber":82,"author":{"gitId":"tariq-droid"},"content":"    /**","lastModifiedDate":"2023-01-23"},{"lineNumber":83,"author":{"gitId":"tariq-droid"},"content":"     * Adds an Event task to the list.","lastModifiedDate":"2023-01-23"},{"lineNumber":84,"author":{"gitId":"tariq-droid"},"content":"     *","lastModifiedDate":"2023-01-23"},{"lineNumber":85,"author":{"gitId":"tariq-droid"},"content":"     * @param echoSplit an array of String containing the words of the command given.","lastModifiedDate":"2023-01-23"},{"lineNumber":86,"author":{"gitId":"tariq-droid"},"content":"     * @param print an int that specifies whether to print the action or not.","lastModifiedDate":"2023-01-23"},{"lineNumber":87,"author":{"gitId":"tariq-droid"},"content":"     */","lastModifiedDate":"2023-01-23"},{"lineNumber":88,"author":{"gitId":"tariq-droid"},"content":"    public void addEvent(String[] echoSplit, int print){","lastModifiedDate":"2023-01-22"},{"lineNumber":89,"author":{"gitId":"tariq-droid"},"content":"        String task \u003d \"\";","lastModifiedDate":"2023-01-22"},{"lineNumber":90,"author":{"gitId":"tariq-droid"},"content":"        int fromI \u003d 0;","lastModifiedDate":"2023-01-22"},{"lineNumber":91,"author":{"gitId":"tariq-droid"},"content":"        int toI \u003d 0;","lastModifiedDate":"2023-01-22"},{"lineNumber":92,"author":{"gitId":"tariq-droid"},"content":"        String from \u003d \"\";","lastModifiedDate":"2023-01-22"},{"lineNumber":93,"author":{"gitId":"tariq-droid"},"content":"        String to \u003d \"\";","lastModifiedDate":"2023-01-22"},{"lineNumber":94,"author":{"gitId":"tariq-droid"},"content":"","lastModifiedDate":"2023-01-22"},{"lineNumber":95,"author":{"gitId":"tariq-droid"},"content":"        for (int i \u003d 1; i \u003c echoSplit.length; i++) {","lastModifiedDate":"2023-01-22"},{"lineNumber":96,"author":{"gitId":"tariq-droid"},"content":"","lastModifiedDate":"2023-01-22"},{"lineNumber":97,"author":{"gitId":"tariq-droid"},"content":"            if(echoSplit[i].equals(\"/from\") || echoSplit[i].equals(\"from:\")) {","lastModifiedDate":"2023-01-22"},{"lineNumber":98,"author":{"gitId":"tariq-droid"},"content":"                fromI \u003d i;","lastModifiedDate":"2023-01-22"},{"lineNumber":99,"author":{"gitId":"tariq-droid"},"content":"            }","lastModifiedDate":"2023-01-22"},{"lineNumber":100,"author":{"gitId":"tariq-droid"},"content":"            if(echoSplit[i].equals(\"/to\") || echoSplit[i].equals(\"to:\")) {","lastModifiedDate":"2023-01-22"},{"lineNumber":101,"author":{"gitId":"tariq-droid"},"content":"                toI \u003d i;","lastModifiedDate":"2023-01-22"},{"lineNumber":102,"author":{"gitId":"tariq-droid"},"content":"","lastModifiedDate":"2023-01-22"},{"lineNumber":103,"author":{"gitId":"tariq-droid"},"content":"                for (int j \u003d fromI + 1; j \u003c toI; j++) {","lastModifiedDate":"2023-01-22"},{"lineNumber":104,"author":{"gitId":"tariq-droid"},"content":"                    if(j \u003d\u003d toI - 1)","lastModifiedDate":"2023-01-22"},{"lineNumber":105,"author":{"gitId":"tariq-droid"},"content":"                        from +\u003d echoSplit[j];","lastModifiedDate":"2023-01-22"},{"lineNumber":106,"author":{"gitId":"tariq-droid"},"content":"                    else","lastModifiedDate":"2023-01-22"},{"lineNumber":107,"author":{"gitId":"tariq-droid"},"content":"                        from +\u003d echoSplit[j]+ \" \";","lastModifiedDate":"2023-01-22"},{"lineNumber":108,"author":{"gitId":"tariq-droid"},"content":"                }","lastModifiedDate":"2023-01-22"},{"lineNumber":109,"author":{"gitId":"tariq-droid"},"content":"                for (int j \u003d toI + 1; j \u003c echoSplit.length; j++) {","lastModifiedDate":"2023-01-22"},{"lineNumber":110,"author":{"gitId":"tariq-droid"},"content":"                    if(j \u003d\u003d echoSplit.length - 1)","lastModifiedDate":"2023-01-22"},{"lineNumber":111,"author":{"gitId":"tariq-droid"},"content":"                        to +\u003d echoSplit[j];","lastModifiedDate":"2023-01-22"},{"lineNumber":112,"author":{"gitId":"tariq-droid"},"content":"                    else","lastModifiedDate":"2023-01-22"},{"lineNumber":113,"author":{"gitId":"tariq-droid"},"content":"                        to +\u003d echoSplit[j] + \" \";","lastModifiedDate":"2023-01-22"},{"lineNumber":114,"author":{"gitId":"tariq-droid"},"content":"                }","lastModifiedDate":"2023-01-22"},{"lineNumber":115,"author":{"gitId":"tariq-droid"},"content":"                for (int j \u003d 1; j \u003c fromI; j++) {","lastModifiedDate":"2023-01-22"},{"lineNumber":116,"author":{"gitId":"tariq-droid"},"content":"                    task +\u003d echoSplit[j] + \" \";","lastModifiedDate":"2023-01-22"},{"lineNumber":117,"author":{"gitId":"tariq-droid"},"content":"                }","lastModifiedDate":"2023-01-22"},{"lineNumber":118,"author":{"gitId":"tariq-droid"},"content":"                break;","lastModifiedDate":"2023-01-22"},{"lineNumber":119,"author":{"gitId":"tariq-droid"},"content":"            }","lastModifiedDate":"2023-01-22"},{"lineNumber":120,"author":{"gitId":"tariq-droid"},"content":"","lastModifiedDate":"2023-01-22"},{"lineNumber":121,"author":{"gitId":"tariq-droid"},"content":"","lastModifiedDate":"2023-01-22"},{"lineNumber":122,"author":{"gitId":"tariq-droid"},"content":"        }","lastModifiedDate":"2023-01-22"},{"lineNumber":123,"author":{"gitId":"tariq-droid"},"content":"        list.add(new Event(task, from, to));","lastModifiedDate":"2023-01-22"},{"lineNumber":124,"author":{"gitId":"tariq-droid"},"content":"        if(print \u003d\u003d 0)","lastModifiedDate":"2023-01-22"},{"lineNumber":125,"author":{"gitId":"tariq-droid"},"content":"            System.out.println(\"    -------------------------------------------\\n    \"","lastModifiedDate":"2023-01-23"},{"lineNumber":126,"author":{"gitId":"tariq-droid"},"content":"                    + \"added: \" + task","lastModifiedDate":"2023-01-23"},{"lineNumber":127,"author":{"gitId":"tariq-droid"},"content":"                    +\"\\n    -------------------------------------------\");","lastModifiedDate":"2023-01-23"},{"lineNumber":128,"author":{"gitId":"tariq-droid"},"content":"    }","lastModifiedDate":"2023-01-22"},{"lineNumber":129,"author":{"gitId":"tariq-droid"},"content":"","lastModifiedDate":"2023-01-23"},{"lineNumber":130,"author":{"gitId":"tariq-droid"},"content":"    /**","lastModifiedDate":"2023-01-23"},{"lineNumber":131,"author":{"gitId":"tariq-droid"},"content":"     * Adds a Deadline task to the list.","lastModifiedDate":"2023-01-23"},{"lineNumber":132,"author":{"gitId":"tariq-droid"},"content":"     *","lastModifiedDate":"2023-01-23"},{"lineNumber":133,"author":{"gitId":"tariq-droid"},"content":"     * @param echoSplit an array of String containing the words of the command given.","lastModifiedDate":"2023-01-23"},{"lineNumber":134,"author":{"gitId":"tariq-droid"},"content":"     * @param print an int that specifies whether to print the action or not.","lastModifiedDate":"2023-01-23"},{"lineNumber":135,"author":{"gitId":"tariq-droid"},"content":"     */","lastModifiedDate":"2023-01-23"},{"lineNumber":136,"author":{"gitId":"tariq-droid"},"content":"    public void addDeadline(String[] echoSplit, int print){","lastModifiedDate":"2023-01-22"},{"lineNumber":137,"author":{"gitId":"tariq-droid"},"content":"        String task \u003d \"\";","lastModifiedDate":"2023-01-22"},{"lineNumber":138,"author":{"gitId":"tariq-droid"},"content":"        String date \u003d \"\";","lastModifiedDate":"2023-01-22"},{"lineNumber":139,"author":{"gitId":"tariq-droid"},"content":"","lastModifiedDate":"2023-01-22"},{"lineNumber":140,"author":{"gitId":"tariq-droid"},"content":"        for (int i \u003d 1; i \u003c echoSplit.length; i++) {","lastModifiedDate":"2023-01-22"},{"lineNumber":141,"author":{"gitId":"tariq-droid"},"content":"            if(echoSplit[i].equals(\"/by\") || echoSplit[i].equals(\"by:\")){","lastModifiedDate":"2023-01-22"},{"lineNumber":142,"author":{"gitId":"tariq-droid"},"content":"","lastModifiedDate":"2023-01-22"},{"lineNumber":143,"author":{"gitId":"tariq-droid"},"content":"                for (int j \u003d 1; j \u003c i; j++) {","lastModifiedDate":"2023-01-22"},{"lineNumber":144,"author":{"gitId":"tariq-droid"},"content":"                    if(j \u003d\u003d i-1)","lastModifiedDate":"2023-01-22"},{"lineNumber":145,"author":{"gitId":"tariq-droid"},"content":"                        task +\u003d echoSplit[j];","lastModifiedDate":"2023-01-22"},{"lineNumber":146,"author":{"gitId":"tariq-droid"},"content":"                    else","lastModifiedDate":"2023-01-22"},{"lineNumber":147,"author":{"gitId":"tariq-droid"},"content":"                        task +\u003d echoSplit[j] + \" \";","lastModifiedDate":"2023-01-22"},{"lineNumber":148,"author":{"gitId":"tariq-droid"},"content":"                }","lastModifiedDate":"2023-01-22"},{"lineNumber":149,"author":{"gitId":"tariq-droid"},"content":"                for (int j \u003d i + 1; j \u003c echoSplit.length; j++) {","lastModifiedDate":"2023-01-22"},{"lineNumber":150,"author":{"gitId":"tariq-droid"},"content":"                    if(j \u003d\u003d echoSplit.length - 1)","lastModifiedDate":"2023-01-22"},{"lineNumber":151,"author":{"gitId":"tariq-droid"},"content":"                        date +\u003d echoSplit[j];","lastModifiedDate":"2023-01-22"},{"lineNumber":152,"author":{"gitId":"tariq-droid"},"content":"                    else","lastModifiedDate":"2023-01-22"},{"lineNumber":153,"author":{"gitId":"tariq-droid"},"content":"                        date +\u003d echoSplit[j] + \" \";","lastModifiedDate":"2023-01-22"},{"lineNumber":154,"author":{"gitId":"tariq-droid"},"content":"                }","lastModifiedDate":"2023-01-22"},{"lineNumber":155,"author":{"gitId":"tariq-droid"},"content":"","lastModifiedDate":"2023-01-22"},{"lineNumber":156,"author":{"gitId":"tariq-droid"},"content":"                list.add(new Deadline(task, date));","lastModifiedDate":"2023-01-22"},{"lineNumber":157,"author":{"gitId":"tariq-droid"},"content":"                if(print \u003d\u003d 0) {","lastModifiedDate":"2023-01-22"},{"lineNumber":158,"author":{"gitId":"tariq-droid"},"content":"                    System.out.println(echoSplit[i+1]);","lastModifiedDate":"2023-01-22"},{"lineNumber":159,"author":{"gitId":"tariq-droid"},"content":"                    System.out.println(\"    -------------------------------------------\\n    \"","lastModifiedDate":"2023-01-23"},{"lineNumber":160,"author":{"gitId":"tariq-droid"},"content":"                            + \"added: \" + task","lastModifiedDate":"2023-01-23"},{"lineNumber":161,"author":{"gitId":"tariq-droid"},"content":"                            +\"\\n    -------------------------------------------\");","lastModifiedDate":"2023-01-23"},{"lineNumber":162,"author":{"gitId":"tariq-droid"},"content":"                }","lastModifiedDate":"2023-01-22"},{"lineNumber":163,"author":{"gitId":"tariq-droid"},"content":"","lastModifiedDate":"2023-01-22"},{"lineNumber":164,"author":{"gitId":"tariq-droid"},"content":"            }","lastModifiedDate":"2023-01-22"},{"lineNumber":165,"author":{"gitId":"tariq-droid"},"content":"        }","lastModifiedDate":"2023-01-22"},{"lineNumber":166,"author":{"gitId":"tariq-droid"},"content":"    }","lastModifiedDate":"2023-01-22"},{"lineNumber":167,"author":{"gitId":"tariq-droid"},"content":"","lastModifiedDate":"2023-01-23"},{"lineNumber":168,"author":{"gitId":"tariq-droid"},"content":"    /**","lastModifiedDate":"2023-01-23"},{"lineNumber":169,"author":{"gitId":"tariq-droid"},"content":"     * Deletes a task from the list.","lastModifiedDate":"2023-01-23"},{"lineNumber":170,"author":{"gitId":"tariq-droid"},"content":"     * Prints the task that was deleted.","lastModifiedDate":"2023-01-23"},{"lineNumber":171,"author":{"gitId":"tariq-droid"},"content":"     */","lastModifiedDate":"2023-01-23"},{"lineNumber":172,"author":{"gitId":"tariq-droid"},"content":"    public void delete(int index){","lastModifiedDate":"2023-01-22"},{"lineNumber":173,"author":{"gitId":"tariq-droid"},"content":"        System.out.println(\"    -------------------------------------------\\n    \"","lastModifiedDate":"2023-01-23"},{"lineNumber":174,"author":{"gitId":"tariq-droid"},"content":"                + \"removed: \" + list.get(index)","lastModifiedDate":"2023-01-23"},{"lineNumber":175,"author":{"gitId":"tariq-droid"},"content":"                + \"\\n    -------------------------------------------\");","lastModifiedDate":"2023-01-23"},{"lineNumber":176,"author":{"gitId":"tariq-droid"},"content":"        list.remove(index);","lastModifiedDate":"2023-01-22"},{"lineNumber":177,"author":{"gitId":"tariq-droid"},"content":"    }","lastModifiedDate":"2023-01-22"},{"lineNumber":178,"author":{"gitId":"tariq-droid"},"content":"","lastModifiedDate":"2023-01-23"},{"lineNumber":179,"author":{"gitId":"tariq-droid"},"content":"    public void find(String[] echoSplit) {","lastModifiedDate":"2023-01-23"},{"lineNumber":180,"author":{"gitId":"tariq-droid"},"content":"        System.out.println(\"    -------------------------------------------\");","lastModifiedDate":"2023-01-23"},{"lineNumber":181,"author":{"gitId":"tariq-droid"},"content":"        String keyword \u003d echoSplit[1];","lastModifiedDate":"2023-01-23"},{"lineNumber":182,"author":{"gitId":"tariq-droid"},"content":"        for (int i \u003d 0; i \u003c list.size(); i++) {","lastModifiedDate":"2023-01-23"},{"lineNumber":183,"author":{"gitId":"tariq-droid"},"content":"            String description \u003d list.get(i).description;","lastModifiedDate":"2023-01-23"},{"lineNumber":184,"author":{"gitId":"tariq-droid"},"content":"            String[] taskSplit \u003d description.split(\" \");","lastModifiedDate":"2023-01-23"},{"lineNumber":185,"author":{"gitId":"tariq-droid"},"content":"            for (int j \u003d 0; j \u003c taskSplit.length; j++) {","lastModifiedDate":"2023-01-23"},{"lineNumber":186,"author":{"gitId":"tariq-droid"},"content":"                if (keyword.equals(taskSplit[j])) {","lastModifiedDate":"2023-01-23"},{"lineNumber":187,"author":{"gitId":"tariq-droid"},"content":"                    System.out.println(\"    \" + String.valueOf(i + 1) + \".\"  + list.get(i).toString());","lastModifiedDate":"2023-01-23"},{"lineNumber":188,"author":{"gitId":"tariq-droid"},"content":"                    break;","lastModifiedDate":"2023-01-23"},{"lineNumber":189,"author":{"gitId":"tariq-droid"},"content":"                }","lastModifiedDate":"2023-01-23"},{"lineNumber":190,"author":{"gitId":"tariq-droid"},"content":"            }","lastModifiedDate":"2023-01-23"},{"lineNumber":191,"author":{"gitId":"tariq-droid"},"content":"        }","lastModifiedDate":"2023-01-23"},{"lineNumber":192,"author":{"gitId":"tariq-droid"},"content":"        System.out.println(\"    -------------------------------------------\");","lastModifiedDate":"2023-01-23"},{"lineNumber":193,"author":{"gitId":"tariq-droid"},"content":"    }","lastModifiedDate":"2023-01-23"},{"lineNumber":194,"author":{"gitId":"tariq-droid"},"content":"}","lastModifiedDate":"2023-01-22"}],"authorContributionMap":{"tariq-droid":194}},{"path":"src/main/java/seedu/duke/ToDo.java","fileType":"java","lines":[{"lineNumber":1,"author":{"gitId":"tariq-droid"},"content":"package seedu.duke;","lastModifiedDate":"2023-01-22"},{"lineNumber":2,"author":{"gitId":"tariq-droid"},"content":"","lastModifiedDate":"2023-01-22"},{"lineNumber":3,"author":{"gitId":"tariq-droid"},"content":"/**","lastModifiedDate":"2023-01-23"},{"lineNumber":4,"author":{"gitId":"tariq-droid"},"content":" * Class for tasks that are without dates.","lastModifiedDate":"2023-01-23"},{"lineNumber":5,"author":{"gitId":"tariq-droid"},"content":" * it extends the Task class.","lastModifiedDate":"2023-01-23"},{"lineNumber":6,"author":{"gitId":"tariq-droid"},"content":" * @param description description of the task.","lastModifiedDate":"2023-01-23"},{"lineNumber":7,"author":{"gitId":"tariq-droid"},"content":" * @param type task type.","lastModifiedDate":"2023-01-23"},{"lineNumber":8,"author":{"gitId":"tariq-droid"},"content":" */","lastModifiedDate":"2023-01-23"},{"lineNumber":9,"author":{"gitId":"tariq-droid"},"content":"public class ToDo extends Task{","lastModifiedDate":"2023-01-14"},{"lineNumber":10,"author":{"gitId":"tariq-droid"},"content":"    protected String type \u003d \"[ T ]\";","lastModifiedDate":"2023-01-14"},{"lineNumber":11,"author":{"gitId":"tariq-droid"},"content":"","lastModifiedDate":"2023-01-23"},{"lineNumber":12,"author":{"gitId":"tariq-droid"},"content":"    /**","lastModifiedDate":"2023-01-23"},{"lineNumber":13,"author":{"gitId":"tariq-droid"},"content":"     * Constructs an Event task object and initializes the needed parameters.","lastModifiedDate":"2023-01-23"},{"lineNumber":14,"author":{"gitId":"tariq-droid"},"content":"     *","lastModifiedDate":"2023-01-23"},{"lineNumber":15,"author":{"gitId":"tariq-droid"},"content":"     * @param description description of the task.","lastModifiedDate":"2023-01-23"},{"lineNumber":16,"author":{"gitId":"tariq-droid"},"content":"     */","lastModifiedDate":"2023-01-23"},{"lineNumber":17,"author":{"gitId":"tariq-droid"},"content":"    public ToDo(String description) {","lastModifiedDate":"2023-01-14"},{"lineNumber":18,"author":{"gitId":"tariq-droid"},"content":"        super(description);","lastModifiedDate":"2023-01-14"},{"lineNumber":19,"author":{"gitId":"tariq-droid"},"content":"    }","lastModifiedDate":"2023-01-14"},{"lineNumber":20,"author":{"gitId":"tariq-droid"},"content":"","lastModifiedDate":"2023-01-14"},{"lineNumber":21,"author":{"gitId":"tariq-droid"},"content":"    /**","lastModifiedDate":"2023-01-23"},{"lineNumber":22,"author":{"gitId":"tariq-droid"},"content":"     * Returns the string describing the task.","lastModifiedDate":"2023-01-23"},{"lineNumber":23,"author":{"gitId":"tariq-droid"},"content":"     *","lastModifiedDate":"2023-01-23"},{"lineNumber":24,"author":{"gitId":"tariq-droid"},"content":"     * @return description of task.","lastModifiedDate":"2023-01-23"},{"lineNumber":25,"author":{"gitId":"tariq-droid"},"content":"     */","lastModifiedDate":"2023-01-23"},{"lineNumber":26,"author":{"gitId":"tariq-droid"},"content":"    @Override","lastModifiedDate":"2023-01-14"},{"lineNumber":27,"author":{"gitId":"tariq-droid"},"content":"    public String toString() {","lastModifiedDate":"2023-01-14"},{"lineNumber":28,"author":{"gitId":"tariq-droid"},"content":"        return type + super.toString();","lastModifiedDate":"2023-01-14"},{"lineNumber":29,"author":{"gitId":"tariq-droid"},"content":"    }","lastModifiedDate":"2023-01-14"},{"lineNumber":30,"author":{"gitId":"tariq-droid"},"content":"}","lastModifiedDate":"2023-01-14"}],"authorContributionMap":{"tariq-droid":30}},{"path":"src/main/java/seedu/duke/Ui.java","fileType":"java","lines":[{"lineNumber":1,"author":{"gitId":"tariq-droid"},"content":"package seedu.duke;","lastModifiedDate":"2023-01-22"},{"lineNumber":2,"author":{"gitId":"tariq-droid"},"content":"","lastModifiedDate":"2023-01-22"},{"lineNumber":3,"author":{"gitId":"tariq-droid"},"content":"import java.util.Scanner;","lastModifiedDate":"2023-01-22"},{"lineNumber":4,"author":{"gitId":"tariq-droid"},"content":"","lastModifiedDate":"2023-01-22"},{"lineNumber":5,"author":{"gitId":"tariq-droid"},"content":"public class Ui {","lastModifiedDate":"2023-01-22"},{"lineNumber":6,"author":{"gitId":"tariq-droid"},"content":"    public static int COUNTER \u003d 0;","lastModifiedDate":"2023-01-22"},{"lineNumber":7,"author":{"gitId":"tariq-droid"},"content":"","lastModifiedDate":"2023-01-22"},{"lineNumber":8,"author":{"gitId":"tariq-droid"},"content":"    public Ui() {","lastModifiedDate":"2023-01-22"},{"lineNumber":9,"author":{"gitId":"tariq-droid"},"content":"        String logo \u003d \" ____        _        \\n\"","lastModifiedDate":"2023-01-22"},{"lineNumber":10,"author":{"gitId":"tariq-droid"},"content":"                + \"|  _ \\\\ _   _| | _____ \\n\"","lastModifiedDate":"2023-01-22"},{"lineNumber":11,"author":{"gitId":"tariq-droid"},"content":"                + \"| | | | | | | |/ / _ \\\\\\n\"","lastModifiedDate":"2023-01-22"},{"lineNumber":12,"author":{"gitId":"tariq-droid"},"content":"                + \"| |_| | |_| |   \u003c  __/\\n\"","lastModifiedDate":"2023-01-22"},{"lineNumber":13,"author":{"gitId":"tariq-droid"},"content":"                + \"|____/ \\\\__,_|_|\\\\_\\\\___|\\n\";","lastModifiedDate":"2023-01-22"},{"lineNumber":14,"author":{"gitId":"tariq-droid"},"content":"        System.out.println(\"Hello! I\u0027m Duke\\n\" +","lastModifiedDate":"2023-01-22"},{"lineNumber":15,"author":{"gitId":"tariq-droid"},"content":"                \"What can I do for you?\\n\" + logo);","lastModifiedDate":"2023-01-22"},{"lineNumber":16,"author":{"gitId":"tariq-droid"},"content":"    }","lastModifiedDate":"2023-01-22"},{"lineNumber":17,"author":{"gitId":"tariq-droid"},"content":"","lastModifiedDate":"2023-01-22"},{"lineNumber":18,"author":{"gitId":"tariq-droid"},"content":"    public boolean getInput(TaskList tasks) throws DukeException {","lastModifiedDate":"2023-01-22"},{"lineNumber":19,"author":{"gitId":"tariq-droid"},"content":"        Scanner input \u003d new Scanner(System.in);","lastModifiedDate":"2023-01-22"},{"lineNumber":20,"author":{"gitId":"tariq-droid"},"content":"        String echo \u003d input.nextLine();","lastModifiedDate":"2023-01-22"},{"lineNumber":21,"author":{"gitId":"tariq-droid"},"content":"        String[] echoSplit \u003d echo.split(\" \");","lastModifiedDate":"2023-01-23"},{"lineNumber":22,"author":{"gitId":"tariq-droid"},"content":"","lastModifiedDate":"2023-01-22"},{"lineNumber":23,"author":{"gitId":"tariq-droid"},"content":"        if(echo.equals(\"bye\")) {","lastModifiedDate":"2023-01-22"},{"lineNumber":24,"author":{"gitId":"tariq-droid"},"content":"            System.out.println(\"    -------------------------------------------\\n\"","lastModifiedDate":"2023-01-23"},{"lineNumber":25,"author":{"gitId":"tariq-droid"},"content":"                    + \"    Bye. Hope to see you again soon!\\n    -------------------------------------------\");","lastModifiedDate":"2023-01-23"},{"lineNumber":26,"author":{"gitId":"tariq-droid"},"content":"            return false;","lastModifiedDate":"2023-01-22"},{"lineNumber":27,"author":{"gitId":"tariq-droid"},"content":"        } else {","lastModifiedDate":"2023-01-22"},{"lineNumber":28,"author":{"gitId":"tariq-droid"},"content":"            Parser parser \u003d new Parser();","lastModifiedDate":"2023-01-22"},{"lineNumber":29,"author":{"gitId":"tariq-droid"},"content":"            parser.parse(echo, echoSplit, COUNTER, tasks);","lastModifiedDate":"2023-01-22"},{"lineNumber":30,"author":{"gitId":"tariq-droid"},"content":"            return true;","lastModifiedDate":"2023-01-22"},{"lineNumber":31,"author":{"gitId":"tariq-droid"},"content":"        }","lastModifiedDate":"2023-01-22"},{"lineNumber":32,"author":{"gitId":"tariq-droid"},"content":"","lastModifiedDate":"2023-01-22"},{"lineNumber":33,"author":{"gitId":"tariq-droid"},"content":"    }","lastModifiedDate":"2023-01-22"},{"lineNumber":34,"author":{"gitId":"tariq-droid"},"content":"","lastModifiedDate":"2023-01-22"},{"lineNumber":35,"author":{"gitId":"tariq-droid"},"content":"","lastModifiedDate":"2023-01-22"},{"lineNumber":36,"author":{"gitId":"tariq-droid"},"content":"","lastModifiedDate":"2023-01-22"},{"lineNumber":37,"author":{"gitId":"tariq-droid"},"content":"","lastModifiedDate":"2023-01-22"},{"lineNumber":38,"author":{"gitId":"tariq-droid"},"content":"","lastModifiedDate":"2023-01-22"},{"lineNumber":39,"author":{"gitId":"tariq-droid"},"content":"}","lastModifiedDate":"2023-01-22"}],"authorContributionMap":{"tariq-droid":39}},{"path":"src/test/java/seedu/duke/DukeTest.java","fileType":"java","lines":[{"lineNumber":1,"author":{"gitId":"tariq-droid"},"content":"package seedu.duke;","lastModifiedDate":"2023-01-22"},{"lineNumber":2,"author":{"gitId":"tariq-droid"},"content":"","lastModifiedDate":"2023-01-22"},{"lineNumber":3,"author":{"gitId":"tariq-droid"},"content":"import org.junit.jupiter.api.Test;","lastModifiedDate":"2023-01-22"},{"lineNumber":4,"author":{"gitId":"tariq-droid"},"content":"","lastModifiedDate":"2023-01-22"},{"lineNumber":5,"author":{"gitId":"tariq-droid"},"content":"import java.io.IOException;","lastModifiedDate":"2023-01-22"},{"lineNumber":6,"author":{"gitId":"tariq-droid"},"content":"","lastModifiedDate":"2023-01-22"},{"lineNumber":7,"author":{"gitId":"tariq-droid"},"content":"import static org.junit.jupiter.api.Assertions.assertEquals;","lastModifiedDate":"2023-01-22"},{"lineNumber":8,"author":{"gitId":"tariq-droid"},"content":"","lastModifiedDate":"2023-01-22"},{"lineNumber":9,"author":{"gitId":"tariq-droid"},"content":"public class DukeTest {","lastModifiedDate":"2023-01-22"},{"lineNumber":10,"author":{"gitId":"tariq-droid"},"content":"    @Test","lastModifiedDate":"2023-01-22"},{"lineNumber":11,"author":{"gitId":"tariq-droid"},"content":"    public void dummyTest() throws IOException, DukeException {","lastModifiedDate":"2023-01-22"},{"lineNumber":12,"author":{"gitId":"tariq-droid"},"content":"        Duke duke \u003d new Duke(\"duke.txt\");","lastModifiedDate":"2023-01-22"},{"lineNumber":13,"author":{"gitId":"tariq-droid"},"content":"        duke.run();","lastModifiedDate":"2023-01-22"},{"lineNumber":14,"author":{"gitId":"tariq-droid"},"content":"        assertEquals(2, 2);","lastModifiedDate":"2023-01-22"},{"lineNumber":15,"author":{"gitId":"tariq-droid"},"content":"    }","lastModifiedDate":"2023-01-22"},{"lineNumber":16,"author":{"gitId":"tariq-droid"},"content":"}","lastModifiedDate":"2023-01-22"}],"authorContributionMap":{"tariq-droid":16}},{"path":"src/test/java/seedu/duke/ParserTest.java","fileType":"java","lines":[{"lineNumber":1,"author":{"gitId":"tariq-droid"},"content":"package seedu.duke;","lastModifiedDate":"2023-01-22"},{"lineNumber":2,"author":{"gitId":"tariq-droid"},"content":"","lastModifiedDate":"2023-01-22"},{"lineNumber":3,"author":{"gitId":"tariq-droid"},"content":"import org.junit.jupiter.api.Test;","lastModifiedDate":"2023-01-22"},{"lineNumber":4,"author":{"gitId":"tariq-droid"},"content":"","lastModifiedDate":"2023-01-22"},{"lineNumber":5,"author":{"gitId":"tariq-droid"},"content":"import static org.junit.jupiter.api.Assertions.assertEquals;","lastModifiedDate":"2023-01-22"},{"lineNumber":6,"author":{"gitId":"tariq-droid"},"content":"","lastModifiedDate":"2023-01-22"},{"lineNumber":7,"author":{"gitId":"tariq-droid"},"content":"public class ParserTest {","lastModifiedDate":"2023-01-22"},{"lineNumber":8,"author":{"gitId":"tariq-droid"},"content":"    @Test","lastModifiedDate":"2023-01-22"},{"lineNumber":9,"author":{"gitId":"tariq-droid"},"content":"    public void dummyTest() throws DukeException {","lastModifiedDate":"2023-01-22"},{"lineNumber":10,"author":{"gitId":"tariq-droid"},"content":"        Parser parser \u003d new Parser();","lastModifiedDate":"2023-01-22"},{"lineNumber":11,"author":{"gitId":"tariq-droid"},"content":"        TaskList tasks \u003d new TaskList();","lastModifiedDate":"2023-01-22"},{"lineNumber":12,"author":{"gitId":"tariq-droid"},"content":"        parser.parse(\"todo eat\", \"todo eat\".split(\" \"), 0, tasks);","lastModifiedDate":"2023-01-22"},{"lineNumber":13,"author":{"gitId":"tariq-droid"},"content":"        parser.parse(\"deadline eat /by 2018-01-01\", \"deadline eat /by 2018-01-01\".split(\" \"), 1, tasks);","lastModifiedDate":"2023-01-22"},{"lineNumber":14,"author":{"gitId":"tariq-droid"},"content":"        parser.parse(\"event eat /from 2018-01-01 /to 2018-02-02\", \"event eat /from 2018-01-01 /to 2018-02-02\".split(\" \"), 2, tasks);","lastModifiedDate":"2023-01-22"},{"lineNumber":15,"author":{"gitId":"tariq-droid"},"content":"        assertEquals(tasks.list.get(0).toString(), \"[ T ][ N ] eat \");","lastModifiedDate":"2023-01-22"},{"lineNumber":16,"author":{"gitId":"tariq-droid"},"content":"        assertEquals(tasks.list.get(1).toString(), \"[ D ][ N ] eat by: 2018-01-01 \");","lastModifiedDate":"2023-01-22"},{"lineNumber":17,"author":{"gitId":"tariq-droid"},"content":"        assertEquals(tasks.list.get(2).toString(), \"[ E ][ N ] eat from: 2018-01-01 to: 2018-02-02\");","lastModifiedDate":"2023-01-22"},{"lineNumber":18,"author":{"gitId":"tariq-droid"},"content":"    }","lastModifiedDate":"2023-01-22"},{"lineNumber":19,"author":{"gitId":"tariq-droid"},"content":"}","lastModifiedDate":"2023-01-22"}],"authorContributionMap":{"tariq-droid":19}},{"path":"text-ui-test/input.txt","fileType":"txt","lines":[{"lineNumber":1,"author":{"gitId":"tariq-droid"},"content":"todo read","lastModifiedDate":"2023-01-14"},{"lineNumber":2,"author":{"gitId":"tariq-droid"},"content":"deadline read /by anytime","lastModifiedDate":"2023-01-14"},{"lineNumber":3,"author":{"gitId":"tariq-droid"},"content":"event program /from 2 /to 3","lastModifiedDate":"2023-01-14"},{"lineNumber":4,"author":{"gitId":"tariq-droid"},"content":"mark 1","lastModifiedDate":"2023-01-14"},{"lineNumber":5,"author":{"gitId":"tariq-droid"},"content":"list","lastModifiedDate":"2023-01-14"},{"lineNumber":6,"author":{"gitId":"tariq-droid"},"content":"mark 2","lastModifiedDate":"2023-01-14"},{"lineNumber":7,"author":{"gitId":"tariq-droid"},"content":"unmark 1","lastModifiedDate":"2023-01-14"},{"lineNumber":8,"author":{"gitId":"tariq-droid"},"content":"list","lastModifiedDate":"2023-01-14"},{"lineNumber":9,"author":{"gitId":"tariq-droid"},"content":"bye","lastModifiedDate":"2023-01-14"}],"authorContributionMap":{"tariq-droid":9}}]
