{"authorDailyContributionsMap":{"tariq-droid":[{"date":"2023-01-14","commitResults":[{"hash":"5fc33577d503099e0deecd859e75e776b14d5334","messageTitle":"testing","messageBody":"","fileTypesAndContributionMap":{"java":{"insertions":1,"deletions":1}}},{"hash":"421e213de12bdcb6f215ebd35e39151b3ac12969","messageTitle":"Level-1","messageBody":"","fileTypesAndContributionMap":{"java":{"insertions":16,"deletions":1}}},{"hash":"f20a29fa6c39eeed2e0ebccf0c765e9050fc721f","messageTitle":"Level-2","messageBody":"","fileTypesAndContributionMap":{"java":{"insertions":11,"deletions":1}}},{"hash":"6bdc71ad92a39519935cd7e58a7eb8aa7ca8e29b","messageTitle":"Level-3","messageBody":"","fileTypesAndContributionMap":{"java":{"insertions":38,"deletions":4}}},{"hash":"b1ea29194feaa797d513dbbfd4badaa251ab184b","messageTitle":"Level-4","messageBody":"","fileTypesAndContributionMap":{"java":{"insertions":105,"deletions":5}}},{"hash":"f8f966da43f4e68db58da0072c7b0df2350b6f20","messageTitle":"A-TextUiTesting","messageBody":"","fileTypesAndContributionMap":{"txt":{"insertions":9,"deletions":0}}},{"hash":"bc9e55df79102fca7cbd634ecc4a83e205cac01a","messageTitle":"Level-5","messageBody":"","fileTypesAndContributionMap":{"java":{"insertions":27,"deletions":7}}},{"hash":"1581fac4f415d72c2e9d8df4ee1738d60e047394","messageTitle":"Level-6","messageBody":"","fileTypesAndContributionMap":{"java":{"insertions":16,"deletions":10}}}]}]},"authorFileTypeContributionMap":{"tariq-droid":{"java":187,"md":0,"fxml":0,"sh":0,"bat":0,"gradle":0,"txt":9}},"authorContributionVariance":{"tariq-droid":15876.0},"authorDisplayNameMap":{"tariq-droid":"BAHA..ED S"}}
