[{"path":"README.md","fileType":"md","lines":[{"lineNumber":1,"author":{"gitId":"joshua-tyh"},"content":"# Sunday project template","lastModifiedDate":"2023-01-19"},{"lineNumber":2,"author":{"gitId":"-"},"content":"","lastModifiedDate":"2020-05-25"},{"lineNumber":3,"author":{"gitId":"-"},"content":"This is a project template for a greenfield Java project. It\u0027s named after the Java mascot _Duke_. Given below are instructions on how to use it.","lastModifiedDate":"2020-05-25"},{"lineNumber":4,"author":{"gitId":"-"},"content":"","lastModifiedDate":"2020-05-25"},{"lineNumber":5,"author":{"gitId":"-"},"content":"## Setting up in Intellij","lastModifiedDate":"2020-05-25"},{"lineNumber":6,"author":{"gitId":"-"},"content":"","lastModifiedDate":"2020-05-25"},{"lineNumber":7,"author":{"gitId":"-"},"content":"Prerequisites: JDK 11, update Intellij to the most recent version.","lastModifiedDate":"2020-05-25"},{"lineNumber":8,"author":{"gitId":"-"},"content":"","lastModifiedDate":"2020-05-25"},{"lineNumber":9,"author":{"gitId":"-"},"content":"1. Open Intellij (if you are not in the welcome screen, click `File` \u003e `Close Project` to close the existing project first)","lastModifiedDate":"2021-01-17"},{"lineNumber":10,"author":{"gitId":"-"},"content":"1. Open the project into Intellij as follows:","lastModifiedDate":"2021-01-17"},{"lineNumber":11,"author":{"gitId":"-"},"content":"   1. Click `Open`.","lastModifiedDate":"2021-01-17"},{"lineNumber":12,"author":{"gitId":"-"},"content":"   1. Select the project directory, and click `OK`.","lastModifiedDate":"2021-01-17"},{"lineNumber":13,"author":{"gitId":"-"},"content":"   1. If there are any further prompts, accept the defaults.","lastModifiedDate":"2020-05-25"},{"lineNumber":14,"author":{"gitId":"-"},"content":"1. Configure the project to use **JDK 11** (not other versions) as explained in [here](https://www.jetbrains.com/help/idea/sdk.html#set-up-jdk).\u003cbr\u003e","lastModifiedDate":"2021-07-29"},{"lineNumber":15,"author":{"gitId":"-"},"content":"   In the same dialog, set the **Project language level** field to the `SDK default` option.","lastModifiedDate":"2021-07-29"},{"lineNumber":16,"author":{"gitId":"joshua-tyh"},"content":"3. After that, locate the `src/main/java/Sunday.java` file, right-click it, and choose `Run Sunday.main()` (if the code editor is showing compile errors, try restarting the IDE). If the setup is correct, you should see something like the below as the output:","lastModifiedDate":"2023-01-19"},{"lineNumber":17,"author":{"gitId":"-"},"content":"   ```","lastModifiedDate":"2020-05-25"},{"lineNumber":18,"author":{"gitId":"-"},"content":"   Hello from","lastModifiedDate":"2020-05-25"},{"lineNumber":19,"author":{"gitId":"-"},"content":"    ____        _        ","lastModifiedDate":"2020-05-25"},{"lineNumber":20,"author":{"gitId":"-"},"content":"   |  _ \\ _   _| | _____ ","lastModifiedDate":"2020-05-25"},{"lineNumber":21,"author":{"gitId":"-"},"content":"   | | | | | | | |/ / _ \\","lastModifiedDate":"2020-05-25"},{"lineNumber":22,"author":{"gitId":"-"},"content":"   | |_| | |_| |   \u003c  __/","lastModifiedDate":"2020-05-25"},{"lineNumber":23,"author":{"gitId":"-"},"content":"   |____/ \\__,_|_|\\_\\___|","lastModifiedDate":"2020-05-25"},{"lineNumber":24,"author":{"gitId":"-"},"content":"   ```","lastModifiedDate":"2020-05-25"}],"authorContributionMap":{"joshua-tyh":2,"-":22}},{"path":"build.gradle","fileType":"gradle","lines":[{"lineNumber":1,"author":{"gitId":"-"},"content":"plugins {","lastModifiedDate":"2020-05-25"},{"lineNumber":2,"author":{"gitId":"-"},"content":"    id \u0027java\u0027","lastModifiedDate":"2020-05-25"},{"lineNumber":3,"author":{"gitId":"-"},"content":"    id \u0027application\u0027","lastModifiedDate":"2020-05-25"},{"lineNumber":4,"author":{"gitId":"joshua-tyh"},"content":"    id \u0027checkstyle\u0027","lastModifiedDate":"2023-01-31"},{"lineNumber":5,"author":{"gitId":"-"},"content":"    id \u0027com.github.johnrengelman.shadow\u0027 version \u00275.1.0\u0027","lastModifiedDate":"2020-05-25"},{"lineNumber":6,"author":{"gitId":"-"},"content":"}","lastModifiedDate":"2020-05-25"},{"lineNumber":7,"author":{"gitId":"-"},"content":"","lastModifiedDate":"2020-05-25"},{"lineNumber":8,"author":{"gitId":"-"},"content":"repositories {","lastModifiedDate":"2020-05-25"},{"lineNumber":9,"author":{"gitId":"-"},"content":"    mavenCentral()","lastModifiedDate":"2020-05-25"},{"lineNumber":10,"author":{"gitId":"-"},"content":"}","lastModifiedDate":"2020-05-25"},{"lineNumber":11,"author":{"gitId":"-"},"content":"","lastModifiedDate":"2020-05-25"},{"lineNumber":12,"author":{"gitId":"joshua-tyh"},"content":"checkstyle {","lastModifiedDate":"2023-01-31"},{"lineNumber":13,"author":{"gitId":"joshua-tyh"},"content":"    toolVersion \u003d \u002710.2\u0027","lastModifiedDate":"2023-01-31"},{"lineNumber":14,"author":{"gitId":"joshua-tyh"},"content":"}","lastModifiedDate":"2023-01-31"},{"lineNumber":15,"author":{"gitId":"joshua-tyh"},"content":"","lastModifiedDate":"2023-01-31"},{"lineNumber":16,"author":{"gitId":"-"},"content":"dependencies {","lastModifiedDate":"2020-05-25"},{"lineNumber":17,"author":{"gitId":"-"},"content":"    testImplementation group: \u0027org.junit.jupiter\u0027, name: \u0027junit-jupiter-api\u0027, version: \u00275.5.0\u0027","lastModifiedDate":"2020-05-25"},{"lineNumber":18,"author":{"gitId":"-"},"content":"    testRuntimeOnly group: \u0027org.junit.jupiter\u0027, name: \u0027junit-jupiter-engine\u0027, version: \u00275.5.0\u0027","lastModifiedDate":"2020-05-25"},{"lineNumber":19,"author":{"gitId":"-"},"content":"}","lastModifiedDate":"2020-05-25"},{"lineNumber":20,"author":{"gitId":"-"},"content":"","lastModifiedDate":"2020-05-25"},{"lineNumber":21,"author":{"gitId":"-"},"content":"test {","lastModifiedDate":"2020-05-25"},{"lineNumber":22,"author":{"gitId":"-"},"content":"    useJUnitPlatform()","lastModifiedDate":"2020-05-25"},{"lineNumber":23,"author":{"gitId":"-"},"content":"","lastModifiedDate":"2020-05-25"},{"lineNumber":24,"author":{"gitId":"-"},"content":"    testLogging {","lastModifiedDate":"2020-05-25"},{"lineNumber":25,"author":{"gitId":"-"},"content":"        events \"passed\", \"skipped\", \"failed\"","lastModifiedDate":"2020-05-25"},{"lineNumber":26,"author":{"gitId":"-"},"content":"","lastModifiedDate":"2020-05-25"},{"lineNumber":27,"author":{"gitId":"-"},"content":"        showExceptions true","lastModifiedDate":"2020-05-25"},{"lineNumber":28,"author":{"gitId":"-"},"content":"        exceptionFormat \"full\"","lastModifiedDate":"2020-05-25"},{"lineNumber":29,"author":{"gitId":"-"},"content":"        showCauses true","lastModifiedDate":"2020-05-25"},{"lineNumber":30,"author":{"gitId":"-"},"content":"        showStackTraces true","lastModifiedDate":"2020-05-25"},{"lineNumber":31,"author":{"gitId":"-"},"content":"        showStandardStreams \u003d false","lastModifiedDate":"2020-05-25"},{"lineNumber":32,"author":{"gitId":"-"},"content":"    }","lastModifiedDate":"2020-05-25"},{"lineNumber":33,"author":{"gitId":"-"},"content":"}","lastModifiedDate":"2020-05-25"},{"lineNumber":34,"author":{"gitId":"-"},"content":"","lastModifiedDate":"2020-05-25"},{"lineNumber":35,"author":{"gitId":"-"},"content":"application {","lastModifiedDate":"2020-05-25"},{"lineNumber":36,"author":{"gitId":"joshua-tyh"},"content":"    mainClassName \u003d \"Sunday\"","lastModifiedDate":"2023-01-31"},{"lineNumber":37,"author":{"gitId":"-"},"content":"}","lastModifiedDate":"2020-05-25"},{"lineNumber":38,"author":{"gitId":"-"},"content":"","lastModifiedDate":"2020-05-25"},{"lineNumber":39,"author":{"gitId":"-"},"content":"shadowJar {","lastModifiedDate":"2020-05-25"},{"lineNumber":40,"author":{"gitId":"joshua-tyh"},"content":"    archiveBaseName \u003d \"sunday\"","lastModifiedDate":"2023-01-31"},{"lineNumber":41,"author":{"gitId":"-"},"content":"    archiveClassifier \u003d null","lastModifiedDate":"2020-05-25"},{"lineNumber":42,"author":{"gitId":"-"},"content":"}","lastModifiedDate":"2020-05-25"},{"lineNumber":43,"author":{"gitId":"-"},"content":"","lastModifiedDate":"2020-05-25"},{"lineNumber":44,"author":{"gitId":"-"},"content":"run{","lastModifiedDate":"2020-05-25"},{"lineNumber":45,"author":{"gitId":"-"},"content":"    standardInput \u003d System.in","lastModifiedDate":"2020-05-25"},{"lineNumber":46,"author":{"gitId":"-"},"content":"}","lastModifiedDate":"2020-05-25"}],"authorContributionMap":{"joshua-tyh":7,"-":39}},{"path":"src/main/java/Sunday.java","fileType":"java","lines":[{"lineNumber":1,"author":{"gitId":"joshua-tyh"},"content":"import command.Command;","lastModifiedDate":"2023-01-31"},{"lineNumber":2,"author":{"gitId":"joshua-tyh"},"content":"import exceptions.SundayException;","lastModifiedDate":"2023-01-31"},{"lineNumber":3,"author":{"gitId":"joshua-tyh"},"content":"import utilities.Parser;","lastModifiedDate":"2023-01-31"},{"lineNumber":4,"author":{"gitId":"joshua-tyh"},"content":"import utilities.Ui;","lastModifiedDate":"2023-01-31"},{"lineNumber":5,"author":{"gitId":"joshua-tyh"},"content":"","lastModifiedDate":"2023-01-31"},{"lineNumber":6,"author":{"gitId":"joshua-tyh"},"content":"public class Sunday {","lastModifiedDate":"2023-01-19"},{"lineNumber":7,"author":{"gitId":"joshua-tyh"},"content":"    private Ui ui;","lastModifiedDate":"2023-01-31"},{"lineNumber":8,"author":{"gitId":"joshua-tyh"},"content":"    public Sunday(String filepath) {","lastModifiedDate":"2023-01-31"},{"lineNumber":9,"author":{"gitId":"joshua-tyh"},"content":"        this.ui \u003d new Ui();","lastModifiedDate":"2023-01-31"},{"lineNumber":10,"author":{"gitId":"joshua-tyh"},"content":"        try {","lastModifiedDate":"2023-01-30"},{"lineNumber":11,"author":{"gitId":"joshua-tyh"},"content":"            Command.INITIALIZE.execute(\"data/sunday.txt\");","lastModifiedDate":"2023-01-31"},{"lineNumber":12,"author":{"gitId":"joshua-tyh"},"content":"        } catch (SundayException e) {","lastModifiedDate":"2023-01-30"},{"lineNumber":13,"author":{"gitId":"joshua-tyh"},"content":"            Ui.printException(e);","lastModifiedDate":"2023-01-31"},{"lineNumber":14,"author":{"gitId":"joshua-tyh"},"content":"        }","lastModifiedDate":"2023-01-31"},{"lineNumber":15,"author":{"gitId":"joshua-tyh"},"content":"    }","lastModifiedDate":"2023-01-30"},{"lineNumber":16,"author":{"gitId":"joshua-tyh"},"content":"","lastModifiedDate":"2023-01-31"},{"lineNumber":17,"author":{"gitId":"joshua-tyh"},"content":"    private void run() {","lastModifiedDate":"2023-01-31"},{"lineNumber":18,"author":{"gitId":"joshua-tyh"},"content":"        Command command \u003d null;","lastModifiedDate":"2023-01-31"},{"lineNumber":19,"author":{"gitId":"joshua-tyh"},"content":"        while (command !\u003d Command.BYE) {","lastModifiedDate":"2023-01-31"},{"lineNumber":20,"author":{"gitId":"joshua-tyh"},"content":"            try {","lastModifiedDate":"2023-01-26"},{"lineNumber":21,"author":{"gitId":"joshua-tyh"},"content":"                String[] fullCommand \u003d ui.readCommand();","lastModifiedDate":"2023-01-31"},{"lineNumber":22,"author":{"gitId":"joshua-tyh"},"content":"                command \u003d Parser.parse(fullCommand);","lastModifiedDate":"2023-01-31"},{"lineNumber":23,"author":{"gitId":"joshua-tyh"},"content":"                command.execute(fullCommand[1]);","lastModifiedDate":"2023-01-31"},{"lineNumber":24,"author":{"gitId":"joshua-tyh"},"content":"            } catch (SundayException e) {","lastModifiedDate":"2023-01-26"},{"lineNumber":25,"author":{"gitId":"joshua-tyh"},"content":"                Ui.printException(e);","lastModifiedDate":"2023-01-31"},{"lineNumber":26,"author":{"gitId":"joshua-tyh"},"content":"            }","lastModifiedDate":"2023-01-19"},{"lineNumber":27,"author":{"gitId":"joshua-tyh"},"content":"        }","lastModifiedDate":"2023-01-19"},{"lineNumber":28,"author":{"gitId":"joshua-tyh"},"content":"        this.ui.close();","lastModifiedDate":"2023-01-31"},{"lineNumber":29,"author":{"gitId":"joshua-tyh"},"content":"    }","lastModifiedDate":"2023-01-31"},{"lineNumber":30,"author":{"gitId":"joshua-tyh"},"content":"    public static void main(String[] args) {","lastModifiedDate":"2023-01-31"},{"lineNumber":31,"author":{"gitId":"joshua-tyh"},"content":"        new Sunday(\"data/sunday.txt\").run();","lastModifiedDate":"2023-01-31"},{"lineNumber":32,"author":{"gitId":"joshua-tyh"},"content":"    }","lastModifiedDate":"2023-01-19"},{"lineNumber":33,"author":{"gitId":"joshua-tyh"},"content":"}","lastModifiedDate":"2023-01-19"}],"authorContributionMap":{"joshua-tyh":33}},{"path":"src/main/java/collections/TaskList.java","fileType":"java","lines":[{"lineNumber":1,"author":{"gitId":"joshua-tyh"},"content":"package collections;","lastModifiedDate":"2023-01-31"},{"lineNumber":2,"author":{"gitId":"joshua-tyh"},"content":"import exceptions.SundayException;","lastModifiedDate":"2023-01-31"},{"lineNumber":3,"author":{"gitId":"joshua-tyh"},"content":"import task.Task;","lastModifiedDate":"2023-01-31"},{"lineNumber":4,"author":{"gitId":"joshua-tyh"},"content":"import utilities.Storage;","lastModifiedDate":"2023-01-31"},{"lineNumber":5,"author":{"gitId":"joshua-tyh"},"content":"import java.util.ArrayList;","lastModifiedDate":"2023-01-19"},{"lineNumber":6,"author":{"gitId":"joshua-tyh"},"content":"","lastModifiedDate":"2023-01-19"},{"lineNumber":7,"author":{"gitId":"joshua-tyh"},"content":"public class TaskList {","lastModifiedDate":"2023-01-31"},{"lineNumber":8,"author":{"gitId":"joshua-tyh"},"content":"    private ArrayList\u003cTask\u003e list;","lastModifiedDate":"2023-01-19"},{"lineNumber":9,"author":{"gitId":"joshua-tyh"},"content":"    public TaskList() {","lastModifiedDate":"2023-01-31"},{"lineNumber":10,"author":{"gitId":"joshua-tyh"},"content":"        this.list \u003d new ArrayList\u003c\u003e();","lastModifiedDate":"2023-01-19"},{"lineNumber":11,"author":{"gitId":"joshua-tyh"},"content":"    }","lastModifiedDate":"2023-01-19"},{"lineNumber":12,"author":{"gitId":"joshua-tyh"},"content":"    public void add(Task task) {","lastModifiedDate":"2023-01-26"},{"lineNumber":13,"author":{"gitId":"joshua-tyh"},"content":"        this.list.add(task);","lastModifiedDate":"2023-01-26"},{"lineNumber":14,"author":{"gitId":"joshua-tyh"},"content":"    }","lastModifiedDate":"2023-01-19"},{"lineNumber":15,"author":{"gitId":"joshua-tyh"},"content":"    public Task mark(int index) {","lastModifiedDate":"2023-01-31"},{"lineNumber":16,"author":{"gitId":"joshua-tyh"},"content":"        this.list.get(index).mark();","lastModifiedDate":"2023-01-19"},{"lineNumber":17,"author":{"gitId":"joshua-tyh"},"content":"        return this.list.get(index);","lastModifiedDate":"2023-01-31"},{"lineNumber":18,"author":{"gitId":"joshua-tyh"},"content":"    }","lastModifiedDate":"2023-01-19"},{"lineNumber":19,"author":{"gitId":"joshua-tyh"},"content":"    public Task unmark(int index) {","lastModifiedDate":"2023-01-31"},{"lineNumber":20,"author":{"gitId":"joshua-tyh"},"content":"        this.list.get(index).unmark();","lastModifiedDate":"2023-01-19"},{"lineNumber":21,"author":{"gitId":"joshua-tyh"},"content":"        return this.list.get(index);","lastModifiedDate":"2023-01-31"},{"lineNumber":22,"author":{"gitId":"joshua-tyh"},"content":"    }","lastModifiedDate":"2023-01-19"},{"lineNumber":23,"author":{"gitId":"joshua-tyh"},"content":"    public Task delete(int index) {","lastModifiedDate":"2023-01-26"},{"lineNumber":24,"author":{"gitId":"joshua-tyh"},"content":"        return this.list.remove(index);","lastModifiedDate":"2023-01-26"},{"lineNumber":25,"author":{"gitId":"joshua-tyh"},"content":"    }","lastModifiedDate":"2023-01-26"},{"lineNumber":26,"author":{"gitId":"joshua-tyh"},"content":"    public Task getTask(int index) {","lastModifiedDate":"2023-01-31"},{"lineNumber":27,"author":{"gitId":"joshua-tyh"},"content":"        return this.list.get(index);","lastModifiedDate":"2023-01-31"},{"lineNumber":28,"author":{"gitId":"joshua-tyh"},"content":"    }","lastModifiedDate":"2023-01-19"},{"lineNumber":29,"author":{"gitId":"joshua-tyh"},"content":"    public int getUncompletedSize() {","lastModifiedDate":"2023-01-19"},{"lineNumber":30,"author":{"gitId":"joshua-tyh"},"content":"        int count \u003d 0;","lastModifiedDate":"2023-01-19"},{"lineNumber":31,"author":{"gitId":"joshua-tyh"},"content":"        for (int i \u003d 0; i \u003c this.list.size(); i++) {","lastModifiedDate":"2023-01-19"},{"lineNumber":32,"author":{"gitId":"joshua-tyh"},"content":"            if (!this.list.get(i).isComplete()) {","lastModifiedDate":"2023-01-19"},{"lineNumber":33,"author":{"gitId":"joshua-tyh"},"content":"                count++;","lastModifiedDate":"2023-01-19"},{"lineNumber":34,"author":{"gitId":"joshua-tyh"},"content":"            }","lastModifiedDate":"2023-01-19"},{"lineNumber":35,"author":{"gitId":"joshua-tyh"},"content":"        }","lastModifiedDate":"2023-01-19"},{"lineNumber":36,"author":{"gitId":"joshua-tyh"},"content":"        return count;","lastModifiedDate":"2023-01-19"},{"lineNumber":37,"author":{"gitId":"joshua-tyh"},"content":"    }","lastModifiedDate":"2023-01-19"},{"lineNumber":38,"author":{"gitId":"joshua-tyh"},"content":"    public boolean save() throws SundayException {","lastModifiedDate":"2023-01-31"},{"lineNumber":39,"author":{"gitId":"joshua-tyh"},"content":"        StringBuilder sb \u003d new StringBuilder();","lastModifiedDate":"2023-01-30"},{"lineNumber":40,"author":{"gitId":"joshua-tyh"},"content":"        for (int i \u003d 0; i \u003c list.size(); i++) {","lastModifiedDate":"2023-01-30"},{"lineNumber":41,"author":{"gitId":"joshua-tyh"},"content":"            if (i \u003e 0) {","lastModifiedDate":"2023-01-30"},{"lineNumber":42,"author":{"gitId":"joshua-tyh"},"content":"                sb.append(\"\\n\");","lastModifiedDate":"2023-01-30"},{"lineNumber":43,"author":{"gitId":"joshua-tyh"},"content":"            }","lastModifiedDate":"2023-01-30"},{"lineNumber":44,"author":{"gitId":"joshua-tyh"},"content":"            sb.append(this.list.get(i).save());","lastModifiedDate":"2023-01-30"},{"lineNumber":45,"author":{"gitId":"joshua-tyh"},"content":"        }","lastModifiedDate":"2023-01-30"},{"lineNumber":46,"author":{"gitId":"joshua-tyh"},"content":"        return Storage.writeToDataFile(sb.toString());","lastModifiedDate":"2023-01-31"},{"lineNumber":47,"author":{"gitId":"joshua-tyh"},"content":"    }","lastModifiedDate":"2023-01-31"},{"lineNumber":48,"author":{"gitId":"joshua-tyh"},"content":"    public boolean load() throws SundayException{","lastModifiedDate":"2023-01-31"},{"lineNumber":49,"author":{"gitId":"joshua-tyh"},"content":"        if (Storage.createDataFile()) {","lastModifiedDate":"2023-01-31"},{"lineNumber":50,"author":{"gitId":"joshua-tyh"},"content":"            return true;","lastModifiedDate":"2023-01-31"},{"lineNumber":51,"author":{"gitId":"joshua-tyh"},"content":"        }","lastModifiedDate":"2023-01-30"},{"lineNumber":52,"author":{"gitId":"joshua-tyh"},"content":"        Storage.readFromDataFile();","lastModifiedDate":"2023-01-31"},{"lineNumber":53,"author":{"gitId":"joshua-tyh"},"content":"        return false;","lastModifiedDate":"2023-01-31"},{"lineNumber":54,"author":{"gitId":"joshua-tyh"},"content":"    }","lastModifiedDate":"2023-01-30"},{"lineNumber":55,"author":{"gitId":"joshua-tyh"},"content":"    public boolean isEmpty() {","lastModifiedDate":"2023-01-31"},{"lineNumber":56,"author":{"gitId":"joshua-tyh"},"content":"        return this.list.isEmpty();","lastModifiedDate":"2023-01-31"},{"lineNumber":57,"author":{"gitId":"joshua-tyh"},"content":"    }","lastModifiedDate":"2023-01-30"},{"lineNumber":58,"author":{"gitId":"joshua-tyh"},"content":"    @Override","lastModifiedDate":"2023-01-19"},{"lineNumber":59,"author":{"gitId":"joshua-tyh"},"content":"    public String toString() {","lastModifiedDate":"2023-01-19"},{"lineNumber":60,"author":{"gitId":"joshua-tyh"},"content":"        StringBuilder sb \u003d new StringBuilder();","lastModifiedDate":"2023-01-19"},{"lineNumber":61,"author":{"gitId":"joshua-tyh"},"content":"        for (int i \u003d 0; i \u003c list.size(); i++) {","lastModifiedDate":"2023-01-19"},{"lineNumber":62,"author":{"gitId":"joshua-tyh"},"content":"            if (i \u003e 0) {","lastModifiedDate":"2023-01-19"},{"lineNumber":63,"author":{"gitId":"joshua-tyh"},"content":"                sb.append(\"\\n\");","lastModifiedDate":"2023-01-19"},{"lineNumber":64,"author":{"gitId":"joshua-tyh"},"content":"            }","lastModifiedDate":"2023-01-19"},{"lineNumber":65,"author":{"gitId":"joshua-tyh"},"content":"            sb.append(this.getTask(i));","lastModifiedDate":"2023-01-31"},{"lineNumber":66,"author":{"gitId":"joshua-tyh"},"content":"        }","lastModifiedDate":"2023-01-19"},{"lineNumber":67,"author":{"gitId":"joshua-tyh"},"content":"        return sb.toString();","lastModifiedDate":"2023-01-19"},{"lineNumber":68,"author":{"gitId":"joshua-tyh"},"content":"    }","lastModifiedDate":"2023-01-19"},{"lineNumber":69,"author":{"gitId":"joshua-tyh"},"content":"}","lastModifiedDate":"2023-01-19"}],"authorContributionMap":{"joshua-tyh":69}},{"path":"src/main/java/command/Command.java","fileType":"java","lines":[{"lineNumber":1,"author":{"gitId":"joshua-tyh"},"content":"package command;","lastModifiedDate":"2023-01-31"},{"lineNumber":2,"author":{"gitId":"joshua-tyh"},"content":"import collections.TaskList;","lastModifiedDate":"2023-01-31"},{"lineNumber":3,"author":{"gitId":"joshua-tyh"},"content":"import exceptions.SundayException;","lastModifiedDate":"2023-01-31"},{"lineNumber":4,"author":{"gitId":"joshua-tyh"},"content":"import task.Deadline;","lastModifiedDate":"2023-01-31"},{"lineNumber":5,"author":{"gitId":"joshua-tyh"},"content":"import task.Event;","lastModifiedDate":"2023-01-31"},{"lineNumber":6,"author":{"gitId":"joshua-tyh"},"content":"import task.Task;","lastModifiedDate":"2023-01-31"},{"lineNumber":7,"author":{"gitId":"joshua-tyh"},"content":"import task.ToDo;","lastModifiedDate":"2023-01-31"},{"lineNumber":8,"author":{"gitId":"joshua-tyh"},"content":"import utilities.Ui;","lastModifiedDate":"2023-01-31"},{"lineNumber":9,"author":{"gitId":"joshua-tyh"},"content":"import java.text.ParseException;","lastModifiedDate":"2023-01-31"},{"lineNumber":10,"author":{"gitId":"joshua-tyh"},"content":"","lastModifiedDate":"2023-01-31"},{"lineNumber":11,"author":{"gitId":"joshua-tyh"},"content":"public enum Command {","lastModifiedDate":"2023-01-31"},{"lineNumber":12,"author":{"gitId":"joshua-tyh"},"content":"    INITIALIZE (\"init\") {","lastModifiedDate":"2023-01-31"},{"lineNumber":13,"author":{"gitId":"joshua-tyh"},"content":"        @Override","lastModifiedDate":"2023-01-30"},{"lineNumber":14,"author":{"gitId":"joshua-tyh"},"content":"        public void execute(String filepath) throws SundayException {","lastModifiedDate":"2023-01-31"},{"lineNumber":15,"author":{"gitId":"joshua-tyh"},"content":"            Ui.printWelcome();","lastModifiedDate":"2023-01-31"},{"lineNumber":16,"author":{"gitId":"joshua-tyh"},"content":"            boolean isFirstLaunch \u003d list.load();","lastModifiedDate":"2023-01-31"},{"lineNumber":17,"author":{"gitId":"joshua-tyh"},"content":"            if (isFirstLaunch) {","lastModifiedDate":"2023-01-31"},{"lineNumber":18,"author":{"gitId":"joshua-tyh"},"content":"                Ui.printCreatedSaveFile();","lastModifiedDate":"2023-01-31"},{"lineNumber":19,"author":{"gitId":"joshua-tyh"},"content":"            } else {","lastModifiedDate":"2023-01-31"},{"lineNumber":20,"author":{"gitId":"joshua-tyh"},"content":"                Ui.printLoadedSaveFile();","lastModifiedDate":"2023-01-31"},{"lineNumber":21,"author":{"gitId":"joshua-tyh"},"content":"            }","lastModifiedDate":"2023-01-31"},{"lineNumber":22,"author":{"gitId":"joshua-tyh"},"content":"        }","lastModifiedDate":"2023-01-30"},{"lineNumber":23,"author":{"gitId":"joshua-tyh"},"content":"    },","lastModifiedDate":"2023-01-30"},{"lineNumber":24,"author":{"gitId":"joshua-tyh"},"content":"    LIST (\"list\") {","lastModifiedDate":"2023-01-26"},{"lineNumber":25,"author":{"gitId":"joshua-tyh"},"content":"        @Override","lastModifiedDate":"2023-01-26"},{"lineNumber":26,"author":{"gitId":"joshua-tyh"},"content":"        public void execute(String input) {","lastModifiedDate":"2023-01-26"},{"lineNumber":27,"author":{"gitId":"joshua-tyh"},"content":"            if (list.isEmpty()) {","lastModifiedDate":"2023-01-31"},{"lineNumber":28,"author":{"gitId":"joshua-tyh"},"content":"                Ui.printEmptyTaskList();","lastModifiedDate":"2023-01-31"},{"lineNumber":29,"author":{"gitId":"joshua-tyh"},"content":"            } else {","lastModifiedDate":"2023-01-31"},{"lineNumber":30,"author":{"gitId":"joshua-tyh"},"content":"                Ui.printTaskList(list);","lastModifiedDate":"2023-01-31"},{"lineNumber":31,"author":{"gitId":"joshua-tyh"},"content":"            }","lastModifiedDate":"2023-01-31"},{"lineNumber":32,"author":{"gitId":"joshua-tyh"},"content":"        }","lastModifiedDate":"2023-01-26"},{"lineNumber":33,"author":{"gitId":"joshua-tyh"},"content":"    },","lastModifiedDate":"2023-01-26"},{"lineNumber":34,"author":{"gitId":"joshua-tyh"},"content":"    DEADLINE (\"deadline\") {","lastModifiedDate":"2023-01-26"},{"lineNumber":35,"author":{"gitId":"joshua-tyh"},"content":"        @Override","lastModifiedDate":"2023-01-26"},{"lineNumber":36,"author":{"gitId":"joshua-tyh"},"content":"        public void execute(String input) throws SundayException {","lastModifiedDate":"2023-01-26"},{"lineNumber":37,"author":{"gitId":"joshua-tyh"},"content":"            try {","lastModifiedDate":"2023-01-26"},{"lineNumber":38,"author":{"gitId":"joshua-tyh"},"content":"                input \u003d input.substring(1);","lastModifiedDate":"2023-01-26"},{"lineNumber":39,"author":{"gitId":"joshua-tyh"},"content":"                String[] strArr \u003d input.split(\" \");","lastModifiedDate":"2023-01-26"},{"lineNumber":40,"author":{"gitId":"joshua-tyh"},"content":"                int i \u003d 0;","lastModifiedDate":"2023-01-26"},{"lineNumber":41,"author":{"gitId":"joshua-tyh"},"content":"                StringBuilder sb \u003d new StringBuilder();","lastModifiedDate":"2023-01-26"},{"lineNumber":42,"author":{"gitId":"joshua-tyh"},"content":"                while (!(strArr[i].equals(\"/by\") || strArr[i].equals(\"(by:\"))) {","lastModifiedDate":"2023-01-30"},{"lineNumber":43,"author":{"gitId":"joshua-tyh"},"content":"                    sb.append(strArr[i]);","lastModifiedDate":"2023-01-26"},{"lineNumber":44,"author":{"gitId":"joshua-tyh"},"content":"                    sb.append(\" \");","lastModifiedDate":"2023-01-26"},{"lineNumber":45,"author":{"gitId":"joshua-tyh"},"content":"                    i++;","lastModifiedDate":"2023-01-26"},{"lineNumber":46,"author":{"gitId":"joshua-tyh"},"content":"                }","lastModifiedDate":"2023-01-26"},{"lineNumber":47,"author":{"gitId":"joshua-tyh"},"content":"                String description \u003d sb.toString().substring(0, sb.length() - 1);","lastModifiedDate":"2023-01-26"},{"lineNumber":48,"author":{"gitId":"joshua-tyh"},"content":"","lastModifiedDate":"2023-01-31"},{"lineNumber":49,"author":{"gitId":"joshua-tyh"},"content":"                sb.setLength(0);","lastModifiedDate":"2023-01-26"},{"lineNumber":50,"author":{"gitId":"joshua-tyh"},"content":"                i++; // skip \"/by\" or \"(by:\"","lastModifiedDate":"2023-01-30"},{"lineNumber":51,"author":{"gitId":"joshua-tyh"},"content":"                while (i \u003c strArr.length) {","lastModifiedDate":"2023-01-26"},{"lineNumber":52,"author":{"gitId":"joshua-tyh"},"content":"                    sb.append(strArr[i]);","lastModifiedDate":"2023-01-26"},{"lineNumber":53,"author":{"gitId":"joshua-tyh"},"content":"                    sb.append(\" \");","lastModifiedDate":"2023-01-26"},{"lineNumber":54,"author":{"gitId":"joshua-tyh"},"content":"                    i++;","lastModifiedDate":"2023-01-26"},{"lineNumber":55,"author":{"gitId":"joshua-tyh"},"content":"                }","lastModifiedDate":"2023-01-26"},{"lineNumber":56,"author":{"gitId":"joshua-tyh"},"content":"                String by \u003d sb.toString().substring(0, sb.length() - 1);","lastModifiedDate":"2023-01-31"},{"lineNumber":57,"author":{"gitId":"joshua-tyh"},"content":"","lastModifiedDate":"2023-01-31"},{"lineNumber":58,"author":{"gitId":"joshua-tyh"},"content":"                Task deadline \u003d new Deadline(description, by);","lastModifiedDate":"2023-01-31"},{"lineNumber":59,"author":{"gitId":"joshua-tyh"},"content":"                list.add(deadline);","lastModifiedDate":"2023-01-31"},{"lineNumber":60,"author":{"gitId":"joshua-tyh"},"content":"                Ui.printAddedTask(deadline, list.getUncompletedSize());","lastModifiedDate":"2023-01-31"},{"lineNumber":61,"author":{"gitId":"joshua-tyh"},"content":"            } catch (StringIndexOutOfBoundsException e) {","lastModifiedDate":"2023-01-26"},{"lineNumber":62,"author":{"gitId":"joshua-tyh"},"content":"                throw new SundayException(\"OOPS!!! The description of a deadline cannot be empty.\");","lastModifiedDate":"2023-01-27"},{"lineNumber":63,"author":{"gitId":"joshua-tyh"},"content":"            } catch (ArrayIndexOutOfBoundsException e) {","lastModifiedDate":"2023-01-26"},{"lineNumber":64,"author":{"gitId":"joshua-tyh"},"content":"                throw new SundayException(\"OOPS!!! The description of this deadline is invalid.\");","lastModifiedDate":"2023-01-27"},{"lineNumber":65,"author":{"gitId":"joshua-tyh"},"content":"            } catch (ParseException e) {","lastModifiedDate":"2023-01-31"},{"lineNumber":66,"author":{"gitId":"joshua-tyh"},"content":"                throw new SundayException(","lastModifiedDate":"2023-01-31"},{"lineNumber":67,"author":{"gitId":"joshua-tyh"},"content":"                        \"OOPS! It appears the deadline given was not of the format dd/mm/yyyy hhmm\");","lastModifiedDate":"2023-01-31"},{"lineNumber":68,"author":{"gitId":"joshua-tyh"},"content":"            }","lastModifiedDate":"2023-01-26"},{"lineNumber":69,"author":{"gitId":"joshua-tyh"},"content":"        }","lastModifiedDate":"2023-01-26"},{"lineNumber":70,"author":{"gitId":"joshua-tyh"},"content":"    },","lastModifiedDate":"2023-01-26"},{"lineNumber":71,"author":{"gitId":"joshua-tyh"},"content":"    EVENT (\"event\") {","lastModifiedDate":"2023-01-26"},{"lineNumber":72,"author":{"gitId":"joshua-tyh"},"content":"        @Override","lastModifiedDate":"2023-01-26"},{"lineNumber":73,"author":{"gitId":"joshua-tyh"},"content":"        public void execute(String input) throws SundayException {","lastModifiedDate":"2023-01-26"},{"lineNumber":74,"author":{"gitId":"joshua-tyh"},"content":"            try {","lastModifiedDate":"2023-01-26"},{"lineNumber":75,"author":{"gitId":"joshua-tyh"},"content":"                input \u003d input.substring(1);","lastModifiedDate":"2023-01-26"},{"lineNumber":76,"author":{"gitId":"joshua-tyh"},"content":"                String[] strArr \u003d input.split(\" \");","lastModifiedDate":"2023-01-26"},{"lineNumber":77,"author":{"gitId":"joshua-tyh"},"content":"                int j \u003d 0;","lastModifiedDate":"2023-01-26"},{"lineNumber":78,"author":{"gitId":"joshua-tyh"},"content":"                StringBuilder sb \u003d new StringBuilder();","lastModifiedDate":"2023-01-26"},{"lineNumber":79,"author":{"gitId":"joshua-tyh"},"content":"                while (!(strArr[j].equals(\"/from\") || strArr[j].equals(\"(from:\"))) {","lastModifiedDate":"2023-01-30"},{"lineNumber":80,"author":{"gitId":"joshua-tyh"},"content":"                    sb.append(strArr[j]);","lastModifiedDate":"2023-01-26"},{"lineNumber":81,"author":{"gitId":"joshua-tyh"},"content":"                    sb.append(\" \");","lastModifiedDate":"2023-01-26"},{"lineNumber":82,"author":{"gitId":"joshua-tyh"},"content":"                    j++;","lastModifiedDate":"2023-01-26"},{"lineNumber":83,"author":{"gitId":"joshua-tyh"},"content":"                }","lastModifiedDate":"2023-01-26"},{"lineNumber":84,"author":{"gitId":"joshua-tyh"},"content":"                String description \u003d sb.toString().substring(0, sb.length() - 1);","lastModifiedDate":"2023-01-26"},{"lineNumber":85,"author":{"gitId":"joshua-tyh"},"content":"","lastModifiedDate":"2023-01-31"},{"lineNumber":86,"author":{"gitId":"joshua-tyh"},"content":"                sb.setLength(0);","lastModifiedDate":"2023-01-26"},{"lineNumber":87,"author":{"gitId":"joshua-tyh"},"content":"                j++; // skip \"/from\" or \"(from:\"","lastModifiedDate":"2023-01-30"},{"lineNumber":88,"author":{"gitId":"joshua-tyh"},"content":"                while (!(strArr[j].equals(\"/to\") || strArr[j].equals(\"to:\"))) {","lastModifiedDate":"2023-01-30"},{"lineNumber":89,"author":{"gitId":"joshua-tyh"},"content":"                    sb.append(strArr[j]);","lastModifiedDate":"2023-01-26"},{"lineNumber":90,"author":{"gitId":"joshua-tyh"},"content":"                    sb.append(\" \");","lastModifiedDate":"2023-01-26"},{"lineNumber":91,"author":{"gitId":"joshua-tyh"},"content":"                    j++;","lastModifiedDate":"2023-01-26"},{"lineNumber":92,"author":{"gitId":"joshua-tyh"},"content":"                }","lastModifiedDate":"2023-01-26"},{"lineNumber":93,"author":{"gitId":"joshua-tyh"},"content":"                String start \u003d sb.toString().substring(0, sb.length() - 1);","lastModifiedDate":"2023-01-30"},{"lineNumber":94,"author":{"gitId":"joshua-tyh"},"content":"","lastModifiedDate":"2023-01-31"},{"lineNumber":95,"author":{"gitId":"joshua-tyh"},"content":"                sb.setLength(0);","lastModifiedDate":"2023-01-26"},{"lineNumber":96,"author":{"gitId":"joshua-tyh"},"content":"                j++; // skip \"/to\" or \"to:\"","lastModifiedDate":"2023-01-30"},{"lineNumber":97,"author":{"gitId":"joshua-tyh"},"content":"                while (j \u003c strArr.length) {","lastModifiedDate":"2023-01-26"},{"lineNumber":98,"author":{"gitId":"joshua-tyh"},"content":"                    sb.append(strArr[j]);","lastModifiedDate":"2023-01-26"},{"lineNumber":99,"author":{"gitId":"joshua-tyh"},"content":"                    sb.append(\" \");","lastModifiedDate":"2023-01-26"},{"lineNumber":100,"author":{"gitId":"joshua-tyh"},"content":"                    j++;","lastModifiedDate":"2023-01-26"},{"lineNumber":101,"author":{"gitId":"joshua-tyh"},"content":"                }","lastModifiedDate":"2023-01-26"},{"lineNumber":102,"author":{"gitId":"joshua-tyh"},"content":"                String end \u003d sb.toString().substring(0, sb.length() - 1);","lastModifiedDate":"2023-01-30"},{"lineNumber":103,"author":{"gitId":"joshua-tyh"},"content":"                Task event \u003d new Event(description, start, end);","lastModifiedDate":"2023-01-31"},{"lineNumber":104,"author":{"gitId":"joshua-tyh"},"content":"                list.add(event);","lastModifiedDate":"2023-01-31"},{"lineNumber":105,"author":{"gitId":"joshua-tyh"},"content":"                Ui.printAddedTask(event, list.getUncompletedSize());","lastModifiedDate":"2023-01-31"},{"lineNumber":106,"author":{"gitId":"joshua-tyh"},"content":"            } catch (StringIndexOutOfBoundsException e) {","lastModifiedDate":"2023-01-26"},{"lineNumber":107,"author":{"gitId":"joshua-tyh"},"content":"                throw new SundayException(\"OOPS!!! The description of an event cannot be empty.\");","lastModifiedDate":"2023-01-27"},{"lineNumber":108,"author":{"gitId":"joshua-tyh"},"content":"            } catch (ArrayIndexOutOfBoundsException e) {","lastModifiedDate":"2023-01-26"},{"lineNumber":109,"author":{"gitId":"joshua-tyh"},"content":"                throw new SundayException(\"OOPS!!! The description of this event is invalid.\");","lastModifiedDate":"2023-01-27"},{"lineNumber":110,"author":{"gitId":"joshua-tyh"},"content":"            } catch (ParseException e) {","lastModifiedDate":"2023-01-31"},{"lineNumber":111,"author":{"gitId":"joshua-tyh"},"content":"                throw new SundayException(","lastModifiedDate":"2023-01-31"},{"lineNumber":112,"author":{"gitId":"joshua-tyh"},"content":"                        \"OOPS! It appears the deadline given was not of the format dd/mm/yyyy hhmm\");","lastModifiedDate":"2023-01-31"},{"lineNumber":113,"author":{"gitId":"joshua-tyh"},"content":"            }","lastModifiedDate":"2023-01-26"},{"lineNumber":114,"author":{"gitId":"joshua-tyh"},"content":"        }","lastModifiedDate":"2023-01-26"},{"lineNumber":115,"author":{"gitId":"joshua-tyh"},"content":"    },","lastModifiedDate":"2023-01-26"},{"lineNumber":116,"author":{"gitId":"joshua-tyh"},"content":"    TODO (\"todo\") {","lastModifiedDate":"2023-01-26"},{"lineNumber":117,"author":{"gitId":"joshua-tyh"},"content":"        @Override","lastModifiedDate":"2023-01-26"},{"lineNumber":118,"author":{"gitId":"joshua-tyh"},"content":"        public void execute(String input) throws SundayException {","lastModifiedDate":"2023-01-26"},{"lineNumber":119,"author":{"gitId":"joshua-tyh"},"content":"            try {","lastModifiedDate":"2023-01-26"},{"lineNumber":120,"author":{"gitId":"joshua-tyh"},"content":"                String description \u003d input.substring(1);","lastModifiedDate":"2023-01-26"},{"lineNumber":121,"author":{"gitId":"joshua-tyh"},"content":"                Task toDo \u003d new ToDo(description);","lastModifiedDate":"2023-01-31"},{"lineNumber":122,"author":{"gitId":"joshua-tyh"},"content":"                list.add(toDo);","lastModifiedDate":"2023-01-31"},{"lineNumber":123,"author":{"gitId":"joshua-tyh"},"content":"                Ui.printAddedTask(toDo, list.getUncompletedSize());","lastModifiedDate":"2023-01-31"},{"lineNumber":124,"author":{"gitId":"joshua-tyh"},"content":"            } catch (StringIndexOutOfBoundsException e) {","lastModifiedDate":"2023-01-26"},{"lineNumber":125,"author":{"gitId":"joshua-tyh"},"content":"                throw new SundayException(\"OOPS!!! The description of a todo cannot be empty.\");","lastModifiedDate":"2023-01-27"},{"lineNumber":126,"author":{"gitId":"joshua-tyh"},"content":"            }","lastModifiedDate":"2023-01-26"},{"lineNumber":127,"author":{"gitId":"joshua-tyh"},"content":"        }","lastModifiedDate":"2023-01-26"},{"lineNumber":128,"author":{"gitId":"joshua-tyh"},"content":"    },","lastModifiedDate":"2023-01-26"},{"lineNumber":129,"author":{"gitId":"joshua-tyh"},"content":"    MARK (\"mark\") {","lastModifiedDate":"2023-01-26"},{"lineNumber":130,"author":{"gitId":"joshua-tyh"},"content":"        @Override","lastModifiedDate":"2023-01-26"},{"lineNumber":131,"author":{"gitId":"joshua-tyh"},"content":"        public void execute(String input) throws SundayException {","lastModifiedDate":"2023-01-26"},{"lineNumber":132,"author":{"gitId":"joshua-tyh"},"content":"            try {","lastModifiedDate":"2023-01-26"},{"lineNumber":133,"author":{"gitId":"joshua-tyh"},"content":"                int index \u003d Integer.parseInt(input.substring(1)) - 1;","lastModifiedDate":"2023-01-30"},{"lineNumber":134,"author":{"gitId":"joshua-tyh"},"content":"                Task marked \u003d list.mark(index);","lastModifiedDate":"2023-01-31"},{"lineNumber":135,"author":{"gitId":"joshua-tyh"},"content":"                Ui.printMarkedTask(marked, list.getUncompletedSize());","lastModifiedDate":"2023-01-31"},{"lineNumber":136,"author":{"gitId":"joshua-tyh"},"content":"            } catch (NumberFormatException e) {","lastModifiedDate":"2023-01-26"},{"lineNumber":137,"author":{"gitId":"joshua-tyh"},"content":"                throw new SundayException(\"OOPS!!! You did not specify which task you wanted me to mark\");","lastModifiedDate":"2023-01-27"},{"lineNumber":138,"author":{"gitId":"joshua-tyh"},"content":"            } catch (IndexOutOfBoundsException e) {","lastModifiedDate":"2023-01-26"},{"lineNumber":139,"author":{"gitId":"joshua-tyh"},"content":"                throw new SundayException(\"OOPS!!! Seems like that task does not exist.\");","lastModifiedDate":"2023-01-27"},{"lineNumber":140,"author":{"gitId":"joshua-tyh"},"content":"            }","lastModifiedDate":"2023-01-26"},{"lineNumber":141,"author":{"gitId":"joshua-tyh"},"content":"        }","lastModifiedDate":"2023-01-26"},{"lineNumber":142,"author":{"gitId":"joshua-tyh"},"content":"    },","lastModifiedDate":"2023-01-26"},{"lineNumber":143,"author":{"gitId":"joshua-tyh"},"content":"    UNMARK (\"unmark\") {","lastModifiedDate":"2023-01-26"},{"lineNumber":144,"author":{"gitId":"joshua-tyh"},"content":"        @Override","lastModifiedDate":"2023-01-26"},{"lineNumber":145,"author":{"gitId":"joshua-tyh"},"content":"        public void execute(String input) throws SundayException {","lastModifiedDate":"2023-01-26"},{"lineNumber":146,"author":{"gitId":"joshua-tyh"},"content":"            try {","lastModifiedDate":"2023-01-26"},{"lineNumber":147,"author":{"gitId":"joshua-tyh"},"content":"                int index \u003d Integer.parseInt(input.substring(1)) - 1;","lastModifiedDate":"2023-01-30"},{"lineNumber":148,"author":{"gitId":"joshua-tyh"},"content":"                Task unmarked \u003d list.unmark(index);","lastModifiedDate":"2023-01-31"},{"lineNumber":149,"author":{"gitId":"joshua-tyh"},"content":"                Ui.printUnmarkedTask(unmarked, list.getUncompletedSize());","lastModifiedDate":"2023-01-31"},{"lineNumber":150,"author":{"gitId":"joshua-tyh"},"content":"            }  catch (NumberFormatException e) {","lastModifiedDate":"2023-01-26"},{"lineNumber":151,"author":{"gitId":"joshua-tyh"},"content":"                throw new SundayException(\"OOPS!!! You did not specify which task you wanted me to unmark\");","lastModifiedDate":"2023-01-27"},{"lineNumber":152,"author":{"gitId":"joshua-tyh"},"content":"            } catch (IndexOutOfBoundsException e) {","lastModifiedDate":"2023-01-26"},{"lineNumber":153,"author":{"gitId":"joshua-tyh"},"content":"                throw new SundayException(\"OOPS!!! Seems like that task does not exist.\");","lastModifiedDate":"2023-01-27"},{"lineNumber":154,"author":{"gitId":"joshua-tyh"},"content":"            }","lastModifiedDate":"2023-01-26"},{"lineNumber":155,"author":{"gitId":"joshua-tyh"},"content":"        }","lastModifiedDate":"2023-01-26"},{"lineNumber":156,"author":{"gitId":"joshua-tyh"},"content":"    },","lastModifiedDate":"2023-01-26"},{"lineNumber":157,"author":{"gitId":"joshua-tyh"},"content":"    DELETE (\"delete\") {","lastModifiedDate":"2023-01-26"},{"lineNumber":158,"author":{"gitId":"joshua-tyh"},"content":"        @Override","lastModifiedDate":"2023-01-26"},{"lineNumber":159,"author":{"gitId":"joshua-tyh"},"content":"        public void execute(String input) throws SundayException {","lastModifiedDate":"2023-01-26"},{"lineNumber":160,"author":{"gitId":"joshua-tyh"},"content":"            try {","lastModifiedDate":"2023-01-26"},{"lineNumber":161,"author":{"gitId":"joshua-tyh"},"content":"                int index \u003d Integer.parseInt(String.valueOf(input.substring(1))) - 1;","lastModifiedDate":"2023-01-26"},{"lineNumber":162,"author":{"gitId":"joshua-tyh"},"content":"                Task deleted \u003d list.delete(index);","lastModifiedDate":"2023-01-26"},{"lineNumber":163,"author":{"gitId":"joshua-tyh"},"content":"                Ui.printDeletedTask(deleted, list.getUncompletedSize());","lastModifiedDate":"2023-01-31"},{"lineNumber":164,"author":{"gitId":"joshua-tyh"},"content":"            } catch (NumberFormatException e) {","lastModifiedDate":"2023-01-26"},{"lineNumber":165,"author":{"gitId":"joshua-tyh"},"content":"                throw new SundayException(\"OOPS!!! You did not specify which task you wanted me to delete\");","lastModifiedDate":"2023-01-27"},{"lineNumber":166,"author":{"gitId":"joshua-tyh"},"content":"            } catch (IndexOutOfBoundsException e) {","lastModifiedDate":"2023-01-26"},{"lineNumber":167,"author":{"gitId":"joshua-tyh"},"content":"                throw new SundayException(\"OOPS!!! Seems like that task does not exist\");","lastModifiedDate":"2023-01-27"},{"lineNumber":168,"author":{"gitId":"joshua-tyh"},"content":"            }","lastModifiedDate":"2023-01-26"},{"lineNumber":169,"author":{"gitId":"joshua-tyh"},"content":"        }","lastModifiedDate":"2023-01-26"},{"lineNumber":170,"author":{"gitId":"joshua-tyh"},"content":"    },","lastModifiedDate":"2023-01-26"},{"lineNumber":171,"author":{"gitId":"joshua-tyh"},"content":"    BYE (\"bye\") {","lastModifiedDate":"2023-01-26"},{"lineNumber":172,"author":{"gitId":"joshua-tyh"},"content":"        @Override","lastModifiedDate":"2023-01-26"},{"lineNumber":173,"author":{"gitId":"joshua-tyh"},"content":"        public void execute(String input) throws SundayException {","lastModifiedDate":"2023-01-31"},{"lineNumber":174,"author":{"gitId":"joshua-tyh"},"content":"            boolean didSave \u003d list.save();","lastModifiedDate":"2023-01-31"},{"lineNumber":175,"author":{"gitId":"joshua-tyh"},"content":"            Ui.printGoodbye(didSave);","lastModifiedDate":"2023-01-31"},{"lineNumber":176,"author":{"gitId":"joshua-tyh"},"content":"        }","lastModifiedDate":"2023-01-26"},{"lineNumber":177,"author":{"gitId":"joshua-tyh"},"content":"    };","lastModifiedDate":"2023-01-26"},{"lineNumber":178,"author":{"gitId":"joshua-tyh"},"content":"    private String command;","lastModifiedDate":"2023-01-26"},{"lineNumber":179,"author":{"gitId":"joshua-tyh"},"content":"    private static TaskList list \u003d new TaskList();","lastModifiedDate":"2023-01-31"},{"lineNumber":180,"author":{"gitId":"joshua-tyh"},"content":"    Command(String command) {","lastModifiedDate":"2023-01-31"},{"lineNumber":181,"author":{"gitId":"joshua-tyh"},"content":"        this.command \u003d command;","lastModifiedDate":"2023-01-26"},{"lineNumber":182,"author":{"gitId":"joshua-tyh"},"content":"    }","lastModifiedDate":"2023-01-26"},{"lineNumber":183,"author":{"gitId":"joshua-tyh"},"content":"    public abstract void execute(String input) throws SundayException;","lastModifiedDate":"2023-01-26"},{"lineNumber":184,"author":{"gitId":"joshua-tyh"},"content":"}","lastModifiedDate":"2023-01-19"}],"authorContributionMap":{"joshua-tyh":184}},{"path":"src/main/java/exceptions/SundayException.java","fileType":"java","lines":[{"lineNumber":1,"author":{"gitId":"joshua-tyh"},"content":"package exceptions;","lastModifiedDate":"2023-01-31"},{"lineNumber":2,"author":{"gitId":"joshua-tyh"},"content":"","lastModifiedDate":"2023-01-31"},{"lineNumber":3,"author":{"gitId":"joshua-tyh"},"content":"public class SundayException extends Exception {","lastModifiedDate":"2023-01-26"},{"lineNumber":4,"author":{"gitId":"joshua-tyh"},"content":"    public SundayException(String message) {","lastModifiedDate":"2023-01-26"},{"lineNumber":5,"author":{"gitId":"joshua-tyh"},"content":"        super(message);","lastModifiedDate":"2023-01-26"},{"lineNumber":6,"author":{"gitId":"joshua-tyh"},"content":"    }","lastModifiedDate":"2023-01-26"},{"lineNumber":7,"author":{"gitId":"joshua-tyh"},"content":"}","lastModifiedDate":"2023-01-26"}],"authorContributionMap":{"joshua-tyh":7}},{"path":"src/main/java/task/Deadline.java","fileType":"java","lines":[{"lineNumber":1,"author":{"gitId":"joshua-tyh"},"content":"package task;","lastModifiedDate":"2023-01-31"},{"lineNumber":2,"author":{"gitId":"joshua-tyh"},"content":"import java.util.Date;","lastModifiedDate":"2023-01-30"},{"lineNumber":3,"author":{"gitId":"joshua-tyh"},"content":"import java.text.ParseException;","lastModifiedDate":"2023-01-30"},{"lineNumber":4,"author":{"gitId":"joshua-tyh"},"content":"","lastModifiedDate":"2023-01-30"},{"lineNumber":5,"author":{"gitId":"joshua-tyh"},"content":"public class Deadline extends Task{","lastModifiedDate":"2023-01-19"},{"lineNumber":6,"author":{"gitId":"joshua-tyh"},"content":"    private Date deadline;","lastModifiedDate":"2023-01-30"},{"lineNumber":7,"author":{"gitId":"joshua-tyh"},"content":"    public Deadline(String description, String deadline) throws ParseException {","lastModifiedDate":"2023-01-31"},{"lineNumber":8,"author":{"gitId":"joshua-tyh"},"content":"        super(description);","lastModifiedDate":"2023-01-19"},{"lineNumber":9,"author":{"gitId":"joshua-tyh"},"content":"        this.deadline \u003d super.readFormat.parse(deadline);","lastModifiedDate":"2023-01-30"},{"lineNumber":10,"author":{"gitId":"joshua-tyh"},"content":"    }","lastModifiedDate":"2023-01-19"},{"lineNumber":11,"author":{"gitId":"joshua-tyh"},"content":"    @Override","lastModifiedDate":"2023-01-19"},{"lineNumber":12,"author":{"gitId":"joshua-tyh"},"content":"    public String save() {","lastModifiedDate":"2023-01-30"},{"lineNumber":13,"author":{"gitId":"joshua-tyh"},"content":"        StringBuilder sb \u003d new StringBuilder();","lastModifiedDate":"2023-01-30"},{"lineNumber":14,"author":{"gitId":"joshua-tyh"},"content":"        sb.append(\"[D]\");","lastModifiedDate":"2023-01-30"},{"lineNumber":15,"author":{"gitId":"joshua-tyh"},"content":"        sb.append(super.toString()).append(\" (by: \");","lastModifiedDate":"2023-01-30"},{"lineNumber":16,"author":{"gitId":"joshua-tyh"},"content":"        sb.append(super.readFormat.format(this.deadline));","lastModifiedDate":"2023-01-30"},{"lineNumber":17,"author":{"gitId":"joshua-tyh"},"content":"        sb.append(\")\");","lastModifiedDate":"2023-01-30"},{"lineNumber":18,"author":{"gitId":"joshua-tyh"},"content":"        return sb.toString();","lastModifiedDate":"2023-01-30"},{"lineNumber":19,"author":{"gitId":"joshua-tyh"},"content":"    }","lastModifiedDate":"2023-01-30"},{"lineNumber":20,"author":{"gitId":"joshua-tyh"},"content":"    @Override","lastModifiedDate":"2023-01-30"},{"lineNumber":21,"author":{"gitId":"joshua-tyh"},"content":"    public String toString() {","lastModifiedDate":"2023-01-19"},{"lineNumber":22,"author":{"gitId":"joshua-tyh"},"content":"        StringBuilder sb \u003d new StringBuilder();","lastModifiedDate":"2023-01-19"},{"lineNumber":23,"author":{"gitId":"joshua-tyh"},"content":"        sb.append(\"[D]\");","lastModifiedDate":"2023-01-30"},{"lineNumber":24,"author":{"gitId":"joshua-tyh"},"content":"        sb.append(super.toString()).append(\" (by: \");","lastModifiedDate":"2023-01-30"},{"lineNumber":25,"author":{"gitId":"joshua-tyh"},"content":"        sb.append(super.writeFormat.format(this.deadline));","lastModifiedDate":"2023-01-30"},{"lineNumber":26,"author":{"gitId":"joshua-tyh"},"content":"        sb.append(\")\");","lastModifiedDate":"2023-01-30"},{"lineNumber":27,"author":{"gitId":"joshua-tyh"},"content":"        return sb.toString();","lastModifiedDate":"2023-01-19"},{"lineNumber":28,"author":{"gitId":"joshua-tyh"},"content":"    }","lastModifiedDate":"2023-01-19"},{"lineNumber":29,"author":{"gitId":"joshua-tyh"},"content":"}","lastModifiedDate":"2023-01-19"}],"authorContributionMap":{"joshua-tyh":29}},{"path":"src/main/java/task/Event.java","fileType":"java","lines":[{"lineNumber":1,"author":{"gitId":"joshua-tyh"},"content":"package task;","lastModifiedDate":"2023-01-31"},{"lineNumber":2,"author":{"gitId":"joshua-tyh"},"content":"import java.util.Date;","lastModifiedDate":"2023-01-30"},{"lineNumber":3,"author":{"gitId":"joshua-tyh"},"content":"import java.text.ParseException;","lastModifiedDate":"2023-01-30"},{"lineNumber":4,"author":{"gitId":"joshua-tyh"},"content":"","lastModifiedDate":"2023-01-30"},{"lineNumber":5,"author":{"gitId":"joshua-tyh"},"content":"public class Event extends Task {","lastModifiedDate":"2023-01-19"},{"lineNumber":6,"author":{"gitId":"joshua-tyh"},"content":"    private Date start;","lastModifiedDate":"2023-01-30"},{"lineNumber":7,"author":{"gitId":"joshua-tyh"},"content":"    private Date end;","lastModifiedDate":"2023-01-30"},{"lineNumber":8,"author":{"gitId":"joshua-tyh"},"content":"    public Event(String description, String start, String end) throws ParseException {","lastModifiedDate":"2023-01-31"},{"lineNumber":9,"author":{"gitId":"joshua-tyh"},"content":"        super(description);","lastModifiedDate":"2023-01-19"},{"lineNumber":10,"author":{"gitId":"joshua-tyh"},"content":"        this.start \u003d super.readFormat.parse(start);","lastModifiedDate":"2023-01-30"},{"lineNumber":11,"author":{"gitId":"joshua-tyh"},"content":"        this.end \u003d super.readFormat.parse(end);","lastModifiedDate":"2023-01-30"},{"lineNumber":12,"author":{"gitId":"joshua-tyh"},"content":"    }","lastModifiedDate":"2023-01-19"},{"lineNumber":13,"author":{"gitId":"joshua-tyh"},"content":"    @Override","lastModifiedDate":"2023-01-19"},{"lineNumber":14,"author":{"gitId":"joshua-tyh"},"content":"    public String save() {","lastModifiedDate":"2023-01-30"},{"lineNumber":15,"author":{"gitId":"joshua-tyh"},"content":"        StringBuilder sb \u003d new StringBuilder();","lastModifiedDate":"2023-01-30"},{"lineNumber":16,"author":{"gitId":"joshua-tyh"},"content":"        sb.append(\"[E]\");","lastModifiedDate":"2023-01-30"},{"lineNumber":17,"author":{"gitId":"joshua-tyh"},"content":"        sb.append(super.toString());","lastModifiedDate":"2023-01-30"},{"lineNumber":18,"author":{"gitId":"joshua-tyh"},"content":"        sb.append(\" (from: \");","lastModifiedDate":"2023-01-30"},{"lineNumber":19,"author":{"gitId":"joshua-tyh"},"content":"        sb.append(super.readFormat.format(this.start));","lastModifiedDate":"2023-01-30"},{"lineNumber":20,"author":{"gitId":"joshua-tyh"},"content":"        sb.append(\" to: \");","lastModifiedDate":"2023-01-30"},{"lineNumber":21,"author":{"gitId":"joshua-tyh"},"content":"        sb.append(super.readFormat.format(this.end));","lastModifiedDate":"2023-01-30"},{"lineNumber":22,"author":{"gitId":"joshua-tyh"},"content":"        sb.append(\")\");","lastModifiedDate":"2023-01-30"},{"lineNumber":23,"author":{"gitId":"joshua-tyh"},"content":"        return sb.toString();","lastModifiedDate":"2023-01-30"},{"lineNumber":24,"author":{"gitId":"joshua-tyh"},"content":"    }","lastModifiedDate":"2023-01-30"},{"lineNumber":25,"author":{"gitId":"joshua-tyh"},"content":"    @Override","lastModifiedDate":"2023-01-30"},{"lineNumber":26,"author":{"gitId":"joshua-tyh"},"content":"    public String toString() {","lastModifiedDate":"2023-01-19"},{"lineNumber":27,"author":{"gitId":"joshua-tyh"},"content":"        StringBuilder sb \u003d new StringBuilder();","lastModifiedDate":"2023-01-19"},{"lineNumber":28,"author":{"gitId":"joshua-tyh"},"content":"        sb.append(\"[E]\");","lastModifiedDate":"2023-01-30"},{"lineNumber":29,"author":{"gitId":"joshua-tyh"},"content":"        sb.append(super.toString());","lastModifiedDate":"2023-01-30"},{"lineNumber":30,"author":{"gitId":"joshua-tyh"},"content":"        sb.append(\" (from: \");","lastModifiedDate":"2023-01-30"},{"lineNumber":31,"author":{"gitId":"joshua-tyh"},"content":"        sb.append(super.writeFormat.format(this.start));","lastModifiedDate":"2023-01-30"},{"lineNumber":32,"author":{"gitId":"joshua-tyh"},"content":"        sb.append(\" to: \");","lastModifiedDate":"2023-01-30"},{"lineNumber":33,"author":{"gitId":"joshua-tyh"},"content":"        sb.append(super.writeFormat.format(this.end));","lastModifiedDate":"2023-01-30"},{"lineNumber":34,"author":{"gitId":"joshua-tyh"},"content":"        sb.append(\")\");","lastModifiedDate":"2023-01-30"},{"lineNumber":35,"author":{"gitId":"joshua-tyh"},"content":"        return sb.toString();","lastModifiedDate":"2023-01-19"},{"lineNumber":36,"author":{"gitId":"joshua-tyh"},"content":"    }","lastModifiedDate":"2023-01-19"},{"lineNumber":37,"author":{"gitId":"joshua-tyh"},"content":"}","lastModifiedDate":"2023-01-19"}],"authorContributionMap":{"joshua-tyh":37}},{"path":"src/main/java/task/Task.java","fileType":"java","lines":[{"lineNumber":1,"author":{"gitId":"joshua-tyh"},"content":"package task;","lastModifiedDate":"2023-01-31"},{"lineNumber":2,"author":{"gitId":"joshua-tyh"},"content":"import java.text.DateFormat;","lastModifiedDate":"2023-01-30"},{"lineNumber":3,"author":{"gitId":"joshua-tyh"},"content":"import java.text.SimpleDateFormat;","lastModifiedDate":"2023-01-30"},{"lineNumber":4,"author":{"gitId":"joshua-tyh"},"content":"","lastModifiedDate":"2023-01-30"},{"lineNumber":5,"author":{"gitId":"joshua-tyh"},"content":"public abstract class Task {","lastModifiedDate":"2023-01-30"},{"lineNumber":6,"author":{"gitId":"joshua-tyh"},"content":"    private String description;","lastModifiedDate":"2023-01-26"},{"lineNumber":7,"author":{"gitId":"joshua-tyh"},"content":"    DateFormat readFormat \u003d new SimpleDateFormat( \"dd/mm/yyyy hhmm\");","lastModifiedDate":"2023-01-30"},{"lineNumber":8,"author":{"gitId":"joshua-tyh"},"content":"    DateFormat writeFormat \u003d new SimpleDateFormat( \"E, MMM dd yyyy, h:mm aa\");","lastModifiedDate":"2023-01-30"},{"lineNumber":9,"author":{"gitId":"joshua-tyh"},"content":"    private boolean isComplete;","lastModifiedDate":"2023-01-19"},{"lineNumber":10,"author":{"gitId":"joshua-tyh"},"content":"    public Task(String description) {","lastModifiedDate":"2023-01-19"},{"lineNumber":11,"author":{"gitId":"joshua-tyh"},"content":"        this.description \u003d description;","lastModifiedDate":"2023-01-19"},{"lineNumber":12,"author":{"gitId":"joshua-tyh"},"content":"        this.isComplete  \u003d false;","lastModifiedDate":"2023-01-19"},{"lineNumber":13,"author":{"gitId":"joshua-tyh"},"content":"    }","lastModifiedDate":"2023-01-19"},{"lineNumber":14,"author":{"gitId":"joshua-tyh"},"content":"    public String getDescription() {","lastModifiedDate":"2023-01-19"},{"lineNumber":15,"author":{"gitId":"joshua-tyh"},"content":"        return this.description;","lastModifiedDate":"2023-01-19"},{"lineNumber":16,"author":{"gitId":"joshua-tyh"},"content":"    }","lastModifiedDate":"2023-01-19"},{"lineNumber":17,"author":{"gitId":"joshua-tyh"},"content":"    public boolean isComplete() {","lastModifiedDate":"2023-01-19"},{"lineNumber":18,"author":{"gitId":"joshua-tyh"},"content":"        return this.isComplete;","lastModifiedDate":"2023-01-19"},{"lineNumber":19,"author":{"gitId":"joshua-tyh"},"content":"    }","lastModifiedDate":"2023-01-19"},{"lineNumber":20,"author":{"gitId":"joshua-tyh"},"content":"    public void mark() {","lastModifiedDate":"2023-01-19"},{"lineNumber":21,"author":{"gitId":"joshua-tyh"},"content":"        this.isComplete \u003d true;","lastModifiedDate":"2023-01-19"},{"lineNumber":22,"author":{"gitId":"joshua-tyh"},"content":"    }","lastModifiedDate":"2023-01-19"},{"lineNumber":23,"author":{"gitId":"joshua-tyh"},"content":"    public void unmark() {","lastModifiedDate":"2023-01-19"},{"lineNumber":24,"author":{"gitId":"joshua-tyh"},"content":"        this.isComplete \u003d false;","lastModifiedDate":"2023-01-19"},{"lineNumber":25,"author":{"gitId":"joshua-tyh"},"content":"    }","lastModifiedDate":"2023-01-19"},{"lineNumber":26,"author":{"gitId":"joshua-tyh"},"content":"    public abstract String save();","lastModifiedDate":"2023-01-30"},{"lineNumber":27,"author":{"gitId":"joshua-tyh"},"content":"    @Override","lastModifiedDate":"2023-01-19"},{"lineNumber":28,"author":{"gitId":"joshua-tyh"},"content":"    public String toString() {","lastModifiedDate":"2023-01-19"},{"lineNumber":29,"author":{"gitId":"joshua-tyh"},"content":"        StringBuilder sb \u003d new StringBuilder();","lastModifiedDate":"2023-01-19"},{"lineNumber":30,"author":{"gitId":"joshua-tyh"},"content":"        sb.append(\"[] \");","lastModifiedDate":"2023-01-30"},{"lineNumber":31,"author":{"gitId":"joshua-tyh"},"content":"        sb.append(this.description);","lastModifiedDate":"2023-01-30"},{"lineNumber":32,"author":{"gitId":"joshua-tyh"},"content":"        if (this.isComplete) {","lastModifiedDate":"2023-01-19"},{"lineNumber":33,"author":{"gitId":"joshua-tyh"},"content":"            sb.insert(1, \"X\");","lastModifiedDate":"2023-01-19"},{"lineNumber":34,"author":{"gitId":"joshua-tyh"},"content":"        }","lastModifiedDate":"2023-01-19"},{"lineNumber":35,"author":{"gitId":"joshua-tyh"},"content":"        return sb.toString();","lastModifiedDate":"2023-01-19"},{"lineNumber":36,"author":{"gitId":"joshua-tyh"},"content":"    }","lastModifiedDate":"2023-01-19"},{"lineNumber":37,"author":{"gitId":"joshua-tyh"},"content":"}","lastModifiedDate":"2023-01-19"}],"authorContributionMap":{"joshua-tyh":37}},{"path":"src/main/java/task/ToDo.java","fileType":"java","lines":[{"lineNumber":1,"author":{"gitId":"joshua-tyh"},"content":"package task;","lastModifiedDate":"2023-01-31"},{"lineNumber":2,"author":{"gitId":"joshua-tyh"},"content":"","lastModifiedDate":"2023-01-31"},{"lineNumber":3,"author":{"gitId":"joshua-tyh"},"content":"public class ToDo extends Task{","lastModifiedDate":"2023-01-19"},{"lineNumber":4,"author":{"gitId":"joshua-tyh"},"content":"    public ToDo(String description) {","lastModifiedDate":"2023-01-19"},{"lineNumber":5,"author":{"gitId":"joshua-tyh"},"content":"        super(description);","lastModifiedDate":"2023-01-19"},{"lineNumber":6,"author":{"gitId":"joshua-tyh"},"content":"    }","lastModifiedDate":"2023-01-19"},{"lineNumber":7,"author":{"gitId":"joshua-tyh"},"content":"    @Override","lastModifiedDate":"2023-01-19"},{"lineNumber":8,"author":{"gitId":"joshua-tyh"},"content":"    public String save() {","lastModifiedDate":"2023-01-30"},{"lineNumber":9,"author":{"gitId":"joshua-tyh"},"content":"        return this.toString();","lastModifiedDate":"2023-01-30"},{"lineNumber":10,"author":{"gitId":"joshua-tyh"},"content":"    }","lastModifiedDate":"2023-01-30"},{"lineNumber":11,"author":{"gitId":"joshua-tyh"},"content":"    @Override","lastModifiedDate":"2023-01-30"},{"lineNumber":12,"author":{"gitId":"joshua-tyh"},"content":"    public String toString() {","lastModifiedDate":"2023-01-19"},{"lineNumber":13,"author":{"gitId":"joshua-tyh"},"content":"        StringBuilder sb \u003d new StringBuilder();","lastModifiedDate":"2023-01-19"},{"lineNumber":14,"author":{"gitId":"joshua-tyh"},"content":"        sb.append(\"[T]\");","lastModifiedDate":"2023-01-30"},{"lineNumber":15,"author":{"gitId":"joshua-tyh"},"content":"        sb.append(super.toString());","lastModifiedDate":"2023-01-30"},{"lineNumber":16,"author":{"gitId":"joshua-tyh"},"content":"        return sb.toString();","lastModifiedDate":"2023-01-19"},{"lineNumber":17,"author":{"gitId":"joshua-tyh"},"content":"    }","lastModifiedDate":"2023-01-19"},{"lineNumber":18,"author":{"gitId":"joshua-tyh"},"content":"}","lastModifiedDate":"2023-01-19"}],"authorContributionMap":{"joshua-tyh":18}},{"path":"src/main/java/utilities/Parser.java","fileType":"java","lines":[{"lineNumber":1,"author":{"gitId":"joshua-tyh"},"content":"package utilities;","lastModifiedDate":"2023-01-31"},{"lineNumber":2,"author":{"gitId":"joshua-tyh"},"content":"import command.Command;","lastModifiedDate":"2023-01-31"},{"lineNumber":3,"author":{"gitId":"joshua-tyh"},"content":"import exceptions.SundayException;","lastModifiedDate":"2023-01-31"},{"lineNumber":4,"author":{"gitId":"joshua-tyh"},"content":"","lastModifiedDate":"2023-01-31"},{"lineNumber":5,"author":{"gitId":"joshua-tyh"},"content":"public class Parser {","lastModifiedDate":"2023-01-31"},{"lineNumber":6,"author":{"gitId":"joshua-tyh"},"content":"    public static Command parse(String[] fullCommand) throws SundayException {","lastModifiedDate":"2023-01-31"},{"lineNumber":7,"author":{"gitId":"joshua-tyh"},"content":"        try {","lastModifiedDate":"2023-01-31"},{"lineNumber":8,"author":{"gitId":"joshua-tyh"},"content":"            return Command.valueOf(fullCommand[0].toUpperCase());","lastModifiedDate":"2023-01-31"},{"lineNumber":9,"author":{"gitId":"joshua-tyh"},"content":"        } catch (IllegalArgumentException e) {","lastModifiedDate":"2023-01-31"},{"lineNumber":10,"author":{"gitId":"joshua-tyh"},"content":"            throw new SundayException(\"OOPS!!! I\u0027m sorry, but I don\u0027t know what that means :-(\");","lastModifiedDate":"2023-01-31"},{"lineNumber":11,"author":{"gitId":"joshua-tyh"},"content":"        }","lastModifiedDate":"2023-01-31"},{"lineNumber":12,"author":{"gitId":"joshua-tyh"},"content":"    }","lastModifiedDate":"2023-01-31"},{"lineNumber":13,"author":{"gitId":"joshua-tyh"},"content":"}","lastModifiedDate":"2023-01-31"}],"authorContributionMap":{"joshua-tyh":13}},{"path":"src/main/java/utilities/Storage.java","fileType":"java","lines":[{"lineNumber":1,"author":{"gitId":"joshua-tyh"},"content":"package utilities;","lastModifiedDate":"2023-01-31"},{"lineNumber":2,"author":{"gitId":"joshua-tyh"},"content":"import command.Command;","lastModifiedDate":"2023-01-31"},{"lineNumber":3,"author":{"gitId":"joshua-tyh"},"content":"import exceptions.SundayException;","lastModifiedDate":"2023-01-31"},{"lineNumber":4,"author":{"gitId":"joshua-tyh"},"content":"import java.io.File;","lastModifiedDate":"2023-01-30"},{"lineNumber":5,"author":{"gitId":"joshua-tyh"},"content":"import java.io.FileNotFoundException;","lastModifiedDate":"2023-01-30"},{"lineNumber":6,"author":{"gitId":"joshua-tyh"},"content":"import java.io.FileWriter;","lastModifiedDate":"2023-01-30"},{"lineNumber":7,"author":{"gitId":"joshua-tyh"},"content":"import java.io.IOException;","lastModifiedDate":"2023-01-30"},{"lineNumber":8,"author":{"gitId":"joshua-tyh"},"content":"import java.util.Scanner;","lastModifiedDate":"2023-01-30"},{"lineNumber":9,"author":{"gitId":"joshua-tyh"},"content":"","lastModifiedDate":"2023-01-30"},{"lineNumber":10,"author":{"gitId":"joshua-tyh"},"content":"public class Storage {","lastModifiedDate":"2023-01-31"},{"lineNumber":11,"author":{"gitId":"joshua-tyh"},"content":"    private static String filepath \u003d \"data/sunday.txt\";","lastModifiedDate":"2023-01-31"},{"lineNumber":12,"author":{"gitId":"joshua-tyh"},"content":"    public static boolean createDataFile() throws SundayException {","lastModifiedDate":"2023-01-30"},{"lineNumber":13,"author":{"gitId":"joshua-tyh"},"content":"        try {","lastModifiedDate":"2023-01-30"},{"lineNumber":14,"author":{"gitId":"joshua-tyh"},"content":"            File dataFile \u003d new File(filepath);","lastModifiedDate":"2023-01-31"},{"lineNumber":15,"author":{"gitId":"joshua-tyh"},"content":"            return dataFile.createNewFile();","lastModifiedDate":"2023-01-31"},{"lineNumber":16,"author":{"gitId":"joshua-tyh"},"content":"        } catch (IOException e) {","lastModifiedDate":"2023-01-30"},{"lineNumber":17,"author":{"gitId":"joshua-tyh"},"content":"            throw new SundayException(\"ERROR: Unable to initialise data file\");","lastModifiedDate":"2023-01-30"},{"lineNumber":18,"author":{"gitId":"joshua-tyh"},"content":"        }","lastModifiedDate":"2023-01-30"},{"lineNumber":19,"author":{"gitId":"joshua-tyh"},"content":"    }","lastModifiedDate":"2023-01-30"},{"lineNumber":20,"author":{"gitId":"joshua-tyh"},"content":"    public static void readFromDataFile() throws SundayException {","lastModifiedDate":"2023-01-30"},{"lineNumber":21,"author":{"gitId":"joshua-tyh"},"content":"        try {","lastModifiedDate":"2023-01-30"},{"lineNumber":22,"author":{"gitId":"joshua-tyh"},"content":"            File dataFile \u003d new File(filepath);","lastModifiedDate":"2023-01-31"},{"lineNumber":23,"author":{"gitId":"joshua-tyh"},"content":"            Scanner reader \u003d new Scanner(dataFile);","lastModifiedDate":"2023-01-30"},{"lineNumber":24,"author":{"gitId":"joshua-tyh"},"content":"            Ui.setDummyStream();","lastModifiedDate":"2023-01-31"},{"lineNumber":25,"author":{"gitId":"joshua-tyh"},"content":"","lastModifiedDate":"2023-01-31"},{"lineNumber":26,"author":{"gitId":"joshua-tyh"},"content":"            int itemIndex \u003d 1;","lastModifiedDate":"2023-01-30"},{"lineNumber":27,"author":{"gitId":"joshua-tyh"},"content":"            while (reader.hasNextLine()) {","lastModifiedDate":"2023-01-30"},{"lineNumber":28,"author":{"gitId":"joshua-tyh"},"content":"                String data \u003d reader.nextLine();","lastModifiedDate":"2023-01-30"},{"lineNumber":29,"author":{"gitId":"joshua-tyh"},"content":"                String[] strArr \u003d data.split(\"]\");","lastModifiedDate":"2023-01-30"},{"lineNumber":30,"author":{"gitId":"joshua-tyh"},"content":"","lastModifiedDate":"2023-01-30"},{"lineNumber":31,"author":{"gitId":"joshua-tyh"},"content":"                switch (strArr[0].charAt(1)) {","lastModifiedDate":"2023-01-30"},{"lineNumber":32,"author":{"gitId":"joshua-tyh"},"content":"                case \u0027T\u0027:","lastModifiedDate":"2023-01-30"},{"lineNumber":33,"author":{"gitId":"joshua-tyh"},"content":"                    Command.TODO.execute(strArr[2]);","lastModifiedDate":"2023-01-31"},{"lineNumber":34,"author":{"gitId":"joshua-tyh"},"content":"                    break;","lastModifiedDate":"2023-01-30"},{"lineNumber":35,"author":{"gitId":"joshua-tyh"},"content":"                case \u0027D\u0027:","lastModifiedDate":"2023-01-30"},{"lineNumber":36,"author":{"gitId":"joshua-tyh"},"content":"                    Command.DEADLINE.execute(strArr[2].substring(0, strArr[2].length() - 1));","lastModifiedDate":"2023-01-31"},{"lineNumber":37,"author":{"gitId":"joshua-tyh"},"content":"                    break;","lastModifiedDate":"2023-01-30"},{"lineNumber":38,"author":{"gitId":"joshua-tyh"},"content":"                case \u0027E\u0027:","lastModifiedDate":"2023-01-30"},{"lineNumber":39,"author":{"gitId":"joshua-tyh"},"content":"                    Command.EVENT.execute(strArr[2].substring(0, strArr[2].length() - 1));","lastModifiedDate":"2023-01-31"},{"lineNumber":40,"author":{"gitId":"joshua-tyh"},"content":"                    break;","lastModifiedDate":"2023-01-30"},{"lineNumber":41,"author":{"gitId":"joshua-tyh"},"content":"                default:","lastModifiedDate":"2023-01-30"},{"lineNumber":42,"author":{"gitId":"joshua-tyh"},"content":"                    throw new SundayException(\"ERROR 1: unable to read file\");","lastModifiedDate":"2023-01-30"},{"lineNumber":43,"author":{"gitId":"joshua-tyh"},"content":"                }","lastModifiedDate":"2023-01-30"},{"lineNumber":44,"author":{"gitId":"joshua-tyh"},"content":"","lastModifiedDate":"2023-01-30"},{"lineNumber":45,"author":{"gitId":"joshua-tyh"},"content":"                switch (strArr[1].length()) {","lastModifiedDate":"2023-01-30"},{"lineNumber":46,"author":{"gitId":"joshua-tyh"},"content":"                case 1:","lastModifiedDate":"2023-01-30"},{"lineNumber":47,"author":{"gitId":"joshua-tyh"},"content":"                    Command.UNMARK.execute(\" \" + String.valueOf(itemIndex));","lastModifiedDate":"2023-01-31"},{"lineNumber":48,"author":{"gitId":"joshua-tyh"},"content":"                    break;","lastModifiedDate":"2023-01-30"},{"lineNumber":49,"author":{"gitId":"joshua-tyh"},"content":"                case 2:","lastModifiedDate":"2023-01-30"},{"lineNumber":50,"author":{"gitId":"joshua-tyh"},"content":"                    Command.MARK.execute(\" \" + String.valueOf(itemIndex));","lastModifiedDate":"2023-01-31"},{"lineNumber":51,"author":{"gitId":"joshua-tyh"},"content":"                    break;","lastModifiedDate":"2023-01-30"},{"lineNumber":52,"author":{"gitId":"joshua-tyh"},"content":"                default:","lastModifiedDate":"2023-01-30"},{"lineNumber":53,"author":{"gitId":"joshua-tyh"},"content":"                    throw new SundayException(\"ERROR 2: unable to read file\");","lastModifiedDate":"2023-01-30"},{"lineNumber":54,"author":{"gitId":"joshua-tyh"},"content":"                }","lastModifiedDate":"2023-01-30"},{"lineNumber":55,"author":{"gitId":"joshua-tyh"},"content":"                itemIndex++;","lastModifiedDate":"2023-01-30"},{"lineNumber":56,"author":{"gitId":"joshua-tyh"},"content":"            }","lastModifiedDate":"2023-01-30"},{"lineNumber":57,"author":{"gitId":"joshua-tyh"},"content":"            Ui.setDefaultStream();","lastModifiedDate":"2023-01-31"},{"lineNumber":58,"author":{"gitId":"joshua-tyh"},"content":"            reader.close();","lastModifiedDate":"2023-01-30"},{"lineNumber":59,"author":{"gitId":"joshua-tyh"},"content":"        } catch (FileNotFoundException e) {","lastModifiedDate":"2023-01-30"},{"lineNumber":60,"author":{"gitId":"joshua-tyh"},"content":"            Ui.setDefaultStream();","lastModifiedDate":"2023-01-31"},{"lineNumber":61,"author":{"gitId":"joshua-tyh"},"content":"            throw new SundayException(\"ERROR: Incorrect data file directory\");","lastModifiedDate":"2023-01-30"},{"lineNumber":62,"author":{"gitId":"joshua-tyh"},"content":"        }","lastModifiedDate":"2023-01-30"},{"lineNumber":63,"author":{"gitId":"joshua-tyh"},"content":"    }","lastModifiedDate":"2023-01-30"},{"lineNumber":64,"author":{"gitId":"joshua-tyh"},"content":"    public static boolean writeToDataFile(String line) throws SundayException {","lastModifiedDate":"2023-01-31"},{"lineNumber":65,"author":{"gitId":"joshua-tyh"},"content":"        try {","lastModifiedDate":"2023-01-30"},{"lineNumber":66,"author":{"gitId":"joshua-tyh"},"content":"            FileWriter myWriter \u003d new FileWriter(filepath);","lastModifiedDate":"2023-01-31"},{"lineNumber":67,"author":{"gitId":"joshua-tyh"},"content":"            myWriter.write(line);","lastModifiedDate":"2023-01-30"},{"lineNumber":68,"author":{"gitId":"joshua-tyh"},"content":"            myWriter.close();","lastModifiedDate":"2023-01-30"},{"lineNumber":69,"author":{"gitId":"joshua-tyh"},"content":"            return true;","lastModifiedDate":"2023-01-31"},{"lineNumber":70,"author":{"gitId":"joshua-tyh"},"content":"        } catch (IOException e) {","lastModifiedDate":"2023-01-30"},{"lineNumber":71,"author":{"gitId":"joshua-tyh"},"content":"            throw new SundayException(\"ERROR: Unable to write to data file\");","lastModifiedDate":"2023-01-31"},{"lineNumber":72,"author":{"gitId":"joshua-tyh"},"content":"        }","lastModifiedDate":"2023-01-30"},{"lineNumber":73,"author":{"gitId":"joshua-tyh"},"content":"    }","lastModifiedDate":"2023-01-30"},{"lineNumber":74,"author":{"gitId":"joshua-tyh"},"content":"}","lastModifiedDate":"2023-01-30"}],"authorContributionMap":{"joshua-tyh":74}},{"path":"src/main/java/utilities/Ui.java","fileType":"java","lines":[{"lineNumber":1,"author":{"gitId":"joshua-tyh"},"content":"package utilities;","lastModifiedDate":"2023-01-31"},{"lineNumber":2,"author":{"gitId":"joshua-tyh"},"content":"","lastModifiedDate":"2023-01-31"},{"lineNumber":3,"author":{"gitId":"joshua-tyh"},"content":"import collections.TaskList;","lastModifiedDate":"2023-01-31"},{"lineNumber":4,"author":{"gitId":"joshua-tyh"},"content":"import exceptions.SundayException;","lastModifiedDate":"2023-01-31"},{"lineNumber":5,"author":{"gitId":"joshua-tyh"},"content":"import task.Task;","lastModifiedDate":"2023-01-31"},{"lineNumber":6,"author":{"gitId":"joshua-tyh"},"content":"","lastModifiedDate":"2023-01-31"},{"lineNumber":7,"author":{"gitId":"joshua-tyh"},"content":"import java.io.IOException;","lastModifiedDate":"2023-01-31"},{"lineNumber":8,"author":{"gitId":"joshua-tyh"},"content":"import java.io.OutputStream;","lastModifiedDate":"2023-01-31"},{"lineNumber":9,"author":{"gitId":"joshua-tyh"},"content":"import java.io.PrintStream;","lastModifiedDate":"2023-01-31"},{"lineNumber":10,"author":{"gitId":"joshua-tyh"},"content":"import java.util.Scanner;","lastModifiedDate":"2023-01-31"},{"lineNumber":11,"author":{"gitId":"joshua-tyh"},"content":"","lastModifiedDate":"2023-01-31"},{"lineNumber":12,"author":{"gitId":"joshua-tyh"},"content":"public class Ui {","lastModifiedDate":"2023-01-31"},{"lineNumber":13,"author":{"gitId":"joshua-tyh"},"content":"    private static String bar \u003d \"____________________________________________________________\";","lastModifiedDate":"2023-01-31"},{"lineNumber":14,"author":{"gitId":"joshua-tyh"},"content":"    private static String indent \u003d \"    \";","lastModifiedDate":"2023-01-31"},{"lineNumber":15,"author":{"gitId":"joshua-tyh"},"content":"    private static PrintStream dummyStream \u003d new PrintStream(new OutputStream() {","lastModifiedDate":"2023-01-31"},{"lineNumber":16,"author":{"gitId":"joshua-tyh"},"content":"        @Override","lastModifiedDate":"2023-01-31"},{"lineNumber":17,"author":{"gitId":"joshua-tyh"},"content":"        public void write(int b) throws IOException {","lastModifiedDate":"2023-01-31"},{"lineNumber":18,"author":{"gitId":"joshua-tyh"},"content":"            // Empty to hide prints while reading from file","lastModifiedDate":"2023-01-31"},{"lineNumber":19,"author":{"gitId":"joshua-tyh"},"content":"        }","lastModifiedDate":"2023-01-31"},{"lineNumber":20,"author":{"gitId":"joshua-tyh"},"content":"    });","lastModifiedDate":"2023-01-31"},{"lineNumber":21,"author":{"gitId":"joshua-tyh"},"content":"    private static PrintStream defaultStream \u003d System.out;","lastModifiedDate":"2023-01-31"},{"lineNumber":22,"author":{"gitId":"joshua-tyh"},"content":"    private Scanner sc \u003d new Scanner(System.in);","lastModifiedDate":"2023-01-31"},{"lineNumber":23,"author":{"gitId":"joshua-tyh"},"content":"    public String[] readCommand() {","lastModifiedDate":"2023-01-31"},{"lineNumber":24,"author":{"gitId":"joshua-tyh"},"content":"        String command \u003d this.sc.next();","lastModifiedDate":"2023-01-31"},{"lineNumber":25,"author":{"gitId":"joshua-tyh"},"content":"        String input \u003d this.sc.nextLine();","lastModifiedDate":"2023-01-31"},{"lineNumber":26,"author":{"gitId":"joshua-tyh"},"content":"        String[] fullCommand \u003d new String[2];","lastModifiedDate":"2023-01-31"},{"lineNumber":27,"author":{"gitId":"joshua-tyh"},"content":"        fullCommand[0] \u003d command;","lastModifiedDate":"2023-01-31"},{"lineNumber":28,"author":{"gitId":"joshua-tyh"},"content":"        fullCommand[1] \u003d input;","lastModifiedDate":"2023-01-31"},{"lineNumber":29,"author":{"gitId":"joshua-tyh"},"content":"        return fullCommand;","lastModifiedDate":"2023-01-31"},{"lineNumber":30,"author":{"gitId":"joshua-tyh"},"content":"    }","lastModifiedDate":"2023-01-31"},{"lineNumber":31,"author":{"gitId":"joshua-tyh"},"content":"    public void close() {","lastModifiedDate":"2023-01-31"},{"lineNumber":32,"author":{"gitId":"joshua-tyh"},"content":"        this.sc.close();","lastModifiedDate":"2023-01-31"},{"lineNumber":33,"author":{"gitId":"joshua-tyh"},"content":"        dummyStream.close();","lastModifiedDate":"2023-01-31"},{"lineNumber":34,"author":{"gitId":"joshua-tyh"},"content":"        defaultStream.close();","lastModifiedDate":"2023-01-31"},{"lineNumber":35,"author":{"gitId":"joshua-tyh"},"content":"    }","lastModifiedDate":"2023-01-31"},{"lineNumber":36,"author":{"gitId":"joshua-tyh"},"content":"    public static void setDummyStream() {","lastModifiedDate":"2023-01-31"},{"lineNumber":37,"author":{"gitId":"joshua-tyh"},"content":"        System.setOut(dummyStream);","lastModifiedDate":"2023-01-31"},{"lineNumber":38,"author":{"gitId":"joshua-tyh"},"content":"    }","lastModifiedDate":"2023-01-31"},{"lineNumber":39,"author":{"gitId":"joshua-tyh"},"content":"    public static void setDefaultStream() {","lastModifiedDate":"2023-01-31"},{"lineNumber":40,"author":{"gitId":"joshua-tyh"},"content":"        System.setOut(defaultStream);","lastModifiedDate":"2023-01-31"},{"lineNumber":41,"author":{"gitId":"joshua-tyh"},"content":"    }","lastModifiedDate":"2023-01-31"},{"lineNumber":42,"author":{"gitId":"joshua-tyh"},"content":"    private static void printBar() {","lastModifiedDate":"2023-01-31"},{"lineNumber":43,"author":{"gitId":"joshua-tyh"},"content":"        System.out.println(indent + bar);","lastModifiedDate":"2023-01-31"},{"lineNumber":44,"author":{"gitId":"joshua-tyh"},"content":"    }","lastModifiedDate":"2023-01-31"},{"lineNumber":45,"author":{"gitId":"joshua-tyh"},"content":"    private static void printText(String text) {","lastModifiedDate":"2023-01-31"},{"lineNumber":46,"author":{"gitId":"joshua-tyh"},"content":"        System.out.println(indent + text);","lastModifiedDate":"2023-01-31"},{"lineNumber":47,"author":{"gitId":"joshua-tyh"},"content":"    }","lastModifiedDate":"2023-01-31"},{"lineNumber":48,"author":{"gitId":"joshua-tyh"},"content":"    public static void printWelcome() {","lastModifiedDate":"2023-01-31"},{"lineNumber":49,"author":{"gitId":"joshua-tyh"},"content":"        printBar();","lastModifiedDate":"2023-01-31"},{"lineNumber":50,"author":{"gitId":"joshua-tyh"},"content":"        printText(\"Hi! I\u0027m Sunday, pleasure to meet you!\");","lastModifiedDate":"2023-01-31"},{"lineNumber":51,"author":{"gitId":"joshua-tyh"},"content":"        printText(\"How can I help?\");","lastModifiedDate":"2023-01-31"},{"lineNumber":52,"author":{"gitId":"joshua-tyh"},"content":"        printBar();","lastModifiedDate":"2023-01-31"},{"lineNumber":53,"author":{"gitId":"joshua-tyh"},"content":"    }","lastModifiedDate":"2023-01-31"},{"lineNumber":54,"author":{"gitId":"joshua-tyh"},"content":"    public static void printCreatedSaveFile() {","lastModifiedDate":"2023-01-31"},{"lineNumber":55,"author":{"gitId":"joshua-tyh"},"content":"        printBar();","lastModifiedDate":"2023-01-31"},{"lineNumber":56,"author":{"gitId":"joshua-tyh"},"content":"        printText(\"It appears we haven\u0027t met!\");","lastModifiedDate":"2023-01-31"},{"lineNumber":57,"author":{"gitId":"joshua-tyh"},"content":"        printText(\"Start typing away your tasks and I\u0027ll note them down accordingly :)\");","lastModifiedDate":"2023-01-31"},{"lineNumber":58,"author":{"gitId":"joshua-tyh"},"content":"        printBar();","lastModifiedDate":"2023-01-31"},{"lineNumber":59,"author":{"gitId":"joshua-tyh"},"content":"    }","lastModifiedDate":"2023-01-31"},{"lineNumber":60,"author":{"gitId":"joshua-tyh"},"content":"    public static void printLoadedSaveFile() {","lastModifiedDate":"2023-01-31"},{"lineNumber":61,"author":{"gitId":"joshua-tyh"},"content":"        printBar();","lastModifiedDate":"2023-01-31"},{"lineNumber":62,"author":{"gitId":"joshua-tyh"},"content":"        printText(\"It appears we\u0027ve met! I\u0027ve restored your task list from our last session.\");","lastModifiedDate":"2023-01-31"},{"lineNumber":63,"author":{"gitId":"joshua-tyh"},"content":"        printBar();","lastModifiedDate":"2023-01-31"},{"lineNumber":64,"author":{"gitId":"joshua-tyh"},"content":"    }","lastModifiedDate":"2023-01-31"},{"lineNumber":65,"author":{"gitId":"joshua-tyh"},"content":"    public static void printTaskList(TaskList taskList) {","lastModifiedDate":"2023-01-31"},{"lineNumber":66,"author":{"gitId":"joshua-tyh"},"content":"        printBar();","lastModifiedDate":"2023-01-31"},{"lineNumber":67,"author":{"gitId":"joshua-tyh"},"content":"        printText(\"Here\u0027s everything I\u0027ve noted down for you:\");","lastModifiedDate":"2023-01-31"},{"lineNumber":68,"author":{"gitId":"joshua-tyh"},"content":"","lastModifiedDate":"2023-01-31"},{"lineNumber":69,"author":{"gitId":"joshua-tyh"},"content":"        String[] strArr \u003d taskList.toString().split(\"\\n\");","lastModifiedDate":"2023-01-31"},{"lineNumber":70,"author":{"gitId":"joshua-tyh"},"content":"        for (int i \u003d 0; i \u003c strArr.length; i++) {","lastModifiedDate":"2023-01-31"},{"lineNumber":71,"author":{"gitId":"joshua-tyh"},"content":"            printText(indent + (i+1) + \". \" + strArr[i]);","lastModifiedDate":"2023-01-31"},{"lineNumber":72,"author":{"gitId":"joshua-tyh"},"content":"        }","lastModifiedDate":"2023-01-31"},{"lineNumber":73,"author":{"gitId":"joshua-tyh"},"content":"","lastModifiedDate":"2023-01-31"},{"lineNumber":74,"author":{"gitId":"joshua-tyh"},"content":"        printBar();","lastModifiedDate":"2023-01-31"},{"lineNumber":75,"author":{"gitId":"joshua-tyh"},"content":"    }","lastModifiedDate":"2023-01-31"},{"lineNumber":76,"author":{"gitId":"joshua-tyh"},"content":"    public static void printAddedTask(Task task, int uncompletedSize) {","lastModifiedDate":"2023-01-31"},{"lineNumber":77,"author":{"gitId":"joshua-tyh"},"content":"        Ui.printBar();","lastModifiedDate":"2023-01-31"},{"lineNumber":78,"author":{"gitId":"joshua-tyh"},"content":"        Ui.printText(\"Got it. I\u0027ve added this task:\");","lastModifiedDate":"2023-01-31"},{"lineNumber":79,"author":{"gitId":"joshua-tyh"},"content":"        Ui.printText(\"  \" + task.toString());","lastModifiedDate":"2023-01-31"},{"lineNumber":80,"author":{"gitId":"joshua-tyh"},"content":"        Ui.printText(\"Now you have \" + uncompletedSize + \" task(s) in the list.\");","lastModifiedDate":"2023-01-31"},{"lineNumber":81,"author":{"gitId":"joshua-tyh"},"content":"        Ui.printBar();","lastModifiedDate":"2023-01-31"},{"lineNumber":82,"author":{"gitId":"joshua-tyh"},"content":"    }","lastModifiedDate":"2023-01-31"},{"lineNumber":83,"author":{"gitId":"joshua-tyh"},"content":"    public static void printMarkedTask(Task task, int uncompletedSize) {","lastModifiedDate":"2023-01-31"},{"lineNumber":84,"author":{"gitId":"joshua-tyh"},"content":"        Ui.printBar();","lastModifiedDate":"2023-01-31"},{"lineNumber":85,"author":{"gitId":"joshua-tyh"},"content":"        Ui.printText(\"Well Done! I\u0027ve marked this task as done:\");","lastModifiedDate":"2023-01-31"},{"lineNumber":86,"author":{"gitId":"joshua-tyh"},"content":"        Ui.printText(\"  \" + task.toString());","lastModifiedDate":"2023-01-31"},{"lineNumber":87,"author":{"gitId":"joshua-tyh"},"content":"        Ui.printText(\"Now you have \" + uncompletedSize + \" task(s) in the list.\");","lastModifiedDate":"2023-01-31"},{"lineNumber":88,"author":{"gitId":"joshua-tyh"},"content":"        Ui.printBar();","lastModifiedDate":"2023-01-31"},{"lineNumber":89,"author":{"gitId":"joshua-tyh"},"content":"    }","lastModifiedDate":"2023-01-31"},{"lineNumber":90,"author":{"gitId":"joshua-tyh"},"content":"    public static void printUnmarkedTask(Task task, int uncompletedSize) {","lastModifiedDate":"2023-01-31"},{"lineNumber":91,"author":{"gitId":"joshua-tyh"},"content":"        printBar();","lastModifiedDate":"2023-01-31"},{"lineNumber":92,"author":{"gitId":"joshua-tyh"},"content":"        printText(\"OK, I\u0027ve marked this task as not done yet:\");","lastModifiedDate":"2023-01-31"},{"lineNumber":93,"author":{"gitId":"joshua-tyh"},"content":"        printText(\"  \" + task);","lastModifiedDate":"2023-01-31"},{"lineNumber":94,"author":{"gitId":"joshua-tyh"},"content":"        printText(\"Now you have \" + uncompletedSize + \" task(s) in the list.\");","lastModifiedDate":"2023-01-31"},{"lineNumber":95,"author":{"gitId":"joshua-tyh"},"content":"        printBar();","lastModifiedDate":"2023-01-31"},{"lineNumber":96,"author":{"gitId":"joshua-tyh"},"content":"    }","lastModifiedDate":"2023-01-31"},{"lineNumber":97,"author":{"gitId":"joshua-tyh"},"content":"    public static void printDeletedTask(Task task, int uncompletedSize) {","lastModifiedDate":"2023-01-31"},{"lineNumber":98,"author":{"gitId":"joshua-tyh"},"content":"        Ui.printBar();","lastModifiedDate":"2023-01-31"},{"lineNumber":99,"author":{"gitId":"joshua-tyh"},"content":"        Ui.printText(\"Noted. I\u0027ve removed this task:\");","lastModifiedDate":"2023-01-31"},{"lineNumber":100,"author":{"gitId":"joshua-tyh"},"content":"        Ui.printText(\"  \" + task.toString());","lastModifiedDate":"2023-01-31"},{"lineNumber":101,"author":{"gitId":"joshua-tyh"},"content":"        Ui.printText(\"Now you have \" + uncompletedSize + \" task(s) in the list.\");","lastModifiedDate":"2023-01-31"},{"lineNumber":102,"author":{"gitId":"joshua-tyh"},"content":"        Ui.printBar();","lastModifiedDate":"2023-01-31"},{"lineNumber":103,"author":{"gitId":"joshua-tyh"},"content":"    }","lastModifiedDate":"2023-01-31"},{"lineNumber":104,"author":{"gitId":"joshua-tyh"},"content":"    public static void printException(SundayException e) {","lastModifiedDate":"2023-01-31"},{"lineNumber":105,"author":{"gitId":"joshua-tyh"},"content":"        printBar();","lastModifiedDate":"2023-01-31"},{"lineNumber":106,"author":{"gitId":"joshua-tyh"},"content":"        printText(e.getMessage());","lastModifiedDate":"2023-01-31"},{"lineNumber":107,"author":{"gitId":"joshua-tyh"},"content":"        printBar();","lastModifiedDate":"2023-01-31"},{"lineNumber":108,"author":{"gitId":"joshua-tyh"},"content":"    }","lastModifiedDate":"2023-01-31"},{"lineNumber":109,"author":{"gitId":"joshua-tyh"},"content":"    public static void printGoodbye(boolean didSave) {","lastModifiedDate":"2023-01-31"},{"lineNumber":110,"author":{"gitId":"joshua-tyh"},"content":"        printBar();","lastModifiedDate":"2023-01-31"},{"lineNumber":111,"author":{"gitId":"joshua-tyh"},"content":"        if (didSave) {","lastModifiedDate":"2023-01-31"},{"lineNumber":112,"author":{"gitId":"joshua-tyh"},"content":"            printSavedToFile();","lastModifiedDate":"2023-01-31"},{"lineNumber":113,"author":{"gitId":"joshua-tyh"},"content":"        }","lastModifiedDate":"2023-01-31"},{"lineNumber":114,"author":{"gitId":"joshua-tyh"},"content":"        printText(\"Goodbye and have a pleasant day!\");","lastModifiedDate":"2023-01-31"},{"lineNumber":115,"author":{"gitId":"joshua-tyh"},"content":"        printBar();","lastModifiedDate":"2023-01-31"},{"lineNumber":116,"author":{"gitId":"joshua-tyh"},"content":"    }","lastModifiedDate":"2023-01-31"},{"lineNumber":117,"author":{"gitId":"joshua-tyh"},"content":"    private static void printSavedToFile() {","lastModifiedDate":"2023-01-31"},{"lineNumber":118,"author":{"gitId":"joshua-tyh"},"content":"        Ui.printText(\"Okay, I\u0027ve save your list for the next session!\");","lastModifiedDate":"2023-01-31"},{"lineNumber":119,"author":{"gitId":"joshua-tyh"},"content":"    }","lastModifiedDate":"2023-01-31"},{"lineNumber":120,"author":{"gitId":"joshua-tyh"},"content":"    public static void printEmptyTaskList() {","lastModifiedDate":"2023-01-31"},{"lineNumber":121,"author":{"gitId":"joshua-tyh"},"content":"        printBar();","lastModifiedDate":"2023-01-31"},{"lineNumber":122,"author":{"gitId":"joshua-tyh"},"content":"        printText(\"Your list is currently empty.\");","lastModifiedDate":"2023-01-31"},{"lineNumber":123,"author":{"gitId":"joshua-tyh"},"content":"        printText(\"Tell me what to note down and I\u0027ll remember it accordingly!\");","lastModifiedDate":"2023-01-31"},{"lineNumber":124,"author":{"gitId":"joshua-tyh"},"content":"        printBar();","lastModifiedDate":"2023-01-31"},{"lineNumber":125,"author":{"gitId":"joshua-tyh"},"content":"    }","lastModifiedDate":"2023-01-31"},{"lineNumber":126,"author":{"gitId":"joshua-tyh"},"content":"}","lastModifiedDate":"2023-01-31"}],"authorContributionMap":{"joshua-tyh":126}},{"path":"text-ui-test/input.txt","fileType":"txt","lines":[{"lineNumber":1,"author":{"gitId":"joshua-tyh"},"content":"deadline Complete CS2103 Individual Project Week 2 /by 20/01/2023 2359","lastModifiedDate":"2023-01-30"},{"lineNumber":2,"author":{"gitId":"joshua-tyh"},"content":"todo check email for updates on NOC","lastModifiedDate":"2023-01-19"},{"lineNumber":3,"author":{"gitId":"joshua-tyh"},"content":"event DJ gig at Cherry Discotheque /from 21/01/23 2200 /to 21/01/2023 0400","lastModifiedDate":"2023-01-30"},{"lineNumber":4,"author":{"gitId":"joshua-tyh"},"content":"list","lastModifiedDate":"2023-01-19"},{"lineNumber":5,"author":{"gitId":"joshua-tyh"},"content":"todo finalise DJ setlist","lastModifiedDate":"2023-01-19"},{"lineNumber":6,"author":{"gitId":"joshua-tyh"},"content":"mark 4","lastModifiedDate":"2023-01-19"},{"lineNumber":7,"author":{"gitId":"joshua-tyh"},"content":"todo buy body soap and cleaning wipes","lastModifiedDate":"2023-01-19"},{"lineNumber":8,"author":{"gitId":"joshua-tyh"},"content":"unmark 4","lastModifiedDate":"2023-01-19"},{"lineNumber":9,"author":{"gitId":"joshua-tyh"},"content":"mark 5","lastModifiedDate":"2023-01-19"},{"lineNumber":10,"author":{"gitId":"joshua-tyh"},"content":"list","lastModifiedDate":"2023-01-19"},{"lineNumber":11,"author":{"gitId":"joshua-tyh"},"content":"mark 2","lastModifiedDate":"2023-01-19"},{"lineNumber":12,"author":{"gitId":"joshua-tyh"},"content":"delete 2","lastModifiedDate":"2023-01-27"},{"lineNumber":13,"author":{"gitId":"joshua-tyh"},"content":"list","lastModifiedDate":"2023-01-27"},{"lineNumber":14,"author":{"gitId":"joshua-tyh"},"content":"bye","lastModifiedDate":"2023-01-19"}],"authorContributionMap":{"joshua-tyh":14}},{"path":"text-ui-test/runtest.bat","fileType":"bat","lines":[{"lineNumber":1,"author":{"gitId":"-"},"content":"@ECHO OFF","lastModifiedDate":"2020-05-25"},{"lineNumber":2,"author":{"gitId":"-"},"content":"","lastModifiedDate":"2020-05-25"},{"lineNumber":3,"author":{"gitId":"-"},"content":"REM create bin directory if it doesn\u0027t exist","lastModifiedDate":"2020-05-25"},{"lineNumber":4,"author":{"gitId":"-"},"content":"if not exist ..\\bin mkdir ..\\bin","lastModifiedDate":"2020-05-25"},{"lineNumber":5,"author":{"gitId":"-"},"content":"","lastModifiedDate":"2020-05-25"},{"lineNumber":6,"author":{"gitId":"-"},"content":"REM delete output from previous run","lastModifiedDate":"2020-05-25"},{"lineNumber":7,"author":{"gitId":"-"},"content":"if exist ACTUAL.TXT del ACTUAL.TXT","lastModifiedDate":"2020-08-25"},{"lineNumber":8,"author":{"gitId":"-"},"content":"","lastModifiedDate":"2020-05-25"},{"lineNumber":9,"author":{"gitId":"-"},"content":"REM compile the code into the bin folder","lastModifiedDate":"2020-05-25"},{"lineNumber":10,"author":{"gitId":"-"},"content":"javac  -cp ..\\src\\main\\java -Xlint:none -d ..\\bin ..\\src\\main\\java\\*.java","lastModifiedDate":"2020-08-25"},{"lineNumber":11,"author":{"gitId":"-"},"content":"IF ERRORLEVEL 1 (","lastModifiedDate":"2020-05-25"},{"lineNumber":12,"author":{"gitId":"-"},"content":"    echo ********** BUILD FAILURE **********","lastModifiedDate":"2020-05-25"},{"lineNumber":13,"author":{"gitId":"-"},"content":"    exit /b 1","lastModifiedDate":"2020-05-25"},{"lineNumber":14,"author":{"gitId":"-"},"content":")","lastModifiedDate":"2020-05-25"},{"lineNumber":15,"author":{"gitId":"-"},"content":"REM no error here, errorlevel \u003d\u003d 0","lastModifiedDate":"2020-05-25"},{"lineNumber":16,"author":{"gitId":"-"},"content":"","lastModifiedDate":"2020-05-25"},{"lineNumber":17,"author":{"gitId":"-"},"content":"REM run the program, feed commands from input.txt file and redirect the output to the ACTUAL.TXT","lastModifiedDate":"2020-05-25"},{"lineNumber":18,"author":{"gitId":"joshua-tyh"},"content":"java -classpath ..\\bin Sunday \u003c input.txt \u003e ACTUAL.TXT","lastModifiedDate":"2023-01-19"},{"lineNumber":19,"author":{"gitId":"-"},"content":"","lastModifiedDate":"2020-05-25"},{"lineNumber":20,"author":{"gitId":"-"},"content":"REM compare the output to the expected output","lastModifiedDate":"2020-05-25"},{"lineNumber":21,"author":{"gitId":"-"},"content":"FC ACTUAL.TXT EXPECTED.TXT","lastModifiedDate":"2020-05-25"}],"authorContributionMap":{"joshua-tyh":1,"-":20}},{"path":"text-ui-test/runtest.sh","fileType":"sh","lines":[{"lineNumber":1,"author":{"gitId":"-"},"content":"#!/usr/bin/env bash","lastModifiedDate":"2020-05-25"},{"lineNumber":2,"author":{"gitId":"-"},"content":"","lastModifiedDate":"2020-05-25"},{"lineNumber":3,"author":{"gitId":"-"},"content":"# create bin directory if it doesn\u0027t exist","lastModifiedDate":"2020-05-25"},{"lineNumber":4,"author":{"gitId":"-"},"content":"if [ ! -d \"../bin\" ]","lastModifiedDate":"2020-05-25"},{"lineNumber":5,"author":{"gitId":"-"},"content":"then","lastModifiedDate":"2020-05-25"},{"lineNumber":6,"author":{"gitId":"-"},"content":"    mkdir ../bin","lastModifiedDate":"2020-05-25"},{"lineNumber":7,"author":{"gitId":"-"},"content":"fi","lastModifiedDate":"2020-05-25"},{"lineNumber":8,"author":{"gitId":"-"},"content":"","lastModifiedDate":"2020-05-25"},{"lineNumber":9,"author":{"gitId":"-"},"content":"# delete output from previous run","lastModifiedDate":"2020-05-25"},{"lineNumber":10,"author":{"gitId":"-"},"content":"if [ -e \"./ACTUAL.TXT\" ]","lastModifiedDate":"2020-05-25"},{"lineNumber":11,"author":{"gitId":"-"},"content":"then","lastModifiedDate":"2020-05-25"},{"lineNumber":12,"author":{"gitId":"-"},"content":"    rm ACTUAL.TXT","lastModifiedDate":"2020-05-25"},{"lineNumber":13,"author":{"gitId":"-"},"content":"fi","lastModifiedDate":"2020-05-25"},{"lineNumber":14,"author":{"gitId":"-"},"content":"","lastModifiedDate":"2020-05-25"},{"lineNumber":15,"author":{"gitId":"-"},"content":"# compile the code into the bin folder, terminates if error occurred","lastModifiedDate":"2020-05-25"},{"lineNumber":16,"author":{"gitId":"-"},"content":"if ! javac -cp ../src/main/java -Xlint:none -d ../bin ../src/main/java/*.java","lastModifiedDate":"2020-08-25"},{"lineNumber":17,"author":{"gitId":"-"},"content":"then","lastModifiedDate":"2020-05-25"},{"lineNumber":18,"author":{"gitId":"-"},"content":"    echo \"********** BUILD FAILURE **********\"","lastModifiedDate":"2020-05-25"},{"lineNumber":19,"author":{"gitId":"-"},"content":"    exit 1","lastModifiedDate":"2020-05-25"},{"lineNumber":20,"author":{"gitId":"-"},"content":"fi","lastModifiedDate":"2020-05-25"},{"lineNumber":21,"author":{"gitId":"-"},"content":"","lastModifiedDate":"2020-05-25"},{"lineNumber":22,"author":{"gitId":"-"},"content":"# run the program, feed commands from input.txt file and redirect the output to the ACTUAL.TXT","lastModifiedDate":"2020-05-25"},{"lineNumber":23,"author":{"gitId":"joshua-tyh"},"content":"java -classpath ../bin Sunday \u003c input.txt \u003e ACTUAL.TXT","lastModifiedDate":"2023-01-19"},{"lineNumber":24,"author":{"gitId":"-"},"content":"","lastModifiedDate":"2020-05-25"},{"lineNumber":25,"author":{"gitId":"-"},"content":"# convert to UNIX format","lastModifiedDate":"2020-05-25"},{"lineNumber":26,"author":{"gitId":"-"},"content":"cp EXPECTED.TXT EXPECTED-UNIX.TXT","lastModifiedDate":"2020-05-25"},{"lineNumber":27,"author":{"gitId":"-"},"content":"dos2unix ACTUAL.TXT EXPECTED-UNIX.TXT","lastModifiedDate":"2020-05-25"},{"lineNumber":28,"author":{"gitId":"-"},"content":"","lastModifiedDate":"2020-05-25"},{"lineNumber":29,"author":{"gitId":"-"},"content":"# compare the output to the expected output","lastModifiedDate":"2020-05-25"},{"lineNumber":30,"author":{"gitId":"-"},"content":"diff ACTUAL.TXT EXPECTED-UNIX.TXT","lastModifiedDate":"2020-05-25"},{"lineNumber":31,"author":{"gitId":"-"},"content":"if [ $? -eq 0 ]","lastModifiedDate":"2020-05-25"},{"lineNumber":32,"author":{"gitId":"-"},"content":"then","lastModifiedDate":"2020-05-25"},{"lineNumber":33,"author":{"gitId":"-"},"content":"    echo \"Test result: PASSED\"","lastModifiedDate":"2020-05-25"},{"lineNumber":34,"author":{"gitId":"-"},"content":"    exit 0","lastModifiedDate":"2020-05-25"},{"lineNumber":35,"author":{"gitId":"-"},"content":"else","lastModifiedDate":"2020-05-25"},{"lineNumber":36,"author":{"gitId":"-"},"content":"    echo \"Test result: FAILED\"","lastModifiedDate":"2020-05-25"},{"lineNumber":37,"author":{"gitId":"-"},"content":"    exit 1","lastModifiedDate":"2020-05-25"},{"lineNumber":38,"author":{"gitId":"-"},"content":"fi","lastModifiedDate":"2020-05-25"}],"authorContributionMap":{"joshua-tyh":1,"-":37}}]
