{"authorDailyContributionsMap":{"joshua-tyh":[{"date":"2023-01-19","commitResults":[{"hash":"97b847e6e28e22a6850b549bb1b4942ff386a765","messageTitle":"Level-1","messageBody":"","tags":["Level-1"],"fileTypesAndContributionMap":{"java":{"insertions":26,"deletions":10},"bat":{"insertions":1,"deletions":1},"md":{"insertions":2,"deletions":2}}},{"hash":"a10ae4c12bebd7a871df68b3982f96922c3b7d3c","messageTitle":"Level-2","messageBody":"","tags":["Level-2"],"fileTypesAndContributionMap":{"java":{"insertions":62,"deletions":9}}},{"hash":"00ba390a1a3eb26581afc84bba7afef061551647","messageTitle":"Level-3","messageBody":"","tags":["Level-3"],"fileTypesAndContributionMap":{"java":{"insertions":72,"deletions":25}}},{"hash":"d2665591e2710868ebd22586f933cd06e87d697b","messageTitle":"A-Classes","messageBody":"","tags":["A-Classes"],"fileTypesAndContributionMap":{"java":{"insertions":16,"deletions":15}}},{"hash":"d3ecd1078fe59aa4809bf47d5ace750f1f37fc65","messageTitle":"Level-4, A-Inheritance","messageBody":"","tags":["Level-4","A-Inheritance"],"fileTypesAndContributionMap":{"java":{"insertions":165,"deletions":28}}}]}]},"authorFileTypeContributionMap":{"joshua-tyh":{"java":264,"md":2,"fxml":0,"sh":0,"bat":1,"gradle":0,"txt":0}},"authorContributionVariance":{"joshua-tyh":23064.0},"authorDisplayNameMap":{"joshua-tyh":"TAN ..SHUA"}}
