{"authorDailyContributionsMap":{"kayyenl":[{"date":"2023-01-18","commitResults":[{"hash":"cac0614213282878d7ab139e565dc74bb210267c","messageTitle":"Level 1 done.","messageBody":"","tags":["Level-1"],"fileTypesAndContributionMap":{"java":{"insertions":23,"deletions":6}}},{"hash":"b110a61ea1860638e994df529ecec71557760e71","messageTitle":"finished level 2","messageBody":"","tags":["Level-2"],"fileTypesAndContributionMap":{"java":{"insertions":14,"deletions":1}}},{"hash":"f080a70088eaca24b0fd0a43e10c44e7e2bf1bd2","messageTitle":"repaired some bugs to make level 2 look more proper","messageBody":"","fileTypesAndContributionMap":{"java":{"insertions":13,"deletions":4}}},{"hash":"e7d055d2409b886de50ec598bbbac121b513db5b","messageTitle":"finally done with level 3, learnt to use equals method","messageBody":"","tags":["Level-3"],"fileTypesAndContributionMap":{"java":{"insertions":41,"deletions":5}}},{"hash":"aef88bdf2fb4471f9956e0c06b1a73b945faff32","messageTitle":"still working on level 4, trying to format the words properly","messageBody":"","fileTypesAndContributionMap":{"java":{"insertions":82,"deletions":14}}},{"hash":"e0c5ec485f9c60b34023410da63a6be7c69e8806","messageTitle":"Finished with Level 4","messageBody":"","tags":["Level-4"],"fileTypesAndContributionMap":{"java":{"insertions":11,"deletions":5}}},{"hash":"25581ad3bd2abb01b2431a3a1c57a1b49cc47994","messageTitle":"successfully ran the runtest.bat, and was able to get correct output","messageBody":"","tags":["A-TextUiTesting"],"fileTypesAndContributionMap":{"txt":{"insertions":4,"deletions":0},"bat":{"insertions":2,"deletions":2}}}]},{"date":"2023-01-20","commitResults":[{"hash":"e34421bb4ed00a3b240ad3f1f9ac9d5e427be075","messageTitle":"Added the delete functionality, and separated child classes of Task to .java files.","messageBody":"","fileTypesAndContributionMap":{"java":{"insertions":66,"deletions":57},"bat":{"insertions":2,"deletions":2}}},{"hash":"71f6f3d211e7f8bd2a1d9a63a1d4c13c48ab37c0","messageTitle":"added an exception class.","messageBody":"","fileTypesAndContributionMap":{"java":{"insertions":5,"deletions":0}}},{"hash":"6675f99e8223eb1535e3b1bdb716061bcd2f5e8f","messageTitle":"Managed to implement exceptions, learn to use throwing. Have OutOfBounds and BlankInput right now.","messageBody":"","tags":["Level-6","Level-5"],"fileTypesAndContributionMap":{"java":{"insertions":51,"deletions":28}}},{"hash":"952e451c2fb1f7712cee39390fe79e949a98eee1","messageTitle":"updated the name of my exceptions to be more accurate.","messageBody":"","fileTypesAndContributionMap":{"java":{"insertions":9,"deletions":9}}}]},{"date":"2023-01-24","commitResults":[{"hash":"e0f923871bc43e41eb69a2af45e3643b9278b656","messageTitle":"Create file for TaskList, so it is a separate class from the main","messageBody":"","fileTypesAndContributionMap":{"java":{"insertions":100,"deletions":40}}}]},{"date":"2023-01-26","commitResults":[{"hash":"058d22f7dc9c50514b0cd97829f6bc403f2b8fcc","messageTitle":"Reorganise and allow for very basic file reading","messageBody":"","fileTypesAndContributionMap":{"txt":{"insertions":0,"deletions":0},"java":{"insertions":23,"deletions":36}}},{"hash":"28f03fda078695dde2ecf86c419f6ff2fd561681","messageTitle":"Implement the exceptions for marking and unmarking, when bool of task does not match","messageBody":"","fileTypesAndContributionMap":{"txt":{"insertions":2,"deletions":0},"java":{"insertions":85,"deletions":59}}}]},{"date":"2023-01-27","commitResults":[{"hash":"f2e2c9fee54d82e6f1185e022b895d06894609fd","messageTitle":"Made loading functionality for save files, still not finishing level 7","messageBody":"","fileTypesAndContributionMap":{"txt":{"insertions":0,"deletions":2},"java":{"insertions":74,"deletions":18}}},{"hash":"13edd04c5cf40c2e693200a51179285f9d0d2af5","messageTitle":"Implement Save, Load functionality and compatible with all current features","messageBody":"","fileTypesAndContributionMap":{"txt":{"insertions":4,"deletions":0},"java":{"insertions":26,"deletions":15}}},{"hash":"7885daeade714a33e2c8b3318f3ea98481f79170","messageTitle":"Divide classes into individual classes (done during level 7)","messageBody":"","fileTypesAndContributionMap":{"java":{"insertions":1,"deletions":1}}},{"hash":"3fd7f1c72f94654ad896205649b8cd2bae581592","messageTitle":"Dummy Commit before switching back to master branch","messageBody":"","fileTypesAndContributionMap":{"java":{"insertions":1,"deletions":1}}},{"hash":"5a41a90ca76d7781eb5edeb4fddd8b9378b93101","messageTitle":"Add exclaimation mark to the greeting (actually testing out branching ability)","messageBody":"","fileTypesAndContributionMap":{"java":{"insertions":1,"deletions":1}}},{"hash":"5e8f2fbb81c0f28b85f335bf98b2df3b85cc143b","messageTitle":"Done with Level 7","messageBody":"","tags":["Level-7"],"fileTypesAndContributionMap":{"txt":{"insertions":2,"deletions":1},"java":{"insertions":0,"deletions":7}}},{"hash":"9703c0c4d5a3660a8af68ebb5c61f78eac3d89e7","messageTitle":"Fix indexing error in the duke.java","messageBody":"","tags":["A-MoreOOP"],"fileTypesAndContributionMap":{"txt":{"insertions":2,"deletions":3},"java":{"insertions":2,"deletions":2}}},{"hash":"b2b8334d97196f3beca5ec443c79d69c77562c87","messageTitle":"Implement date and time for Deadline class","messageBody":"","fileTypesAndContributionMap":{"txt":{"insertions":1,"deletions":0},"java":{"insertions":24,"deletions":2}}},{"hash":"e650b7714c4801ebf880664d8e667dffa2bb8aba","messageTitle":"Handle Deadline already, managed to convert to string date","messageBody":"","fileTypesAndContributionMap":{"java":{"insertions":11,"deletions":7}}},{"hash":"c8169e97419967d73f709017fa4e244189287291","messageTitle":"Improved support for date when entering entries of Deadline class","messageBody":"","fileTypesAndContributionMap":{"txt":{"insertions":3,"deletions":1},"java":{"insertions":4,"deletions":2}}}]},{"date":"2023-01-28","commitResults":[{"hash":"7fb85aa82b4e8c021d79ef60a5ade1445fe6f7ae","messageTitle":"Implement Date and Time functionalities for Deadline and Event finally","messageBody":"","tags":["Level-8"],"fileTypesAndContributionMap":{"txt":{"insertions":5,"deletions":3},"java":{"insertions":26,"deletions":2}}},{"hash":"07c3df0cee1d658f699dd3e69a3ee9dd70bf9c6a","messageTitle":"Forgot to merge the branch level 8 when doing, shall do now","messageBody":"","fileTypesAndContributionMap":{"java":{"insertions":1,"deletions":1}}},{"hash":"11f70dca3097fec2d9d17260ec33de147cefd4e5","messageTitle":"Try again, merge the commit file from branch level 8","messageBody":"","fileTypesAndContributionMap":{"java":{"insertions":1,"deletions":1}}},{"hash":"daf3a0c03fcbfa2effe0938a717cb8a3021a2332","messageTitle":"Commit from master to merge with branch level 8","messageBody":"","fileTypesAndContributionMap":{"java":{"insertions":2,"deletions":2}}},{"hash":"1c011e8768b74d588ce6cedf127768a22fb61afe","messageTitle":"Test commit in master","messageBody":"","fileTypesAndContributionMap":{"java":{"insertions":0,"deletions":1}}},{"hash":"0c1a4ed33d1a91b59d778de0ebee2643cf7af9e0","messageTitle":"Remove one line from duke.txt","messageBody":"","fileTypesAndContributionMap":{"txt":{"insertions":0,"deletions":1}}},{"hash":"12fc4ca30dadfd6f9a7484e88664e5aebcc690f4","messageTitle":"Edit some of the duke, trivial","messageBody":"","fileTypesAndContributionMap":{"txt":{"insertions":5,"deletions":5}}},{"hash":"e988419ddc1f0de98cf7ccf0f8165849d85e2dba","messageTitle":"Add support for Gradle, now main() is run on Gradle","messageBody":"","tags":["A-Gradle"],"fileTypesAndContributionMap":{"txt":{"insertions":5,"deletions":5}}},{"hash":"61ea926658b387e9a307bf2e259b014d5c6dd6d3","messageTitle":"Package exceptions into its own respective package (called duke.exceptions) and refactor","messageBody":"","fileTypesAndContributionMap":{"java":{"insertions":0,"deletions":0}}},{"hash":"24ef4d34ac6dd8a6d38f604017c396ba9eab1e45","messageTitle":"Refactor exceptions into a separate package (duke.exceptions)","messageBody":"","tags":["A-Packages"],"fileTypesAndContributionMap":{"txt":{"insertions":6,"deletions":5},"java":{"insertions":10,"deletions":0}}}]},{"date":"2023-01-31","commitResults":[{"hash":"38e277d69fcab5a4ef8d052fbb13bf4aea68d112","messageTitle":"Implemented User Input handling functionality inside Ui class, successfully debug lag problem in first input in Muse\u0027s program (always lags upon first input)","messageBody":"","fileTypesAndContributionMap":{"txt":{"insertions":2,"deletions":8},"java":{"insertions":87,"deletions":69}}},{"hash":"61dad45278b97c9e727d13cd3ee18e98950a9d04","messageTitle":"Learn \"throws IOException\" in the method definition and applied it, it basically says that the exception will be handled by the class calling it one level above / levels above","messageBody":"","fileTypesAndContributionMap":{"java":{"insertions":22,"deletions":6}}},{"hash":"33cf27d43625f2a6b473bc61c043905b6820f6c7","messageTitle":"Add Storage, Ui, Parser and TaskList classes appropriately","messageBody":"","fileTypesAndContributionMap":{"txt":{"insertions":5,"deletions":2},"java":{"insertions":117,"deletions":110}}},{"hash":"4c3d05aa1e78676648da473b5a64860dd872704b","messageTitle":"Fix another bug (when provide no extra argument for keyword, crash)","messageBody":"","fileTypesAndContributionMap":{"gradle":{"insertions":1,"deletions":0},"txt":{"insertions":6,"deletions":5},"java":{"insertions":69,"deletions":59}}},{"hash":"eef943680ab2dac059922b24740da275e80c3246","messageTitle":"Fix another bug (when u add a todo, once u mark, cannot unmark) this bug led to the wrong indexing of unmarked objects.","messageBody":"","fileTypesAndContributionMap":{"txt":{"insertions":3,"deletions":3},"java":{"insertions":1,"deletions":1}}},{"hash":"ca804e48957883723dc0bfa153bcd0d4b6fe7beb","messageTitle":"Package classes into smaller packages","messageBody":"","fileTypesAndContributionMap":{"txt":{"insertions":4,"deletions":4},"java":{"insertions":46,"deletions":16}}},{"hash":"f4ba2ba64ca69d9c3ddd7f31fa5e72a60b29174d","messageTitle":"A-JUnit Done, implemented 3 tests (2 methods each) for the 3 subclasses of Task (Todo, Event and Deadline)","messageBody":"","tags":["A-Jar","A-JUnit"],"fileTypesAndContributionMap":{"java":{"insertions":66,"deletions":9}}},{"hash":"3e83efd7bcc971184de7680a8ca24744204de0fe","messageTitle":"Annotate TaskList, Duke and Ui Classes","messageBody":"","fileTypesAndContributionMap":{"txt":{"insertions":4,"deletions":4},"java":{"insertions":63,"deletions":8}}},{"hash":"9be27c51a9c67cabce85ce84a2ebec0d11b1011e","messageTitle":"Write documentations for all the helper classes\u0027 public functions","messageBody":"","tags":["A-JavaDoc"],"fileTypesAndContributionMap":{"java":{"insertions":28,"deletions":0}}},{"hash":"29c67435f1cbe31b8d85d280d973c030fe7be044","messageTitle":"Implement Find function, fixed more bugs (excessive white spaces on event and deadline\u0027s toString strings)","messageBody":"","tags":["Level-9"],"fileTypesAndContributionMap":{"txt":{"insertions":6,"deletions":7},"java":{"insertions":37,"deletions":2}}},{"hash":"dfa623a68e74e7dd2a4a9c48e3166d0aec190879","messageTitle":"Forgot to work on Level 9 in this branch... will push an empty commit now onto this branch","messageBody":"","fileTypesAndContributionMap":{"java":{"insertions":1,"deletions":1}}},{"hash":"8e99789319d26abe705c2d5bde981e66f94c4759","messageTitle":"second blank commit","messageBody":"","fileTypesAndContributionMap":{"java":{"insertions":1,"deletions":1}}},{"hash":"397edf4d4121770a04554a5b57e8020331a882bc","messageTitle":"Do a commit on master so i can merge level 9 branch and master","messageBody":"","fileTypesAndContributionMap":{"java":{"insertions":1,"deletions":1}}},{"hash":"4e1700d7d5ea9b52d72f5772aa682f2f6fa45df6","messageTitle":"Done documentation for Event Class","messageBody":"","fileTypesAndContributionMap":{"java":{"insertions":20,"deletions":0}}},{"hash":"5c6c719aa355da8c6bcf6af230c50e616b3cc80c","messageTitle":"Document for Task Class (just the header)","messageBody":"","fileTypesAndContributionMap":{"java":{"insertions":3,"deletions":0}}},{"hash":"dea71d27dac260f12041c460afae4b69e32b6a4d","messageTitle":"Write docs for Task class","messageBody":"","fileTypesAndContributionMap":{"java":{"insertions":16,"deletions":0}}},{"hash":"9274f578cc1dc1511f2c2032d9da5d9fc1e7c1ff","messageTitle":"Enforced checkstyle settings in ide, wraps at 120 words and spaces after operations","messageBody":"","fileTypesAndContributionMap":{"java":{"insertions":27,"deletions":27}}},{"hash":"250265a87fd3512485f2e7e54787333c836d8775","messageTitle":"About to merge with branch-A-CodingStyle","messageBody":"","fileTypesAndContributionMap":{"java":{"insertions":1,"deletions":1}}}]},{"date":"2023-02-01","commitResults":[{"hash":"d7832c4f2bfae641c1d1f5910de2a71ff93d06a5","messageTitle":"Remove irrelevant import statements in Ui","messageBody":"","fileTypesAndContributionMap":{"java":{"insertions":0,"deletions":7}}}]},{"date":"2023-02-02","commitResults":[{"hash":"a142b3876c59dd489d250af677aa8adcd6b74651","messageTitle":"Add checkstyle into gradle, runs well","messageBody":"","tags":["A-CheckStyle"],"fileTypesAndContributionMap":{"gradle":{"insertions":18,"deletions":0},"java":{"insertions":6,"deletions":0}}}]},{"date":"2023-02-05","commitResults":[{"hash":"c4a6d657ae4b96c43c823e782e8a87bfeafed948","messageTitle":"Dummy Commit","messageBody":"","fileTypesAndContributionMap":{"txt":{"insertions":0,"deletions":2}}}]},{"date":"2023-02-07","commitResults":[{"hash":"ffed93d724cfcb184e8bf4bfe42f7db9b6d440b1","messageTitle":"Make the default GUI for muse","messageBody":"","fileTypesAndContributionMap":{"java":{"insertions":112,"deletions":2}}},{"hash":"d1975ec5d3a53a1fd30a70906fefb66f97fc7bce","messageTitle":"Implement functionality for GUI, have yet to include actual output by Muse","messageBody":"","tags":["Level-10"],"fileTypesAndContributionMap":{"java":{"insertions":48,"deletions":0}}},{"hash":"10e2b745ce1032fad23ada21ffaaf6e9d631120a","messageTitle":"Done somewhat barebones GUI of muse.","messageBody":"Added padding to the text boxes beside the profiles of user and muse.\nFixed several bugs, have not managed to close the app.\n","tags":["A-FullCommitMessage"],"fileTypesAndContributionMap":{"java":{"insertions":186,"deletions":179}}},{"hash":"810e3cb6db5a75e8f01d8d8e040bd233ad49475f","messageTitle":"Refactor code such that the saving functionality is still intact and working","messageBody":"","fileTypesAndContributionMap":{"txt":{"insertions":2,"deletions":0},"java":{"insertions":20,"deletions":2}}},{"hash":"30ce291eb4892f1a1b316ba6a510a8e91c1baa6f","messageTitle":"Implemented bye functionality","messageBody":"","fileTypesAndContributionMap":{"txt":{"insertions":1,"deletions":1},"java":{"insertions":2,"deletions":0}}}]}]},"authorFileTypeContributionMap":{"kayyenl":{"java":872,"md":0,"fxml":0,"sh":0,"bat":1,"gradle":19,"txt":10}},"authorContributionVariance":{"kayyenl":46796.84},"authorDisplayNameMap":{"kayyenl":"CS2103-F10-1 LEE .. YEN"}}
