{"authorDailyContributionsMap":{"runoutofit":[{"date":"2023-01-20","commitResults":[{"hash":"981a5c6bf882827312d9fff70840ebff5a8c580b","messageTitle":"level 1","messageBody":"","tags":["Level-1"],"fileTypesAndContributionMap":{"java":{"insertions":15,"deletions":0}}}]},{"date":"2023-01-21","commitResults":[{"hash":"d334bf663aa59dbfef2d79d9f240be6fa75b139a","messageTitle":"level 2 add and list","messageBody":"","tags":["Level-2"],"fileTypesAndContributionMap":{"java":{"insertions":18,"deletions":7}}},{"hash":"ff652eca4e25a6ec699091d28f808d09c1120447","messageTitle":"level 3 Mark as Done","messageBody":"","tags":["Level-3"],"fileTypesAndContributionMap":{"java":{"insertions":42,"deletions":4}}}]},{"date":"2023-01-25","commitResults":[{"hash":"376c82eef421a831b4fa4c021b2410375893e02c","messageTitle":"level 4 todos,deadlines and events","messageBody":"","tags":["Level-4"],"fileTypesAndContributionMap":{"java":{"insertions":71,"deletions":3}}},{"hash":"d94809685733481ec088ab433b71667713067803","messageTitle":"automated testing and fixed Duke","messageBody":"","tags":["A-TextUiTesting"],"fileTypesAndContributionMap":{"txt":{"insertions":7,"deletions":0},"java":{"insertions":1,"deletions":0}}}]},{"date":"2023-01-28","commitResults":[{"hash":"d564412634559f04f4a209153956459e3f6e47b3","messageTitle":"add Level 5","messageBody":"","tags":["Level-5"],"fileTypesAndContributionMap":{"java":{"insertions":91,"deletions":43}}},{"hash":"a29b5f12cb1748ae5a05845d2b0c564f4bbe17a4","messageTitle":"add level 6-delete","messageBody":"","tags":["Level-6"],"fileTypesAndContributionMap":{"java":{"insertions":16,"deletions":8}}}]},{"date":"2023-01-31","commitResults":[{"hash":"edf814574fbed8ade42af2d1dbd8e05901cf71c1","messageTitle":"add level 7-save","messageBody":"","tags":["Level-7"],"fileTypesAndContributionMap":{"java":{"insertions":79,"deletions":7}}},{"hash":"c24065b72868974c335fd52ca0b23a932f5fb738","messageTitle":"add level 8-date and time","messageBody":"","tags":["Level-8"],"fileTypesAndContributionMap":{"java":{"insertions":21,"deletions":5}}}]},{"date":"2023-02-01","commitResults":[{"hash":"e44c158944361f453ea78caaccfe258a24774343","messageTitle":"fix merging issues","messageBody":"","fileTypesAndContributionMap":{"java":{"insertions":71,"deletions":10}}}]},{"date":"2023-02-03","commitResults":[{"hash":"1f234a33b9bb971596a1fbed4d8c088e5580b5a5","messageTitle":"Add more OOP","messageBody":"","tags":["A-MoreOOP"],"fileTypesAndContributionMap":{"java":{"insertions":195,"deletions":139}}},{"hash":"90fc173c5b4f34f4efce3a6f9045511d40286c18","messageTitle":"Add duke package","messageBody":"","tags":["A-Packages"],"fileTypesAndContributionMap":{"java":{"insertions":19,"deletions":9}}}]},{"date":"2023-02-05","commitResults":[{"hash":"e914bd38f1d79f69fa7eda16357e77d54e4402e4","messageTitle":"add JUnit tests-test deadline and toDo","messageBody":"","tags":["A-Jar","A-JUnit"],"fileTypesAndContributionMap":{"java":{"insertions":29,"deletions":3}}}]},{"date":"2023-02-10","commitResults":[{"hash":"cfd987c20f81f8a3bab8a8c00ee71a1544305397","messageTitle":"add javadocs","messageBody":"","tags":["A-JavaDocs"],"fileTypesAndContributionMap":{"java":{"insertions":96,"deletions":31}}},{"hash":"3fe71624a770c1808168e94ff7ed2e8b918b83d5","messageTitle":"add coding standards","messageBody":"","fileTypesAndContributionMap":{"txt":{"insertions":4,"deletions":0},"java":{"insertions":30,"deletions":30}}}]}]},"authorFileTypeContributionMap":{"runoutofit":{"java":443,"md":0,"fxml":0,"sh":0,"bat":0,"gradle":0,"txt":11}},"authorContributionVariance":{"runoutofit":6295.858},"authorDisplayNameMap":{"runoutofit":"CS2103T-W12-4 CHUA..HONG"}}
