{"authorDailyContributionsMap":{"dohaduong":[{"date":"2023-01-19","commitResults":[{"hash":"5175a18420239b877b6f35df5e6ec69d844e475f","messageTitle":"Level 1 completed","messageBody":"","fileTypesAndContributionMap":{"java":{"insertions":13,"deletions":0}}},{"hash":"52430292b8305a56d75d16ccb58c54082ea12bf6","messageTitle":"Level 1 completed","messageBody":"","tags":["Level-1"],"fileTypesAndContributionMap":{"java":{"insertions":1,"deletions":1}}},{"hash":"8800bd83921fcc1af5314b691d72ee89dff09e37","messageTitle":"Level 2 completed","messageBody":"","tags":["Level-2"],"fileTypesAndContributionMap":{"java":{"insertions":19,"deletions":2}}},{"hash":"e6737dd113ebc0c803a6d73a5d4f83a06b5f2557","messageTitle":".\\Duke.Level 3 completed","messageBody":"","tags":["Level-3"],"fileTypesAndContributionMap":{"java":{"insertions":21,"deletions":4}}},{"hash":"484a453ffb6e0f4904f894ae06181f808853e20d","messageTitle":"Level 4 completed","messageBody":"","tags":["Level-4"],"fileTypesAndContributionMap":{"java":{"insertions":222,"deletions":6}}}]},{"date":"2023-01-20","commitResults":[{"hash":"a7ac99e495cb970700b2d409df98ea1c26c7b973","messageTitle":"test case","messageBody":"","tags":["A-TextUiTesting"],"fileTypesAndContributionMap":{"txt":{"insertions":3,"deletions":0}}},{"hash":"9a37e6b47f139ed0c56adc7dd1308a256c6fa8bd","messageTitle":"test case","messageBody":"","fileTypesAndContributionMap":{"bat":{"insertions":1,"deletions":1}}},{"hash":"85ff3e9bcac573b665a7c81166083782b3bee9b7","messageTitle":"Level 5 completed","messageBody":"","tags":["Level-5"],"fileTypesAndContributionMap":{"java":{"insertions":134,"deletions":144}}},{"hash":"d7f9faea9c1342974d29f221d6abbd6e867f8590","messageTitle":"Level 6 completed","messageBody":"","tags":["Level-6"],"fileTypesAndContributionMap":{"java":{"insertions":31,"deletions":67}}},{"hash":"fad04d34a94183ab3ec5a8713ba9717f5b83db68","messageTitle":"Enums already used in previous levels","messageBody":"","tags":["A-Enums"],"fileTypesAndContributionMap":{"java":{"insertions":0,"deletions":1}}}]},{"date":"2023-01-26","commitResults":[{"hash":"ff86d355cc37836169a71607010d872dfa74c0c9","messageTitle":"Level 7 file saver completed","messageBody":"","fileTypesAndContributionMap":{"java":{"insertions":0,"deletions":0}}},{"hash":"f4fcbe1c711e63058ab9e1e2fe669baf79d1d024","messageTitle":"Level 7 file saver completed","messageBody":"","fileTypesAndContributionMap":{"txt":{"insertions":1,"deletions":0},"java":{"insertions":90,"deletions":18}}},{"hash":"97aba743c3878f49ea478e47fb4b07ef49703ba8","messageTitle":"edit","messageBody":"","fileTypesAndContributionMap":{"java":{"insertions":1,"deletions":2}}},{"hash":"e746435265782921f26bd57966d651df172e387c","messageTitle":"Level 7 file saver completed","messageBody":"","fileTypesAndContributionMap":{"txt":{"insertions":0,"deletions":1},"java":{"insertions":144,"deletions":144}}},{"hash":"d045d4b7eff17bd68ecb51f102b2944b224d1086","messageTitle":"Level 8 Date and Time","messageBody":"","fileTypesAndContributionMap":{"java":{"insertions":339,"deletions":138}}},{"hash":"03445cb984159f1e9df579a465a4a44db6969574","messageTitle":"Merge level 7 and 8","messageBody":"","fileTypesAndContributionMap":{"txt":{"insertions":2,"deletions":0},"java":{"insertions":1,"deletions":59}}},{"hash":"a6a25e379401b95a3e967daecd7f82f4c4af5d1c","messageTitle":"More OOP","messageBody":"","tags":["A-MoreOOP"],"fileTypesAndContributionMap":{"txt":{"insertions":4,"deletions":0},"java":{"insertions":261,"deletions":125}}},{"hash":"8d40deb6f5211d70a213d0a386132d093ddac886","messageTitle":"divided into packages","messageBody":"","fileTypesAndContributionMap":{"java":{"insertions":15,"deletions":0}}}]},{"date":"2023-01-27","commitResults":[{"hash":"21cb0097f29a97917ddede6645815a313ebc488a","messageTitle":"Class divided into packages","messageBody":"","tags":["A-Packages"],"fileTypesAndContributionMap":{"java":{"insertions":45,"deletions":25}}},{"hash":"f4bed4c324118ea02298877c32b5d2118e6e0d78","messageTitle":"JUnit tests","messageBody":"","tags":["A-Jar","A-JUnit"],"fileTypesAndContributionMap":{"java":{"insertions":22,"deletions":0}}},{"hash":"8663438e5d9f8d09ee70ec21c4a0731073be43e9","messageTitle":"JavaDoc added for public methods","messageBody":"","tags":["A-CodingStandard"],"fileTypesAndContributionMap":{"txt":{"insertions":1,"deletions":0},"java":{"insertions":220,"deletions":39}}},{"hash":"56191586697e818de36638b332092f74388cea33","messageTitle":"Coding Standard followed","messageBody":"","fileTypesAndContributionMap":{"java":{"insertions":64,"deletions":44}}},{"hash":"c1af6d55583cc63728fd5462ce1eadab2a98b8de","messageTitle":"Level 9 completed","messageBody":"","fileTypesAndContributionMap":{"txt":{"insertions":3,"deletions":0},"java":{"insertions":69,"deletions":3}}},{"hash":"d69d4656cd13638c199f94e966db224ae35ea06b","messageTitle":"merge","messageBody":"","fileTypesAndContributionMap":{"java":{"insertions":1,"deletions":7}}},{"hash":"54824e5e76a3b945c5d7b4b08bfecf83120c38bf","messageTitle":"Level 9 completed and merged","messageBody":"","tags":["Level-9"],"fileTypesAndContributionMap":{"txt":{"insertions":3,"deletions":3},"java":{"insertions":5,"deletions":5}}},{"hash":"b0e64b3e829a6afd95d97a57c0d7d37019aa8aa6","messageTitle":"Level 9 completed and edited","messageBody":"","fileTypesAndContributionMap":{"java":{"insertions":17,"deletions":4}}},{"hash":"20d50598926fa337e0f75eec0e39a683ab7038f3","messageTitle":"Handle conflicts","messageBody":"","fileTypesAndContributionMap":{"java":{"insertions":5,"deletions":20}}},{"hash":"2755d34bbfff26fb063db9c6ed134ad152341f5e","messageTitle":"Resolve conflicts","messageBody":"","fileTypesAndContributionMap":{"java":{"insertions":110,"deletions":89}}}]},{"date":"2023-02-02","commitResults":[{"hash":"a927c4396a2ce1273d6f75016961a77a6bdbcf23","messageTitle":"Checkstyles added","messageBody":"","fileTypesAndContributionMap":{"gradle":{"insertions":6,"deletions":0},"java":{"insertions":327,"deletions":238}}},{"hash":"ab9e03534dab772dc6f65b8f5e03e50f1a1c0211","messageTitle":"GUI","messageBody":"","fileTypesAndContributionMap":{"gradle":{"insertions":17,"deletions":1}}},{"hash":"e90ec0fa328d7b4768c120d5935fda3dd77294eb","messageTitle":"Level 10 in progress","messageBody":"","fileTypesAndContributionMap":{"java":{"insertions":50,"deletions":0}}}]},{"date":"2023-02-03","commitResults":[{"hash":"c51f1bdcf32be1e2670565418cd5de2131ab5f72","messageTitle":"Level 10 completed","messageBody":"","fileTypesAndContributionMap":{"gradle":{"insertions":13,"deletions":7},"txt":{"insertions":9,"deletions":0},"fxml":{"insertions":35,"deletions":0},"java":{"insertions":660,"deletions":201}}},{"hash":"92cf8f23fcb1b5dbe7d229af36e883b849b3244b","messageTitle":"Level 10","messageBody":"","fileTypesAndContributionMap":{"txt":{"insertions":0,"deletions":1},"java":{"insertions":5,"deletions":33}}},{"hash":"4ca5febeb1b3cdd29a21f86ec8fb2a1a2f2be0e7","messageTitle":"Level 10 updated","messageBody":"","fileTypesAndContributionMap":{"java":{"insertions":3,"deletions":3}}},{"hash":"90ccf386f5edb12d1c2db84ffcc8316565dc81f4","messageTitle":"Level 10 done","messageBody":"","fileTypesAndContributionMap":{"java":{"insertions":6,"deletions":6}}}]}]},"authorFileTypeContributionMap":{"dohaduong":{"java":1505,"md":0,"fxml":35,"sh":0,"bat":1,"gradle":32,"txt":24}},"authorContributionVariance":{"dohaduong":143684.31},"authorDisplayNameMap":{"dohaduong":"CS2103-F11-2 DO H..UONG"}}
