[{"path":"src/main/java/Duke.java","fileType":"java","lines":[{"lineNumber":1,"author":{"gitId":"jiasheng59"},"content":"import java.util.ArrayList;","lastModifiedDate":"2023-01-18"},{"lineNumber":2,"author":{"gitId":"jiasheng59"},"content":"import java.util.Scanner;","lastModifiedDate":"2023-01-18"},{"lineNumber":3,"author":{"gitId":"jiasheng59"},"content":"","lastModifiedDate":"2023-01-18"},{"lineNumber":4,"author":{"gitId":"-"},"content":"public class Duke {","lastModifiedDate":"2019-07-29"},{"lineNumber":5,"author":{"gitId":"jiasheng59"},"content":"    private final static String bye \u003d \"bye\";","lastModifiedDate":"2023-01-18"},{"lineNumber":6,"author":{"gitId":"jiasheng59"},"content":"    private final static String goodbyeMessage \u003d \"Bye. Hope to see you again soon!\";","lastModifiedDate":"2023-01-18"},{"lineNumber":7,"author":{"gitId":"jiasheng59"},"content":"    private final static String list \u003d \"list\";","lastModifiedDate":"2023-01-18"},{"lineNumber":8,"author":{"gitId":"jiasheng59"},"content":"    private final static String mark \u003d \"mark\";","lastModifiedDate":"2023-01-18"},{"lineNumber":9,"author":{"gitId":"jiasheng59"},"content":"    private final static String unmark \u003d \"unmark\";","lastModifiedDate":"2023-01-18"},{"lineNumber":10,"author":{"gitId":"jiasheng59"},"content":"    private static ArrayList\u003cTask\u003e tasks \u003d new ArrayList\u003c\u003e();","lastModifiedDate":"2023-01-18"},{"lineNumber":11,"author":{"gitId":"jiasheng59"},"content":"","lastModifiedDate":"2023-01-18"},{"lineNumber":12,"author":{"gitId":"jiasheng59"},"content":"    private static void indentedPrintln(String message) {","lastModifiedDate":"2023-01-18"},{"lineNumber":13,"author":{"gitId":"jiasheng59"},"content":"        String indentedMessage \u003d \"     \" + message;","lastModifiedDate":"2023-01-18"},{"lineNumber":14,"author":{"gitId":"jiasheng59"},"content":"        System.out.println(indentedMessage);","lastModifiedDate":"2023-01-18"},{"lineNumber":15,"author":{"gitId":"jiasheng59"},"content":"    }","lastModifiedDate":"2023-01-18"},{"lineNumber":16,"author":{"gitId":"jiasheng59"},"content":"","lastModifiedDate":"2023-01-18"},{"lineNumber":17,"author":{"gitId":"jiasheng59"},"content":"    private static void list() {","lastModifiedDate":"2023-01-18"},{"lineNumber":18,"author":{"gitId":"jiasheng59"},"content":"        indentedPrintln(\"Here are the tasks in your list:\");","lastModifiedDate":"2023-01-18"},{"lineNumber":19,"author":{"gitId":"jiasheng59"},"content":"        int numOfTasks \u003d tasks.size();","lastModifiedDate":"2023-01-18"},{"lineNumber":20,"author":{"gitId":"jiasheng59"},"content":"        for (int i \u003d 1; i \u003c\u003d numOfTasks; i++) {","lastModifiedDate":"2023-01-18"},{"lineNumber":21,"author":{"gitId":"jiasheng59"},"content":"            indentedPrintln(i + \".[\" + tasks.get(i - 1).getStatusIcon() + \"] \"","lastModifiedDate":"2023-01-18"},{"lineNumber":22,"author":{"gitId":"jiasheng59"},"content":"                    + tasks.get(i - 1));","lastModifiedDate":"2023-01-18"},{"lineNumber":23,"author":{"gitId":"jiasheng59"},"content":"        }","lastModifiedDate":"2023-01-18"},{"lineNumber":24,"author":{"gitId":"jiasheng59"},"content":"    }","lastModifiedDate":"2023-01-18"},{"lineNumber":25,"author":{"gitId":"jiasheng59"},"content":"","lastModifiedDate":"2023-01-18"},{"lineNumber":26,"author":{"gitId":"jiasheng59"},"content":"    private static void mark(int taskNumber) {","lastModifiedDate":"2023-01-18"},{"lineNumber":27,"author":{"gitId":"jiasheng59"},"content":"        Task task \u003d tasks.get(taskNumber - 1);","lastModifiedDate":"2023-01-18"},{"lineNumber":28,"author":{"gitId":"jiasheng59"},"content":"        task.markAsDone();","lastModifiedDate":"2023-01-18"},{"lineNumber":29,"author":{"gitId":"jiasheng59"},"content":"        String message \u003d \"Nice! I\u0027ve marked this task as done:\";","lastModifiedDate":"2023-01-18"},{"lineNumber":30,"author":{"gitId":"jiasheng59"},"content":"        indentedPrintln(message);","lastModifiedDate":"2023-01-18"},{"lineNumber":31,"author":{"gitId":"jiasheng59"},"content":"        indentedPrintln(\"  [\" + task.getStatusIcon() + \"] \"","lastModifiedDate":"2023-01-18"},{"lineNumber":32,"author":{"gitId":"jiasheng59"},"content":"                + task);","lastModifiedDate":"2023-01-18"},{"lineNumber":33,"author":{"gitId":"jiasheng59"},"content":"    }","lastModifiedDate":"2023-01-18"},{"lineNumber":34,"author":{"gitId":"jiasheng59"},"content":"","lastModifiedDate":"2023-01-18"},{"lineNumber":35,"author":{"gitId":"jiasheng59"},"content":"    private static void unmark(int taskNumber) {","lastModifiedDate":"2023-01-18"},{"lineNumber":36,"author":{"gitId":"jiasheng59"},"content":"        Task task \u003d tasks.get(taskNumber - 1);","lastModifiedDate":"2023-01-18"},{"lineNumber":37,"author":{"gitId":"jiasheng59"},"content":"        task.markAsNotDone();","lastModifiedDate":"2023-01-18"},{"lineNumber":38,"author":{"gitId":"jiasheng59"},"content":"        String message \u003d \"OK, I\u0027ve marked this task as not done yet:\";","lastModifiedDate":"2023-01-18"},{"lineNumber":39,"author":{"gitId":"jiasheng59"},"content":"        indentedPrintln(message);","lastModifiedDate":"2023-01-18"},{"lineNumber":40,"author":{"gitId":"jiasheng59"},"content":"        indentedPrintln(\"  [\" + task.getStatusIcon() + \"] \"","lastModifiedDate":"2023-01-18"},{"lineNumber":41,"author":{"gitId":"jiasheng59"},"content":"                + task);","lastModifiedDate":"2023-01-18"},{"lineNumber":42,"author":{"gitId":"jiasheng59"},"content":"    }","lastModifiedDate":"2023-01-18"},{"lineNumber":43,"author":{"gitId":"jiasheng59"},"content":"","lastModifiedDate":"2023-01-18"},{"lineNumber":44,"author":{"gitId":"-"},"content":"    public static void main(String[] args) {","lastModifiedDate":"2019-07-29"},{"lineNumber":45,"author":{"gitId":"-"},"content":"        String logo \u003d \" ____        _        \\n\"","lastModifiedDate":"2019-07-29"},{"lineNumber":46,"author":{"gitId":"-"},"content":"                + \"|  _ \\\\ _   _| | _____ \\n\"","lastModifiedDate":"2019-07-29"},{"lineNumber":47,"author":{"gitId":"-"},"content":"                + \"| | | | | | | |/ / _ \\\\\\n\"","lastModifiedDate":"2019-07-29"},{"lineNumber":48,"author":{"gitId":"-"},"content":"                + \"| |_| | |_| |   \u003c  __/\\n\"","lastModifiedDate":"2019-07-29"},{"lineNumber":49,"author":{"gitId":"-"},"content":"                + \"|____/ \\\\__,_|_|\\\\_\\\\___|\\n\";","lastModifiedDate":"2019-07-29"},{"lineNumber":50,"author":{"gitId":"-"},"content":"        System.out.println(\"Hello from\\n\" + logo);","lastModifiedDate":"2019-07-29"},{"lineNumber":51,"author":{"gitId":"jiasheng59"},"content":"","lastModifiedDate":"2023-01-18"},{"lineNumber":52,"author":{"gitId":"jiasheng59"},"content":"        Scanner sc \u003d new Scanner(System.in);","lastModifiedDate":"2023-01-18"},{"lineNumber":53,"author":{"gitId":"jiasheng59"},"content":"        String str \u003d sc.nextLine();","lastModifiedDate":"2023-01-18"},{"lineNumber":54,"author":{"gitId":"jiasheng59"},"content":"        while (!str.equals(bye)) {","lastModifiedDate":"2023-01-18"},{"lineNumber":55,"author":{"gitId":"jiasheng59"},"content":"            if (str.equals(list)) {","lastModifiedDate":"2023-01-18"},{"lineNumber":56,"author":{"gitId":"jiasheng59"},"content":"                list();","lastModifiedDate":"2023-01-18"},{"lineNumber":57,"author":{"gitId":"jiasheng59"},"content":"            } else if (str.substring(0, 4).equals(mark)) {","lastModifiedDate":"2023-01-18"},{"lineNumber":58,"author":{"gitId":"jiasheng59"},"content":"                mark(Character.getNumericValue(str.charAt(5)));","lastModifiedDate":"2023-01-18"},{"lineNumber":59,"author":{"gitId":"jiasheng59"},"content":"            } else if (str.substring(0, 6).equals(unmark)) {","lastModifiedDate":"2023-01-18"},{"lineNumber":60,"author":{"gitId":"jiasheng59"},"content":"                unmark(Character.getNumericValue(str.charAt(7)));","lastModifiedDate":"2023-01-18"},{"lineNumber":61,"author":{"gitId":"jiasheng59"},"content":"            } else {","lastModifiedDate":"2023-01-18"},{"lineNumber":62,"author":{"gitId":"jiasheng59"},"content":"                tasks.add(new Task(str));","lastModifiedDate":"2023-01-18"},{"lineNumber":63,"author":{"gitId":"jiasheng59"},"content":"                indentedPrintln(\"added: \" + str);","lastModifiedDate":"2023-01-18"},{"lineNumber":64,"author":{"gitId":"jiasheng59"},"content":"            }","lastModifiedDate":"2023-01-18"},{"lineNumber":65,"author":{"gitId":"jiasheng59"},"content":"            System.out.println();","lastModifiedDate":"2023-01-18"},{"lineNumber":66,"author":{"gitId":"jiasheng59"},"content":"            str \u003d sc.nextLine();","lastModifiedDate":"2023-01-18"},{"lineNumber":67,"author":{"gitId":"jiasheng59"},"content":"        }","lastModifiedDate":"2023-01-18"},{"lineNumber":68,"author":{"gitId":"jiasheng59"},"content":"        indentedPrintln(goodbyeMessage);","lastModifiedDate":"2023-01-18"},{"lineNumber":69,"author":{"gitId":"-"},"content":"    }","lastModifiedDate":"2019-07-29"},{"lineNumber":70,"author":{"gitId":"-"},"content":"}","lastModifiedDate":"2019-07-29"}],"authorContributionMap":{"jiasheng59":60,"-":10}},{"path":"src/main/java/Task.java","fileType":"java","lines":[{"lineNumber":1,"author":{"gitId":"jiasheng59"},"content":"public class Task {","lastModifiedDate":"2023-01-18"},{"lineNumber":2,"author":{"gitId":"jiasheng59"},"content":"    protected String description;","lastModifiedDate":"2023-01-18"},{"lineNumber":3,"author":{"gitId":"jiasheng59"},"content":"    protected boolean isDone;","lastModifiedDate":"2023-01-18"},{"lineNumber":4,"author":{"gitId":"jiasheng59"},"content":"","lastModifiedDate":"2023-01-18"},{"lineNumber":5,"author":{"gitId":"jiasheng59"},"content":"    public Task(String description) {","lastModifiedDate":"2023-01-18"},{"lineNumber":6,"author":{"gitId":"jiasheng59"},"content":"        this.description \u003d description;","lastModifiedDate":"2023-01-18"},{"lineNumber":7,"author":{"gitId":"jiasheng59"},"content":"        this.isDone \u003d false;","lastModifiedDate":"2023-01-18"},{"lineNumber":8,"author":{"gitId":"jiasheng59"},"content":"    }","lastModifiedDate":"2023-01-18"},{"lineNumber":9,"author":{"gitId":"jiasheng59"},"content":"","lastModifiedDate":"2023-01-18"},{"lineNumber":10,"author":{"gitId":"jiasheng59"},"content":"    public String getStatusIcon() {","lastModifiedDate":"2023-01-18"},{"lineNumber":11,"author":{"gitId":"jiasheng59"},"content":"        return (isDone ? \"X\" : \" \"); // mark done task with X","lastModifiedDate":"2023-01-18"},{"lineNumber":12,"author":{"gitId":"jiasheng59"},"content":"    }","lastModifiedDate":"2023-01-18"},{"lineNumber":13,"author":{"gitId":"jiasheng59"},"content":"","lastModifiedDate":"2023-01-18"},{"lineNumber":14,"author":{"gitId":"jiasheng59"},"content":"    public void markAsDone() {","lastModifiedDate":"2023-01-18"},{"lineNumber":15,"author":{"gitId":"jiasheng59"},"content":"        this.isDone \u003d true;","lastModifiedDate":"2023-01-18"},{"lineNumber":16,"author":{"gitId":"jiasheng59"},"content":"    }","lastModifiedDate":"2023-01-18"},{"lineNumber":17,"author":{"gitId":"jiasheng59"},"content":"","lastModifiedDate":"2023-01-18"},{"lineNumber":18,"author":{"gitId":"jiasheng59"},"content":"    public void markAsNotDone() {","lastModifiedDate":"2023-01-18"},{"lineNumber":19,"author":{"gitId":"jiasheng59"},"content":"        this.isDone \u003d false;","lastModifiedDate":"2023-01-18"},{"lineNumber":20,"author":{"gitId":"jiasheng59"},"content":"    }","lastModifiedDate":"2023-01-18"},{"lineNumber":21,"author":{"gitId":"jiasheng59"},"content":"","lastModifiedDate":"2023-01-18"},{"lineNumber":22,"author":{"gitId":"jiasheng59"},"content":"    @Override","lastModifiedDate":"2023-01-18"},{"lineNumber":23,"author":{"gitId":"jiasheng59"},"content":"    public String toString() {","lastModifiedDate":"2023-01-18"},{"lineNumber":24,"author":{"gitId":"jiasheng59"},"content":"        return this.description;","lastModifiedDate":"2023-01-18"},{"lineNumber":25,"author":{"gitId":"jiasheng59"},"content":"    }","lastModifiedDate":"2023-01-18"},{"lineNumber":26,"author":{"gitId":"jiasheng59"},"content":"}","lastModifiedDate":"2023-01-18"}],"authorContributionMap":{"jiasheng59":26}}]
