[{"path":"src/main/java/Duke.java","fileType":"java","lines":[{"lineNumber":1,"author":{"gitId":"dunliang0513"},"content":"import java.util.Scanner;","lastModifiedDate":"2023-01-18"},{"lineNumber":2,"author":{"gitId":"dunliang0513"},"content":"","lastModifiedDate":"2023-01-18"},{"lineNumber":3,"author":{"gitId":"-"},"content":"public class Duke {","lastModifiedDate":"2019-07-29"},{"lineNumber":4,"author":{"gitId":"dunliang0513"},"content":"    static String[] inputList \u003d new String[100];","lastModifiedDate":"2023-01-18"},{"lineNumber":5,"author":{"gitId":"dunliang0513"},"content":"    static Boolean[] doneList \u003d new Boolean[100];","lastModifiedDate":"2023-01-18"},{"lineNumber":6,"author":{"gitId":"dunliang0513"},"content":"    static int index \u003d 0;","lastModifiedDate":"2023-01-18"},{"lineNumber":7,"author":{"gitId":"dunliang0513"},"content":"","lastModifiedDate":"2023-01-18"},{"lineNumber":8,"author":{"gitId":"dunliang0513"},"content":"    public static void add(String input) {","lastModifiedDate":"2023-01-18"},{"lineNumber":9,"author":{"gitId":"dunliang0513"},"content":"        inputList[index] \u003d input;","lastModifiedDate":"2023-01-18"},{"lineNumber":10,"author":{"gitId":"dunliang0513"},"content":"        doneList[index] \u003d false;","lastModifiedDate":"2023-01-18"},{"lineNumber":11,"author":{"gitId":"dunliang0513"},"content":"        index++;","lastModifiedDate":"2023-01-18"},{"lineNumber":12,"author":{"gitId":"dunliang0513"},"content":"    }","lastModifiedDate":"2023-01-18"},{"lineNumber":13,"author":{"gitId":"dunliang0513"},"content":"    public static void mark(int input) {","lastModifiedDate":"2023-01-18"},{"lineNumber":14,"author":{"gitId":"dunliang0513"},"content":"        doneList[input - 1] \u003d true;","lastModifiedDate":"2023-01-18"},{"lineNumber":15,"author":{"gitId":"dunliang0513"},"content":"        System.out.println(\"\\t--------------------------\");","lastModifiedDate":"2023-01-18"},{"lineNumber":16,"author":{"gitId":"dunliang0513"},"content":"        System.out.println(\"\\tNice! I\u0027ve marked this task as done:\");","lastModifiedDate":"2023-01-18"},{"lineNumber":17,"author":{"gitId":"dunliang0513"},"content":"        System.out.println(\"\\t[X] \" + inputList[input - 1]);","lastModifiedDate":"2023-01-18"},{"lineNumber":18,"author":{"gitId":"dunliang0513"},"content":"        System.out.println(\"\\t--------------------------\");","lastModifiedDate":"2023-01-18"},{"lineNumber":19,"author":{"gitId":"dunliang0513"},"content":"    }","lastModifiedDate":"2023-01-18"},{"lineNumber":20,"author":{"gitId":"dunliang0513"},"content":"","lastModifiedDate":"2023-01-18"},{"lineNumber":21,"author":{"gitId":"dunliang0513"},"content":"    public static void unmark(int input) {","lastModifiedDate":"2023-01-18"},{"lineNumber":22,"author":{"gitId":"dunliang0513"},"content":"        doneList[input - 1] \u003d false;","lastModifiedDate":"2023-01-18"},{"lineNumber":23,"author":{"gitId":"dunliang0513"},"content":"        System.out.println(\"\\t--------------------------\");","lastModifiedDate":"2023-01-18"},{"lineNumber":24,"author":{"gitId":"dunliang0513"},"content":"        System.out.println(\"\\tOK, I\u0027ve marked this task as not done yet:\");","lastModifiedDate":"2023-01-18"},{"lineNumber":25,"author":{"gitId":"dunliang0513"},"content":"        System.out.println(\"\\t[ ] \" + inputList[input - 1]);","lastModifiedDate":"2023-01-18"},{"lineNumber":26,"author":{"gitId":"dunliang0513"},"content":"        System.out.println(\"\\t--------------------------\");","lastModifiedDate":"2023-01-18"},{"lineNumber":27,"author":{"gitId":"dunliang0513"},"content":"    }","lastModifiedDate":"2023-01-18"},{"lineNumber":28,"author":{"gitId":"dunliang0513"},"content":"","lastModifiedDate":"2023-01-18"},{"lineNumber":29,"author":{"gitId":"dunliang0513"},"content":"    public static void list() {","lastModifiedDate":"2023-01-18"},{"lineNumber":30,"author":{"gitId":"dunliang0513"},"content":"        System.out.println(\"\\t--------------------------\");","lastModifiedDate":"2023-01-18"},{"lineNumber":31,"author":{"gitId":"dunliang0513"},"content":"        System.out.println(\"\\tHere are the tasks in your list:\");","lastModifiedDate":"2023-01-18"},{"lineNumber":32,"author":{"gitId":"dunliang0513"},"content":"        for (int i \u003d 0; i \u003c index; i++) {","lastModifiedDate":"2023-01-18"},{"lineNumber":33,"author":{"gitId":"dunliang0513"},"content":"            if (doneList[i]) {","lastModifiedDate":"2023-01-18"},{"lineNumber":34,"author":{"gitId":"dunliang0513"},"content":"                System.out.println(\"\\t\" + (i+1) + \". [X] \" + inputList[i]);","lastModifiedDate":"2023-01-18"},{"lineNumber":35,"author":{"gitId":"dunliang0513"},"content":"            } else {","lastModifiedDate":"2023-01-18"},{"lineNumber":36,"author":{"gitId":"dunliang0513"},"content":"                System.out.println(\"\\t\" + (i+1) + \". [ ] \" + inputList[i]);","lastModifiedDate":"2023-01-18"},{"lineNumber":37,"author":{"gitId":"dunliang0513"},"content":"            }","lastModifiedDate":"2023-01-18"},{"lineNumber":38,"author":{"gitId":"dunliang0513"},"content":"        }","lastModifiedDate":"2023-01-18"},{"lineNumber":39,"author":{"gitId":"dunliang0513"},"content":"        System.out.println(\"\\t--------------------------\");","lastModifiedDate":"2023-01-18"},{"lineNumber":40,"author":{"gitId":"dunliang0513"},"content":"    }","lastModifiedDate":"2023-01-18"},{"lineNumber":41,"author":{"gitId":"dunliang0513"},"content":"    public static void bye() {","lastModifiedDate":"2023-01-18"},{"lineNumber":42,"author":{"gitId":"dunliang0513"},"content":"        System.out.println(\"\\t--------------------------\");","lastModifiedDate":"2023-01-18"},{"lineNumber":43,"author":{"gitId":"dunliang0513"},"content":"        System.out.println(\"\\tBye. Hope to see you again soon!\");","lastModifiedDate":"2023-01-18"},{"lineNumber":44,"author":{"gitId":"dunliang0513"},"content":"        System.out.println(\"\\t--------------------------\");","lastModifiedDate":"2023-01-18"},{"lineNumber":45,"author":{"gitId":"dunliang0513"},"content":"    }","lastModifiedDate":"2023-01-18"},{"lineNumber":46,"author":{"gitId":"-"},"content":"    public static void main(String[] args) {","lastModifiedDate":"2019-07-29"},{"lineNumber":47,"author":{"gitId":"-"},"content":"        String logo \u003d \" ____        _        \\n\"","lastModifiedDate":"2019-07-29"},{"lineNumber":48,"author":{"gitId":"-"},"content":"                + \"|  _ \\\\ _   _| | _____ \\n\"","lastModifiedDate":"2019-07-29"},{"lineNumber":49,"author":{"gitId":"-"},"content":"                + \"| | | | | | | |/ / _ \\\\\\n\"","lastModifiedDate":"2019-07-29"},{"lineNumber":50,"author":{"gitId":"-"},"content":"                + \"| |_| | |_| |   \u003c  __/\\n\"","lastModifiedDate":"2019-07-29"},{"lineNumber":51,"author":{"gitId":"-"},"content":"                + \"|____/ \\\\__,_|_|\\\\_\\\\___|\\n\";","lastModifiedDate":"2019-07-29"},{"lineNumber":52,"author":{"gitId":"-"},"content":"        System.out.println(\"Hello from\\n\" + logo);","lastModifiedDate":"2019-07-29"},{"lineNumber":53,"author":{"gitId":"dunliang0513"},"content":"        System.out.println(\"What can I do for you?\\n\");","lastModifiedDate":"2023-01-18"},{"lineNumber":54,"author":{"gitId":"dunliang0513"},"content":"","lastModifiedDate":"2023-01-18"},{"lineNumber":55,"author":{"gitId":"dunliang0513"},"content":"        String input;","lastModifiedDate":"2023-01-18"},{"lineNumber":56,"author":{"gitId":"dunliang0513"},"content":"        Scanner scan \u003d new Scanner(System.in);","lastModifiedDate":"2023-01-18"},{"lineNumber":57,"author":{"gitId":"dunliang0513"},"content":"        input \u003d scan.nextLine();","lastModifiedDate":"2023-01-18"},{"lineNumber":58,"author":{"gitId":"dunliang0513"},"content":"        String[] splitInput \u003d input.split(\" \");","lastModifiedDate":"2023-01-18"},{"lineNumber":59,"author":{"gitId":"dunliang0513"},"content":"        while (true) {","lastModifiedDate":"2023-01-18"},{"lineNumber":60,"author":{"gitId":"dunliang0513"},"content":"            if (splitInput[0].equals(\"bye\")) {","lastModifiedDate":"2023-01-18"},{"lineNumber":61,"author":{"gitId":"dunliang0513"},"content":"                Duke.bye();","lastModifiedDate":"2023-01-18"},{"lineNumber":62,"author":{"gitId":"dunliang0513"},"content":"                break;","lastModifiedDate":"2023-01-18"},{"lineNumber":63,"author":{"gitId":"dunliang0513"},"content":"            } else if (splitInput[0].equals(\"list\")) {","lastModifiedDate":"2023-01-18"},{"lineNumber":64,"author":{"gitId":"dunliang0513"},"content":"                Duke.list();","lastModifiedDate":"2023-01-18"},{"lineNumber":65,"author":{"gitId":"dunliang0513"},"content":"                input \u003d scan.nextLine();","lastModifiedDate":"2023-01-18"},{"lineNumber":66,"author":{"gitId":"dunliang0513"},"content":"                splitInput \u003d input.split(\" \");","lastModifiedDate":"2023-01-18"},{"lineNumber":67,"author":{"gitId":"dunliang0513"},"content":"            } else if (splitInput[0].equals(\"mark\")) {","lastModifiedDate":"2023-01-18"},{"lineNumber":68,"author":{"gitId":"dunliang0513"},"content":"                Duke.mark(Integer.parseInt(splitInput[1]));","lastModifiedDate":"2023-01-18"},{"lineNumber":69,"author":{"gitId":"dunliang0513"},"content":"                input \u003d scan.nextLine();","lastModifiedDate":"2023-01-18"},{"lineNumber":70,"author":{"gitId":"dunliang0513"},"content":"                splitInput \u003d input.split(\" \");","lastModifiedDate":"2023-01-18"},{"lineNumber":71,"author":{"gitId":"dunliang0513"},"content":"            } else if (splitInput[0].equals(\"unmark\")) {","lastModifiedDate":"2023-01-18"},{"lineNumber":72,"author":{"gitId":"dunliang0513"},"content":"                Duke.unmark(Integer.parseInt(splitInput[1]));","lastModifiedDate":"2023-01-18"},{"lineNumber":73,"author":{"gitId":"dunliang0513"},"content":"                input \u003d scan.nextLine();","lastModifiedDate":"2023-01-18"},{"lineNumber":74,"author":{"gitId":"dunliang0513"},"content":"                splitInput \u003d input.split(\" \");","lastModifiedDate":"2023-01-18"},{"lineNumber":75,"author":{"gitId":"dunliang0513"},"content":"            } else {","lastModifiedDate":"2023-01-18"},{"lineNumber":76,"author":{"gitId":"dunliang0513"},"content":"                Duke.add(input);","lastModifiedDate":"2023-01-18"},{"lineNumber":77,"author":{"gitId":"dunliang0513"},"content":"                System.out.println(\"\\t--------------------------\");","lastModifiedDate":"2023-01-18"},{"lineNumber":78,"author":{"gitId":"dunliang0513"},"content":"                System.out.println(\"\\tadded: \" + input);","lastModifiedDate":"2023-01-18"},{"lineNumber":79,"author":{"gitId":"dunliang0513"},"content":"                System.out.println(\"\\t--------------------------\");","lastModifiedDate":"2023-01-18"},{"lineNumber":80,"author":{"gitId":"dunliang0513"},"content":"                input \u003d scan.nextLine();","lastModifiedDate":"2023-01-18"},{"lineNumber":81,"author":{"gitId":"dunliang0513"},"content":"                splitInput \u003d input.split(\" \");","lastModifiedDate":"2023-01-18"},{"lineNumber":82,"author":{"gitId":"dunliang0513"},"content":"            }","lastModifiedDate":"2023-01-18"},{"lineNumber":83,"author":{"gitId":"dunliang0513"},"content":"        }","lastModifiedDate":"2023-01-18"},{"lineNumber":84,"author":{"gitId":"dunliang0513"},"content":"","lastModifiedDate":"2023-01-18"},{"lineNumber":85,"author":{"gitId":"-"},"content":"    }","lastModifiedDate":"2019-07-29"},{"lineNumber":86,"author":{"gitId":"-"},"content":"}","lastModifiedDate":"2019-07-29"}],"authorContributionMap":{"dunliang0513":76,"-":10}}]
