{"authorDailyContributionsMap":{"dunliang0513":[{"date":"2023-01-18","commitResults":[{"hash":"b177b1547325803eec72b491fe2e3e708f7dad83","messageTitle":"Greet, Echo, Exit","messageBody":"","tags":["Level-1"],"fileTypesAndContributionMap":{"java":{"insertions":39,"deletions":0}}},{"hash":"01f5d07e8beed277f88143d1486b08e8e80e6ee2","messageTitle":"Add, List","messageBody":"","tags":["Level-2"],"fileTypesAndContributionMap":{"java":{"insertions":28,"deletions":23}}},{"hash":"f27c543b06d294fe70a3291cb4182557ebf835af","messageTitle":"Mark as Done","messageBody":"","tags":["Level-3"],"fileTypesAndContributionMap":{"java":{"insertions":37,"deletions":5}}}]},{"date":"2023-01-20","commitResults":[{"hash":"95b3a26cdcd713d81000e3b34cd7c16d7f413ce1","messageTitle":"Todos, Events, Deadlines","messageBody":"","tags":["Level-4"],"fileTypesAndContributionMap":{"java":{"insertions":211,"deletions":66}}},{"hash":"50daab35332ef7cf5c3a11e64cbcfd58866623f3","messageTitle":"Handle Errors","messageBody":"","tags":["Level-5"],"fileTypesAndContributionMap":{"java":{"insertions":84,"deletions":16}}},{"hash":"071a36bd163760af01d25b5045a952cddc53ac78","messageTitle":"Level 6 Delete. Add support for deleting tasks from the list.","messageBody":"","tags":["Level-6"],"fileTypesAndContributionMap":{"java":{"insertions":22,"deletions":16}}}]},{"date":"2023-01-30","commitResults":[{"hash":"6219612971b721885768ca2c2f9911a21c9e90c4","messageTitle":"Save the tasks in the hard disk automatically whenever the task list changes","messageBody":"","tags":["Level-7-Save","A-TextUiTesting"],"fileTypesAndContributionMap":{"txt":{"insertions":11,"deletions":0},"java":{"insertions":201,"deletions":30}}},{"hash":"ef6ae0b7df920f1fdfa2c5f6d0e6f685d4618e8d","messageTitle":"Teach Duke how to understand dates and time","messageBody":"","tags":["Level-8-Dates-and-Times"],"fileTypesAndContributionMap":{"java":{"insertions":54,"deletions":5}}}]},{"date":"2023-01-31","commitResults":[{"hash":"115496417438a8620001e1e9dd0b4e31fdacaaf3","messageTitle":"Makes the code more OOP.","messageBody":"","tags":["A-MoreOOP"],"fileTypesAndContributionMap":{"java":{"insertions":253,"deletions":185}}},{"hash":"828a6023758a5b267b99047591e4eb837b3aac81","messageTitle":"Divide classes into packages and organise them into suitable java packages.","messageBody":"","tags":["A-Packages"],"fileTypesAndContributionMap":{"java":{"insertions":3,"deletions":7}}},{"hash":"5bac7a24eb4db4bd38ecc8b654b4df270790fa8b","messageTitle":"Creates a JAR File.","messageBody":"","tags":["A-JAR"],"fileTypesAndContributionMap":{"java":{"insertions":1,"deletions":25}}},{"hash":"1900025e1552def7ffc71edf9599b7fbaa7ef2e9","messageTitle":"Adds JavaDoc Comments","messageBody":"","tags":["A-JavaDoc"],"fileTypesAndContributionMap":{"java":{"insertions":189,"deletions":45}}},{"hash":"9feb9b8d395af83f4ffab0caba1b9564178294ac","messageTitle":"Follow the coding standard.","messageBody":"","tags":["A-CodingStandard"],"fileTypesAndContributionMap":{"java":{"insertions":25,"deletions":15}}},{"hash":"1ff03d22b738c5c38fe29e5eef2385e0acd6613a","messageTitle":"Adds Find method.","messageBody":"","tags":["Level-9","A-Streams"],"fileTypesAndContributionMap":{"java":{"insertions":19,"deletions":0}}}]},{"date":"2023-02-11","commitResults":[{"hash":"b0ffb7ceb121eaefc9fbbfefc10f3ba9f1bbeecc","messageTitle":"Revert \"Adds Find method.\"","messageBody":"This reverts commit 1ff03d22b738c5c38fe29e5eef2385e0acd6613a.\n","fileTypesAndContributionMap":{"java":{"insertions":0,"deletions":19}}}]},{"date":"2023-02-12","commitResults":[{"hash":"aa6c9207df9650ff28fd023b8f8c6fb03b15bb47","messageTitle":"Fix bug","messageBody":"","fileTypesAndContributionMap":{"java":{"insertions":0,"deletions":0}}},{"hash":"a9cbc603c9f6664f48f61b4a576595205682fe16","messageTitle":"Restore all the code in src after accidentally remove them","messageBody":"","fileTypesAndContributionMap":{"java":{"insertions":0,"deletions":0}}},{"hash":"30254a00176975e404e8f3dc0369a2a77e683996","messageTitle":"Add gradle support and arrange all the code into a main folder","messageBody":"","fileTypesAndContributionMap":{"gradle":{"insertions":18,"deletions":4},"java":{"insertions":0,"deletions":0}}}]},{"date":"2023-02-13","commitResults":[{"hash":"8518dc64cc2fb6f2c1aeec35938d7bea0cdfb805","messageTitle":"Fix the code issue in the main branch","messageBody":"","fileTypesAndContributionMap":{"gradle":{"insertions":1,"deletions":1},"java":{"insertions":0,"deletions":0}}}]},{"date":"2023-02-15","commitResults":[{"hash":"ff2af9dffd09c5d78c3e667f1c9c757d698af12a","messageTitle":"Setup the GUI of the chatbot but not completely done yet","messageBody":"","tags":["A-Enums"],"fileTypesAndContributionMap":{"gradle":{"insertions":26,"deletions":1},"fxml":{"insertions":28,"deletions":0},"java":{"insertions":427,"deletions":77},"bat":{"insertions":1,"deletions":1},"md":{"insertions":2,"deletions":2}}}]},{"date":"2023-02-19","commitResults":[{"hash":"9993cf9b611affac2245b407404e0f4b0f291098","messageTitle":"Implement GUI successfully","messageBody":"","tags":["Level-10"],"fileTypesAndContributionMap":{"gradle":{"insertions":11,"deletions":6},"fxml":{"insertions":29,"deletions":21},"java":{"insertions":412,"deletions":50}}}]},{"date":"2023-02-20","commitResults":[{"hash":"b2fc829909c179df7ad16f35dfab562ae243b4db","messageTitle":"Assertions Methods: Document important assumptions in the code","messageBody":"This commit introduces a new function to the codebase called \"Assertions\".\n\nThese assertions document key assumptions that must hold in order for the function to work correctly. By using assertions, we can more easily catch bugs and errors that might occur due to unexpected conditions or inputs.\n\nTo use assertions, I added several new lines of code to the relevant functions in the codebase. These assertions document key assumptions that must hold in order for the function to work correctly. If the assertion fails, the program will immediately halt and raise an error, allowing us to quickly identify the source of the problem.\n\nThis commit should improve the reliability and robustness of the codebase by making important assumptions more explicit and easier to check.\n","tags":["A-Assertions"],"fileTypesAndContributionMap":{"txt":{"insertions":2,"deletions":0},"java":{"insertions":6,"deletions":4}}},{"hash":"579c3267042435ab72ef239d512651eb4f0bffa4","messageTitle":"Improve my code quality by following closely to the \u0027Code Quality\u0027 topics that I have learned.","messageBody":"","tags":["A-CodeQuality"],"fileTypesAndContributionMap":{"java":{"insertions":53,"deletions":44}}},{"hash":"8cd7aeb10a9eb68500fbd68124d5ac3e78c5b62e","messageTitle":"Implement \"Reminders\" feature","messageBody":"","tags":["BCD-Extension"],"fileTypesAndContributionMap":{"java":{"insertions":38,"deletions":6}}},{"hash":"9b96cd8fbc9312360411e359f927a2a8886e65b8","messageTitle":"Finalise the features and add the Ui.png into the docs folder","messageBody":"","tags":["A-Release"],"fileTypesAndContributionMap":{"gradle":{"insertions":3,"deletions":7},"txt":{"insertions":2,"deletions":2},"java":{"insertions":34,"deletions":40}}},{"hash":"aab47e65a43c05370b603af045a5c94516009eab","messageTitle":"Update README","messageBody":"","tags":["A-UserGuide"],"fileTypesAndContributionMap":{"gradle":{"insertions":1,"deletions":1},"txt":{"insertions":0,"deletions":2},"md":{"insertions":58,"deletions":16}}},{"hash":"459c2305bfd0caa6362635892d75859437f60d6a","messageTitle":"Update the link of the .jar file","messageBody":"","fileTypesAndContributionMap":{"md":{"insertions":1,"deletions":1}}},{"hash":"17b21c7642e991263fadbd8fbceae559a2a57157","messageTitle":"Update README on the layout and the image website link","messageBody":"","fileTypesAndContributionMap":{"md":{"insertions":9,"deletions":7}}}]},{"date":"2023-02-25","commitResults":[{"hash":"b429d1cdb935816ab444330ded566a99ed8a4dea","messageTitle":"Debug and clean the code","messageBody":"","tags":["A-Release2"],"fileTypesAndContributionMap":{"java":{"insertions":44,"deletions":125}}},{"hash":"6e8339775a1bf9cede615fdea4c5f41ecb0b65ef","messageTitle":"Update the README according to the latest version of the jar file","messageBody":"","fileTypesAndContributionMap":{"md":{"insertions":5,"deletions":6}}}]},{"date":"2023-03-06","commitResults":[{"hash":"7b817fcbdfa704f546a5fec6560b412a578c4513","messageTitle":"Update README.md","messageBody":"","fileTypesAndContributionMap":{"md":{"insertions":1,"deletions":1}}}]}]},"authorFileTypeContributionMap":{"dunliang0513":{"java":1394,"md":58,"fxml":36,"sh":0,"bat":1,"gradle":36,"txt":11}},"authorContributionVariance":{"dunliang0513":26651.908},"authorDisplayNameMap":{"dunliang0513":"CS2103T-W14-4 FOO ..IANG"}}
