{"authorDailyContributionsMap":{"dunliang0513":[{"date":"2023-01-18","commitResults":[{"hash":"b177b1547325803eec72b491fe2e3e708f7dad83","messageTitle":"Greet, Echo, Exit","messageBody":"","tags":["Level-1"],"fileTypesAndContributionMap":{"java":{"insertions":39,"deletions":0}}},{"hash":"01f5d07e8beed277f88143d1486b08e8e80e6ee2","messageTitle":"Add, List","messageBody":"","tags":["Level-2"],"fileTypesAndContributionMap":{"java":{"insertions":28,"deletions":23}}},{"hash":"f27c543b06d294fe70a3291cb4182557ebf835af","messageTitle":"Mark as Done","messageBody":"","tags":["Level-3"],"fileTypesAndContributionMap":{"java":{"insertions":37,"deletions":5}}}]},{"date":"2023-01-20","commitResults":[{"hash":"95b3a26cdcd713d81000e3b34cd7c16d7f413ce1","messageTitle":"Todos, Events, Deadlines","messageBody":"","tags":["Level-4"],"fileTypesAndContributionMap":{"java":{"insertions":211,"deletions":66}}},{"hash":"50daab35332ef7cf5c3a11e64cbcfd58866623f3","messageTitle":"Handle Errors","messageBody":"","tags":["Level-5"],"fileTypesAndContributionMap":{"java":{"insertions":84,"deletions":16}}},{"hash":"071a36bd163760af01d25b5045a952cddc53ac78","messageTitle":"Level 6 Delete. Add support for deleting tasks from the list.","messageBody":"","tags":["Level-6"],"fileTypesAndContributionMap":{"java":{"insertions":22,"deletions":16}}}]},{"date":"2023-01-30","commitResults":[{"hash":"6219612971b721885768ca2c2f9911a21c9e90c4","messageTitle":"Save the tasks in the hard disk automatically whenever the task list changes","messageBody":"","tags":["Level-7-Save"],"fileTypesAndContributionMap":{"txt":{"insertions":11,"deletions":0},"java":{"insertions":201,"deletions":30}}},{"hash":"ef6ae0b7df920f1fdfa2c5f6d0e6f685d4618e8d","messageTitle":"Teach Duke how to understand dates and time","messageBody":"","tags":["Level-8-Dates-and-Times"],"fileTypesAndContributionMap":{"java":{"insertions":54,"deletions":5}}}]},{"date":"2023-01-31","commitResults":[{"hash":"115496417438a8620001e1e9dd0b4e31fdacaaf3","messageTitle":"Makes the code more OOP.","messageBody":"","tags":["A-MoreOOP"],"fileTypesAndContributionMap":{"java":{"insertions":253,"deletions":185}}},{"hash":"828a6023758a5b267b99047591e4eb837b3aac81","messageTitle":"Divide classes into packages and organise them into suitable java packages.","messageBody":"","tags":["A-Packages"],"fileTypesAndContributionMap":{"java":{"insertions":3,"deletions":7}}},{"hash":"5bac7a24eb4db4bd38ecc8b654b4df270790fa8b","messageTitle":"Creates a JAR File.","messageBody":"","tags":["A-JAR"],"fileTypesAndContributionMap":{"java":{"insertions":1,"deletions":25}}}]}]},"authorFileTypeContributionMap":{"dunliang0513":{"java":562,"md":0,"fxml":0,"sh":0,"bat":0,"gradle":0,"txt":11}},"authorContributionVariance":{"dunliang0513":21733.824},"authorDisplayNameMap":{"dunliang0513":"CS2103T-W14-4 FOO ..IANG"}}
