[{"path":"src/main/java/Deadline.java","fileType":"java","lines":[{"lineNumber":1,"author":{"gitId":"9fc70c892"},"content":"/**","lastModifiedDate":"2023-01-18"},{"lineNumber":2,"author":{"gitId":"9fc70c892"},"content":" * Deadline is a type of Task.","lastModifiedDate":"2023-01-18"},{"lineNumber":3,"author":{"gitId":"9fc70c892"},"content":" * Deadlines have a \u0027by\u0027 field to indicate the period which the task must be completed by.","lastModifiedDate":"2023-01-18"},{"lineNumber":4,"author":{"gitId":"9fc70c892"},"content":" * @author EL","lastModifiedDate":"2023-01-18"},{"lineNumber":5,"author":{"gitId":"9fc70c892"},"content":" */","lastModifiedDate":"2023-01-18"},{"lineNumber":6,"author":{"gitId":"9fc70c892"},"content":"public class Deadline extends Task {","lastModifiedDate":"2023-01-18"},{"lineNumber":7,"author":{"gitId":"9fc70c892"},"content":"    private final String by;","lastModifiedDate":"2023-01-18"},{"lineNumber":8,"author":{"gitId":"9fc70c892"},"content":"","lastModifiedDate":"2023-01-18"},{"lineNumber":9,"author":{"gitId":"9fc70c892"},"content":"    /**","lastModifiedDate":"2023-01-18"},{"lineNumber":10,"author":{"gitId":"9fc70c892"},"content":"     * Constructor that takes in the name of the Task alongside some timing details.","lastModifiedDate":"2023-01-18"},{"lineNumber":11,"author":{"gitId":"9fc70c892"},"content":"     * By default, a Tasks is not completed.","lastModifiedDate":"2023-01-18"},{"lineNumber":12,"author":{"gitId":"9fc70c892"},"content":"     *","lastModifiedDate":"2023-01-18"},{"lineNumber":13,"author":{"gitId":"9fc70c892"},"content":"     * @param task_name The name of this Task","lastModifiedDate":"2023-01-18"},{"lineNumber":14,"author":{"gitId":"9fc70c892"},"content":"     * @param by A string representation of the end date/time of this Task","lastModifiedDate":"2023-01-18"},{"lineNumber":15,"author":{"gitId":"9fc70c892"},"content":"     */","lastModifiedDate":"2023-01-18"},{"lineNumber":16,"author":{"gitId":"9fc70c892"},"content":"    public Deadline(String task_name, String by) {","lastModifiedDate":"2023-01-18"},{"lineNumber":17,"author":{"gitId":"9fc70c892"},"content":"        super(task_name);","lastModifiedDate":"2023-01-18"},{"lineNumber":18,"author":{"gitId":"9fc70c892"},"content":"        this.by \u003d by;","lastModifiedDate":"2023-01-18"},{"lineNumber":19,"author":{"gitId":"9fc70c892"},"content":"    }","lastModifiedDate":"2023-01-18"},{"lineNumber":20,"author":{"gitId":"9fc70c892"},"content":"","lastModifiedDate":"2023-01-18"},{"lineNumber":21,"author":{"gitId":"9fc70c892"},"content":"    /**","lastModifiedDate":"2023-01-18"},{"lineNumber":22,"author":{"gitId":"9fc70c892"},"content":"     * Returns String representation of Deadline.","lastModifiedDate":"2023-01-18"},{"lineNumber":23,"author":{"gitId":"9fc70c892"},"content":"     * @return The name of this task and the deadline details.","lastModifiedDate":"2023-01-18"},{"lineNumber":24,"author":{"gitId":"9fc70c892"},"content":"     */","lastModifiedDate":"2023-01-18"},{"lineNumber":25,"author":{"gitId":"9fc70c892"},"content":"    @Override","lastModifiedDate":"2023-01-18"},{"lineNumber":26,"author":{"gitId":"9fc70c892"},"content":"    public String toString() {","lastModifiedDate":"2023-01-18"},{"lineNumber":27,"author":{"gitId":"9fc70c892"},"content":"        return String.format(\"[D]%s (by: %s)\", super.toString(), this.by);","lastModifiedDate":"2023-01-18"},{"lineNumber":28,"author":{"gitId":"9fc70c892"},"content":"    }","lastModifiedDate":"2023-01-18"},{"lineNumber":29,"author":{"gitId":"9fc70c892"},"content":"}","lastModifiedDate":"2023-01-18"}],"authorContributionMap":{"9fc70c892":29}},{"path":"src/main/java/Duke.java","fileType":"java","lines":[{"lineNumber":1,"author":{"gitId":"9fc70c892"},"content":"/**","lastModifiedDate":"2023-01-17"},{"lineNumber":2,"author":{"gitId":"9fc70c892"},"content":" * DUKE","lastModifiedDate":"2023-01-17"},{"lineNumber":3,"author":{"gitId":"9fc70c892"},"content":" * CS2103 project","lastModifiedDate":"2023-01-17"},{"lineNumber":4,"author":{"gitId":"9fc70c892"},"content":" * @author EDWIN LIM","lastModifiedDate":"2023-01-17"},{"lineNumber":5,"author":{"gitId":"9fc70c892"},"content":" * @version 0.01","lastModifiedDate":"2023-01-17"},{"lineNumber":6,"author":{"gitId":"9fc70c892"},"content":" */","lastModifiedDate":"2023-01-17"},{"lineNumber":7,"author":{"gitId":"9fc70c892"},"content":"","lastModifiedDate":"2023-01-17"},{"lineNumber":8,"author":{"gitId":"-"},"content":"public class Duke {","lastModifiedDate":"2019-07-29"},{"lineNumber":9,"author":{"gitId":"9fc70c892"},"content":"    private static DukeIO dio;","lastModifiedDate":"2023-01-18"},{"lineNumber":10,"author":{"gitId":"9fc70c892"},"content":"    private static TaskMaster tm;","lastModifiedDate":"2023-01-18"},{"lineNumber":11,"author":{"gitId":"9fc70c892"},"content":"","lastModifiedDate":"2023-01-18"},{"lineNumber":12,"author":{"gitId":"9fc70c892"},"content":"    public enum SWITCHTYPERELATED {","lastModifiedDate":"2023-01-18"},{"lineNumber":13,"author":{"gitId":"9fc70c892"},"content":"        TODO, EVENT, DEADLINE","lastModifiedDate":"2023-01-18"},{"lineNumber":14,"author":{"gitId":"9fc70c892"},"content":"    }","lastModifiedDate":"2023-01-18"},{"lineNumber":15,"author":{"gitId":"9fc70c892"},"content":"","lastModifiedDate":"2023-01-17"},{"lineNumber":16,"author":{"gitId":"9fc70c892"},"content":"    /**","lastModifiedDate":"2023-01-17"},{"lineNumber":17,"author":{"gitId":"9fc70c892"},"content":"     * Main method for the program","lastModifiedDate":"2023-01-17"},{"lineNumber":18,"author":{"gitId":"9fc70c892"},"content":"     * @param args UNUSED","lastModifiedDate":"2023-01-17"},{"lineNumber":19,"author":{"gitId":"9fc70c892"},"content":"     */","lastModifiedDate":"2023-01-17"},{"lineNumber":20,"author":{"gitId":"-"},"content":"    public static void main(String[] args) {","lastModifiedDate":"2019-07-29"},{"lineNumber":21,"author":{"gitId":"9fc70c892"},"content":"","lastModifiedDate":"2023-01-17"},{"lineNumber":22,"author":{"gitId":"9fc70c892"},"content":"        boolean QUIT \u003d false;","lastModifiedDate":"2023-01-18"},{"lineNumber":23,"author":{"gitId":"9fc70c892"},"content":"        String userInput;","lastModifiedDate":"2023-01-18"},{"lineNumber":24,"author":{"gitId":"9fc70c892"},"content":"","lastModifiedDate":"2023-01-17"},{"lineNumber":25,"author":{"gitId":"9fc70c892"},"content":"        initialize();","lastModifiedDate":"2023-01-18"},{"lineNumber":26,"author":{"gitId":"9fc70c892"},"content":"        greet();","lastModifiedDate":"2023-01-18"},{"lineNumber":27,"author":{"gitId":"9fc70c892"},"content":"","lastModifiedDate":"2023-01-17"},{"lineNumber":28,"author":{"gitId":"9fc70c892"},"content":"        while(!QUIT) {","lastModifiedDate":"2023-01-17"},{"lineNumber":29,"author":{"gitId":"9fc70c892"},"content":"            userInput \u003d dio.readln();","lastModifiedDate":"2023-01-18"},{"lineNumber":30,"author":{"gitId":"9fc70c892"},"content":"            if (!userInput.isEmpty()) {","lastModifiedDate":"2023-01-18"},{"lineNumber":31,"author":{"gitId":"9fc70c892"},"content":"                dio.lb();","lastModifiedDate":"2023-01-18"},{"lineNumber":32,"author":{"gitId":"9fc70c892"},"content":"                String[] userInputSplit \u003d userInput.split(\" \",2);","lastModifiedDate":"2023-01-18"},{"lineNumber":33,"author":{"gitId":"9fc70c892"},"content":"                try {","lastModifiedDate":"2023-01-18"},{"lineNumber":34,"author":{"gitId":"9fc70c892"},"content":"                    switch (userInput.split(\" \",2)[0]) {","lastModifiedDate":"2023-01-18"},{"lineNumber":35,"author":{"gitId":"9fc70c892"},"content":"                        case \"list\":","lastModifiedDate":"2023-01-17"},{"lineNumber":36,"author":{"gitId":"9fc70c892"},"content":"                            tm.list();","lastModifiedDate":"2023-01-18"},{"lineNumber":37,"author":{"gitId":"9fc70c892"},"content":"                            break;","lastModifiedDate":"2023-01-18"},{"lineNumber":38,"author":{"gitId":"9fc70c892"},"content":"                        case \"bye\":","lastModifiedDate":"2023-01-18"},{"lineNumber":39,"author":{"gitId":"9fc70c892"},"content":"                            QUIT \u003d true;","lastModifiedDate":"2023-01-18"},{"lineNumber":40,"author":{"gitId":"9fc70c892"},"content":"                            break;","lastModifiedDate":"2023-01-18"},{"lineNumber":41,"author":{"gitId":"9fc70c892"},"content":"                        case \"mark\":","lastModifiedDate":"2023-01-17"},{"lineNumber":42,"author":{"gitId":"9fc70c892"},"content":"                            tm.markComplete(dio.extractIndexParams(userInput), true);","lastModifiedDate":"2023-01-18"},{"lineNumber":43,"author":{"gitId":"9fc70c892"},"content":"                            break;","lastModifiedDate":"2023-01-17"},{"lineNumber":44,"author":{"gitId":"9fc70c892"},"content":"                        case \"unmark\":","lastModifiedDate":"2023-01-17"},{"lineNumber":45,"author":{"gitId":"9fc70c892"},"content":"                            tm.markComplete(dio.extractIndexParams(userInput), false);","lastModifiedDate":"2023-01-18"},{"lineNumber":46,"author":{"gitId":"9fc70c892"},"content":"                            break;","lastModifiedDate":"2023-01-17"},{"lineNumber":47,"author":{"gitId":"9fc70c892"},"content":"                        case \"todo\":","lastModifiedDate":"2023-01-18"},{"lineNumber":48,"author":{"gitId":"9fc70c892"},"content":"                            args \u003d dio.extractTaskParams(userInput, SWITCHTYPERELATED.TODO);","lastModifiedDate":"2023-01-18"},{"lineNumber":49,"author":{"gitId":"9fc70c892"},"content":"                            tm.addToDo(args[0]);","lastModifiedDate":"2023-01-18"},{"lineNumber":50,"author":{"gitId":"9fc70c892"},"content":"                            break;","lastModifiedDate":"2023-01-18"},{"lineNumber":51,"author":{"gitId":"9fc70c892"},"content":"                        case \"event\":","lastModifiedDate":"2023-01-18"},{"lineNumber":52,"author":{"gitId":"9fc70c892"},"content":"                            args \u003d dio.extractTaskParams(userInput, SWITCHTYPERELATED.EVENT);","lastModifiedDate":"2023-01-18"},{"lineNumber":53,"author":{"gitId":"9fc70c892"},"content":"                            tm.addEvent(args[0], args[1], args[2]);","lastModifiedDate":"2023-01-18"},{"lineNumber":54,"author":{"gitId":"9fc70c892"},"content":"                            break;","lastModifiedDate":"2023-01-17"},{"lineNumber":55,"author":{"gitId":"9fc70c892"},"content":"                        case \"deadline\":","lastModifiedDate":"2023-01-18"},{"lineNumber":56,"author":{"gitId":"9fc70c892"},"content":"                            args \u003d dio.extractTaskParams(userInput, SWITCHTYPERELATED.DEADLINE);","lastModifiedDate":"2023-01-18"},{"lineNumber":57,"author":{"gitId":"9fc70c892"},"content":"                            tm.addDeadLine(args[0], args[1]);","lastModifiedDate":"2023-01-18"},{"lineNumber":58,"author":{"gitId":"9fc70c892"},"content":"                            break;","lastModifiedDate":"2023-01-18"},{"lineNumber":59,"author":{"gitId":"9fc70c892"},"content":"                        case \"delete\":","lastModifiedDate":"2023-01-18"},{"lineNumber":60,"author":{"gitId":"9fc70c892"},"content":"                            tm.delete(dio.extractIndexParams(userInput));","lastModifiedDate":"2023-01-18"},{"lineNumber":61,"author":{"gitId":"9fc70c892"},"content":"                            break;","lastModifiedDate":"2023-01-18"},{"lineNumber":62,"author":{"gitId":"9fc70c892"},"content":"                        case \"?\":","lastModifiedDate":"2023-01-18"},{"lineNumber":63,"author":{"gitId":"9fc70c892"},"content":"                            throw new DukeException.Unimplemented();","lastModifiedDate":"2023-01-18"},{"lineNumber":64,"author":{"gitId":"9fc70c892"},"content":"                        default:","lastModifiedDate":"2023-01-17"},{"lineNumber":65,"author":{"gitId":"9fc70c892"},"content":"                          throw new DukeException.Invalid.Command();","lastModifiedDate":"2023-01-18"},{"lineNumber":66,"author":{"gitId":"9fc70c892"},"content":"                    }","lastModifiedDate":"2023-01-18"},{"lineNumber":67,"author":{"gitId":"9fc70c892"},"content":"                } catch (DukeException de) {","lastModifiedDate":"2023-01-18"},{"lineNumber":68,"author":{"gitId":"9fc70c892"},"content":"                    dio.println(de.getMessage());","lastModifiedDate":"2023-01-18"},{"lineNumber":69,"author":{"gitId":"9fc70c892"},"content":"                }","lastModifiedDate":"2023-01-18"},{"lineNumber":70,"author":{"gitId":"9fc70c892"},"content":"                dio.lb();","lastModifiedDate":"2023-01-18"},{"lineNumber":71,"author":{"gitId":"9fc70c892"},"content":"                dio.flush();","lastModifiedDate":"2023-01-18"},{"lineNumber":72,"author":{"gitId":"9fc70c892"},"content":"            }","lastModifiedDate":"2023-01-17"},{"lineNumber":73,"author":{"gitId":"9fc70c892"},"content":"        }","lastModifiedDate":"2023-01-17"},{"lineNumber":74,"author":{"gitId":"9fc70c892"},"content":"        goodbye();","lastModifiedDate":"2023-01-18"},{"lineNumber":75,"author":{"gitId":"9fc70c892"},"content":"    }","lastModifiedDate":"2023-01-17"},{"lineNumber":76,"author":{"gitId":"9fc70c892"},"content":"","lastModifiedDate":"2023-01-17"},{"lineNumber":77,"author":{"gitId":"9fc70c892"},"content":"    public static void initialize() {","lastModifiedDate":"2023-01-18"},{"lineNumber":78,"author":{"gitId":"9fc70c892"},"content":"        dio \u003d new DukeIO();","lastModifiedDate":"2023-01-18"},{"lineNumber":79,"author":{"gitId":"9fc70c892"},"content":"        tm \u003d new TaskMaster(dio);","lastModifiedDate":"2023-01-18"},{"lineNumber":80,"author":{"gitId":"9fc70c892"},"content":"    }","lastModifiedDate":"2023-01-18"},{"lineNumber":81,"author":{"gitId":"9fc70c892"},"content":"    /**","lastModifiedDate":"2023-01-17"},{"lineNumber":82,"author":{"gitId":"9fc70c892"},"content":"     * Prints standard welcome message.","lastModifiedDate":"2023-01-17"},{"lineNumber":83,"author":{"gitId":"9fc70c892"},"content":"     */","lastModifiedDate":"2023-01-17"},{"lineNumber":84,"author":{"gitId":"9fc70c892"},"content":"    public static void greet() {","lastModifiedDate":"2023-01-17"},{"lineNumber":85,"author":{"gitId":"-"},"content":"        String logo \u003d \"                __  __ _           \\n\"","lastModifiedDate":"2019-07-29"},{"lineNumber":86,"author":{"gitId":"9fc70c892"},"content":"                + \"               / _|/ _| |          \\n\"","lastModifiedDate":"2023-01-17"},{"lineNumber":87,"author":{"gitId":"9fc70c892"},"content":"                + \"__      ____ _| |_| |_| | ___  ___ \\n\"","lastModifiedDate":"2023-01-17"},{"lineNumber":88,"author":{"gitId":"9fc70c892"},"content":"                + \"\\\\ \\\\ /\\\\ / / _` |  _|  _| |/ _ \\\\/ __|\\n\"","lastModifiedDate":"2023-01-17"},{"lineNumber":89,"author":{"gitId":"9fc70c892"},"content":"                + \" \\\\ V  V / (_| | | | | | |  __/\\\\__ \\\\\\n\"","lastModifiedDate":"2023-01-17"},{"lineNumber":90,"author":{"gitId":"9fc70c892"},"content":"                + \"  \\\\_/\\\\_/ \\\\__,_|_| |_| |_|\\\\___||___/\\n\";","lastModifiedDate":"2023-01-17"},{"lineNumber":91,"author":{"gitId":"9fc70c892"},"content":"        dio.println(\"Hello from\\n\" + logo + \"\\n\");","lastModifiedDate":"2023-01-18"},{"lineNumber":92,"author":{"gitId":"9fc70c892"},"content":"        dio.println(\"Hello! I\u0027m \" + \"Waffles\");","lastModifiedDate":"2023-01-18"},{"lineNumber":93,"author":{"gitId":"9fc70c892"},"content":"        dio.println(\"What can I do for you?\");","lastModifiedDate":"2023-01-18"},{"lineNumber":94,"author":{"gitId":"9fc70c892"},"content":"        dio.flush();","lastModifiedDate":"2023-01-18"},{"lineNumber":95,"author":{"gitId":"9fc70c892"},"content":"    }","lastModifiedDate":"2023-01-18"},{"lineNumber":96,"author":{"gitId":"9fc70c892"},"content":"","lastModifiedDate":"2023-01-18"},{"lineNumber":97,"author":{"gitId":"9fc70c892"},"content":"    /**","lastModifiedDate":"2023-01-18"},{"lineNumber":98,"author":{"gitId":"9fc70c892"},"content":"     * Prints standard goodby message and closes DIO.","lastModifiedDate":"2023-01-18"},{"lineNumber":99,"author":{"gitId":"9fc70c892"},"content":"     */","lastModifiedDate":"2023-01-18"},{"lineNumber":100,"author":{"gitId":"9fc70c892"},"content":"    public static void goodbye() {","lastModifiedDate":"2023-01-18"},{"lineNumber":101,"author":{"gitId":"9fc70c892"},"content":"        dio.println(\"Bye. Hope to see you again soon!\");","lastModifiedDate":"2023-01-18"},{"lineNumber":102,"author":{"gitId":"9fc70c892"},"content":"        dio.flush();","lastModifiedDate":"2023-01-18"},{"lineNumber":103,"author":{"gitId":"9fc70c892"},"content":"        dio.close();","lastModifiedDate":"2023-01-18"},{"lineNumber":104,"author":{"gitId":"-"},"content":"    }","lastModifiedDate":"2019-07-29"},{"lineNumber":105,"author":{"gitId":"9fc70c892"},"content":"","lastModifiedDate":"2023-01-18"},{"lineNumber":106,"author":{"gitId":"-"},"content":"}","lastModifiedDate":"2019-07-29"},{"lineNumber":107,"author":{"gitId":"9fc70c892"},"content":"","lastModifiedDate":"2023-01-17"}],"authorContributionMap":{"9fc70c892":102,"-":5}},{"path":"src/main/java/DukeException.java","fileType":"java","lines":[{"lineNumber":1,"author":{"gitId":"9fc70c892"},"content":"/**","lastModifiedDate":"2023-01-18"},{"lineNumber":2,"author":{"gitId":"9fc70c892"},"content":" * Mother of all Exceptions for duke","lastModifiedDate":"2023-01-18"},{"lineNumber":3,"author":{"gitId":"9fc70c892"},"content":" */","lastModifiedDate":"2023-01-18"},{"lineNumber":4,"author":{"gitId":"9fc70c892"},"content":"public class DukeException extends Exception {","lastModifiedDate":"2023-01-18"},{"lineNumber":5,"author":{"gitId":"9fc70c892"},"content":"","lastModifiedDate":"2023-01-18"},{"lineNumber":6,"author":{"gitId":"9fc70c892"},"content":"    /**","lastModifiedDate":"2023-01-18"},{"lineNumber":7,"author":{"gitId":"9fc70c892"},"content":"     * Constructor to pass on forward to Exception","lastModifiedDate":"2023-01-18"},{"lineNumber":8,"author":{"gitId":"9fc70c892"},"content":"     * @param msg Message to pass to Exception","lastModifiedDate":"2023-01-18"},{"lineNumber":9,"author":{"gitId":"9fc70c892"},"content":"     */","lastModifiedDate":"2023-01-18"},{"lineNumber":10,"author":{"gitId":"9fc70c892"},"content":"    public DukeException(String msg) {","lastModifiedDate":"2023-01-18"},{"lineNumber":11,"author":{"gitId":"9fc70c892"},"content":"        super(msg);","lastModifiedDate":"2023-01-18"},{"lineNumber":12,"author":{"gitId":"9fc70c892"},"content":"    }","lastModifiedDate":"2023-01-18"},{"lineNumber":13,"author":{"gitId":"9fc70c892"},"content":"    private final static String OOPS \u003d \"☹ OOPS!!!\";","lastModifiedDate":"2023-01-18"},{"lineNumber":14,"author":{"gitId":"9fc70c892"},"content":"","lastModifiedDate":"2023-01-18"},{"lineNumber":15,"author":{"gitId":"9fc70c892"},"content":"    public static String OOPS() {","lastModifiedDate":"2023-01-18"},{"lineNumber":16,"author":{"gitId":"9fc70c892"},"content":"        return OOPS;","lastModifiedDate":"2023-01-18"},{"lineNumber":17,"author":{"gitId":"9fc70c892"},"content":"    }","lastModifiedDate":"2023-01-18"},{"lineNumber":18,"author":{"gitId":"9fc70c892"},"content":"","lastModifiedDate":"2023-01-18"},{"lineNumber":19,"author":{"gitId":"9fc70c892"},"content":"    /**","lastModifiedDate":"2023-01-18"},{"lineNumber":20,"author":{"gitId":"9fc70c892"},"content":"     * For Exceptions involving Missing something.","lastModifiedDate":"2023-01-18"},{"lineNumber":21,"author":{"gitId":"9fc70c892"},"content":"     */","lastModifiedDate":"2023-01-18"},{"lineNumber":22,"author":{"gitId":"9fc70c892"},"content":"    public static class Missing extends DukeException {","lastModifiedDate":"2023-01-18"},{"lineNumber":23,"author":{"gitId":"9fc70c892"},"content":"","lastModifiedDate":"2023-01-18"},{"lineNumber":24,"author":{"gitId":"9fc70c892"},"content":"        /**","lastModifiedDate":"2023-01-18"},{"lineNumber":25,"author":{"gitId":"9fc70c892"},"content":"         * Constructor to pass on forward to Exception","lastModifiedDate":"2023-01-18"},{"lineNumber":26,"author":{"gitId":"9fc70c892"},"content":"         * @param msg Message to pass to Exception","lastModifiedDate":"2023-01-18"},{"lineNumber":27,"author":{"gitId":"9fc70c892"},"content":"         */","lastModifiedDate":"2023-01-18"},{"lineNumber":28,"author":{"gitId":"9fc70c892"},"content":"        private Missing(String msg) {","lastModifiedDate":"2023-01-18"},{"lineNumber":29,"author":{"gitId":"9fc70c892"},"content":"            super(msg);","lastModifiedDate":"2023-01-18"},{"lineNumber":30,"author":{"gitId":"9fc70c892"},"content":"        }","lastModifiedDate":"2023-01-18"},{"lineNumber":31,"author":{"gitId":"9fc70c892"},"content":"","lastModifiedDate":"2023-01-18"},{"lineNumber":32,"author":{"gitId":"9fc70c892"},"content":"        /**","lastModifiedDate":"2023-01-18"},{"lineNumber":33,"author":{"gitId":"9fc70c892"},"content":"         * For Exceptions involving Missing Description.","lastModifiedDate":"2023-01-18"},{"lineNumber":34,"author":{"gitId":"9fc70c892"},"content":"         */","lastModifiedDate":"2023-01-18"},{"lineNumber":35,"author":{"gitId":"9fc70c892"},"content":"        public static class Description extends Missing {","lastModifiedDate":"2023-01-18"},{"lineNumber":36,"author":{"gitId":"9fc70c892"},"content":"            /**","lastModifiedDate":"2023-01-18"},{"lineNumber":37,"author":{"gitId":"9fc70c892"},"content":"             * Description for particular Task type is missing.","lastModifiedDate":"2023-01-18"},{"lineNumber":38,"author":{"gitId":"9fc70c892"},"content":"             * Example: Event [Description] /from [String] /to [String]","lastModifiedDate":"2023-01-18"},{"lineNumber":39,"author":{"gitId":"9fc70c892"},"content":"             * Missing [Description] will lead to this error message.","lastModifiedDate":"2023-01-18"},{"lineNumber":40,"author":{"gitId":"9fc70c892"},"content":"             * @param taskType Name of the task type where this error occurs","lastModifiedDate":"2023-01-18"},{"lineNumber":41,"author":{"gitId":"9fc70c892"},"content":"             */","lastModifiedDate":"2023-01-18"},{"lineNumber":42,"author":{"gitId":"9fc70c892"},"content":"            public Description(String taskType) {","lastModifiedDate":"2023-01-18"},{"lineNumber":43,"author":{"gitId":"9fc70c892"},"content":"                super(String.format(\"%s Missing description for %s\", OOPS, taskType));","lastModifiedDate":"2023-01-18"},{"lineNumber":44,"author":{"gitId":"9fc70c892"},"content":"            }","lastModifiedDate":"2023-01-18"},{"lineNumber":45,"author":{"gitId":"9fc70c892"},"content":"        }","lastModifiedDate":"2023-01-18"},{"lineNumber":46,"author":{"gitId":"9fc70c892"},"content":"        /**","lastModifiedDate":"2023-01-18"},{"lineNumber":47,"author":{"gitId":"9fc70c892"},"content":"         * For Exceptions involving Missing Parameters.","lastModifiedDate":"2023-01-18"},{"lineNumber":48,"author":{"gitId":"9fc70c892"},"content":"         */","lastModifiedDate":"2023-01-18"},{"lineNumber":49,"author":{"gitId":"9fc70c892"},"content":"        public static class Parameter extends Missing {","lastModifiedDate":"2023-01-18"},{"lineNumber":50,"author":{"gitId":"9fc70c892"},"content":"            /**","lastModifiedDate":"2023-01-18"},{"lineNumber":51,"author":{"gitId":"9fc70c892"},"content":"             * Parameter missing for particular keyword.","lastModifiedDate":"2023-01-18"},{"lineNumber":52,"author":{"gitId":"9fc70c892"},"content":"             * Example: Mark [Parameter]","lastModifiedDate":"2023-01-18"},{"lineNumber":53,"author":{"gitId":"9fc70c892"},"content":"             * Missing [Parameter] will lead to this error message.","lastModifiedDate":"2023-01-18"},{"lineNumber":54,"author":{"gitId":"9fc70c892"},"content":"             * @param taskType","lastModifiedDate":"2023-01-18"},{"lineNumber":55,"author":{"gitId":"9fc70c892"},"content":"             */","lastModifiedDate":"2023-01-18"},{"lineNumber":56,"author":{"gitId":"9fc70c892"},"content":"            public Parameter(String taskType) {","lastModifiedDate":"2023-01-18"},{"lineNumber":57,"author":{"gitId":"9fc70c892"},"content":"                super(String.format(\"%s Missing parameter(s) for %s\", OOPS, taskType));","lastModifiedDate":"2023-01-18"},{"lineNumber":58,"author":{"gitId":"9fc70c892"},"content":"            }","lastModifiedDate":"2023-01-18"},{"lineNumber":59,"author":{"gitId":"9fc70c892"},"content":"        }","lastModifiedDate":"2023-01-18"},{"lineNumber":60,"author":{"gitId":"9fc70c892"},"content":"","lastModifiedDate":"2023-01-18"},{"lineNumber":61,"author":{"gitId":"9fc70c892"},"content":"        /**","lastModifiedDate":"2023-01-18"},{"lineNumber":62,"author":{"gitId":"9fc70c892"},"content":"         * For Exceptions involving Missing Options.","lastModifiedDate":"2023-01-18"},{"lineNumber":63,"author":{"gitId":"9fc70c892"},"content":"         */","lastModifiedDate":"2023-01-18"},{"lineNumber":64,"author":{"gitId":"9fc70c892"},"content":"        public static class Options extends Missing {","lastModifiedDate":"2023-01-18"},{"lineNumber":65,"author":{"gitId":"9fc70c892"},"content":"            /**","lastModifiedDate":"2023-01-18"},{"lineNumber":66,"author":{"gitId":"9fc70c892"},"content":"             * Parameter missing for particular keyword.","lastModifiedDate":"2023-01-18"},{"lineNumber":67,"author":{"gitId":"9fc70c892"},"content":"             * Example: Deadline [Parameter] /by [Parameter]","lastModifiedDate":"2023-01-18"},{"lineNumber":68,"author":{"gitId":"9fc70c892"},"content":"             * Missing `/by` will lead to this error message.","lastModifiedDate":"2023-01-18"},{"lineNumber":69,"author":{"gitId":"9fc70c892"},"content":"             * @param taskType","lastModifiedDate":"2023-01-18"},{"lineNumber":70,"author":{"gitId":"9fc70c892"},"content":"             */","lastModifiedDate":"2023-01-18"},{"lineNumber":71,"author":{"gitId":"9fc70c892"},"content":"            public Options(String taskType) {","lastModifiedDate":"2023-01-18"},{"lineNumber":72,"author":{"gitId":"9fc70c892"},"content":"                super(String.format(\"%s Missing or incomplete options(s) for %s\", OOPS, taskType));","lastModifiedDate":"2023-01-18"},{"lineNumber":73,"author":{"gitId":"9fc70c892"},"content":"            }","lastModifiedDate":"2023-01-18"},{"lineNumber":74,"author":{"gitId":"9fc70c892"},"content":"        }","lastModifiedDate":"2023-01-18"},{"lineNumber":75,"author":{"gitId":"9fc70c892"},"content":"    }","lastModifiedDate":"2023-01-18"},{"lineNumber":76,"author":{"gitId":"9fc70c892"},"content":"","lastModifiedDate":"2023-01-18"},{"lineNumber":77,"author":{"gitId":"9fc70c892"},"content":"    /**","lastModifiedDate":"2023-01-18"},{"lineNumber":78,"author":{"gitId":"9fc70c892"},"content":"     * For Exceptions involving Invalid entries","lastModifiedDate":"2023-01-18"},{"lineNumber":79,"author":{"gitId":"9fc70c892"},"content":"     */","lastModifiedDate":"2023-01-18"},{"lineNumber":80,"author":{"gitId":"9fc70c892"},"content":"    public static class Invalid extends DukeException {","lastModifiedDate":"2023-01-18"},{"lineNumber":81,"author":{"gitId":"9fc70c892"},"content":"        /**","lastModifiedDate":"2023-01-18"},{"lineNumber":82,"author":{"gitId":"9fc70c892"},"content":"         * Constructor to pass on forward to Exception","lastModifiedDate":"2023-01-18"},{"lineNumber":83,"author":{"gitId":"9fc70c892"},"content":"         * @param msg Message to pass to Exception","lastModifiedDate":"2023-01-18"},{"lineNumber":84,"author":{"gitId":"9fc70c892"},"content":"         */","lastModifiedDate":"2023-01-18"},{"lineNumber":85,"author":{"gitId":"9fc70c892"},"content":"        private Invalid(String msg) {","lastModifiedDate":"2023-01-18"},{"lineNumber":86,"author":{"gitId":"9fc70c892"},"content":"            super(msg);","lastModifiedDate":"2023-01-18"},{"lineNumber":87,"author":{"gitId":"9fc70c892"},"content":"        }","lastModifiedDate":"2023-01-18"},{"lineNumber":88,"author":{"gitId":"9fc70c892"},"content":"","lastModifiedDate":"2023-01-18"},{"lineNumber":89,"author":{"gitId":"9fc70c892"},"content":"        /**","lastModifiedDate":"2023-01-18"},{"lineNumber":90,"author":{"gitId":"9fc70c892"},"content":"         * For Exceptions involving Invalid Index","lastModifiedDate":"2023-01-18"},{"lineNumber":91,"author":{"gitId":"9fc70c892"},"content":"         */","lastModifiedDate":"2023-01-18"},{"lineNumber":92,"author":{"gitId":"9fc70c892"},"content":"        public static class Index extends Invalid {","lastModifiedDate":"2023-01-18"},{"lineNumber":93,"author":{"gitId":"9fc70c892"},"content":"            /**","lastModifiedDate":"2023-01-18"},{"lineNumber":94,"author":{"gitId":"9fc70c892"},"content":"             * Index is out of bound for particular collection.","lastModifiedDate":"2023-01-18"},{"lineNumber":95,"author":{"gitId":"9fc70c892"},"content":"             * Example:","lastModifiedDate":"2023-01-18"},{"lineNumber":96,"author":{"gitId":"9fc70c892"},"content":"             * User tries to delete entry `9` when the task list is empty.","lastModifiedDate":"2023-01-18"},{"lineNumber":97,"author":{"gitId":"9fc70c892"},"content":"             * @param ind User supplied input.","lastModifiedDate":"2023-01-18"},{"lineNumber":98,"author":{"gitId":"9fc70c892"},"content":"             */","lastModifiedDate":"2023-01-18"},{"lineNumber":99,"author":{"gitId":"9fc70c892"},"content":"            public Index(int ind) {","lastModifiedDate":"2023-01-18"},{"lineNumber":100,"author":{"gitId":"9fc70c892"},"content":"                super(String.format(\"%s The list does not contain index %d\", OOPS, ind));","lastModifiedDate":"2023-01-18"},{"lineNumber":101,"author":{"gitId":"9fc70c892"},"content":"            }","lastModifiedDate":"2023-01-18"},{"lineNumber":102,"author":{"gitId":"9fc70c892"},"content":"        }","lastModifiedDate":"2023-01-18"},{"lineNumber":103,"author":{"gitId":"9fc70c892"},"content":"","lastModifiedDate":"2023-01-18"},{"lineNumber":104,"author":{"gitId":"9fc70c892"},"content":"        /**","lastModifiedDate":"2023-01-18"},{"lineNumber":105,"author":{"gitId":"9fc70c892"},"content":"         * For Exceptions involving Invalid Input","lastModifiedDate":"2023-01-18"},{"lineNumber":106,"author":{"gitId":"9fc70c892"},"content":"         */","lastModifiedDate":"2023-01-18"},{"lineNumber":107,"author":{"gitId":"9fc70c892"},"content":"        public static class Input extends Invalid {","lastModifiedDate":"2023-01-18"},{"lineNumber":108,"author":{"gitId":"9fc70c892"},"content":"            /**","lastModifiedDate":"2023-01-18"},{"lineNumber":109,"author":{"gitId":"9fc70c892"},"content":"             * Generic exception handler for any Invalid Inputs.","lastModifiedDate":"2023-01-18"},{"lineNumber":110,"author":{"gitId":"9fc70c892"},"content":"             * @param msg The message to be passed to Exception","lastModifiedDate":"2023-01-18"},{"lineNumber":111,"author":{"gitId":"9fc70c892"},"content":"             */","lastModifiedDate":"2023-01-18"},{"lineNumber":112,"author":{"gitId":"9fc70c892"},"content":"            public Input(String msg) {","lastModifiedDate":"2023-01-18"},{"lineNumber":113,"author":{"gitId":"9fc70c892"},"content":"                super(String.format(\"%s %s\", OOPS, msg));","lastModifiedDate":"2023-01-18"},{"lineNumber":114,"author":{"gitId":"9fc70c892"},"content":"            }","lastModifiedDate":"2023-01-18"},{"lineNumber":115,"author":{"gitId":"9fc70c892"},"content":"        }","lastModifiedDate":"2023-01-18"},{"lineNumber":116,"author":{"gitId":"9fc70c892"},"content":"","lastModifiedDate":"2023-01-18"},{"lineNumber":117,"author":{"gitId":"9fc70c892"},"content":"        /**","lastModifiedDate":"2023-01-18"},{"lineNumber":118,"author":{"gitId":"9fc70c892"},"content":"         * For Exceptions involving Invalid Commands","lastModifiedDate":"2023-01-18"},{"lineNumber":119,"author":{"gitId":"9fc70c892"},"content":"         */","lastModifiedDate":"2023-01-18"},{"lineNumber":120,"author":{"gitId":"9fc70c892"},"content":"        public static class Command extends Invalid {","lastModifiedDate":"2023-01-18"},{"lineNumber":121,"author":{"gitId":"9fc70c892"},"content":"            /**","lastModifiedDate":"2023-01-18"},{"lineNumber":122,"author":{"gitId":"9fc70c892"},"content":"             * User supplied command does not exist.","lastModifiedDate":"2023-01-18"},{"lineNumber":123,"author":{"gitId":"9fc70c892"},"content":"             * Informs user of invalid command.","lastModifiedDate":"2023-01-18"},{"lineNumber":124,"author":{"gitId":"9fc70c892"},"content":"             */","lastModifiedDate":"2023-01-18"},{"lineNumber":125,"author":{"gitId":"9fc70c892"},"content":"            public Command() {","lastModifiedDate":"2023-01-18"},{"lineNumber":126,"author":{"gitId":"9fc70c892"},"content":"                super(String.format(\"%s I\u0027m sorry, but I don\u0027t know what you just said means :-(\", OOPS));","lastModifiedDate":"2023-01-18"},{"lineNumber":127,"author":{"gitId":"9fc70c892"},"content":"            }","lastModifiedDate":"2023-01-18"},{"lineNumber":128,"author":{"gitId":"9fc70c892"},"content":"        }","lastModifiedDate":"2023-01-18"},{"lineNumber":129,"author":{"gitId":"9fc70c892"},"content":"    }","lastModifiedDate":"2023-01-18"},{"lineNumber":130,"author":{"gitId":"9fc70c892"},"content":"","lastModifiedDate":"2023-01-18"},{"lineNumber":131,"author":{"gitId":"9fc70c892"},"content":"    /**","lastModifiedDate":"2023-01-18"},{"lineNumber":132,"author":{"gitId":"9fc70c892"},"content":"     * For Exceptions involving Unimplemented features","lastModifiedDate":"2023-01-18"},{"lineNumber":133,"author":{"gitId":"9fc70c892"},"content":"     */","lastModifiedDate":"2023-01-18"},{"lineNumber":134,"author":{"gitId":"9fc70c892"},"content":"    public static class Unimplemented extends DukeException {","lastModifiedDate":"2023-01-18"},{"lineNumber":135,"author":{"gitId":"9fc70c892"},"content":"        /**","lastModifiedDate":"2023-01-18"},{"lineNumber":136,"author":{"gitId":"9fc70c892"},"content":"         * Constructor to pass on forward to Exception","lastModifiedDate":"2023-01-18"},{"lineNumber":137,"author":{"gitId":"9fc70c892"},"content":"         */","lastModifiedDate":"2023-01-18"},{"lineNumber":138,"author":{"gitId":"9fc70c892"},"content":"        public Unimplemented() {","lastModifiedDate":"2023-01-18"},{"lineNumber":139,"author":{"gitId":"9fc70c892"},"content":"            super(\"Apologise the command you just typed has not available yet.\");","lastModifiedDate":"2023-01-18"},{"lineNumber":140,"author":{"gitId":"9fc70c892"},"content":"        }","lastModifiedDate":"2023-01-18"},{"lineNumber":141,"author":{"gitId":"9fc70c892"},"content":"    }","lastModifiedDate":"2023-01-18"},{"lineNumber":142,"author":{"gitId":"9fc70c892"},"content":"}","lastModifiedDate":"2023-01-18"}],"authorContributionMap":{"9fc70c892":142}},{"path":"src/main/java/DukeIO.java","fileType":"java","lines":[{"lineNumber":1,"author":{"gitId":"9fc70c892"},"content":"import java.io.*;","lastModifiedDate":"2023-01-18"},{"lineNumber":2,"author":{"gitId":"9fc70c892"},"content":"import java.util.Arrays;","lastModifiedDate":"2023-01-18"},{"lineNumber":3,"author":{"gitId":"9fc70c892"},"content":"","lastModifiedDate":"2023-01-18"},{"lineNumber":4,"author":{"gitId":"9fc70c892"},"content":"public class DukeIO extends PrintWriter {","lastModifiedDate":"2023-01-18"},{"lineNumber":5,"author":{"gitId":"9fc70c892"},"content":"    private BufferedReader bf;","lastModifiedDate":"2023-01-18"},{"lineNumber":6,"author":{"gitId":"9fc70c892"},"content":"","lastModifiedDate":"2023-01-18"},{"lineNumber":7,"author":{"gitId":"9fc70c892"},"content":"    public enum EXTRACTFOR {","lastModifiedDate":"2023-01-18"},{"lineNumber":8,"author":{"gitId":"9fc70c892"},"content":"        TODO, EVENT, DEADLINE","lastModifiedDate":"2023-01-18"},{"lineNumber":9,"author":{"gitId":"9fc70c892"},"content":"    }","lastModifiedDate":"2023-01-18"},{"lineNumber":10,"author":{"gitId":"9fc70c892"},"content":"","lastModifiedDate":"2023-01-18"},{"lineNumber":11,"author":{"gitId":"9fc70c892"},"content":"    public DukeIO(){","lastModifiedDate":"2023-01-18"},{"lineNumber":12,"author":{"gitId":"9fc70c892"},"content":"        super(new BufferedOutputStream(System.out));","lastModifiedDate":"2023-01-18"},{"lineNumber":13,"author":{"gitId":"9fc70c892"},"content":"        bf \u003d new BufferedReader(new InputStreamReader(System.in));","lastModifiedDate":"2023-01-18"},{"lineNumber":14,"author":{"gitId":"9fc70c892"},"content":"    }","lastModifiedDate":"2023-01-18"},{"lineNumber":15,"author":{"gitId":"9fc70c892"},"content":"","lastModifiedDate":"2023-01-18"},{"lineNumber":16,"author":{"gitId":"9fc70c892"},"content":"    public String readln() {","lastModifiedDate":"2023-01-18"},{"lineNumber":17,"author":{"gitId":"9fc70c892"},"content":"        String userInput \u003d \"\";","lastModifiedDate":"2023-01-18"},{"lineNumber":18,"author":{"gitId":"9fc70c892"},"content":"        try{","lastModifiedDate":"2023-01-18"},{"lineNumber":19,"author":{"gitId":"9fc70c892"},"content":"            userInput \u003d bf.readLine().trim();","lastModifiedDate":"2023-01-18"},{"lineNumber":20,"author":{"gitId":"9fc70c892"},"content":"        } catch (IOException e){","lastModifiedDate":"2023-01-18"},{"lineNumber":21,"author":{"gitId":"9fc70c892"},"content":"            System.out.println(String.format(\"DUKEIO : %s\", e.getMessage()));","lastModifiedDate":"2023-01-18"},{"lineNumber":22,"author":{"gitId":"9fc70c892"},"content":"        }","lastModifiedDate":"2023-01-18"},{"lineNumber":23,"author":{"gitId":"9fc70c892"},"content":"        return userInput;","lastModifiedDate":"2023-01-18"},{"lineNumber":24,"author":{"gitId":"9fc70c892"},"content":"    }","lastModifiedDate":"2023-01-18"},{"lineNumber":25,"author":{"gitId":"9fc70c892"},"content":"","lastModifiedDate":"2023-01-18"},{"lineNumber":26,"author":{"gitId":"9fc70c892"},"content":"    public int extractIndexParams(String userIn) throws DukeException {","lastModifiedDate":"2023-01-18"},{"lineNumber":27,"author":{"gitId":"9fc70c892"},"content":"        String[] userInSplit \u003d userIn.split(\" \",3);","lastModifiedDate":"2023-01-18"},{"lineNumber":28,"author":{"gitId":"9fc70c892"},"content":"        if (userInSplit.length \u003c 2) {","lastModifiedDate":"2023-01-18"},{"lineNumber":29,"author":{"gitId":"9fc70c892"},"content":"            throw new DukeException.Missing.Parameter(userInSplit[0]);","lastModifiedDate":"2023-01-18"},{"lineNumber":30,"author":{"gitId":"9fc70c892"},"content":"        }","lastModifiedDate":"2023-01-18"},{"lineNumber":31,"author":{"gitId":"9fc70c892"},"content":"        try {","lastModifiedDate":"2023-01-18"},{"lineNumber":32,"author":{"gitId":"9fc70c892"},"content":"            int ind \u003d Integer.parseInt(userInSplit[1]);","lastModifiedDate":"2023-01-18"},{"lineNumber":33,"author":{"gitId":"9fc70c892"},"content":"            return ind - 1; // Count starting from 0","lastModifiedDate":"2023-01-18"},{"lineNumber":34,"author":{"gitId":"9fc70c892"},"content":"        } catch (NumberFormatException e) {","lastModifiedDate":"2023-01-18"},{"lineNumber":35,"author":{"gitId":"9fc70c892"},"content":"            throw new DukeException.Invalid.Input(String.format(\"%s is not an integer\", userInSplit[1]));","lastModifiedDate":"2023-01-18"},{"lineNumber":36,"author":{"gitId":"9fc70c892"},"content":"        }","lastModifiedDate":"2023-01-18"},{"lineNumber":37,"author":{"gitId":"9fc70c892"},"content":"    }","lastModifiedDate":"2023-01-18"},{"lineNumber":38,"author":{"gitId":"9fc70c892"},"content":"    public String[] extractTaskParams(String userIn, Duke.SWITCHTYPERELATED desire) throws DukeException {","lastModifiedDate":"2023-01-18"},{"lineNumber":39,"author":{"gitId":"9fc70c892"},"content":"","lastModifiedDate":"2023-01-18"},{"lineNumber":40,"author":{"gitId":"9fc70c892"},"content":"        switch (desire) {","lastModifiedDate":"2023-01-18"},{"lineNumber":41,"author":{"gitId":"9fc70c892"},"content":"            case TODO: {","lastModifiedDate":"2023-01-18"},{"lineNumber":42,"author":{"gitId":"9fc70c892"},"content":"                // Check for descriptor","lastModifiedDate":"2023-01-18"},{"lineNumber":43,"author":{"gitId":"9fc70c892"},"content":"                String[] LHS \u003d userIn.split(\" \", 2);","lastModifiedDate":"2023-01-18"},{"lineNumber":44,"author":{"gitId":"9fc70c892"},"content":"                if (LHS.length \u003c 2) {","lastModifiedDate":"2023-01-18"},{"lineNumber":45,"author":{"gitId":"9fc70c892"},"content":"                    throw new DukeException.Missing.Description(LHS[0]);","lastModifiedDate":"2023-01-18"},{"lineNumber":46,"author":{"gitId":"9fc70c892"},"content":"                }","lastModifiedDate":"2023-01-18"},{"lineNumber":47,"author":{"gitId":"9fc70c892"},"content":"                // Return descriptor","lastModifiedDate":"2023-01-18"},{"lineNumber":48,"author":{"gitId":"9fc70c892"},"content":"                return new String[]{ LHS[1].trim() };","lastModifiedDate":"2023-01-18"},{"lineNumber":49,"author":{"gitId":"9fc70c892"},"content":"            }","lastModifiedDate":"2023-01-18"},{"lineNumber":50,"author":{"gitId":"9fc70c892"},"content":"","lastModifiedDate":"2023-01-18"},{"lineNumber":51,"author":{"gitId":"9fc70c892"},"content":"            case EVENT: {","lastModifiedDate":"2023-01-18"},{"lineNumber":52,"author":{"gitId":"9fc70c892"},"content":"                // Removal of \u0027event\u0027","lastModifiedDate":"2023-01-18"},{"lineNumber":53,"author":{"gitId":"9fc70c892"},"content":"                String[] userInSplit \u003d userIn.split(\" \", 2);","lastModifiedDate":"2023-01-18"},{"lineNumber":54,"author":{"gitId":"9fc70c892"},"content":"                if (userInSplit.length \u003c 2) {","lastModifiedDate":"2023-01-18"},{"lineNumber":55,"author":{"gitId":"9fc70c892"},"content":"                    throw new DukeException.Missing.Parameter(userInSplit[0]);","lastModifiedDate":"2023-01-18"},{"lineNumber":56,"author":{"gitId":"9fc70c892"},"content":"                }","lastModifiedDate":"2023-01-18"},{"lineNumber":57,"author":{"gitId":"9fc70c892"},"content":"","lastModifiedDate":"2023-01-18"},{"lineNumber":58,"author":{"gitId":"9fc70c892"},"content":"                // Check for /from keyword","lastModifiedDate":"2023-01-18"},{"lineNumber":59,"author":{"gitId":"9fc70c892"},"content":"                String[] fromSplit \u003d userInSplit[1].split(\"/from\",3);","lastModifiedDate":"2023-01-18"},{"lineNumber":60,"author":{"gitId":"9fc70c892"},"content":"                if (fromSplit.length \u003c 2) {","lastModifiedDate":"2023-01-18"},{"lineNumber":61,"author":{"gitId":"9fc70c892"},"content":"                    throw new DukeException.Missing.Parameter(userInSplit[0]);","lastModifiedDate":"2023-01-18"},{"lineNumber":62,"author":{"gitId":"9fc70c892"},"content":"                } else if (fromSplit.length \u003e 2) {","lastModifiedDate":"2023-01-18"},{"lineNumber":63,"author":{"gitId":"9fc70c892"},"content":"                    throw new DukeException.Invalid.Input(\"Multiple `/from` detected, only one is allowed, please try again.\");","lastModifiedDate":"2023-01-18"},{"lineNumber":64,"author":{"gitId":"9fc70c892"},"content":"                }","lastModifiedDate":"2023-01-18"},{"lineNumber":65,"author":{"gitId":"9fc70c892"},"content":"","lastModifiedDate":"2023-01-18"},{"lineNumber":66,"author":{"gitId":"9fc70c892"},"content":"                // Check for descriptor","lastModifiedDate":"2023-01-18"},{"lineNumber":67,"author":{"gitId":"9fc70c892"},"content":"                if (fromSplit[0].isEmpty()) {","lastModifiedDate":"2023-01-18"},{"lineNumber":68,"author":{"gitId":"9fc70c892"},"content":"                    throw new DukeException.Missing.Description(userInSplit[0]);","lastModifiedDate":"2023-01-18"},{"lineNumber":69,"author":{"gitId":"9fc70c892"},"content":"                }","lastModifiedDate":"2023-01-18"},{"lineNumber":70,"author":{"gitId":"9fc70c892"},"content":"","lastModifiedDate":"2023-01-18"},{"lineNumber":71,"author":{"gitId":"9fc70c892"},"content":"                // Check from /to keyword","lastModifiedDate":"2023-01-18"},{"lineNumber":72,"author":{"gitId":"9fc70c892"},"content":"                String[] toSplit \u003d fromSplit[1].split(\"/to\",3);","lastModifiedDate":"2023-01-18"},{"lineNumber":73,"author":{"gitId":"9fc70c892"},"content":"                if (toSplit.length \u003c 2) {","lastModifiedDate":"2023-01-18"},{"lineNumber":74,"author":{"gitId":"9fc70c892"},"content":"                    throw new DukeException.Missing.Parameter(userInSplit[0]);","lastModifiedDate":"2023-01-18"},{"lineNumber":75,"author":{"gitId":"9fc70c892"},"content":"                } else if (toSplit.length \u003e 2) {","lastModifiedDate":"2023-01-18"},{"lineNumber":76,"author":{"gitId":"9fc70c892"},"content":"                    throw new DukeException.Invalid.Input(\"Multiple `/to` detected, only one is allowed, please try again.\");","lastModifiedDate":"2023-01-18"},{"lineNumber":77,"author":{"gitId":"9fc70c892"},"content":"                }","lastModifiedDate":"2023-01-18"},{"lineNumber":78,"author":{"gitId":"9fc70c892"},"content":"","lastModifiedDate":"2023-01-18"},{"lineNumber":79,"author":{"gitId":"9fc70c892"},"content":"                return new String[]{ fromSplit[0].trim() , toSplit[0].trim(), toSplit[1].trim() };","lastModifiedDate":"2023-01-18"},{"lineNumber":80,"author":{"gitId":"9fc70c892"},"content":"            }","lastModifiedDate":"2023-01-18"},{"lineNumber":81,"author":{"gitId":"9fc70c892"},"content":"","lastModifiedDate":"2023-01-18"},{"lineNumber":82,"author":{"gitId":"9fc70c892"},"content":"            case DEADLINE: {","lastModifiedDate":"2023-01-18"},{"lineNumber":83,"author":{"gitId":"9fc70c892"},"content":"                    // Check for /by keyword","lastModifiedDate":"2023-01-18"},{"lineNumber":84,"author":{"gitId":"9fc70c892"},"content":"                    String[] userInSplit \u003d userIn.split(\"/by\",3);","lastModifiedDate":"2023-01-18"},{"lineNumber":85,"author":{"gitId":"9fc70c892"},"content":"                    if (userInSplit.length \u003c 2) {","lastModifiedDate":"2023-01-18"},{"lineNumber":86,"author":{"gitId":"9fc70c892"},"content":"                        throw new DukeException.Missing.Parameter(userInSplit[0]);","lastModifiedDate":"2023-01-18"},{"lineNumber":87,"author":{"gitId":"9fc70c892"},"content":"                    } else if (userInSplit.length \u003e 2) {","lastModifiedDate":"2023-01-18"},{"lineNumber":88,"author":{"gitId":"9fc70c892"},"content":"                        throw new DukeException.Invalid.Input(\"Multiple `/by` detected, only one is allowed, please try again.\");","lastModifiedDate":"2023-01-18"},{"lineNumber":89,"author":{"gitId":"9fc70c892"},"content":"                    }","lastModifiedDate":"2023-01-18"},{"lineNumber":90,"author":{"gitId":"9fc70c892"},"content":"","lastModifiedDate":"2023-01-18"},{"lineNumber":91,"author":{"gitId":"9fc70c892"},"content":"                    // Check for descriptor","lastModifiedDate":"2023-01-18"},{"lineNumber":92,"author":{"gitId":"9fc70c892"},"content":"                    String[] LHS \u003d userInSplit[0].split(\" \", 2);","lastModifiedDate":"2023-01-18"},{"lineNumber":93,"author":{"gitId":"9fc70c892"},"content":"                    if (LHS.length \u003c 2) {","lastModifiedDate":"2023-01-18"},{"lineNumber":94,"author":{"gitId":"9fc70c892"},"content":"                        throw new DukeException.Missing.Description(userInSplit[0]);","lastModifiedDate":"2023-01-18"},{"lineNumber":95,"author":{"gitId":"9fc70c892"},"content":"                    }","lastModifiedDate":"2023-01-18"},{"lineNumber":96,"author":{"gitId":"9fc70c892"},"content":"                    return new String[]{ LHS[1].trim() , userInSplit[1].trim()};","lastModifiedDate":"2023-01-18"},{"lineNumber":97,"author":{"gitId":"9fc70c892"},"content":"                }","lastModifiedDate":"2023-01-18"},{"lineNumber":98,"author":{"gitId":"9fc70c892"},"content":"","lastModifiedDate":"2023-01-18"},{"lineNumber":99,"author":{"gitId":"9fc70c892"},"content":"            default:","lastModifiedDate":"2023-01-18"},{"lineNumber":100,"author":{"gitId":"9fc70c892"},"content":"                throw new DukeException.Invalid.Input(\"DIO - extractTaskParams - used unexpectedly\");","lastModifiedDate":"2023-01-18"},{"lineNumber":101,"author":{"gitId":"9fc70c892"},"content":"        }","lastModifiedDate":"2023-01-18"},{"lineNumber":102,"author":{"gitId":"9fc70c892"},"content":"","lastModifiedDate":"2023-01-18"},{"lineNumber":103,"author":{"gitId":"9fc70c892"},"content":"    }","lastModifiedDate":"2023-01-18"},{"lineNumber":104,"author":{"gitId":"9fc70c892"},"content":"","lastModifiedDate":"2023-01-18"},{"lineNumber":105,"author":{"gitId":"9fc70c892"},"content":"    public void lb(){","lastModifiedDate":"2023-01-18"},{"lineNumber":106,"author":{"gitId":"9fc70c892"},"content":"        this.println(\"____________________________________________________________\");","lastModifiedDate":"2023-01-18"},{"lineNumber":107,"author":{"gitId":"9fc70c892"},"content":"    }","lastModifiedDate":"2023-01-18"},{"lineNumber":108,"author":{"gitId":"9fc70c892"},"content":"","lastModifiedDate":"2023-01-18"},{"lineNumber":109,"author":{"gitId":"9fc70c892"},"content":"}","lastModifiedDate":"2023-01-18"}],"authorContributionMap":{"9fc70c892":109}},{"path":"src/main/java/Event.java","fileType":"java","lines":[{"lineNumber":1,"author":{"gitId":"9fc70c892"},"content":"/**","lastModifiedDate":"2023-01-18"},{"lineNumber":2,"author":{"gitId":"9fc70c892"},"content":" * Event is a type of Task.","lastModifiedDate":"2023-01-18"},{"lineNumber":3,"author":{"gitId":"9fc70c892"},"content":" * Events have a \u0027from\u0027 and \u0027to\u0027 field to indicate the period which the task takes place.","lastModifiedDate":"2023-01-18"},{"lineNumber":4,"author":{"gitId":"9fc70c892"},"content":" */","lastModifiedDate":"2023-01-18"},{"lineNumber":5,"author":{"gitId":"9fc70c892"},"content":"public class Event extends Task {","lastModifiedDate":"2023-01-18"},{"lineNumber":6,"author":{"gitId":"9fc70c892"},"content":"    private final String from;","lastModifiedDate":"2023-01-18"},{"lineNumber":7,"author":{"gitId":"9fc70c892"},"content":"    private final String to;","lastModifiedDate":"2023-01-18"},{"lineNumber":8,"author":{"gitId":"9fc70c892"},"content":"","lastModifiedDate":"2023-01-18"},{"lineNumber":9,"author":{"gitId":"9fc70c892"},"content":"    /**","lastModifiedDate":"2023-01-18"},{"lineNumber":10,"author":{"gitId":"9fc70c892"},"content":"     * Constructor that takes in the name of the Task alongside with other timing details.","lastModifiedDate":"2023-01-18"},{"lineNumber":11,"author":{"gitId":"9fc70c892"},"content":"     * @param task_name The name of this Task","lastModifiedDate":"2023-01-18"},{"lineNumber":12,"author":{"gitId":"9fc70c892"},"content":"     * @param from A string representation of the start date/time of this Task","lastModifiedDate":"2023-01-18"},{"lineNumber":13,"author":{"gitId":"9fc70c892"},"content":"     * @param to A string representation of the end date/time of this Task","lastModifiedDate":"2023-01-18"},{"lineNumber":14,"author":{"gitId":"9fc70c892"},"content":"     */","lastModifiedDate":"2023-01-18"},{"lineNumber":15,"author":{"gitId":"9fc70c892"},"content":"    public Event(String task_name, String from, String to) {","lastModifiedDate":"2023-01-18"},{"lineNumber":16,"author":{"gitId":"9fc70c892"},"content":"        super(task_name);","lastModifiedDate":"2023-01-18"},{"lineNumber":17,"author":{"gitId":"9fc70c892"},"content":"        this.from \u003d from;","lastModifiedDate":"2023-01-18"},{"lineNumber":18,"author":{"gitId":"9fc70c892"},"content":"        this.to \u003d to;","lastModifiedDate":"2023-01-18"},{"lineNumber":19,"author":{"gitId":"9fc70c892"},"content":"    }","lastModifiedDate":"2023-01-18"},{"lineNumber":20,"author":{"gitId":"9fc70c892"},"content":"    /**","lastModifiedDate":"2023-01-18"},{"lineNumber":21,"author":{"gitId":"9fc70c892"},"content":"     * Returns String representation of an Event.","lastModifiedDate":"2023-01-18"},{"lineNumber":22,"author":{"gitId":"9fc70c892"},"content":"     * @return The name of this task and the from and to details.","lastModifiedDate":"2023-01-18"},{"lineNumber":23,"author":{"gitId":"9fc70c892"},"content":"     */","lastModifiedDate":"2023-01-18"},{"lineNumber":24,"author":{"gitId":"9fc70c892"},"content":"    @Override","lastModifiedDate":"2023-01-18"},{"lineNumber":25,"author":{"gitId":"9fc70c892"},"content":"    public String toString() {","lastModifiedDate":"2023-01-18"},{"lineNumber":26,"author":{"gitId":"9fc70c892"},"content":"        return String.format(\"[E]%s (from: %s , to: %s)\", super.toString(), this.from, this.to);","lastModifiedDate":"2023-01-18"},{"lineNumber":27,"author":{"gitId":"9fc70c892"},"content":"    }","lastModifiedDate":"2023-01-18"},{"lineNumber":28,"author":{"gitId":"9fc70c892"},"content":"}","lastModifiedDate":"2023-01-18"}],"authorContributionMap":{"9fc70c892":28}},{"path":"src/main/java/Task.java","fileType":"java","lines":[{"lineNumber":1,"author":{"gitId":"9fc70c892"},"content":"/**","lastModifiedDate":"2023-01-17"},{"lineNumber":2,"author":{"gitId":"9fc70c892"},"content":" * Task is the superclass of the activities that can be stored within Duke.","lastModifiedDate":"2023-01-18"},{"lineNumber":3,"author":{"gitId":"9fc70c892"},"content":" */","lastModifiedDate":"2023-01-17"},{"lineNumber":4,"author":{"gitId":"9fc70c892"},"content":"public abstract class Task {","lastModifiedDate":"2023-01-18"},{"lineNumber":5,"author":{"gitId":"9fc70c892"},"content":"","lastModifiedDate":"2023-01-17"},{"lineNumber":6,"author":{"gitId":"9fc70c892"},"content":"    private String taskName;","lastModifiedDate":"2023-01-18"},{"lineNumber":7,"author":{"gitId":"9fc70c892"},"content":"    private STATUS status;","lastModifiedDate":"2023-01-18"},{"lineNumber":8,"author":{"gitId":"9fc70c892"},"content":"","lastModifiedDate":"2023-01-18"},{"lineNumber":9,"author":{"gitId":"9fc70c892"},"content":"    public enum STATUS {","lastModifiedDate":"2023-01-18"},{"lineNumber":10,"author":{"gitId":"9fc70c892"},"content":"        COMPLETE, INCOMPLETE","lastModifiedDate":"2023-01-18"},{"lineNumber":11,"author":{"gitId":"9fc70c892"},"content":"    }","lastModifiedDate":"2023-01-18"},{"lineNumber":12,"author":{"gitId":"9fc70c892"},"content":"","lastModifiedDate":"2023-01-17"},{"lineNumber":13,"author":{"gitId":"9fc70c892"},"content":"    /**","lastModifiedDate":"2023-01-17"},{"lineNumber":14,"author":{"gitId":"9fc70c892"},"content":"     * Creates a Task with the provided Task Name.","lastModifiedDate":"2023-01-18"},{"lineNumber":15,"author":{"gitId":"9fc70c892"},"content":"     * By default, created Tasks are marked as incomplete.","lastModifiedDate":"2023-01-18"},{"lineNumber":16,"author":{"gitId":"9fc70c892"},"content":"     * @param task_name The name of the uncompleted Task.","lastModifiedDate":"2023-01-18"},{"lineNumber":17,"author":{"gitId":"9fc70c892"},"content":"     */","lastModifiedDate":"2023-01-17"},{"lineNumber":18,"author":{"gitId":"9fc70c892"},"content":"    public Task(String task_name){","lastModifiedDate":"2023-01-17"},{"lineNumber":19,"author":{"gitId":"9fc70c892"},"content":"        this.taskName \u003d task_name;","lastModifiedDate":"2023-01-18"},{"lineNumber":20,"author":{"gitId":"9fc70c892"},"content":"        this.status \u003d STATUS.INCOMPLETE;","lastModifiedDate":"2023-01-18"},{"lineNumber":21,"author":{"gitId":"9fc70c892"},"content":"    }","lastModifiedDate":"2023-01-17"},{"lineNumber":22,"author":{"gitId":"9fc70c892"},"content":"","lastModifiedDate":"2023-01-17"},{"lineNumber":23,"author":{"gitId":"9fc70c892"},"content":"    /**","lastModifiedDate":"2023-01-17"},{"lineNumber":24,"author":{"gitId":"9fc70c892"},"content":"     * Setter for Task state.","lastModifiedDate":"2023-01-18"},{"lineNumber":25,"author":{"gitId":"9fc70c892"},"content":"     */","lastModifiedDate":"2023-01-17"},{"lineNumber":26,"author":{"gitId":"9fc70c892"},"content":"    public void setComplete(STATUS status){","lastModifiedDate":"2023-01-18"},{"lineNumber":27,"author":{"gitId":"9fc70c892"},"content":"        this.status \u003d status;","lastModifiedDate":"2023-01-18"},{"lineNumber":28,"author":{"gitId":"9fc70c892"},"content":"    }","lastModifiedDate":"2023-01-17"},{"lineNumber":29,"author":{"gitId":"9fc70c892"},"content":"","lastModifiedDate":"2023-01-17"},{"lineNumber":30,"author":{"gitId":"9fc70c892"},"content":"","lastModifiedDate":"2023-01-18"},{"lineNumber":31,"author":{"gitId":"9fc70c892"},"content":"    /**","lastModifiedDate":"2023-01-17"},{"lineNumber":32,"author":{"gitId":"9fc70c892"},"content":"     * Returns the state of the task alongside with the task name.","lastModifiedDate":"2023-01-18"},{"lineNumber":33,"author":{"gitId":"9fc70c892"},"content":"     *","lastModifiedDate":"2023-01-18"},{"lineNumber":34,"author":{"gitId":"9fc70c892"},"content":"     * Example output:","lastModifiedDate":"2023-01-18"},{"lineNumber":35,"author":{"gitId":"9fc70c892"},"content":"     * \u003e `[X] read book` would mean that the task `read book` is complete.","lastModifiedDate":"2023-01-18"},{"lineNumber":36,"author":{"gitId":"9fc70c892"},"content":"     * \u003e `[ ] read book` would mean that the task `read book` is incomplete.","lastModifiedDate":"2023-01-18"},{"lineNumber":37,"author":{"gitId":"9fc70c892"},"content":"     *","lastModifiedDate":"2023-01-18"},{"lineNumber":38,"author":{"gitId":"9fc70c892"},"content":"     * @return A string representation of this task and it\u0027s state.","lastModifiedDate":"2023-01-18"},{"lineNumber":39,"author":{"gitId":"9fc70c892"},"content":"     */","lastModifiedDate":"2023-01-17"},{"lineNumber":40,"author":{"gitId":"9fc70c892"},"content":"    @Override","lastModifiedDate":"2023-01-17"},{"lineNumber":41,"author":{"gitId":"9fc70c892"},"content":"    public String toString(){","lastModifiedDate":"2023-01-17"},{"lineNumber":42,"author":{"gitId":"9fc70c892"},"content":"        return String.format(\"[%s] %s\", this.status \u003d\u003d STATUS.COMPLETE ? \"X\" : \" \", this.taskName);","lastModifiedDate":"2023-01-18"},{"lineNumber":43,"author":{"gitId":"9fc70c892"},"content":"    }","lastModifiedDate":"2023-01-17"},{"lineNumber":44,"author":{"gitId":"9fc70c892"},"content":"}","lastModifiedDate":"2023-01-17"}],"authorContributionMap":{"9fc70c892":44}},{"path":"src/main/java/TaskMaster.java","fileType":"java","lines":[{"lineNumber":1,"author":{"gitId":"9fc70c892"},"content":"/**","lastModifiedDate":"2023-01-18"},{"lineNumber":2,"author":{"gitId":"9fc70c892"},"content":" * TaskMaster is the managing class for all Tasks.","lastModifiedDate":"2023-01-18"},{"lineNumber":3,"author":{"gitId":"9fc70c892"},"content":" */","lastModifiedDate":"2023-01-18"},{"lineNumber":4,"author":{"gitId":"9fc70c892"},"content":"import java.util.LinkedList;","lastModifiedDate":"2023-01-18"},{"lineNumber":5,"author":{"gitId":"9fc70c892"},"content":"public class TaskMaster {","lastModifiedDate":"2023-01-18"},{"lineNumber":6,"author":{"gitId":"9fc70c892"},"content":"    private final LinkedList\u003cTask\u003e ll;","lastModifiedDate":"2023-01-18"},{"lineNumber":7,"author":{"gitId":"9fc70c892"},"content":"    private final DukeIO dio;","lastModifiedDate":"2023-01-18"},{"lineNumber":8,"author":{"gitId":"9fc70c892"},"content":"","lastModifiedDate":"2023-01-18"},{"lineNumber":9,"author":{"gitId":"9fc70c892"},"content":"    protected TaskMaster(DukeIO dio) {","lastModifiedDate":"2023-01-18"},{"lineNumber":10,"author":{"gitId":"9fc70c892"},"content":"        ll \u003d new LinkedList\u003c\u003e();","lastModifiedDate":"2023-01-18"},{"lineNumber":11,"author":{"gitId":"9fc70c892"},"content":"        this.dio \u003d dio;","lastModifiedDate":"2023-01-18"},{"lineNumber":12,"author":{"gitId":"9fc70c892"},"content":"    }","lastModifiedDate":"2023-01-18"},{"lineNumber":13,"author":{"gitId":"9fc70c892"},"content":"","lastModifiedDate":"2023-01-18"},{"lineNumber":14,"author":{"gitId":"9fc70c892"},"content":"    protected void list() {","lastModifiedDate":"2023-01-18"},{"lineNumber":15,"author":{"gitId":"9fc70c892"},"content":"        if (ll.size() \u003e 0) {","lastModifiedDate":"2023-01-18"},{"lineNumber":16,"author":{"gitId":"9fc70c892"},"content":"            int number \u003d 1;","lastModifiedDate":"2023-01-18"},{"lineNumber":17,"author":{"gitId":"9fc70c892"},"content":"            for (Task task: ll) {","lastModifiedDate":"2023-01-18"},{"lineNumber":18,"author":{"gitId":"9fc70c892"},"content":"                dio.println(String.format(\"%d.%s\", number++, task));","lastModifiedDate":"2023-01-18"},{"lineNumber":19,"author":{"gitId":"9fc70c892"},"content":"            }","lastModifiedDate":"2023-01-18"},{"lineNumber":20,"author":{"gitId":"9fc70c892"},"content":"        } else {","lastModifiedDate":"2023-01-18"},{"lineNumber":21,"author":{"gitId":"9fc70c892"},"content":"            dio.println(\"Oh my, the list is empty!\");","lastModifiedDate":"2023-01-18"},{"lineNumber":22,"author":{"gitId":"9fc70c892"},"content":"        }","lastModifiedDate":"2023-01-18"},{"lineNumber":23,"author":{"gitId":"9fc70c892"},"content":"    }","lastModifiedDate":"2023-01-18"},{"lineNumber":24,"author":{"gitId":"9fc70c892"},"content":"","lastModifiedDate":"2023-01-18"},{"lineNumber":25,"author":{"gitId":"9fc70c892"},"content":"    private void add(Task task) {","lastModifiedDate":"2023-01-18"},{"lineNumber":26,"author":{"gitId":"9fc70c892"},"content":"        dio.println(\"Got it. I\u0027ve added this task:\");","lastModifiedDate":"2023-01-18"},{"lineNumber":27,"author":{"gitId":"9fc70c892"},"content":"        ll.add(task);","lastModifiedDate":"2023-01-18"},{"lineNumber":28,"author":{"gitId":"9fc70c892"},"content":"        dio.println(task);","lastModifiedDate":"2023-01-18"},{"lineNumber":29,"author":{"gitId":"9fc70c892"},"content":"        dio.println(String.format(\"Now you have %d tasks in the list.\", ll.size()));","lastModifiedDate":"2023-01-18"},{"lineNumber":30,"author":{"gitId":"9fc70c892"},"content":"","lastModifiedDate":"2023-01-18"},{"lineNumber":31,"author":{"gitId":"9fc70c892"},"content":"    }","lastModifiedDate":"2023-01-18"},{"lineNumber":32,"author":{"gitId":"9fc70c892"},"content":"","lastModifiedDate":"2023-01-18"},{"lineNumber":33,"author":{"gitId":"9fc70c892"},"content":"    private Task getTaskAtIndex(int index) throws DukeException.Invalid.Index {","lastModifiedDate":"2023-01-18"},{"lineNumber":34,"author":{"gitId":"9fc70c892"},"content":"        Task task;","lastModifiedDate":"2023-01-18"},{"lineNumber":35,"author":{"gitId":"9fc70c892"},"content":"        try {","lastModifiedDate":"2023-01-18"},{"lineNumber":36,"author":{"gitId":"9fc70c892"},"content":"            task \u003d ll.get(index);","lastModifiedDate":"2023-01-18"},{"lineNumber":37,"author":{"gitId":"9fc70c892"},"content":"        } catch (IndexOutOfBoundsException e) {","lastModifiedDate":"2023-01-18"},{"lineNumber":38,"author":{"gitId":"9fc70c892"},"content":"            throw new DukeException.Invalid.Index(index);","lastModifiedDate":"2023-01-18"},{"lineNumber":39,"author":{"gitId":"9fc70c892"},"content":"        }","lastModifiedDate":"2023-01-18"},{"lineNumber":40,"author":{"gitId":"9fc70c892"},"content":"        return task;","lastModifiedDate":"2023-01-18"},{"lineNumber":41,"author":{"gitId":"9fc70c892"},"content":"    }","lastModifiedDate":"2023-01-18"},{"lineNumber":42,"author":{"gitId":"9fc70c892"},"content":"","lastModifiedDate":"2023-01-18"},{"lineNumber":43,"author":{"gitId":"9fc70c892"},"content":"    protected void markComplete(int index, boolean status) throws DukeException.Invalid.Index {","lastModifiedDate":"2023-01-18"},{"lineNumber":44,"author":{"gitId":"9fc70c892"},"content":"        Task task \u003d this.getTaskAtIndex(index);","lastModifiedDate":"2023-01-18"},{"lineNumber":45,"author":{"gitId":"9fc70c892"},"content":"        if (status) {","lastModifiedDate":"2023-01-18"},{"lineNumber":46,"author":{"gitId":"9fc70c892"},"content":"            task.setComplete(Task.STATUS.COMPLETE);","lastModifiedDate":"2023-01-18"},{"lineNumber":47,"author":{"gitId":"9fc70c892"},"content":"            dio.println(\"Nice! I\u0027ve marked this task as done:\");","lastModifiedDate":"2023-01-18"},{"lineNumber":48,"author":{"gitId":"9fc70c892"},"content":"        } else {","lastModifiedDate":"2023-01-18"},{"lineNumber":49,"author":{"gitId":"9fc70c892"},"content":"            task.setComplete(Task.STATUS.INCOMPLETE);","lastModifiedDate":"2023-01-18"},{"lineNumber":50,"author":{"gitId":"9fc70c892"},"content":"            dio.println(\"OK, I\u0027ve marked this task as not done yet:\");","lastModifiedDate":"2023-01-18"},{"lineNumber":51,"author":{"gitId":"9fc70c892"},"content":"        }","lastModifiedDate":"2023-01-18"},{"lineNumber":52,"author":{"gitId":"9fc70c892"},"content":"        dio.println(task);","lastModifiedDate":"2023-01-18"},{"lineNumber":53,"author":{"gitId":"9fc70c892"},"content":"","lastModifiedDate":"2023-01-18"},{"lineNumber":54,"author":{"gitId":"9fc70c892"},"content":"    }","lastModifiedDate":"2023-01-18"},{"lineNumber":55,"author":{"gitId":"9fc70c892"},"content":"","lastModifiedDate":"2023-01-18"},{"lineNumber":56,"author":{"gitId":"9fc70c892"},"content":"    protected void delete(int index) throws DukeException.Invalid.Index {","lastModifiedDate":"2023-01-18"},{"lineNumber":57,"author":{"gitId":"9fc70c892"},"content":"//        Task task \u003d this.getTaskAtIndex(index);","lastModifiedDate":"2023-01-18"},{"lineNumber":58,"author":{"gitId":"9fc70c892"},"content":"        dio.println(\"Noted. I\u0027ve removed this task:\");","lastModifiedDate":"2023-01-18"},{"lineNumber":59,"author":{"gitId":"9fc70c892"},"content":"        dio.println(ll.remove(index));","lastModifiedDate":"2023-01-18"},{"lineNumber":60,"author":{"gitId":"9fc70c892"},"content":"","lastModifiedDate":"2023-01-18"},{"lineNumber":61,"author":{"gitId":"9fc70c892"},"content":"    }","lastModifiedDate":"2023-01-18"},{"lineNumber":62,"author":{"gitId":"9fc70c892"},"content":"","lastModifiedDate":"2023-01-18"},{"lineNumber":63,"author":{"gitId":"9fc70c892"},"content":"    protected void addToDo(String taskName) {","lastModifiedDate":"2023-01-18"},{"lineNumber":64,"author":{"gitId":"9fc70c892"},"content":"        this.add(new ToDo(taskName));","lastModifiedDate":"2023-01-18"},{"lineNumber":65,"author":{"gitId":"9fc70c892"},"content":"    }","lastModifiedDate":"2023-01-18"},{"lineNumber":66,"author":{"gitId":"9fc70c892"},"content":"","lastModifiedDate":"2023-01-18"},{"lineNumber":67,"author":{"gitId":"9fc70c892"},"content":"    protected void addDeadLine(String taskName, String by) {","lastModifiedDate":"2023-01-18"},{"lineNumber":68,"author":{"gitId":"9fc70c892"},"content":"        this.add(new Deadline(taskName, by));","lastModifiedDate":"2023-01-18"},{"lineNumber":69,"author":{"gitId":"9fc70c892"},"content":"    }","lastModifiedDate":"2023-01-18"},{"lineNumber":70,"author":{"gitId":"9fc70c892"},"content":"    protected void addEvent(String taskName, String from, String to) {","lastModifiedDate":"2023-01-18"},{"lineNumber":71,"author":{"gitId":"9fc70c892"},"content":"        this.add(new Event(taskName, from, to));","lastModifiedDate":"2023-01-18"},{"lineNumber":72,"author":{"gitId":"9fc70c892"},"content":"    }","lastModifiedDate":"2023-01-18"},{"lineNumber":73,"author":{"gitId":"9fc70c892"},"content":"}","lastModifiedDate":"2023-01-18"}],"authorContributionMap":{"9fc70c892":73}},{"path":"src/main/java/ToDo.java","fileType":"java","lines":[{"lineNumber":1,"author":{"gitId":"9fc70c892"},"content":"/**","lastModifiedDate":"2023-01-18"},{"lineNumber":2,"author":{"gitId":"9fc70c892"},"content":" * ToDo is a type of Task.","lastModifiedDate":"2023-01-18"},{"lineNumber":3,"author":{"gitId":"9fc70c892"},"content":" * This is the most primitive version of Task","lastModifiedDate":"2023-01-18"},{"lineNumber":4,"author":{"gitId":"9fc70c892"},"content":" * @author EL","lastModifiedDate":"2023-01-18"},{"lineNumber":5,"author":{"gitId":"9fc70c892"},"content":" */","lastModifiedDate":"2023-01-18"},{"lineNumber":6,"author":{"gitId":"9fc70c892"},"content":"public class ToDo extends Task {","lastModifiedDate":"2023-01-18"},{"lineNumber":7,"author":{"gitId":"9fc70c892"},"content":"","lastModifiedDate":"2023-01-18"},{"lineNumber":8,"author":{"gitId":"9fc70c892"},"content":"    /**","lastModifiedDate":"2023-01-18"},{"lineNumber":9,"author":{"gitId":"9fc70c892"},"content":"     * Constructor that takes in the name of the Task.","lastModifiedDate":"2023-01-18"},{"lineNumber":10,"author":{"gitId":"9fc70c892"},"content":"     * @param task_name Name of Task","lastModifiedDate":"2023-01-18"},{"lineNumber":11,"author":{"gitId":"9fc70c892"},"content":"     */","lastModifiedDate":"2023-01-18"},{"lineNumber":12,"author":{"gitId":"9fc70c892"},"content":"    public ToDo(String task_name) {","lastModifiedDate":"2023-01-18"},{"lineNumber":13,"author":{"gitId":"9fc70c892"},"content":"        super(task_name);","lastModifiedDate":"2023-01-18"},{"lineNumber":14,"author":{"gitId":"9fc70c892"},"content":"    }","lastModifiedDate":"2023-01-18"},{"lineNumber":15,"author":{"gitId":"9fc70c892"},"content":"","lastModifiedDate":"2023-01-18"},{"lineNumber":16,"author":{"gitId":"9fc70c892"},"content":"    /**","lastModifiedDate":"2023-01-18"},{"lineNumber":17,"author":{"gitId":"9fc70c892"},"content":"     * Returns String representation of Todo.","lastModifiedDate":"2023-01-18"},{"lineNumber":18,"author":{"gitId":"9fc70c892"},"content":"     * @return The string representation of this Todo.","lastModifiedDate":"2023-01-18"},{"lineNumber":19,"author":{"gitId":"9fc70c892"},"content":"     */","lastModifiedDate":"2023-01-18"},{"lineNumber":20,"author":{"gitId":"9fc70c892"},"content":"    @Override","lastModifiedDate":"2023-01-18"},{"lineNumber":21,"author":{"gitId":"9fc70c892"},"content":"    public String toString() {","lastModifiedDate":"2023-01-18"},{"lineNumber":22,"author":{"gitId":"9fc70c892"},"content":"        return String.format(\"[T]%s\", super.toString());","lastModifiedDate":"2023-01-18"},{"lineNumber":23,"author":{"gitId":"9fc70c892"},"content":"    }","lastModifiedDate":"2023-01-18"},{"lineNumber":24,"author":{"gitId":"9fc70c892"},"content":"}","lastModifiedDate":"2023-01-18"}],"authorContributionMap":{"9fc70c892":24}},{"path":"text-ui-test/input.txt","fileType":"txt","lines":[{"lineNumber":1,"author":{"gitId":"9fc70c892"},"content":"todo read book","lastModifiedDate":"2023-01-18"},{"lineNumber":2,"author":{"gitId":"9fc70c892"},"content":"mark 1","lastModifiedDate":"2023-01-18"},{"lineNumber":3,"author":{"gitId":"9fc70c892"},"content":"deadline return book /by June 6th","lastModifiedDate":"2023-01-18"},{"lineNumber":4,"author":{"gitId":"9fc70c892"},"content":"event project meeting /from Aug 6th 2pm /to 4pm","lastModifiedDate":"2023-01-18"},{"lineNumber":5,"author":{"gitId":"9fc70c892"},"content":"todo join sports club","lastModifiedDate":"2023-01-18"},{"lineNumber":6,"author":{"gitId":"9fc70c892"},"content":"mark 4","lastModifiedDate":"2023-01-18"},{"lineNumber":7,"author":{"gitId":"9fc70c892"},"content":"todo borrow book","lastModifiedDate":"2023-01-18"},{"lineNumber":8,"author":{"gitId":"9fc70c892"},"content":"deadline return book /by Sunday","lastModifiedDate":"2023-01-18"},{"lineNumber":9,"author":{"gitId":"9fc70c892"},"content":"event grotesque guardians /from dawn /to dusk","lastModifiedDate":"2023-01-18"},{"lineNumber":10,"author":{"gitId":"9fc70c892"},"content":"deadline do homework /by no idea :-p","lastModifiedDate":"2023-01-18"},{"lineNumber":11,"author":{"gitId":"9fc70c892"},"content":"list","lastModifiedDate":"2023-01-18"},{"lineNumber":12,"author":{"gitId":"9fc70c892"},"content":"event project meeting /from Mon 2pm","lastModifiedDate":"2023-01-18"},{"lineNumber":13,"author":{"gitId":"9fc70c892"},"content":"event project meeting /to Tues 3pm","lastModifiedDate":"2023-01-18"},{"lineNumber":14,"author":{"gitId":"9fc70c892"},"content":"deadline 2277","lastModifiedDate":"2023-01-18"},{"lineNumber":15,"author":{"gitId":"9fc70c892"},"content":"unmark 4","lastModifiedDate":"2023-01-18"},{"lineNumber":16,"author":{"gitId":"9fc70c892"},"content":"bye","lastModifiedDate":"2023-01-18"}],"authorContributionMap":{"9fc70c892":16}}]
