{"authorDailyContributionsMap":{"9fc70c892":[{"date":"2023-01-17","commitResults":[{"hash":"8f8faadc351e72a32533d69016544ed7e3c86f02","messageTitle":"Level-1 Rename splash to Waffles. Added Greeting, Echo input, Exit with bye","messageBody":"","tags":["Level-1"],"fileTypesAndContributionMap":{"java":{"insertions":47,"deletions":5}}},{"hash":"aca2a76881bd12a1c3a9ac621b4369aa27a07fb4","messageTitle":"Added the ability to store whatever text entered by the user and display them back to the user when requested.","messageBody":"","tags":["Level-2"],"fileTypesAndContributionMap":{"java":{"insertions":14,"deletions":7}}},{"hash":"57f040c4f162eba8a526c1f625c1a7931c854bfa","messageTitle":"Fixed logo Added Add, List for Level 2 (Note : No sanitization and checks if index is possible or not)","messageBody":"","tags":["Level-3"],"fileTypesAndContributionMap":{"java":{"insertions":79,"deletions":10}}}]},{"date":"2023-01-18","commitResults":[{"hash":"d95bc56746729aefaeb982d87a2410d5c5f3a8ab","messageTitle":"Minimal accomplishment of Level-4. Look into changing how input is handled and breaking switch cases into functions, potentially creating a \u0027taskmaster\u0027 class.","messageBody":"","tags":["Level-4"],"fileTypesAndContributionMap":{"java":{"insertions":97,"deletions":11}}},{"hash":"456453304b486fe003f379a9bb16fd6d5ad60ddd","messageTitle":"Tentative solution to A-TextUiTesting, to update later post L6","messageBody":"","tags":["A-TextUiTesting"],"fileTypesAndContributionMap":{"txt":{"insertions":12,"deletions":0}}},{"hash":"b754cc6fe789475f64c8fb296ee6a0a0cd089f97","messageTitle":"Some work on exceptions, real exception class to come later but requires rework of input handling. Also current input allows missing description provided /by is present i.e. `deadline /by string`.","messageBody":"","tags":["Level-5"],"fileTypesAndContributionMap":{"java":{"insertions":79,"deletions":30}}},{"hash":"c4911fb56328965f40b5c12f4ac9302a6c285c0f","messageTitle":"Simple delete function. Again, to rush for completion due to CS2109 pushback. This req overhaul.","messageBody":"","tags":["Level-6"],"fileTypesAndContributionMap":{"java":{"insertions":23,"deletions":10}}},{"hash":"cd5e0a11851b517168337bdd273bc39e819e3600","messageTitle":"Upgraded all.","messageBody":"","tags":["A-Enums"],"fileTypesAndContributionMap":{"txt":{"insertions":5,"deletions":1},"java":{"insertions":629,"deletions":171}}},{"hash":"ea11d111f69a284bb5292b3b9957718ddce07915","messageTitle":"Clicked stage all when supposed to not stage this. Deleted.","messageBody":"","fileTypesAndContributionMap":{"java":{"insertions":0,"deletions":178}}}]}]},"authorFileTypeContributionMap":{"9fc70c892":{"java":551,"md":0,"fxml":0,"sh":0,"bat":0,"gradle":0,"txt":16}},"authorContributionVariance":{"9fc70c892":208058.2},"authorDisplayNameMap":{"9fc70c892":"LIM ..DWIN"}}
