{"authorDailyContributionsMap":{"WilliamHaiweiGu":[{"date":"2023-01-18","commitResults":[{"hash":"99e743c05217a9705a26467ba9f51693fdee63e4","messageTitle":"Echo and bye implemented","messageBody":"","tags":["Level-1"],"fileTypesAndContributionMap":{"java":{"insertions":100,"deletions":10},"bat":{"insertions":1,"deletions":1},"md":{"insertions":16,"deletions":10}}},{"hash":"8a51faf48c8a2b43a29131fe02bbe39df0cd8a50","messageTitle":"add and list implemented","messageBody":"","tags":["Level-2"],"fileTypesAndContributionMap":{"java":{"insertions":36,"deletions":9}}},{"hash":"56d30cfda4903f9758bb69ce5087e2acfba91c43","messageTitle":"Marking and Unmarking implemented","messageBody":"","tags":["Level-3"],"fileTypesAndContributionMap":{"java":{"insertions":54,"deletions":23}}},{"hash":"a47e7b1e0a449feb71a3a6f08e25b48b247f37dc","messageTitle":"Todo Task implemented","messageBody":"","fileTypesAndContributionMap":{"java":{"insertions":76,"deletions":24}}},{"hash":"75ce077bf179cd4cd44afe83f499acd09e521893","messageTitle":"DDL Task implemented","messageBody":"","fileTypesAndContributionMap":{"java":{"insertions":55,"deletions":20}}},{"hash":"bd2d6befeb6ba89164b3381f42a140ffa8b79c6e","messageTitle":"Event Task implemented","messageBody":"","tags":["Level-4"],"fileTypesAndContributionMap":{"java":{"insertions":100,"deletions":14}}}]},{"date":"2023-01-19","commitResults":[{"hash":"ea7254099d647fdf7694e2ce8f20f5139c38c39d","messageTitle":"Text UI tested with io streams","messageBody":"","tags":["A-TextUiTesting"],"fileTypesAndContributionMap":{"txt":{"insertions":15,"deletions":0},"java":{"insertions":72,"deletions":52}}},{"hash":"f693e9bfef47194896e154edc1fd7f59fdd306f7","messageTitle":"Index parsing error handled","messageBody":"","fileTypesAndContributionMap":{"java":{"insertions":39,"deletions":4}}},{"hash":"7e9a2a6dae45c7f1b0b589a337bb433967f81a76","messageTitle":"Parsing errors handled with MeggyException classes","messageBody":"","tags":["Level-5"],"fileTypesAndContributionMap":{"java":{"insertions":134,"deletions":52}}},{"hash":"0270496df46b572f63ad05616d648744f487c0ff","messageTitle":"O(n) task deletion implemented","messageBody":"","tags":["Level-6"],"fileTypesAndContributionMap":{"txt":{"insertions":8,"deletions":1},"java":{"insertions":30,"deletions":10}}},{"hash":"6d2a9bad7af98b6dd8edf14342e49440405dffa6","messageTitle":"Added documentation","messageBody":"","fileTypesAndContributionMap":{"java":{"insertions":302,"deletions":82}}},{"hash":"74e8dc8f68fc4a63672911d670b1a81defc2c3a1","messageTitle":"Text UI Test 2","messageBody":"","fileTypesAndContributionMap":{"txt":{"insertions":2,"deletions":1},"java":{"insertions":2,"deletions":2}}}]},{"date":"2023-01-25","commitResults":[{"hash":"2e7842d1037d41359e437a4fa3077ebacaf01282","messageTitle":"Implement task list data file (MeggyData.txt) saving and loading.","messageBody":"","tags":["Level-7"],"fileTypesAndContributionMap":{"java":{"insertions":178,"deletions":19}}},{"hash":"16199b0c78da44ea2ada40bcabfe48ecfc85048a","messageTitle":"Implement MeggyTime - formatted or unformatted time","messageBody":"","tags":["Level-8"],"fileTypesAndContributionMap":{"txt":{"insertions":3,"deletions":2},"java":{"insertions":124,"deletions":13}}},{"hash":"b0ed2bc1b33d082e576c406a323e674020dd8816","messageTitle":"Add Gradle Support. Can build, run, and clean using gradle panel","messageBody":"","tags":["A-Gradle"],"fileTypesAndContributionMap":{"gradle":{"insertions":3,"deletions":3},"java":{"insertions":8,"deletions":8}}},{"hash":"6f1febb1dabaa89901c1e1b0e2cdb13da6c74fc9","messageTitle":"Extract UI class","messageBody":"","fileTypesAndContributionMap":{"java":{"insertions":44,"deletions":13}}},{"hash":"cce5f7691bebd2d51bf55d3120d10e2f1f13666c","messageTitle":"Add more UI documentation","messageBody":"","fileTypesAndContributionMap":{"java":{"insertions":18,"deletions":10}}},{"hash":"ca4750efc776a099c768bac0c9b5c2ec3f2afe87","messageTitle":"Extract Storage class","messageBody":"","fileTypesAndContributionMap":{"java":{"insertions":92,"deletions":44}}},{"hash":"9445b64292e93c5f8ff5719648859ec051dd1961","messageTitle":"Extract Parser class","messageBody":"","fileTypesAndContributionMap":{"java":{"insertions":130,"deletions":150}}},{"hash":"e53e061131ab4d212821931f93bd71fb523d47ee","messageTitle":"Extract TaskList class. Move bounds check out of index parsing","messageBody":"","tags":["A-MoreOOP"],"fileTypesAndContributionMap":{"java":{"insertions":44,"deletions":28}}}]},{"date":"2023-01-26","commitResults":[{"hash":"aeeaac5d591718ec2fe229eb469a56fb34f5a5a5","messageTitle":"Organize the classes into packages","messageBody":"","tags":["A-Packages"],"fileTypesAndContributionMap":{"java":{"insertions":89,"deletions":15},"bat":{"insertions":1,"deletions":1},"md":{"insertions":4,"deletions":4}}},{"hash":"4c994ac2fdb6a889526efe2541bdcb747d5fcdcf","messageTitle":"Use Gradle for testing. Add JUnit test. Add equals method to all UserTask classes.","messageBody":"","tags":["A-JUnit"],"fileTypesAndContributionMap":{"gradle":{"insertions":2,"deletions":2},"java":{"insertions":133,"deletions":5}}},{"hash":"d774073f7c75d57319964603851da7d1fff4e00e","messageTitle":"Code style comply with standard","messageBody":"","fileTypesAndContributionMap":{"java":{"insertions":281,"deletions":459}}},{"hash":"dc4cb3b95bdbb6ec5da10e9dac91767e2afd1ee9","messageTitle":"Update gradle.build mainClassName so that JAR export works correctly","messageBody":"","tags":["A-Jar"],"fileTypesAndContributionMap":{"gradle":{"insertions":1,"deletions":1}}},{"hash":"0cac41baa4fb44de704e333cb6144f63dc3e3168","messageTitle":"Improve documentation","messageBody":"","tags":["A-JavaDoc"],"fileTypesAndContributionMap":{"java":{"insertions":22,"deletions":22}}}]},{"date":"2023-01-27","commitResults":[{"hash":"101c5afa9265a6bd56b049f19a7cc2427e4be10c","messageTitle":"Improve coding standard","messageBody":"","tags":["A-CodingStandard"],"fileTypesAndContributionMap":{"java":{"insertions":17,"deletions":18}}},{"hash":"18ae5a9961b89d464c210ac51de43885ed58eb7d","messageTitle":"Implement \u0027find\u0027 command. Fix bug of blank arguments","messageBody":"","tags":["Level-9"],"fileTypesAndContributionMap":{"txt":{"insertions":2,"deletions":0},"java":{"insertions":34,"deletions":6}}},{"hash":"cbe92a885b2859a9b7075dd5982d116d89ac9d85","messageTitle":"Fix documentation and coding standard","messageBody":"","fileTypesAndContributionMap":{"java":{"insertions":6,"deletions":1}}}]},{"date":"2023-02-02","commitResults":[{"hash":"8e4eda689fcf4f94bf3ccfce6cfd783151ed1c62","messageTitle":"Use stylechecker. Improve coding standard","messageBody":"","tags":["A-CheckStyle"],"fileTypesAndContributionMap":{"gradle":{"insertions":6,"deletions":1},"java":{"insertions":166,"deletions":149},"bat":{"insertions":1,"deletions":1},"md":{"insertions":2,"deletions":2}}}]},{"date":"2023-02-03","commitResults":[{"hash":"9053db5673d6fe320f171b0f0d7a894df97d7756","messageTitle":"Fully integrate GUI","messageBody":"","tags":["Level-10"],"fileTypesAndContributionMap":{"gradle":{"insertions":13,"deletions":0},"fxml":{"insertions":41,"deletions":0},"txt":{"insertions":0,"deletions":26},"java":{"insertions":243,"deletions":125},"bat":{"insertions":0,"deletions":21},"sh":{"insertions":0,"deletions":38}}}]},{"date":"2023-02-08","commitResults":[{"hash":"a34f4ca9bebdd5f76e629ecf4aa3f19967db5c5a","messageTitle":"Use java asssert statements to check for preconditions.","messageBody":"Many methods requires non-null parameters. Before, they were only noted\non documentation. Now, using assert statements to check nullity of all\nnon-null parameters.\n\nFound bug caused by a highly unusually user input combination. Recording\nin bug trcker for now.\n","tags":["A-FullCommitMessage","A-Assertions"],"fileTypesAndContributionMap":{"java":{"insertions":71,"deletions":28}}},{"hash":"77b2dfba4a9134c4ec1ce76cb30f4e3de81ba7e5","messageTitle":"Comply with coding standard.","messageBody":"Removed magic numbers with well-named constants.\n\nAdded comment to all empty catch blocks.\n\nWrapped lines longer than 120 chars.\n","tags":["A-CodeQuality"],"fileTypesAndContributionMap":{"java":{"insertions":20,"deletions":18}}}]},{"date":"2023-02-09","commitResults":[{"hash":"7353a540c33578c7dd5cbad42fdf42a5ee635b2e","messageTitle":"Implement duplication detection. Duplicated tasks won\u0027t be added.","messageBody":"","tags":["BCD-Extension"],"fileTypesAndContributionMap":{"java":{"insertions":26,"deletions":20}}}]},{"date":"2023-02-17","commitResults":[{"hash":"f4713e793c733b50ac7e26c64d46e70f0c54ad8f","messageTitle":"Fix GUI spacing bug","messageBody":"","fileTypesAndContributionMap":{"fxml":{"insertions":3,"deletions":3}}},{"hash":"1764cb15e980307500eb7b3d5a79b6a17eae9c26","messageTitle":"Install Splatoon fonts","messageBody":"","fileTypesAndContributionMap":{"fxml":{"insertions":1,"deletions":0},"java":{"insertions":17,"deletions":0}}},{"hash":"a4f375d9ede8b1d956f958c3239009b5a38a5766","messageTitle":"Handle null font error","messageBody":"","fileTypesAndContributionMap":{"fxml":{"insertions":0,"deletions":1},"java":{"insertions":7,"deletions":5}}},{"hash":"0806abba551ead8efdf953ca6e3bfd515c986b52","messageTitle":"Make GUI resizable","messageBody":"","fileTypesAndContributionMap":{"fxml":{"insertions":23,"deletions":20},"java":{"insertions":16,"deletions":1}}},{"hash":"61fd0601e63a71336f9c308935cc9499805de5d4","messageTitle":"Tweak padding, fonts","messageBody":"","tags":["A-Personality","A-BetterGui"],"fileTypesAndContributionMap":{"fxml":{"insertions":3,"deletions":5},"java":{"insertions":13,"deletions":6}}},{"hash":"1cb3df120f08ce82578dd576b17120b4041d6663","messageTitle":"Make storage module keep task completion status","messageBody":"","fileTypesAndContributionMap":{"java":{"insertions":40,"deletions":35}}},{"hash":"6f1ee559fe6b92b0cb6263e0a42fcf88e5ab055a","messageTitle":"Add notification channel. Fix bug of nitification message replacing normal response","messageBody":"","fileTypesAndContributionMap":{"fxml":{"insertions":2,"deletions":5},"java":{"insertions":91,"deletions":33}}}]},{"date":"2023-02-18","commitResults":[{"hash":"63ec68e0a3b8772e3863edc85f7f82614d31e2f1","messageTitle":"Fix deadline task bug of adding space to desciption. No longer buggy if desc ends with keyword","messageBody":"","tags":["A-Streams"],"fileTypesAndContributionMap":{"java":{"insertions":47,"deletions":31}}},{"hash":"c3a217fdd5d41486d59626bc20ad263111b5af73","messageTitle":"Remove command regeneration. Store the creation command and look it up in every recreateCmd() call","messageBody":"","tags":["A-MoreErrorHandling"],"fileTypesAndContributionMap":{"java":{"insertions":29,"deletions":20}}},{"hash":"ee8b96247927606c2d7bfc91009487e27946b560","messageTitle":"Add storage testing","messageBody":"","tags":["A-MoreTesting"],"fileTypesAndContributionMap":{"java":{"insertions":123,"deletions":47}}},{"hash":"a298018e113fb4ca56c3932c19d349d8ca365250","messageTitle":"Improve code quality","messageBody":"","fileTypesAndContributionMap":{"java":{"insertions":105,"deletions":75}}},{"hash":"8d036fa09a0e73a4512a46a911bbd8b5729d8e0d","messageTitle":"Add icon and title. Remove code duplication. Feature finailzed","messageBody":"","fileTypesAndContributionMap":{"java":{"insertions":23,"deletions":9}}}]},{"date":"2023-02-19","commitResults":[{"hash":"6d45a151260cf9e8e89686f8cdbc804de9b78fab","messageTitle":"Add User Guide. Minor code improvement","messageBody":"","tags":["A-UserGuide"],"fileTypesAndContributionMap":{"java":{"insertions":8,"deletions":11},"md":{"insertions":254,"deletions":41}}},{"hash":"613161b8ae96d91954603652ff742431f8185b14","messageTitle":"Rename UI screenshot file","messageBody":"","fileTypesAndContributionMap":{"java":{"insertions":1,"deletions":1}}},{"hash":"ae1a8404065a78e79c54bbf5ae4c382ac097d8ca","messageTitle":"Fix wrong testcases. Pass file into Meggy constructor","messageBody":"","fileTypesAndContributionMap":{"java":{"insertions":96,"deletions":83}}},{"hash":"34946cf3b599898dd597fe38cfab9a6072a1b88d","messageTitle":"Improve user guide \u0026 code quality","messageBody":"","fileTypesAndContributionMap":{"fxml":{"insertions":2,"deletions":1},"java":{"insertions":26,"deletions":21},"md":{"insertions":6,"deletions":2}}}]}]},"authorFileTypeContributionMap":{"WilliamHaiweiGu":{"java":1569,"md":248,"fxml":40,"sh":0,"bat":0,"gradle":22,"txt":0}},"authorContributionVariance":{"WilliamHaiweiGu":81190.1},"authorDisplayNameMap":{"WilliamHaiweiGu":"CS2103T-T14-4 GU H..IWEI"}}
