[{"path":"src/main/java/Deadlines.java","fileType":"java","lines":[{"lineNumber":1,"author":{"gitId":"PawanPatil19"},"content":"import java.time.LocalDateTime;","lastModifiedDate":"2023-01-24"},{"lineNumber":2,"author":{"gitId":"PawanPatil19"},"content":"import java.time.format.DateTimeFormatter;","lastModifiedDate":"2023-01-24"},{"lineNumber":3,"author":{"gitId":"PawanPatil19"},"content":"import java.util.Date;","lastModifiedDate":"2023-01-24"},{"lineNumber":4,"author":{"gitId":"PawanPatil19"},"content":"","lastModifiedDate":"2023-01-24"},{"lineNumber":5,"author":{"gitId":"PawanPatil19"},"content":"public class Deadlines extends Task{","lastModifiedDate":"2023-01-19"},{"lineNumber":6,"author":{"gitId":"PawanPatil19"},"content":"    private LocalDateTime time;","lastModifiedDate":"2023-01-24"},{"lineNumber":7,"author":{"gitId":"PawanPatil19"},"content":"    public Deadlines(String taskText, LocalDateTime time) {","lastModifiedDate":"2023-01-24"},{"lineNumber":8,"author":{"gitId":"PawanPatil19"},"content":"        super(taskText);","lastModifiedDate":"2023-01-19"},{"lineNumber":9,"author":{"gitId":"PawanPatil19"},"content":"        this.time \u003d time;","lastModifiedDate":"2023-01-24"},{"lineNumber":10,"author":{"gitId":"PawanPatil19"},"content":"    }","lastModifiedDate":"2023-01-19"},{"lineNumber":11,"author":{"gitId":"PawanPatil19"},"content":"","lastModifiedDate":"2023-01-19"},{"lineNumber":12,"author":{"gitId":"PawanPatil19"},"content":"    @Override","lastModifiedDate":"2023-01-19"},{"lineNumber":13,"author":{"gitId":"PawanPatil19"},"content":"    public String toString() {","lastModifiedDate":"2023-01-19"},{"lineNumber":14,"author":{"gitId":"PawanPatil19"},"content":"        return String.format(\"[D]%s (by: %s)\", super.toString(),","lastModifiedDate":"2023-01-24"},{"lineNumber":15,"author":{"gitId":"PawanPatil19"},"content":"                this.time.format(DateTimeFormatter.ofPattern(\"MMM dd yyyy hh:mm a\")));","lastModifiedDate":"2023-01-24"},{"lineNumber":16,"author":{"gitId":"PawanPatil19"},"content":"    }","lastModifiedDate":"2023-01-24"},{"lineNumber":17,"author":{"gitId":"PawanPatil19"},"content":"","lastModifiedDate":"2023-01-24"},{"lineNumber":18,"author":{"gitId":"PawanPatil19"},"content":"    public String writeFile() {","lastModifiedDate":"2023-01-24"},{"lineNumber":19,"author":{"gitId":"PawanPatil19"},"content":"        return String.format(\"D|%s|%s|%s\", this.getCurrentStatus(), this.getTaskText(),","lastModifiedDate":"2023-01-24"},{"lineNumber":20,"author":{"gitId":"PawanPatil19"},"content":"                this.time.format(DateTimeFormatter.ofPattern(\"dd/MM/yyyy HH:mm\")));","lastModifiedDate":"2023-01-24"},{"lineNumber":21,"author":{"gitId":"PawanPatil19"},"content":"    }","lastModifiedDate":"2023-01-24"},{"lineNumber":22,"author":{"gitId":"PawanPatil19"},"content":"","lastModifiedDate":"2023-01-24"},{"lineNumber":23,"author":{"gitId":"PawanPatil19"},"content":"    public LocalDateTime getDate() {","lastModifiedDate":"2023-01-24"},{"lineNumber":24,"author":{"gitId":"PawanPatil19"},"content":"        return this.time;","lastModifiedDate":"2023-01-24"},{"lineNumber":25,"author":{"gitId":"PawanPatil19"},"content":"    }","lastModifiedDate":"2023-01-24"},{"lineNumber":26,"author":{"gitId":"PawanPatil19"},"content":"","lastModifiedDate":"2023-01-24"},{"lineNumber":27,"author":{"gitId":"PawanPatil19"},"content":"    public String getTaskType() {","lastModifiedDate":"2023-01-24"},{"lineNumber":28,"author":{"gitId":"PawanPatil19"},"content":"        return \"D\";","lastModifiedDate":"2023-01-24"},{"lineNumber":29,"author":{"gitId":"PawanPatil19"},"content":"    }","lastModifiedDate":"2023-01-19"},{"lineNumber":30,"author":{"gitId":"PawanPatil19"},"content":"}","lastModifiedDate":"2023-01-19"}],"authorContributionMap":{"PawanPatil19":30}},{"path":"src/main/java/Duke.java","fileType":"java","lines":[{"lineNumber":1,"author":{"gitId":"PawanPatil19"},"content":"import java.time.LocalDateTime;","lastModifiedDate":"2023-01-24"},{"lineNumber":2,"author":{"gitId":"PawanPatil19"},"content":"import java.time.format.DateTimeFormatter;","lastModifiedDate":"2023-01-24"},{"lineNumber":3,"author":{"gitId":"PawanPatil19"},"content":"import java.time.format.DateTimeParseException;","lastModifiedDate":"2023-01-24"},{"lineNumber":4,"author":{"gitId":"PawanPatil19"},"content":"import java.time.LocalDate;","lastModifiedDate":"2023-01-24"},{"lineNumber":5,"author":{"gitId":"PawanPatil19"},"content":"","lastModifiedDate":"2023-01-24"},{"lineNumber":6,"author":{"gitId":"PawanPatil19"},"content":"import java.io.*;","lastModifiedDate":"2023-01-24"},{"lineNumber":7,"author":{"gitId":"-"},"content":"public class Duke {","lastModifiedDate":"2019-07-29"},{"lineNumber":8,"author":{"gitId":"PawanPatil19"},"content":"    //private Scanner sc \u003d new Scanner(System.in);","lastModifiedDate":"2023-01-24"},{"lineNumber":9,"author":{"gitId":"PawanPatil19"},"content":"    private static String FILEPATH \u003d \"./data/duke.txt\";","lastModifiedDate":"2023-01-24"},{"lineNumber":10,"author":{"gitId":"PawanPatil19"},"content":"    private TaskList list;","lastModifiedDate":"2023-01-24"},{"lineNumber":11,"author":{"gitId":"PawanPatil19"},"content":"    private Ui ui;","lastModifiedDate":"2023-01-24"},{"lineNumber":12,"author":{"gitId":"PawanPatil19"},"content":"    private Storage storage;","lastModifiedDate":"2023-01-24"},{"lineNumber":13,"author":{"gitId":"PawanPatil19"},"content":"    private Parser parser;","lastModifiedDate":"2023-01-24"},{"lineNumber":14,"author":{"gitId":"PawanPatil19"},"content":"","lastModifiedDate":"2023-01-24"},{"lineNumber":15,"author":{"gitId":"PawanPatil19"},"content":"    public Duke() {","lastModifiedDate":"2023-01-24"},{"lineNumber":16,"author":{"gitId":"PawanPatil19"},"content":"        this.ui \u003d new Ui();","lastModifiedDate":"2023-01-24"},{"lineNumber":17,"author":{"gitId":"PawanPatil19"},"content":"        this.storage \u003d new Storage(FILEPATH);","lastModifiedDate":"2023-01-24"},{"lineNumber":18,"author":{"gitId":"PawanPatil19"},"content":"        this.list \u003d new TaskList(this.storage.loadData());","lastModifiedDate":"2023-01-24"},{"lineNumber":19,"author":{"gitId":"PawanPatil19"},"content":"        this.parser \u003d new Parser();","lastModifiedDate":"2023-01-24"},{"lineNumber":20,"author":{"gitId":"PawanPatil19"},"content":"    }","lastModifiedDate":"2023-01-24"},{"lineNumber":21,"author":{"gitId":"PawanPatil19"},"content":"","lastModifiedDate":"2023-01-24"},{"lineNumber":22,"author":{"gitId":"PawanPatil19"},"content":"    private enum DukeCommand {","lastModifiedDate":"2023-01-19"},{"lineNumber":23,"author":{"gitId":"PawanPatil19"},"content":"        BYE, LIST,","lastModifiedDate":"2023-01-24"},{"lineNumber":24,"author":{"gitId":"PawanPatil19"},"content":"        MARK, UNMARK,","lastModifiedDate":"2023-01-24"},{"lineNumber":25,"author":{"gitId":"PawanPatil19"},"content":"        TODO, DEADLINE, EVENT,","lastModifiedDate":"2023-01-24"},{"lineNumber":26,"author":{"gitId":"PawanPatil19"},"content":"        DELETE,","lastModifiedDate":"2023-01-24"},{"lineNumber":27,"author":{"gitId":"PawanPatil19"},"content":"        LISTDATE","lastModifiedDate":"2023-01-24"},{"lineNumber":28,"author":{"gitId":"PawanPatil19"},"content":"    }","lastModifiedDate":"2023-01-19"},{"lineNumber":29,"author":{"gitId":"PawanPatil19"},"content":"","lastModifiedDate":"2023-01-19"},{"lineNumber":30,"author":{"gitId":"PawanPatil19"},"content":"","lastModifiedDate":"2023-01-19"},{"lineNumber":31,"author":{"gitId":"PawanPatil19"},"content":"    private void inputResponse() {","lastModifiedDate":"2023-01-19"},{"lineNumber":32,"author":{"gitId":"PawanPatil19"},"content":"        while (true) {","lastModifiedDate":"2023-01-19"},{"lineNumber":33,"author":{"gitId":"PawanPatil19"},"content":"            String input;","lastModifiedDate":"2023-01-19"},{"lineNumber":34,"author":{"gitId":"PawanPatil19"},"content":"            input \u003d this.ui.getUserInput();","lastModifiedDate":"2023-01-24"},{"lineNumber":35,"author":{"gitId":"PawanPatil19"},"content":"            String[] userInput \u003d this.parser.parseUserInput(input);","lastModifiedDate":"2023-01-24"},{"lineNumber":36,"author":{"gitId":"PawanPatil19"},"content":"            String dukeQuery \u003d userInput[0];","lastModifiedDate":"2023-01-19"},{"lineNumber":37,"author":{"gitId":"PawanPatil19"},"content":"            DukeCommand dukeCommand\u003d DukeCommand.valueOf(dukeQuery.toUpperCase());","lastModifiedDate":"2023-01-19"},{"lineNumber":38,"author":{"gitId":"PawanPatil19"},"content":"","lastModifiedDate":"2023-01-19"},{"lineNumber":39,"author":{"gitId":"PawanPatil19"},"content":"            try {","lastModifiedDate":"2023-01-19"},{"lineNumber":40,"author":{"gitId":"PawanPatil19"},"content":"                switch (dukeCommand) {","lastModifiedDate":"2023-01-19"},{"lineNumber":41,"author":{"gitId":"PawanPatil19"},"content":"                    case BYE :","lastModifiedDate":"2023-01-19"},{"lineNumber":42,"author":{"gitId":"PawanPatil19"},"content":"                        this.storage.storeData(this.list);","lastModifiedDate":"2023-01-24"},{"lineNumber":43,"author":{"gitId":"PawanPatil19"},"content":"                        this.ui.exitDisplay();","lastModifiedDate":"2023-01-24"},{"lineNumber":44,"author":{"gitId":"PawanPatil19"},"content":"                        this.ui.closeInput();","lastModifiedDate":"2023-01-24"},{"lineNumber":45,"author":{"gitId":"PawanPatil19"},"content":"                        return;","lastModifiedDate":"2023-01-19"},{"lineNumber":46,"author":{"gitId":"PawanPatil19"},"content":"                    case LIST :","lastModifiedDate":"2023-01-19"},{"lineNumber":47,"author":{"gitId":"PawanPatil19"},"content":"                        this.ui.displayList(this.list);","lastModifiedDate":"2023-01-24"},{"lineNumber":48,"author":{"gitId":"PawanPatil19"},"content":"                        break;","lastModifiedDate":"2023-01-19"},{"lineNumber":49,"author":{"gitId":"PawanPatil19"},"content":"                    case MARK :","lastModifiedDate":"2023-01-19"},{"lineNumber":50,"author":{"gitId":"PawanPatil19"},"content":"                        this.markComplete(userInput);","lastModifiedDate":"2023-01-19"},{"lineNumber":51,"author":{"gitId":"PawanPatil19"},"content":"                        break;","lastModifiedDate":"2023-01-19"},{"lineNumber":52,"author":{"gitId":"PawanPatil19"},"content":"                    case UNMARK :","lastModifiedDate":"2023-01-19"},{"lineNumber":53,"author":{"gitId":"PawanPatil19"},"content":"                        this.markInComplete(userInput);","lastModifiedDate":"2023-01-19"},{"lineNumber":54,"author":{"gitId":"PawanPatil19"},"content":"                        break;","lastModifiedDate":"2023-01-19"},{"lineNumber":55,"author":{"gitId":"PawanPatil19"},"content":"                    case TODO :","lastModifiedDate":"2023-01-19"},{"lineNumber":56,"author":{"gitId":"PawanPatil19"},"content":"                        this.addTodo(userInput);","lastModifiedDate":"2023-01-19"},{"lineNumber":57,"author":{"gitId":"PawanPatil19"},"content":"                        break;","lastModifiedDate":"2023-01-19"},{"lineNumber":58,"author":{"gitId":"PawanPatil19"},"content":"                    case DEADLINE :","lastModifiedDate":"2023-01-19"},{"lineNumber":59,"author":{"gitId":"PawanPatil19"},"content":"                        this.addDeadline(userInput);","lastModifiedDate":"2023-01-19"},{"lineNumber":60,"author":{"gitId":"PawanPatil19"},"content":"                        break;","lastModifiedDate":"2023-01-19"},{"lineNumber":61,"author":{"gitId":"PawanPatil19"},"content":"                    case EVENT :","lastModifiedDate":"2023-01-19"},{"lineNumber":62,"author":{"gitId":"PawanPatil19"},"content":"                        this.addEvent(userInput);","lastModifiedDate":"2023-01-19"},{"lineNumber":63,"author":{"gitId":"PawanPatil19"},"content":"                        break;","lastModifiedDate":"2023-01-19"},{"lineNumber":64,"author":{"gitId":"PawanPatil19"},"content":"                    case DELETE :","lastModifiedDate":"2023-01-19"},{"lineNumber":65,"author":{"gitId":"PawanPatil19"},"content":"                        this.deleteTask(userInput);","lastModifiedDate":"2023-01-19"},{"lineNumber":66,"author":{"gitId":"PawanPatil19"},"content":"                        break;","lastModifiedDate":"2023-01-19"},{"lineNumber":67,"author":{"gitId":"PawanPatil19"},"content":"                    case LISTDATE:","lastModifiedDate":"2023-01-24"},{"lineNumber":68,"author":{"gitId":"PawanPatil19"},"content":"                        this.displayTasksWithDates(userInput);","lastModifiedDate":"2023-01-24"},{"lineNumber":69,"author":{"gitId":"PawanPatil19"},"content":"                        break;","lastModifiedDate":"2023-01-24"},{"lineNumber":70,"author":{"gitId":"PawanPatil19"},"content":"                    default :","lastModifiedDate":"2023-01-19"},{"lineNumber":71,"author":{"gitId":"PawanPatil19"},"content":"                        throw new DukeInvalidCommandException();","lastModifiedDate":"2023-01-19"},{"lineNumber":72,"author":{"gitId":"PawanPatil19"},"content":"","lastModifiedDate":"2023-01-19"},{"lineNumber":73,"author":{"gitId":"PawanPatil19"},"content":"                }","lastModifiedDate":"2023-01-19"},{"lineNumber":74,"author":{"gitId":"PawanPatil19"},"content":"            } catch (DukeException e) {","lastModifiedDate":"2023-01-19"},{"lineNumber":75,"author":{"gitId":"PawanPatil19"},"content":"                System.out.printf(\"\\t%s\\n\", e);","lastModifiedDate":"2023-01-19"},{"lineNumber":76,"author":{"gitId":"PawanPatil19"},"content":"            } catch (IOException e) {","lastModifiedDate":"2023-01-24"},{"lineNumber":77,"author":{"gitId":"PawanPatil19"},"content":"                System.out.println(\"Error while storing data..\");","lastModifiedDate":"2023-01-24"},{"lineNumber":78,"author":{"gitId":"PawanPatil19"},"content":"            }","lastModifiedDate":"2023-01-19"},{"lineNumber":79,"author":{"gitId":"PawanPatil19"},"content":"            this.ui.printLine();","lastModifiedDate":"2023-01-24"},{"lineNumber":80,"author":{"gitId":"PawanPatil19"},"content":"        }","lastModifiedDate":"2023-01-19"},{"lineNumber":81,"author":{"gitId":"PawanPatil19"},"content":"","lastModifiedDate":"2023-01-19"},{"lineNumber":82,"author":{"gitId":"PawanPatil19"},"content":"    }","lastModifiedDate":"2023-01-19"},{"lineNumber":83,"author":{"gitId":"PawanPatil19"},"content":"","lastModifiedDate":"2023-01-19"},{"lineNumber":84,"author":{"gitId":"PawanPatil19"},"content":"    private void displayList() {","lastModifiedDate":"2023-01-19"},{"lineNumber":85,"author":{"gitId":"PawanPatil19"},"content":"        int listSize \u003d this.list.listLength();","lastModifiedDate":"2023-01-24"},{"lineNumber":86,"author":{"gitId":"PawanPatil19"},"content":"        for(int i \u003d 1; i \u003c\u003d listSize; i++) {","lastModifiedDate":"2023-01-19"},{"lineNumber":87,"author":{"gitId":"PawanPatil19"},"content":"            System.out.println(\"\\t\" + i + \". \" + this.list.getTask(i).toString());","lastModifiedDate":"2023-01-24"},{"lineNumber":88,"author":{"gitId":"PawanPatil19"},"content":"        }","lastModifiedDate":"2023-01-19"},{"lineNumber":89,"author":{"gitId":"PawanPatil19"},"content":"    }","lastModifiedDate":"2023-01-19"},{"lineNumber":90,"author":{"gitId":"PawanPatil19"},"content":"","lastModifiedDate":"2023-01-19"},{"lineNumber":91,"author":{"gitId":"PawanPatil19"},"content":"    private void markComplete(String[] userInput) throws DukeInvalidArgumentsException, DukeMissingArgumentException, DukeTaskArgumentException{","lastModifiedDate":"2023-01-19"},{"lineNumber":92,"author":{"gitId":"PawanPatil19"},"content":"        try {","lastModifiedDate":"2023-01-19"},{"lineNumber":93,"author":{"gitId":"PawanPatil19"},"content":"            int taskIndex \u003d Integer.parseInt(userInput[1]);","lastModifiedDate":"2023-01-19"},{"lineNumber":94,"author":{"gitId":"PawanPatil19"},"content":"            if(taskIndex \u003e this.list.listLength()) {","lastModifiedDate":"2023-01-24"},{"lineNumber":95,"author":{"gitId":"PawanPatil19"},"content":"                throw new DukeTaskArgumentException();","lastModifiedDate":"2023-01-19"},{"lineNumber":96,"author":{"gitId":"PawanPatil19"},"content":"            }","lastModifiedDate":"2023-01-19"},{"lineNumber":97,"author":{"gitId":"PawanPatil19"},"content":"            if (list.getTask(taskIndex).getStatus()) {","lastModifiedDate":"2023-01-24"},{"lineNumber":98,"author":{"gitId":"PawanPatil19"},"content":"                throw new DukeTaskArgumentException();","lastModifiedDate":"2023-01-19"},{"lineNumber":99,"author":{"gitId":"PawanPatil19"},"content":"            }","lastModifiedDate":"2023-01-19"},{"lineNumber":100,"author":{"gitId":"PawanPatil19"},"content":"","lastModifiedDate":"2023-01-19"},{"lineNumber":101,"author":{"gitId":"PawanPatil19"},"content":"            Task taskToBeMarked \u003d this.list.getTask(taskIndex);","lastModifiedDate":"2023-01-24"},{"lineNumber":102,"author":{"gitId":"PawanPatil19"},"content":"            taskToBeMarked.changeStatus();","lastModifiedDate":"2023-01-19"},{"lineNumber":103,"author":{"gitId":"PawanPatil19"},"content":"            this.ui.markTaskDisplay(taskToBeMarked);","lastModifiedDate":"2023-01-24"},{"lineNumber":104,"author":{"gitId":"PawanPatil19"},"content":"        } catch (NumberFormatException e){","lastModifiedDate":"2023-01-19"},{"lineNumber":105,"author":{"gitId":"PawanPatil19"},"content":"            throw new DukeInvalidArgumentsException();","lastModifiedDate":"2023-01-19"},{"lineNumber":106,"author":{"gitId":"PawanPatil19"},"content":"        } catch (IndexOutOfBoundsException e) {","lastModifiedDate":"2023-01-19"},{"lineNumber":107,"author":{"gitId":"PawanPatil19"},"content":"            String task \u003d \"mark\";","lastModifiedDate":"2023-01-19"},{"lineNumber":108,"author":{"gitId":"PawanPatil19"},"content":"            throw new DukeMissingArgumentException(task);","lastModifiedDate":"2023-01-19"},{"lineNumber":109,"author":{"gitId":"PawanPatil19"},"content":"        }","lastModifiedDate":"2023-01-19"},{"lineNumber":110,"author":{"gitId":"PawanPatil19"},"content":"    }","lastModifiedDate":"2023-01-19"},{"lineNumber":111,"author":{"gitId":"PawanPatil19"},"content":"","lastModifiedDate":"2023-01-19"},{"lineNumber":112,"author":{"gitId":"PawanPatil19"},"content":"    private void markInComplete(String[] userInput) throws DukeMissingArgumentException, DukeInvalidArgumentsException, DukeTaskArgumentException{","lastModifiedDate":"2023-01-19"},{"lineNumber":113,"author":{"gitId":"PawanPatil19"},"content":"        try {","lastModifiedDate":"2023-01-19"},{"lineNumber":114,"author":{"gitId":"PawanPatil19"},"content":"            int taskIndex \u003d Integer.parseInt(userInput[1]);","lastModifiedDate":"2023-01-19"},{"lineNumber":115,"author":{"gitId":"PawanPatil19"},"content":"            if(taskIndex \u003e this.list.listLength()) {","lastModifiedDate":"2023-01-24"},{"lineNumber":116,"author":{"gitId":"PawanPatil19"},"content":"                throw new DukeTaskArgumentException();","lastModifiedDate":"2023-01-19"},{"lineNumber":117,"author":{"gitId":"PawanPatil19"},"content":"            }","lastModifiedDate":"2023-01-19"},{"lineNumber":118,"author":{"gitId":"PawanPatil19"},"content":"            if (list.getTask(taskIndex).getStatus() \u003d\u003d false) {","lastModifiedDate":"2023-01-24"},{"lineNumber":119,"author":{"gitId":"PawanPatil19"},"content":"                throw new DukeTaskArgumentException();","lastModifiedDate":"2023-01-19"},{"lineNumber":120,"author":{"gitId":"PawanPatil19"},"content":"            }","lastModifiedDate":"2023-01-19"},{"lineNumber":121,"author":{"gitId":"PawanPatil19"},"content":"","lastModifiedDate":"2023-01-19"},{"lineNumber":122,"author":{"gitId":"PawanPatil19"},"content":"            Task taskToBeUnmarked \u003d this.list.getTask(taskIndex);","lastModifiedDate":"2023-01-24"},{"lineNumber":123,"author":{"gitId":"PawanPatil19"},"content":"            taskToBeUnmarked.changeStatus();","lastModifiedDate":"2023-01-19"},{"lineNumber":124,"author":{"gitId":"PawanPatil19"},"content":"            this.ui.unmarkTaskDisplay(taskToBeUnmarked);","lastModifiedDate":"2023-01-24"},{"lineNumber":125,"author":{"gitId":"PawanPatil19"},"content":"        }  catch(IndexOutOfBoundsException e) {","lastModifiedDate":"2023-01-19"},{"lineNumber":126,"author":{"gitId":"PawanPatil19"},"content":"            String task \u003d \"unmark\";","lastModifiedDate":"2023-01-19"},{"lineNumber":127,"author":{"gitId":"PawanPatil19"},"content":"            throw new DukeMissingArgumentException(task);","lastModifiedDate":"2023-01-19"},{"lineNumber":128,"author":{"gitId":"PawanPatil19"},"content":"        } catch (NumberFormatException e) {","lastModifiedDate":"2023-01-19"},{"lineNumber":129,"author":{"gitId":"PawanPatil19"},"content":"            throw new DukeInvalidArgumentsException();","lastModifiedDate":"2023-01-19"},{"lineNumber":130,"author":{"gitId":"PawanPatil19"},"content":"        }","lastModifiedDate":"2023-01-19"},{"lineNumber":131,"author":{"gitId":"PawanPatil19"},"content":"    }","lastModifiedDate":"2023-01-19"},{"lineNumber":132,"author":{"gitId":"PawanPatil19"},"content":"","lastModifiedDate":"2023-01-19"},{"lineNumber":133,"author":{"gitId":"PawanPatil19"},"content":"    private void addTodo(String[] userInput) throws DukeMissingArgumentException{","lastModifiedDate":"2023-01-19"},{"lineNumber":134,"author":{"gitId":"PawanPatil19"},"content":"        try {","lastModifiedDate":"2023-01-19"},{"lineNumber":135,"author":{"gitId":"PawanPatil19"},"content":"            Todo todo \u003d new Todo(userInput[1]);","lastModifiedDate":"2023-01-19"},{"lineNumber":136,"author":{"gitId":"PawanPatil19"},"content":"            this.list.addTask(todo);","lastModifiedDate":"2023-01-24"},{"lineNumber":137,"author":{"gitId":"PawanPatil19"},"content":"            this.ui.taskAddDisplay(todo, this.list.listLength());","lastModifiedDate":"2023-01-24"},{"lineNumber":138,"author":{"gitId":"PawanPatil19"},"content":"        } catch (IndexOutOfBoundsException e) {","lastModifiedDate":"2023-01-19"},{"lineNumber":139,"author":{"gitId":"PawanPatil19"},"content":"            String task \u003d \"todo\";","lastModifiedDate":"2023-01-19"},{"lineNumber":140,"author":{"gitId":"PawanPatil19"},"content":"            throw new DukeMissingArgumentException(task);","lastModifiedDate":"2023-01-19"},{"lineNumber":141,"author":{"gitId":"PawanPatil19"},"content":"        }","lastModifiedDate":"2023-01-19"},{"lineNumber":142,"author":{"gitId":"PawanPatil19"},"content":"","lastModifiedDate":"2023-01-19"},{"lineNumber":143,"author":{"gitId":"PawanPatil19"},"content":"    }","lastModifiedDate":"2023-01-19"},{"lineNumber":144,"author":{"gitId":"PawanPatil19"},"content":"","lastModifiedDate":"2023-01-24"},{"lineNumber":145,"author":{"gitId":"PawanPatil19"},"content":"    private void addDeadline(String[] userInput) throws DukeMissingArgumentException {","lastModifiedDate":"2023-01-19"},{"lineNumber":146,"author":{"gitId":"PawanPatil19"},"content":"        try {","lastModifiedDate":"2023-01-19"},{"lineNumber":147,"author":{"gitId":"PawanPatil19"},"content":"            String deadlineInfo[] \u003d userInput[1].split(\"/by\");","lastModifiedDate":"2023-01-24"},{"lineNumber":148,"author":{"gitId":"PawanPatil19"},"content":"            DateTimeFormatter formatter \u003d DateTimeFormatter.ofPattern(\"dd/MM/yyyy HH:mm\");","lastModifiedDate":"2023-01-24"},{"lineNumber":149,"author":{"gitId":"PawanPatil19"},"content":"            String deadlineText \u003d deadlineInfo[0].trim();","lastModifiedDate":"2023-01-24"},{"lineNumber":150,"author":{"gitId":"PawanPatil19"},"content":"            LocalDateTime deadlineDate \u003d LocalDateTime.parse(deadlineInfo[1].trim(), formatter);","lastModifiedDate":"2023-01-24"},{"lineNumber":151,"author":{"gitId":"PawanPatil19"},"content":"            Deadlines deadline \u003d new Deadlines(deadlineText, deadlineDate);","lastModifiedDate":"2023-01-24"},{"lineNumber":152,"author":{"gitId":"PawanPatil19"},"content":"            this.list.addTask(deadline);","lastModifiedDate":"2023-01-24"},{"lineNumber":153,"author":{"gitId":"PawanPatil19"},"content":"            this.ui.taskAddDisplay(deadline, this.list.listLength());","lastModifiedDate":"2023-01-24"},{"lineNumber":154,"author":{"gitId":"PawanPatil19"},"content":"        } catch(IndexOutOfBoundsException e) {","lastModifiedDate":"2023-01-19"},{"lineNumber":155,"author":{"gitId":"PawanPatil19"},"content":"            String task \u003d \"deadline\";","lastModifiedDate":"2023-01-19"},{"lineNumber":156,"author":{"gitId":"PawanPatil19"},"content":"            throw new DukeMissingArgumentException(task);","lastModifiedDate":"2023-01-19"},{"lineNumber":157,"author":{"gitId":"PawanPatil19"},"content":"        } catch(DateTimeParseException e) {","lastModifiedDate":"2023-01-24"},{"lineNumber":158,"author":{"gitId":"PawanPatil19"},"content":"            System.out.println(\"\\tInvalid Date format (Required format: DD/MM/YYYY HH:MM)\");","lastModifiedDate":"2023-01-24"},{"lineNumber":159,"author":{"gitId":"PawanPatil19"},"content":"        }","lastModifiedDate":"2023-01-19"},{"lineNumber":160,"author":{"gitId":"PawanPatil19"},"content":"    }","lastModifiedDate":"2023-01-19"},{"lineNumber":161,"author":{"gitId":"PawanPatil19"},"content":"","lastModifiedDate":"2023-01-19"},{"lineNumber":162,"author":{"gitId":"PawanPatil19"},"content":"    private void addEvent(String[] userInput) throws DukeMissingArgumentException{","lastModifiedDate":"2023-01-19"},{"lineNumber":163,"author":{"gitId":"PawanPatil19"},"content":"        try {","lastModifiedDate":"2023-01-19"},{"lineNumber":164,"author":{"gitId":"PawanPatil19"},"content":"            String eventInfo[] \u003d userInput[1].split(\"/from|/to\");","lastModifiedDate":"2023-01-24"},{"lineNumber":165,"author":{"gitId":"PawanPatil19"},"content":"            String eventText \u003d eventInfo[0].trim();","lastModifiedDate":"2023-01-24"},{"lineNumber":166,"author":{"gitId":"PawanPatil19"},"content":"            DateTimeFormatter formatter \u003d DateTimeFormatter.ofPattern(\"dd/MM/yyyy HH:mm\");","lastModifiedDate":"2023-01-24"},{"lineNumber":167,"author":{"gitId":"PawanPatil19"},"content":"            LocalDateTime eventFrom \u003d LocalDateTime.parse(eventInfo[1].trim(), formatter);","lastModifiedDate":"2023-01-24"},{"lineNumber":168,"author":{"gitId":"PawanPatil19"},"content":"            LocalDateTime eventTo \u003d LocalDateTime.parse(eventInfo[2].trim(), formatter);","lastModifiedDate":"2023-01-24"},{"lineNumber":169,"author":{"gitId":"PawanPatil19"},"content":"","lastModifiedDate":"2023-01-24"},{"lineNumber":170,"author":{"gitId":"PawanPatil19"},"content":"            Event event \u003d new Event(eventText, eventFrom, eventTo);","lastModifiedDate":"2023-01-24"},{"lineNumber":171,"author":{"gitId":"PawanPatil19"},"content":"            this.list.addTask(event);","lastModifiedDate":"2023-01-24"},{"lineNumber":172,"author":{"gitId":"PawanPatil19"},"content":"            this.ui.taskAddDisplay(event, this.list.listLength());","lastModifiedDate":"2023-01-24"},{"lineNumber":173,"author":{"gitId":"PawanPatil19"},"content":"        } catch (IndexOutOfBoundsException e) {","lastModifiedDate":"2023-01-19"},{"lineNumber":174,"author":{"gitId":"PawanPatil19"},"content":"            String task \u003d \"event\";","lastModifiedDate":"2023-01-19"},{"lineNumber":175,"author":{"gitId":"PawanPatil19"},"content":"            throw new DukeMissingArgumentException(task);","lastModifiedDate":"2023-01-19"},{"lineNumber":176,"author":{"gitId":"PawanPatil19"},"content":"        } catch(DateTimeParseException e) {","lastModifiedDate":"2023-01-24"},{"lineNumber":177,"author":{"gitId":"PawanPatil19"},"content":"            System.out.println(\"\\tInvalid Date format (Required format: DD/MM/YYYY HH:MM)\");","lastModifiedDate":"2023-01-24"},{"lineNumber":178,"author":{"gitId":"PawanPatil19"},"content":"        }","lastModifiedDate":"2023-01-19"},{"lineNumber":179,"author":{"gitId":"PawanPatil19"},"content":"    }","lastModifiedDate":"2023-01-19"},{"lineNumber":180,"author":{"gitId":"PawanPatil19"},"content":"","lastModifiedDate":"2023-01-19"},{"lineNumber":181,"author":{"gitId":"PawanPatil19"},"content":"    private void deleteTask(String[] userInput) throws DukeTaskArgumentException, DukeMissingArgumentException, DukeInvalidArgumentsException{","lastModifiedDate":"2023-01-19"},{"lineNumber":182,"author":{"gitId":"PawanPatil19"},"content":"        try{","lastModifiedDate":"2023-01-19"},{"lineNumber":183,"author":{"gitId":"PawanPatil19"},"content":"            int taskIndex \u003d Integer.parseInt(userInput[1]);","lastModifiedDate":"2023-01-19"},{"lineNumber":184,"author":{"gitId":"PawanPatil19"},"content":"            if(taskIndex \u003e this.list.listLength()) {","lastModifiedDate":"2023-01-24"},{"lineNumber":185,"author":{"gitId":"PawanPatil19"},"content":"                throw new DukeTaskArgumentException();","lastModifiedDate":"2023-01-19"},{"lineNumber":186,"author":{"gitId":"PawanPatil19"},"content":"            }","lastModifiedDate":"2023-01-19"},{"lineNumber":187,"author":{"gitId":"PawanPatil19"},"content":"            this.ui.taskDeleteDisplay(this.list, taskIndex);","lastModifiedDate":"2023-01-24"},{"lineNumber":188,"author":{"gitId":"PawanPatil19"},"content":"            this.list.deleteTask(taskIndex);","lastModifiedDate":"2023-01-24"},{"lineNumber":189,"author":{"gitId":"PawanPatil19"},"content":"            this.ui.displayTasks(this.list.listLength());","lastModifiedDate":"2023-01-24"},{"lineNumber":190,"author":{"gitId":"PawanPatil19"},"content":"        } catch(IndexOutOfBoundsException e) {","lastModifiedDate":"2023-01-19"},{"lineNumber":191,"author":{"gitId":"PawanPatil19"},"content":"            String task \u003d \"delete\";","lastModifiedDate":"2023-01-19"},{"lineNumber":192,"author":{"gitId":"PawanPatil19"},"content":"            throw new DukeMissingArgumentException(task);","lastModifiedDate":"2023-01-19"},{"lineNumber":193,"author":{"gitId":"PawanPatil19"},"content":"        } catch (NumberFormatException e) {","lastModifiedDate":"2023-01-19"},{"lineNumber":194,"author":{"gitId":"PawanPatil19"},"content":"            throw new DukeInvalidArgumentsException();","lastModifiedDate":"2023-01-19"},{"lineNumber":195,"author":{"gitId":"PawanPatil19"},"content":"        }","lastModifiedDate":"2023-01-19"},{"lineNumber":196,"author":{"gitId":"PawanPatil19"},"content":"    }","lastModifiedDate":"2023-01-19"},{"lineNumber":197,"author":{"gitId":"PawanPatil19"},"content":"","lastModifiedDate":"2023-01-19"},{"lineNumber":198,"author":{"gitId":"PawanPatil19"},"content":"","lastModifiedDate":"2023-01-24"},{"lineNumber":199,"author":{"gitId":"PawanPatil19"},"content":"    private void displayTasksWithDates(String[] userInput) {","lastModifiedDate":"2023-01-24"},{"lineNumber":200,"author":{"gitId":"PawanPatil19"},"content":"        DateTimeFormatter formatter \u003d DateTimeFormatter.ofPattern(\"dd/MM/yyyy\");","lastModifiedDate":"2023-01-24"},{"lineNumber":201,"author":{"gitId":"PawanPatil19"},"content":"        LocalDate date \u003d LocalDate.parse(userInput[1], formatter);","lastModifiedDate":"2023-01-24"},{"lineNumber":202,"author":{"gitId":"PawanPatil19"},"content":"        int counter \u003d 1;","lastModifiedDate":"2023-01-24"},{"lineNumber":203,"author":{"gitId":"PawanPatil19"},"content":"        for(int i \u003d 0; i \u003c this.list.listLength(); i++) {","lastModifiedDate":"2023-01-24"},{"lineNumber":204,"author":{"gitId":"PawanPatil19"},"content":"            String taskType \u003d this.list.getTask(i).getTaskType();","lastModifiedDate":"2023-01-24"},{"lineNumber":205,"author":{"gitId":"PawanPatil19"},"content":"            LocalDate taskDate \u003d this.list.getTask(i).getDate().toLocalDate();","lastModifiedDate":"2023-01-24"},{"lineNumber":206,"author":{"gitId":"PawanPatil19"},"content":"            if(taskType.equals(\"D\") || taskType.equals((\"E\"))){","lastModifiedDate":"2023-01-24"},{"lineNumber":207,"author":{"gitId":"PawanPatil19"},"content":"                if(date.equals(taskDate)) {","lastModifiedDate":"2023-01-24"},{"lineNumber":208,"author":{"gitId":"PawanPatil19"},"content":"                    System.out.println(String.format(\"\\t%d. %s\", counter, this.list.getTask(i).toString()));","lastModifiedDate":"2023-01-24"},{"lineNumber":209,"author":{"gitId":"PawanPatil19"},"content":"                }","lastModifiedDate":"2023-01-24"},{"lineNumber":210,"author":{"gitId":"PawanPatil19"},"content":"            }","lastModifiedDate":"2023-01-24"},{"lineNumber":211,"author":{"gitId":"PawanPatil19"},"content":"","lastModifiedDate":"2023-01-24"},{"lineNumber":212,"author":{"gitId":"PawanPatil19"},"content":"        }","lastModifiedDate":"2023-01-24"},{"lineNumber":213,"author":{"gitId":"PawanPatil19"},"content":"    }","lastModifiedDate":"2023-01-24"},{"lineNumber":214,"author":{"gitId":"PawanPatil19"},"content":"","lastModifiedDate":"2023-01-24"},{"lineNumber":215,"author":{"gitId":"-"},"content":"    public static void main(String[] args)  {","lastModifiedDate":"2019-07-29"},{"lineNumber":216,"author":{"gitId":"PawanPatil19"},"content":"        Duke dukeObj \u003d new Duke();","lastModifiedDate":"2023-01-19"},{"lineNumber":217,"author":{"gitId":"PawanPatil19"},"content":"        dukeObj.ui.initialDisplay();","lastModifiedDate":"2023-01-24"},{"lineNumber":218,"author":{"gitId":"PawanPatil19"},"content":"        dukeObj.inputResponse();","lastModifiedDate":"2023-01-19"},{"lineNumber":219,"author":{"gitId":"-"},"content":"    }","lastModifiedDate":"2019-07-29"},{"lineNumber":220,"author":{"gitId":"-"},"content":"}","lastModifiedDate":"2019-07-29"}],"authorContributionMap":{"PawanPatil19":216,"-":4}},{"path":"src/main/java/DukeDataException.java","fileType":"java","lines":[{"lineNumber":1,"author":{"gitId":"PawanPatil19"},"content":"public class DukeDataException extends DukeException{","lastModifiedDate":"2023-01-24"},{"lineNumber":2,"author":{"gitId":"PawanPatil19"},"content":"    @Override","lastModifiedDate":"2023-01-24"},{"lineNumber":3,"author":{"gitId":"PawanPatil19"},"content":"    public String toString() {","lastModifiedDate":"2023-01-24"},{"lineNumber":4,"author":{"gitId":"PawanPatil19"},"content":"        return String.format(\"\\t%s Error in data read..\", super.toString());","lastModifiedDate":"2023-01-24"},{"lineNumber":5,"author":{"gitId":"PawanPatil19"},"content":"    }","lastModifiedDate":"2023-01-24"},{"lineNumber":6,"author":{"gitId":"PawanPatil19"},"content":"}","lastModifiedDate":"2023-01-24"}],"authorContributionMap":{"PawanPatil19":6}},{"path":"src/main/java/DukeException.java","fileType":"java","lines":[{"lineNumber":1,"author":{"gitId":"PawanPatil19"},"content":"public abstract class DukeException extends Exception {","lastModifiedDate":"2023-01-19"},{"lineNumber":2,"author":{"gitId":"PawanPatil19"},"content":"    @Override","lastModifiedDate":"2023-01-19"},{"lineNumber":3,"author":{"gitId":"PawanPatil19"},"content":"    public String toString() {","lastModifiedDate":"2023-01-19"},{"lineNumber":4,"author":{"gitId":"PawanPatil19"},"content":"        return String.format(\"☹ OOPS!!!\");","lastModifiedDate":"2023-01-19"},{"lineNumber":5,"author":{"gitId":"PawanPatil19"},"content":"    }","lastModifiedDate":"2023-01-19"},{"lineNumber":6,"author":{"gitId":"PawanPatil19"},"content":"}","lastModifiedDate":"2023-01-19"}],"authorContributionMap":{"PawanPatil19":6}},{"path":"src/main/java/DukeInvalidArgumentsException.java","fileType":"java","lines":[{"lineNumber":1,"author":{"gitId":"PawanPatil19"},"content":"public class DukeInvalidArgumentsException extends DukeException{","lastModifiedDate":"2023-01-19"},{"lineNumber":2,"author":{"gitId":"PawanPatil19"},"content":"    @Override","lastModifiedDate":"2023-01-19"},{"lineNumber":3,"author":{"gitId":"PawanPatil19"},"content":"    public String toString() {","lastModifiedDate":"2023-01-19"},{"lineNumber":4,"author":{"gitId":"PawanPatil19"},"content":"        return String.format(\"%s You have invalid argument(s) for this command!\", super.toString());","lastModifiedDate":"2023-01-19"},{"lineNumber":5,"author":{"gitId":"PawanPatil19"},"content":"    }","lastModifiedDate":"2023-01-19"},{"lineNumber":6,"author":{"gitId":"PawanPatil19"},"content":"}","lastModifiedDate":"2023-01-19"}],"authorContributionMap":{"PawanPatil19":6}},{"path":"src/main/java/DukeInvalidCommandException.java","fileType":"java","lines":[{"lineNumber":1,"author":{"gitId":"PawanPatil19"},"content":"public class DukeInvalidCommandException extends DukeException {","lastModifiedDate":"2023-01-19"},{"lineNumber":2,"author":{"gitId":"PawanPatil19"},"content":"","lastModifiedDate":"2023-01-19"},{"lineNumber":3,"author":{"gitId":"PawanPatil19"},"content":"    @Override","lastModifiedDate":"2023-01-19"},{"lineNumber":4,"author":{"gitId":"PawanPatil19"},"content":"    public String toString() {","lastModifiedDate":"2023-01-19"},{"lineNumber":5,"author":{"gitId":"PawanPatil19"},"content":"        return String.format(\"%s I\u0027m sorry, but I don\u0027t know what that means :-(\", super.toString());","lastModifiedDate":"2023-01-19"},{"lineNumber":6,"author":{"gitId":"PawanPatil19"},"content":"    }","lastModifiedDate":"2023-01-19"},{"lineNumber":7,"author":{"gitId":"PawanPatil19"},"content":"}","lastModifiedDate":"2023-01-19"}],"authorContributionMap":{"PawanPatil19":7}},{"path":"src/main/java/DukeMissingArgumentException.java","fileType":"java","lines":[{"lineNumber":1,"author":{"gitId":"PawanPatil19"},"content":"public class DukeMissingArgumentException extends DukeException {","lastModifiedDate":"2023-01-19"},{"lineNumber":2,"author":{"gitId":"PawanPatil19"},"content":"    private String task;","lastModifiedDate":"2023-01-19"},{"lineNumber":3,"author":{"gitId":"PawanPatil19"},"content":"","lastModifiedDate":"2023-01-19"},{"lineNumber":4,"author":{"gitId":"PawanPatil19"},"content":"    public DukeMissingArgumentException(String task){","lastModifiedDate":"2023-01-19"},{"lineNumber":5,"author":{"gitId":"PawanPatil19"},"content":"        this.task \u003d task;","lastModifiedDate":"2023-01-19"},{"lineNumber":6,"author":{"gitId":"PawanPatil19"},"content":"    }","lastModifiedDate":"2023-01-19"},{"lineNumber":7,"author":{"gitId":"PawanPatil19"},"content":"","lastModifiedDate":"2023-01-19"},{"lineNumber":8,"author":{"gitId":"PawanPatil19"},"content":"    @Override","lastModifiedDate":"2023-01-19"},{"lineNumber":9,"author":{"gitId":"PawanPatil19"},"content":"    public String toString() {","lastModifiedDate":"2023-01-19"},{"lineNumber":10,"author":{"gitId":"PawanPatil19"},"content":"        return String.format(\"%s The description of a %s cannot be empty.\", super.toString(), this.task);","lastModifiedDate":"2023-01-19"},{"lineNumber":11,"author":{"gitId":"PawanPatil19"},"content":"    }","lastModifiedDate":"2023-01-19"},{"lineNumber":12,"author":{"gitId":"PawanPatil19"},"content":"}","lastModifiedDate":"2023-01-19"}],"authorContributionMap":{"PawanPatil19":12}},{"path":"src/main/java/DukeTaskArgumentException.java","fileType":"java","lines":[{"lineNumber":1,"author":{"gitId":"PawanPatil19"},"content":"public class DukeTaskArgumentException extends DukeException{","lastModifiedDate":"2023-01-19"},{"lineNumber":2,"author":{"gitId":"PawanPatil19"},"content":"    @Override","lastModifiedDate":"2023-01-19"},{"lineNumber":3,"author":{"gitId":"PawanPatil19"},"content":"    public String toString() {","lastModifiedDate":"2023-01-19"},{"lineNumber":4,"author":{"gitId":"PawanPatil19"},"content":"        return String.format(\"%s Task index specified is invalid\", super.toString());","lastModifiedDate":"2023-01-19"},{"lineNumber":5,"author":{"gitId":"PawanPatil19"},"content":"    }","lastModifiedDate":"2023-01-19"},{"lineNumber":6,"author":{"gitId":"PawanPatil19"},"content":"}","lastModifiedDate":"2023-01-19"}],"authorContributionMap":{"PawanPatil19":6}},{"path":"src/main/java/Event.java","fileType":"java","lines":[{"lineNumber":1,"author":{"gitId":"PawanPatil19"},"content":"import java.time.LocalDateTime;","lastModifiedDate":"2023-01-24"},{"lineNumber":2,"author":{"gitId":"PawanPatil19"},"content":"import java.time.format.DateTimeFormatter;","lastModifiedDate":"2023-01-24"},{"lineNumber":3,"author":{"gitId":"PawanPatil19"},"content":"import java.util.Date;","lastModifiedDate":"2023-01-24"},{"lineNumber":4,"author":{"gitId":"PawanPatil19"},"content":"","lastModifiedDate":"2023-01-24"},{"lineNumber":5,"author":{"gitId":"PawanPatil19"},"content":"public class Event extends Task{","lastModifiedDate":"2023-01-19"},{"lineNumber":6,"author":{"gitId":"PawanPatil19"},"content":"    private LocalDateTime to;","lastModifiedDate":"2023-01-24"},{"lineNumber":7,"author":{"gitId":"PawanPatil19"},"content":"    private LocalDateTime from;","lastModifiedDate":"2023-01-24"},{"lineNumber":8,"author":{"gitId":"PawanPatil19"},"content":"    public Event(String taskText, LocalDateTime from, LocalDateTime to) {","lastModifiedDate":"2023-01-24"},{"lineNumber":9,"author":{"gitId":"PawanPatil19"},"content":"        super(taskText);","lastModifiedDate":"2023-01-19"},{"lineNumber":10,"author":{"gitId":"PawanPatil19"},"content":"        this.to \u003d to;","lastModifiedDate":"2023-01-24"},{"lineNumber":11,"author":{"gitId":"PawanPatil19"},"content":"        this.from \u003d from;","lastModifiedDate":"2023-01-24"},{"lineNumber":12,"author":{"gitId":"PawanPatil19"},"content":"    }","lastModifiedDate":"2023-01-19"},{"lineNumber":13,"author":{"gitId":"PawanPatil19"},"content":"","lastModifiedDate":"2023-01-19"},{"lineNumber":14,"author":{"gitId":"PawanPatil19"},"content":"    @Override","lastModifiedDate":"2023-01-19"},{"lineNumber":15,"author":{"gitId":"PawanPatil19"},"content":"    public String toString() {","lastModifiedDate":"2023-01-19"},{"lineNumber":16,"author":{"gitId":"PawanPatil19"},"content":"        return String.format(\"[E]%s (from: %s to: %s)\", super.toString(),","lastModifiedDate":"2023-01-24"},{"lineNumber":17,"author":{"gitId":"PawanPatil19"},"content":"                this.from.format(DateTimeFormatter.ofPattern(\"MMM dd yyyy hh:mm a\")),","lastModifiedDate":"2023-01-24"},{"lineNumber":18,"author":{"gitId":"PawanPatil19"},"content":"                this.to.format(DateTimeFormatter.ofPattern(\"MMM dd yyyy hh:mm a\")));","lastModifiedDate":"2023-01-24"},{"lineNumber":19,"author":{"gitId":"PawanPatil19"},"content":"    }","lastModifiedDate":"2023-01-24"},{"lineNumber":20,"author":{"gitId":"PawanPatil19"},"content":"","lastModifiedDate":"2023-01-24"},{"lineNumber":21,"author":{"gitId":"PawanPatil19"},"content":"    public String writeFile() {","lastModifiedDate":"2023-01-24"},{"lineNumber":22,"author":{"gitId":"PawanPatil19"},"content":"        return String.format(\"E|%s|%s|%s|%s\", this.getCurrentStatus(), this.getTaskText(),","lastModifiedDate":"2023-01-24"},{"lineNumber":23,"author":{"gitId":"PawanPatil19"},"content":"                this.from.format(DateTimeFormatter.ofPattern(\"dd/MM/yyyy HH:mm\")),","lastModifiedDate":"2023-01-24"},{"lineNumber":24,"author":{"gitId":"PawanPatil19"},"content":"                this.to.format(DateTimeFormatter.ofPattern(\"dd/MM/yyyy HH:mm\")));","lastModifiedDate":"2023-01-24"},{"lineNumber":25,"author":{"gitId":"PawanPatil19"},"content":"    }","lastModifiedDate":"2023-01-24"},{"lineNumber":26,"author":{"gitId":"PawanPatil19"},"content":"","lastModifiedDate":"2023-01-24"},{"lineNumber":27,"author":{"gitId":"PawanPatil19"},"content":"    public LocalDateTime getDate() {","lastModifiedDate":"2023-01-24"},{"lineNumber":28,"author":{"gitId":"PawanPatil19"},"content":"        return this.from;","lastModifiedDate":"2023-01-24"},{"lineNumber":29,"author":{"gitId":"PawanPatil19"},"content":"    }","lastModifiedDate":"2023-01-24"},{"lineNumber":30,"author":{"gitId":"PawanPatil19"},"content":"","lastModifiedDate":"2023-01-24"},{"lineNumber":31,"author":{"gitId":"PawanPatil19"},"content":"    public String getTaskType() {","lastModifiedDate":"2023-01-24"},{"lineNumber":32,"author":{"gitId":"PawanPatil19"},"content":"        return \"E\";","lastModifiedDate":"2023-01-24"},{"lineNumber":33,"author":{"gitId":"PawanPatil19"},"content":"    }","lastModifiedDate":"2023-01-19"},{"lineNumber":34,"author":{"gitId":"PawanPatil19"},"content":"}","lastModifiedDate":"2023-01-19"}],"authorContributionMap":{"PawanPatil19":34}},{"path":"src/main/java/Parser.java","fileType":"java","lines":[{"lineNumber":1,"author":{"gitId":"PawanPatil19"},"content":"public class Parser {","lastModifiedDate":"2023-01-24"},{"lineNumber":2,"author":{"gitId":"PawanPatil19"},"content":"    public String[] parseUserInput(String userInput) {","lastModifiedDate":"2023-01-24"},{"lineNumber":3,"author":{"gitId":"PawanPatil19"},"content":"        return userInput.split(\" \", 2);","lastModifiedDate":"2023-01-24"},{"lineNumber":4,"author":{"gitId":"PawanPatil19"},"content":"    }","lastModifiedDate":"2023-01-24"},{"lineNumber":5,"author":{"gitId":"PawanPatil19"},"content":"}","lastModifiedDate":"2023-01-24"}],"authorContributionMap":{"PawanPatil19":5}},{"path":"src/main/java/Storage.java","fileType":"java","lines":[{"lineNumber":1,"author":{"gitId":"PawanPatil19"},"content":"import java.io.*;","lastModifiedDate":"2023-01-24"},{"lineNumber":2,"author":{"gitId":"PawanPatil19"},"content":"import java.time.LocalDateTime;","lastModifiedDate":"2023-01-24"},{"lineNumber":3,"author":{"gitId":"PawanPatil19"},"content":"import java.time.format.DateTimeFormatter;","lastModifiedDate":"2023-01-24"},{"lineNumber":4,"author":{"gitId":"PawanPatil19"},"content":"import java.util.ArrayList;","lastModifiedDate":"2023-01-24"},{"lineNumber":5,"author":{"gitId":"PawanPatil19"},"content":"import java.util.Scanner;","lastModifiedDate":"2023-01-24"},{"lineNumber":6,"author":{"gitId":"PawanPatil19"},"content":"public class Storage {","lastModifiedDate":"2023-01-24"},{"lineNumber":7,"author":{"gitId":"PawanPatil19"},"content":"    private String filePath;","lastModifiedDate":"2023-01-24"},{"lineNumber":8,"author":{"gitId":"PawanPatil19"},"content":"","lastModifiedDate":"2023-01-24"},{"lineNumber":9,"author":{"gitId":"PawanPatil19"},"content":"    public Storage(String filePath) {","lastModifiedDate":"2023-01-24"},{"lineNumber":10,"author":{"gitId":"PawanPatil19"},"content":"        this.filePath \u003d filePath;","lastModifiedDate":"2023-01-24"},{"lineNumber":11,"author":{"gitId":"PawanPatil19"},"content":"","lastModifiedDate":"2023-01-24"},{"lineNumber":12,"author":{"gitId":"PawanPatil19"},"content":"    }","lastModifiedDate":"2023-01-24"},{"lineNumber":13,"author":{"gitId":"PawanPatil19"},"content":"","lastModifiedDate":"2023-01-24"},{"lineNumber":14,"author":{"gitId":"PawanPatil19"},"content":"    public ArrayList\u003cTask\u003e loadData()  {","lastModifiedDate":"2023-01-24"},{"lineNumber":15,"author":{"gitId":"PawanPatil19"},"content":"        ArrayList\u003cTask\u003e list \u003d new ArrayList\u003c\u003e();","lastModifiedDate":"2023-01-24"},{"lineNumber":16,"author":{"gitId":"PawanPatil19"},"content":"        File data \u003d new File(this.filePath);","lastModifiedDate":"2023-01-24"},{"lineNumber":17,"author":{"gitId":"PawanPatil19"},"content":"        try {","lastModifiedDate":"2023-01-24"},{"lineNumber":18,"author":{"gitId":"PawanPatil19"},"content":"            Scanner fileSc \u003d new Scanner(data);","lastModifiedDate":"2023-01-24"},{"lineNumber":19,"author":{"gitId":"PawanPatil19"},"content":"            while(fileSc.hasNextLine()) {","lastModifiedDate":"2023-01-24"},{"lineNumber":20,"author":{"gitId":"PawanPatil19"},"content":"                String fileData \u003d fileSc.nextLine();","lastModifiedDate":"2023-01-24"},{"lineNumber":21,"author":{"gitId":"PawanPatil19"},"content":"                String[] taskData \u003d fileData.split(\"\\\\|\");","lastModifiedDate":"2023-01-24"},{"lineNumber":22,"author":{"gitId":"PawanPatil19"},"content":"                list.add(readData(taskData));","lastModifiedDate":"2023-01-24"},{"lineNumber":23,"author":{"gitId":"PawanPatil19"},"content":"            }","lastModifiedDate":"2023-01-24"},{"lineNumber":24,"author":{"gitId":"PawanPatil19"},"content":"        } catch(FileNotFoundException e) {","lastModifiedDate":"2023-01-24"},{"lineNumber":25,"author":{"gitId":"PawanPatil19"},"content":"            this.createFile();","lastModifiedDate":"2023-01-24"},{"lineNumber":26,"author":{"gitId":"PawanPatil19"},"content":"        } catch (DukeException e) {","lastModifiedDate":"2023-01-24"},{"lineNumber":27,"author":{"gitId":"PawanPatil19"},"content":"            System.out.println(e);","lastModifiedDate":"2023-01-24"},{"lineNumber":28,"author":{"gitId":"PawanPatil19"},"content":"        }","lastModifiedDate":"2023-01-24"},{"lineNumber":29,"author":{"gitId":"PawanPatil19"},"content":"","lastModifiedDate":"2023-01-24"},{"lineNumber":30,"author":{"gitId":"PawanPatil19"},"content":"        return list;","lastModifiedDate":"2023-01-24"},{"lineNumber":31,"author":{"gitId":"PawanPatil19"},"content":"    }","lastModifiedDate":"2023-01-24"},{"lineNumber":32,"author":{"gitId":"PawanPatil19"},"content":"","lastModifiedDate":"2023-01-24"},{"lineNumber":33,"author":{"gitId":"PawanPatil19"},"content":"    public void createFile() {","lastModifiedDate":"2023-01-24"},{"lineNumber":34,"author":{"gitId":"PawanPatil19"},"content":"        File dir \u003d new File(\"./data\");","lastModifiedDate":"2023-01-24"},{"lineNumber":35,"author":{"gitId":"PawanPatil19"},"content":"        File newFile \u003d new File(this.filePath);","lastModifiedDate":"2023-01-24"},{"lineNumber":36,"author":{"gitId":"PawanPatil19"},"content":"        dir.mkdir();","lastModifiedDate":"2023-01-24"},{"lineNumber":37,"author":{"gitId":"PawanPatil19"},"content":"        try{","lastModifiedDate":"2023-01-24"},{"lineNumber":38,"author":{"gitId":"PawanPatil19"},"content":"            newFile.createNewFile();","lastModifiedDate":"2023-01-24"},{"lineNumber":39,"author":{"gitId":"PawanPatil19"},"content":"        } catch (IOException e) {","lastModifiedDate":"2023-01-24"},{"lineNumber":40,"author":{"gitId":"PawanPatil19"},"content":"            System.out.println(e);","lastModifiedDate":"2023-01-24"},{"lineNumber":41,"author":{"gitId":"PawanPatil19"},"content":"        }","lastModifiedDate":"2023-01-24"},{"lineNumber":42,"author":{"gitId":"PawanPatil19"},"content":"    }","lastModifiedDate":"2023-01-24"},{"lineNumber":43,"author":{"gitId":"PawanPatil19"},"content":"","lastModifiedDate":"2023-01-24"},{"lineNumber":44,"author":{"gitId":"PawanPatil19"},"content":"    public Task readData(String[] taskData) throws DukeDataException {","lastModifiedDate":"2023-01-24"},{"lineNumber":45,"author":{"gitId":"PawanPatil19"},"content":"        String taskType \u003d taskData[0];","lastModifiedDate":"2023-01-24"},{"lineNumber":46,"author":{"gitId":"PawanPatil19"},"content":"        String taskStatus \u003d taskData[1];","lastModifiedDate":"2023-01-24"},{"lineNumber":47,"author":{"gitId":"PawanPatil19"},"content":"        String taskInfo \u003d taskData[2].trim();","lastModifiedDate":"2023-01-24"},{"lineNumber":48,"author":{"gitId":"PawanPatil19"},"content":"        DateTimeFormatter formatter \u003d DateTimeFormatter.ofPattern(\"dd/MM/yyyy HH:mm\");","lastModifiedDate":"2023-01-24"},{"lineNumber":49,"author":{"gitId":"PawanPatil19"},"content":"","lastModifiedDate":"2023-01-24"},{"lineNumber":50,"author":{"gitId":"PawanPatil19"},"content":"        Task loadTask \u003d null;","lastModifiedDate":"2023-01-24"},{"lineNumber":51,"author":{"gitId":"PawanPatil19"},"content":"","lastModifiedDate":"2023-01-24"},{"lineNumber":52,"author":{"gitId":"PawanPatil19"},"content":"        if(taskType.equals(\"T\")) {","lastModifiedDate":"2023-01-24"},{"lineNumber":53,"author":{"gitId":"PawanPatil19"},"content":"            loadTask \u003d new Todo(taskInfo);","lastModifiedDate":"2023-01-24"},{"lineNumber":54,"author":{"gitId":"PawanPatil19"},"content":"        } else if (taskType.equals(\"D\")) {","lastModifiedDate":"2023-01-24"},{"lineNumber":55,"author":{"gitId":"PawanPatil19"},"content":"            LocalDateTime taskTime \u003d LocalDateTime.parse(taskData[3].trim(), formatter);","lastModifiedDate":"2023-01-24"},{"lineNumber":56,"author":{"gitId":"PawanPatil19"},"content":"            loadTask \u003d new Deadlines(taskInfo, taskTime);","lastModifiedDate":"2023-01-24"},{"lineNumber":57,"author":{"gitId":"PawanPatil19"},"content":"        } else if (taskType.equals(\"E\")){","lastModifiedDate":"2023-01-24"},{"lineNumber":58,"author":{"gitId":"PawanPatil19"},"content":"            LocalDateTime taskFrom \u003d LocalDateTime.parse(taskData[3].trim(), formatter);","lastModifiedDate":"2023-01-24"},{"lineNumber":59,"author":{"gitId":"PawanPatil19"},"content":"            LocalDateTime taskTo \u003d LocalDateTime.parse(taskData[4].trim(), formatter);","lastModifiedDate":"2023-01-24"},{"lineNumber":60,"author":{"gitId":"PawanPatil19"},"content":"            loadTask \u003d new Event(taskInfo, taskFrom, taskTo);","lastModifiedDate":"2023-01-24"},{"lineNumber":61,"author":{"gitId":"PawanPatil19"},"content":"        } else {","lastModifiedDate":"2023-01-24"},{"lineNumber":62,"author":{"gitId":"PawanPatil19"},"content":"            throw new DukeDataException();","lastModifiedDate":"2023-01-24"},{"lineNumber":63,"author":{"gitId":"PawanPatil19"},"content":"        }","lastModifiedDate":"2023-01-24"},{"lineNumber":64,"author":{"gitId":"PawanPatil19"},"content":"","lastModifiedDate":"2023-01-24"},{"lineNumber":65,"author":{"gitId":"PawanPatil19"},"content":"        if(taskStatus.equals(\"1\")){","lastModifiedDate":"2023-01-24"},{"lineNumber":66,"author":{"gitId":"PawanPatil19"},"content":"            loadTask.changeStatus();","lastModifiedDate":"2023-01-24"},{"lineNumber":67,"author":{"gitId":"PawanPatil19"},"content":"        }","lastModifiedDate":"2023-01-24"},{"lineNumber":68,"author":{"gitId":"PawanPatil19"},"content":"        return loadTask;","lastModifiedDate":"2023-01-24"},{"lineNumber":69,"author":{"gitId":"PawanPatil19"},"content":"    }","lastModifiedDate":"2023-01-24"},{"lineNumber":70,"author":{"gitId":"PawanPatil19"},"content":"","lastModifiedDate":"2023-01-24"},{"lineNumber":71,"author":{"gitId":"PawanPatil19"},"content":"    public void storeData(TaskList list) throws IOException{","lastModifiedDate":"2023-01-24"},{"lineNumber":72,"author":{"gitId":"PawanPatil19"},"content":"        FileWriter writer \u003d new FileWriter(this.filePath, false);","lastModifiedDate":"2023-01-24"},{"lineNumber":73,"author":{"gitId":"PawanPatil19"},"content":"        BufferedWriter buffer \u003d new BufferedWriter(writer);","lastModifiedDate":"2023-01-24"},{"lineNumber":74,"author":{"gitId":"PawanPatil19"},"content":"        for(int i \u003d 1; i \u003c\u003d list.listLength(); i++) {","lastModifiedDate":"2023-01-24"},{"lineNumber":75,"author":{"gitId":"PawanPatil19"},"content":"            buffer.write(list.getTask(i).writeFile());","lastModifiedDate":"2023-01-24"},{"lineNumber":76,"author":{"gitId":"PawanPatil19"},"content":"            buffer.newLine();","lastModifiedDate":"2023-01-24"},{"lineNumber":77,"author":{"gitId":"PawanPatil19"},"content":"        }","lastModifiedDate":"2023-01-24"},{"lineNumber":78,"author":{"gitId":"PawanPatil19"},"content":"        buffer.close();","lastModifiedDate":"2023-01-24"},{"lineNumber":79,"author":{"gitId":"PawanPatil19"},"content":"        writer.close();","lastModifiedDate":"2023-01-24"},{"lineNumber":80,"author":{"gitId":"PawanPatil19"},"content":"    }","lastModifiedDate":"2023-01-24"},{"lineNumber":81,"author":{"gitId":"PawanPatil19"},"content":"","lastModifiedDate":"2023-01-24"},{"lineNumber":82,"author":{"gitId":"PawanPatil19"},"content":"","lastModifiedDate":"2023-01-24"},{"lineNumber":83,"author":{"gitId":"PawanPatil19"},"content":"","lastModifiedDate":"2023-01-24"},{"lineNumber":84,"author":{"gitId":"PawanPatil19"},"content":"}","lastModifiedDate":"2023-01-24"}],"authorContributionMap":{"PawanPatil19":84}},{"path":"src/main/java/Task.java","fileType":"java","lines":[{"lineNumber":1,"author":{"gitId":"PawanPatil19"},"content":"import java.time.LocalDateTime;","lastModifiedDate":"2023-01-24"},{"lineNumber":2,"author":{"gitId":"PawanPatil19"},"content":"","lastModifiedDate":"2023-01-24"},{"lineNumber":3,"author":{"gitId":"PawanPatil19"},"content":"public abstract class Task {","lastModifiedDate":"2023-01-19"},{"lineNumber":4,"author":{"gitId":"PawanPatil19"},"content":"    private String taskText;","lastModifiedDate":"2023-01-19"},{"lineNumber":5,"author":{"gitId":"PawanPatil19"},"content":"    private boolean status;","lastModifiedDate":"2023-01-19"},{"lineNumber":6,"author":{"gitId":"PawanPatil19"},"content":"","lastModifiedDate":"2023-01-19"},{"lineNumber":7,"author":{"gitId":"PawanPatil19"},"content":"    public Task(String taskText) {","lastModifiedDate":"2023-01-19"},{"lineNumber":8,"author":{"gitId":"PawanPatil19"},"content":"        this.taskText \u003d taskText;","lastModifiedDate":"2023-01-19"},{"lineNumber":9,"author":{"gitId":"PawanPatil19"},"content":"        this.status \u003d false;","lastModifiedDate":"2023-01-19"},{"lineNumber":10,"author":{"gitId":"PawanPatil19"},"content":"    }","lastModifiedDate":"2023-01-19"},{"lineNumber":11,"author":{"gitId":"PawanPatil19"},"content":"","lastModifiedDate":"2023-01-19"},{"lineNumber":12,"author":{"gitId":"PawanPatil19"},"content":"    public void changeStatus() {","lastModifiedDate":"2023-01-19"},{"lineNumber":13,"author":{"gitId":"PawanPatil19"},"content":"        if(this.status) {","lastModifiedDate":"2023-01-19"},{"lineNumber":14,"author":{"gitId":"PawanPatil19"},"content":"            this.status \u003d false;","lastModifiedDate":"2023-01-19"},{"lineNumber":15,"author":{"gitId":"PawanPatil19"},"content":"        } else {","lastModifiedDate":"2023-01-19"},{"lineNumber":16,"author":{"gitId":"PawanPatil19"},"content":"            this.status \u003d true;","lastModifiedDate":"2023-01-19"},{"lineNumber":17,"author":{"gitId":"PawanPatil19"},"content":"        }","lastModifiedDate":"2023-01-19"},{"lineNumber":18,"author":{"gitId":"PawanPatil19"},"content":"    }","lastModifiedDate":"2023-01-19"},{"lineNumber":19,"author":{"gitId":"PawanPatil19"},"content":"","lastModifiedDate":"2023-01-19"},{"lineNumber":20,"author":{"gitId":"PawanPatil19"},"content":"    public boolean getStatus() {","lastModifiedDate":"2023-01-19"},{"lineNumber":21,"author":{"gitId":"PawanPatil19"},"content":"        return this.status;","lastModifiedDate":"2023-01-19"},{"lineNumber":22,"author":{"gitId":"PawanPatil19"},"content":"    }","lastModifiedDate":"2023-01-19"},{"lineNumber":23,"author":{"gitId":"PawanPatil19"},"content":"","lastModifiedDate":"2023-01-19"},{"lineNumber":24,"author":{"gitId":"PawanPatil19"},"content":"    public String getCurrentStatus() {","lastModifiedDate":"2023-01-24"},{"lineNumber":25,"author":{"gitId":"PawanPatil19"},"content":"        return this.status ? \"1\" : \"0\";","lastModifiedDate":"2023-01-24"},{"lineNumber":26,"author":{"gitId":"PawanPatil19"},"content":"    }","lastModifiedDate":"2023-01-24"},{"lineNumber":27,"author":{"gitId":"PawanPatil19"},"content":"","lastModifiedDate":"2023-01-24"},{"lineNumber":28,"author":{"gitId":"PawanPatil19"},"content":"    private String getStatusText() {","lastModifiedDate":"2023-01-19"},{"lineNumber":29,"author":{"gitId":"PawanPatil19"},"content":"        return status ? \"X\" : \" \";","lastModifiedDate":"2023-01-19"},{"lineNumber":30,"author":{"gitId":"PawanPatil19"},"content":"    }","lastModifiedDate":"2023-01-19"},{"lineNumber":31,"author":{"gitId":"PawanPatil19"},"content":"","lastModifiedDate":"2023-01-19"},{"lineNumber":32,"author":{"gitId":"PawanPatil19"},"content":"    public String getTaskText() {","lastModifiedDate":"2023-01-24"},{"lineNumber":33,"author":{"gitId":"PawanPatil19"},"content":"        return this.taskText;","lastModifiedDate":"2023-01-24"},{"lineNumber":34,"author":{"gitId":"PawanPatil19"},"content":"    }","lastModifiedDate":"2023-01-24"},{"lineNumber":35,"author":{"gitId":"PawanPatil19"},"content":"","lastModifiedDate":"2023-01-24"},{"lineNumber":36,"author":{"gitId":"PawanPatil19"},"content":"    public abstract String writeFile();","lastModifiedDate":"2023-01-24"},{"lineNumber":37,"author":{"gitId":"PawanPatil19"},"content":"","lastModifiedDate":"2023-01-24"},{"lineNumber":38,"author":{"gitId":"PawanPatil19"},"content":"    public abstract LocalDateTime getDate();","lastModifiedDate":"2023-01-24"},{"lineNumber":39,"author":{"gitId":"PawanPatil19"},"content":"","lastModifiedDate":"2023-01-24"},{"lineNumber":40,"author":{"gitId":"PawanPatil19"},"content":"    public abstract String getTaskType();","lastModifiedDate":"2023-01-24"},{"lineNumber":41,"author":{"gitId":"PawanPatil19"},"content":"","lastModifiedDate":"2023-01-24"},{"lineNumber":42,"author":{"gitId":"PawanPatil19"},"content":"    @Override","lastModifiedDate":"2023-01-19"},{"lineNumber":43,"author":{"gitId":"PawanPatil19"},"content":"    public String toString() {","lastModifiedDate":"2023-01-19"},{"lineNumber":44,"author":{"gitId":"PawanPatil19"},"content":"        return String.format(\"[%s] %s\", this.getStatusText(), this.taskText);","lastModifiedDate":"2023-01-19"},{"lineNumber":45,"author":{"gitId":"PawanPatil19"},"content":"    }","lastModifiedDate":"2023-01-19"},{"lineNumber":46,"author":{"gitId":"PawanPatil19"},"content":"","lastModifiedDate":"2023-01-19"},{"lineNumber":47,"author":{"gitId":"PawanPatil19"},"content":"","lastModifiedDate":"2023-01-19"},{"lineNumber":48,"author":{"gitId":"PawanPatil19"},"content":"","lastModifiedDate":"2023-01-19"},{"lineNumber":49,"author":{"gitId":"PawanPatil19"},"content":"}","lastModifiedDate":"2023-01-19"}],"authorContributionMap":{"PawanPatil19":49}},{"path":"src/main/java/TaskList.java","fileType":"java","lines":[{"lineNumber":1,"author":{"gitId":"PawanPatil19"},"content":"import java.util.ArrayList;","lastModifiedDate":"2023-01-24"},{"lineNumber":2,"author":{"gitId":"PawanPatil19"},"content":"public class TaskList {","lastModifiedDate":"2023-01-24"},{"lineNumber":3,"author":{"gitId":"PawanPatil19"},"content":"    private ArrayList\u003cTask\u003e list \u003d new ArrayList\u003c\u003e();","lastModifiedDate":"2023-01-24"},{"lineNumber":4,"author":{"gitId":"PawanPatil19"},"content":"","lastModifiedDate":"2023-01-24"},{"lineNumber":5,"author":{"gitId":"PawanPatil19"},"content":"    public TaskList(ArrayList\u003cTask\u003e loadList) {","lastModifiedDate":"2023-01-24"},{"lineNumber":6,"author":{"gitId":"PawanPatil19"},"content":"        this.list.addAll(loadList);","lastModifiedDate":"2023-01-24"},{"lineNumber":7,"author":{"gitId":"PawanPatil19"},"content":"    }","lastModifiedDate":"2023-01-24"},{"lineNumber":8,"author":{"gitId":"PawanPatil19"},"content":"","lastModifiedDate":"2023-01-24"},{"lineNumber":9,"author":{"gitId":"PawanPatil19"},"content":"    public int listLength() {","lastModifiedDate":"2023-01-24"},{"lineNumber":10,"author":{"gitId":"PawanPatil19"},"content":"        return this.list.size();","lastModifiedDate":"2023-01-24"},{"lineNumber":11,"author":{"gitId":"PawanPatil19"},"content":"    }","lastModifiedDate":"2023-01-24"},{"lineNumber":12,"author":{"gitId":"PawanPatil19"},"content":"    public void addTask(Task task) {","lastModifiedDate":"2023-01-24"},{"lineNumber":13,"author":{"gitId":"PawanPatil19"},"content":"        this.list.add(task);","lastModifiedDate":"2023-01-24"},{"lineNumber":14,"author":{"gitId":"PawanPatil19"},"content":"    }","lastModifiedDate":"2023-01-24"},{"lineNumber":15,"author":{"gitId":"PawanPatil19"},"content":"","lastModifiedDate":"2023-01-24"},{"lineNumber":16,"author":{"gitId":"PawanPatil19"},"content":"    public void deleteTask(int taskIndex) {","lastModifiedDate":"2023-01-24"},{"lineNumber":17,"author":{"gitId":"PawanPatil19"},"content":"        this.list.remove(taskIndex - 1);","lastModifiedDate":"2023-01-24"},{"lineNumber":18,"author":{"gitId":"PawanPatil19"},"content":"    }","lastModifiedDate":"2023-01-24"},{"lineNumber":19,"author":{"gitId":"PawanPatil19"},"content":"","lastModifiedDate":"2023-01-24"},{"lineNumber":20,"author":{"gitId":"PawanPatil19"},"content":"    public Task getTask(int taskIndex) {","lastModifiedDate":"2023-01-24"},{"lineNumber":21,"author":{"gitId":"PawanPatil19"},"content":"        return this.list.get(taskIndex - 1);","lastModifiedDate":"2023-01-24"},{"lineNumber":22,"author":{"gitId":"PawanPatil19"},"content":"    }","lastModifiedDate":"2023-01-24"},{"lineNumber":23,"author":{"gitId":"PawanPatil19"},"content":"","lastModifiedDate":"2023-01-24"},{"lineNumber":24,"author":{"gitId":"PawanPatil19"},"content":"    public boolean isEmpty() {","lastModifiedDate":"2023-01-24"},{"lineNumber":25,"author":{"gitId":"PawanPatil19"},"content":"        return this.list.isEmpty();","lastModifiedDate":"2023-01-24"},{"lineNumber":26,"author":{"gitId":"PawanPatil19"},"content":"    }","lastModifiedDate":"2023-01-24"},{"lineNumber":27,"author":{"gitId":"PawanPatil19"},"content":"","lastModifiedDate":"2023-01-24"},{"lineNumber":28,"author":{"gitId":"PawanPatil19"},"content":"","lastModifiedDate":"2023-01-24"},{"lineNumber":29,"author":{"gitId":"PawanPatil19"},"content":"}","lastModifiedDate":"2023-01-24"}],"authorContributionMap":{"PawanPatil19":29}},{"path":"src/main/java/Todo.java","fileType":"java","lines":[{"lineNumber":1,"author":{"gitId":"PawanPatil19"},"content":"import java.time.LocalDateTime;","lastModifiedDate":"2023-01-24"},{"lineNumber":2,"author":{"gitId":"PawanPatil19"},"content":"","lastModifiedDate":"2023-01-24"},{"lineNumber":3,"author":{"gitId":"PawanPatil19"},"content":"public class Todo extends Task{","lastModifiedDate":"2023-01-19"},{"lineNumber":4,"author":{"gitId":"PawanPatil19"},"content":"    public Todo(String taskText) {","lastModifiedDate":"2023-01-19"},{"lineNumber":5,"author":{"gitId":"PawanPatil19"},"content":"        super(taskText);","lastModifiedDate":"2023-01-19"},{"lineNumber":6,"author":{"gitId":"PawanPatil19"},"content":"    }","lastModifiedDate":"2023-01-19"},{"lineNumber":7,"author":{"gitId":"PawanPatil19"},"content":"","lastModifiedDate":"2023-01-19"},{"lineNumber":8,"author":{"gitId":"PawanPatil19"},"content":"    @Override","lastModifiedDate":"2023-01-19"},{"lineNumber":9,"author":{"gitId":"PawanPatil19"},"content":"    public String toString() {","lastModifiedDate":"2023-01-19"},{"lineNumber":10,"author":{"gitId":"PawanPatil19"},"content":"        return String.format(\"[T]%s\", super.toString());","lastModifiedDate":"2023-01-19"},{"lineNumber":11,"author":{"gitId":"PawanPatil19"},"content":"    }","lastModifiedDate":"2023-01-19"},{"lineNumber":12,"author":{"gitId":"PawanPatil19"},"content":"","lastModifiedDate":"2023-01-24"},{"lineNumber":13,"author":{"gitId":"PawanPatil19"},"content":"    public String writeFile() {","lastModifiedDate":"2023-01-24"},{"lineNumber":14,"author":{"gitId":"PawanPatil19"},"content":"        return String.format(\"T|%s|%s\", this.getCurrentStatus(), this.getTaskText());","lastModifiedDate":"2023-01-24"},{"lineNumber":15,"author":{"gitId":"PawanPatil19"},"content":"    }","lastModifiedDate":"2023-01-24"},{"lineNumber":16,"author":{"gitId":"PawanPatil19"},"content":"","lastModifiedDate":"2023-01-24"},{"lineNumber":17,"author":{"gitId":"PawanPatil19"},"content":"    public LocalDateTime getDate() {","lastModifiedDate":"2023-01-24"},{"lineNumber":18,"author":{"gitId":"PawanPatil19"},"content":"        return null;","lastModifiedDate":"2023-01-24"},{"lineNumber":19,"author":{"gitId":"PawanPatil19"},"content":"    }","lastModifiedDate":"2023-01-24"},{"lineNumber":20,"author":{"gitId":"PawanPatil19"},"content":"","lastModifiedDate":"2023-01-24"},{"lineNumber":21,"author":{"gitId":"PawanPatil19"},"content":"    public String getTaskType() {","lastModifiedDate":"2023-01-24"},{"lineNumber":22,"author":{"gitId":"PawanPatil19"},"content":"        return \"T\";","lastModifiedDate":"2023-01-24"},{"lineNumber":23,"author":{"gitId":"PawanPatil19"},"content":"    }","lastModifiedDate":"2023-01-24"},{"lineNumber":24,"author":{"gitId":"PawanPatil19"},"content":"}","lastModifiedDate":"2023-01-19"}],"authorContributionMap":{"PawanPatil19":24}},{"path":"src/main/java/Ui.java","fileType":"java","lines":[{"lineNumber":1,"author":{"gitId":"PawanPatil19"},"content":"import java.util.Scanner;","lastModifiedDate":"2023-01-24"},{"lineNumber":2,"author":{"gitId":"PawanPatil19"},"content":"public class Ui {","lastModifiedDate":"2023-01-24"},{"lineNumber":3,"author":{"gitId":"PawanPatil19"},"content":"    private Scanner sc \u003d new Scanner(System.in);","lastModifiedDate":"2023-01-24"},{"lineNumber":4,"author":{"gitId":"PawanPatil19"},"content":"","lastModifiedDate":"2023-01-24"},{"lineNumber":5,"author":{"gitId":"PawanPatil19"},"content":"    public String getUserInput() {","lastModifiedDate":"2023-01-24"},{"lineNumber":6,"author":{"gitId":"PawanPatil19"},"content":"        return this.sc.nextLine();","lastModifiedDate":"2023-01-24"},{"lineNumber":7,"author":{"gitId":"PawanPatil19"},"content":"    }","lastModifiedDate":"2023-01-24"},{"lineNumber":8,"author":{"gitId":"PawanPatil19"},"content":"","lastModifiedDate":"2023-01-24"},{"lineNumber":9,"author":{"gitId":"PawanPatil19"},"content":"    public void closeInput() {","lastModifiedDate":"2023-01-24"},{"lineNumber":10,"author":{"gitId":"PawanPatil19"},"content":"        this.sc.close();","lastModifiedDate":"2023-01-24"},{"lineNumber":11,"author":{"gitId":"PawanPatil19"},"content":"    }","lastModifiedDate":"2023-01-24"},{"lineNumber":12,"author":{"gitId":"PawanPatil19"},"content":"","lastModifiedDate":"2023-01-24"},{"lineNumber":13,"author":{"gitId":"PawanPatil19"},"content":"    public void printLine() {","lastModifiedDate":"2023-01-24"},{"lineNumber":14,"author":{"gitId":"PawanPatil19"},"content":"        System.out.println(\"------------------------------------------------------------------\");","lastModifiedDate":"2023-01-24"},{"lineNumber":15,"author":{"gitId":"PawanPatil19"},"content":"    }","lastModifiedDate":"2023-01-24"},{"lineNumber":16,"author":{"gitId":"PawanPatil19"},"content":"","lastModifiedDate":"2023-01-24"},{"lineNumber":17,"author":{"gitId":"PawanPatil19"},"content":"    public void initialDisplay() {","lastModifiedDate":"2023-01-24"},{"lineNumber":18,"author":{"gitId":"PawanPatil19"},"content":"        String logo \u003d \" ____        _\\n\"","lastModifiedDate":"2023-01-24"},{"lineNumber":19,"author":{"gitId":"PawanPatil19"},"content":"                + \"|  _ \\\\ _   _| | _____\\n\"","lastModifiedDate":"2023-01-24"},{"lineNumber":20,"author":{"gitId":"PawanPatil19"},"content":"                + \"| | | | | | | |/ / _ \\\\\\n\"","lastModifiedDate":"2023-01-24"},{"lineNumber":21,"author":{"gitId":"PawanPatil19"},"content":"                + \"| |_| | |_| |   \u003c  __/\\n\"","lastModifiedDate":"2023-01-24"},{"lineNumber":22,"author":{"gitId":"PawanPatil19"},"content":"                + \"|____/ \\\\__,_|_|\\\\_\\\\___|\\n\";","lastModifiedDate":"2023-01-24"},{"lineNumber":23,"author":{"gitId":"PawanPatil19"},"content":"        System.out.println(logo);","lastModifiedDate":"2023-01-24"},{"lineNumber":24,"author":{"gitId":"PawanPatil19"},"content":"        System.out.println(\"Welcome! I\u0027m Duke.\");","lastModifiedDate":"2023-01-24"},{"lineNumber":25,"author":{"gitId":"PawanPatil19"},"content":"        System.out.println(\"What can I do for you?\\n\");","lastModifiedDate":"2023-01-24"},{"lineNumber":26,"author":{"gitId":"PawanPatil19"},"content":"        printLine();","lastModifiedDate":"2023-01-24"},{"lineNumber":27,"author":{"gitId":"PawanPatil19"},"content":"    }","lastModifiedDate":"2023-01-24"},{"lineNumber":28,"author":{"gitId":"PawanPatil19"},"content":"","lastModifiedDate":"2023-01-24"},{"lineNumber":29,"author":{"gitId":"PawanPatil19"},"content":"    public void taskAddDisplay(Task task, int listLength) {","lastModifiedDate":"2023-01-24"},{"lineNumber":30,"author":{"gitId":"PawanPatil19"},"content":"        System.out.println(\"\\tGot it. I\u0027ve added this task:\");","lastModifiedDate":"2023-01-24"},{"lineNumber":31,"author":{"gitId":"PawanPatil19"},"content":"        System.out.println(\"\\t\" + task.toString());","lastModifiedDate":"2023-01-24"},{"lineNumber":32,"author":{"gitId":"PawanPatil19"},"content":"        displayTasks(listLength);","lastModifiedDate":"2023-01-24"},{"lineNumber":33,"author":{"gitId":"PawanPatil19"},"content":"    }","lastModifiedDate":"2023-01-24"},{"lineNumber":34,"author":{"gitId":"PawanPatil19"},"content":"","lastModifiedDate":"2023-01-24"},{"lineNumber":35,"author":{"gitId":"PawanPatil19"},"content":"    public void taskDeleteDisplay(TaskList list, int taskIndex) {","lastModifiedDate":"2023-01-24"},{"lineNumber":36,"author":{"gitId":"PawanPatil19"},"content":"        System.out.println(\"\\tNoted. I\u0027ve removed this task:\");","lastModifiedDate":"2023-01-24"},{"lineNumber":37,"author":{"gitId":"PawanPatil19"},"content":"        System.out.println(\"\\t\\t\" + list.getTask(taskIndex).toString());","lastModifiedDate":"2023-01-24"},{"lineNumber":38,"author":{"gitId":"PawanPatil19"},"content":"    }","lastModifiedDate":"2023-01-24"},{"lineNumber":39,"author":{"gitId":"PawanPatil19"},"content":"","lastModifiedDate":"2023-01-24"},{"lineNumber":40,"author":{"gitId":"PawanPatil19"},"content":"    public void displayList(TaskList list) {","lastModifiedDate":"2023-01-24"},{"lineNumber":41,"author":{"gitId":"PawanPatil19"},"content":"        int listSize \u003d list.listLength();","lastModifiedDate":"2023-01-24"},{"lineNumber":42,"author":{"gitId":"PawanPatil19"},"content":"        for(int i \u003d 1; i \u003c\u003d listSize; i++) {","lastModifiedDate":"2023-01-24"},{"lineNumber":43,"author":{"gitId":"PawanPatil19"},"content":"            System.out.println(\"\\t\" + i + \". \" + list.getTask(i).toString());","lastModifiedDate":"2023-01-24"},{"lineNumber":44,"author":{"gitId":"PawanPatil19"},"content":"        }","lastModifiedDate":"2023-01-24"},{"lineNumber":45,"author":{"gitId":"PawanPatil19"},"content":"    }","lastModifiedDate":"2023-01-24"},{"lineNumber":46,"author":{"gitId":"PawanPatil19"},"content":"","lastModifiedDate":"2023-01-24"},{"lineNumber":47,"author":{"gitId":"PawanPatil19"},"content":"    public void displayTasks(int listLength) {","lastModifiedDate":"2023-01-24"},{"lineNumber":48,"author":{"gitId":"PawanPatil19"},"content":"        System.out.println(String.format(\"\\tNow you have %d tasks in the list.\", listLength));","lastModifiedDate":"2023-01-24"},{"lineNumber":49,"author":{"gitId":"PawanPatil19"},"content":"    }","lastModifiedDate":"2023-01-24"},{"lineNumber":50,"author":{"gitId":"PawanPatil19"},"content":"","lastModifiedDate":"2023-01-24"},{"lineNumber":51,"author":{"gitId":"PawanPatil19"},"content":"    public void unmarkTaskDisplay(Task task) {","lastModifiedDate":"2023-01-24"},{"lineNumber":52,"author":{"gitId":"PawanPatil19"},"content":"        System.out.println(\"\\tOK, I\u0027ve marked this task as not done yet:\");","lastModifiedDate":"2023-01-24"},{"lineNumber":53,"author":{"gitId":"PawanPatil19"},"content":"        System.out.println(\"\\t\\t\" + task.toString());","lastModifiedDate":"2023-01-24"},{"lineNumber":54,"author":{"gitId":"PawanPatil19"},"content":"    }","lastModifiedDate":"2023-01-24"},{"lineNumber":55,"author":{"gitId":"PawanPatil19"},"content":"","lastModifiedDate":"2023-01-24"},{"lineNumber":56,"author":{"gitId":"PawanPatil19"},"content":"    public void markTaskDisplay(Task task) {","lastModifiedDate":"2023-01-24"},{"lineNumber":57,"author":{"gitId":"PawanPatil19"},"content":"        System.out.println(\"\\tNice! I\u0027ve marked this task as done:\");","lastModifiedDate":"2023-01-24"},{"lineNumber":58,"author":{"gitId":"PawanPatil19"},"content":"        System.out.println(\"\\t\\t\" + task.toString());","lastModifiedDate":"2023-01-24"},{"lineNumber":59,"author":{"gitId":"PawanPatil19"},"content":"    }","lastModifiedDate":"2023-01-24"},{"lineNumber":60,"author":{"gitId":"PawanPatil19"},"content":"","lastModifiedDate":"2023-01-24"},{"lineNumber":61,"author":{"gitId":"PawanPatil19"},"content":"    public void exitDisplay() {","lastModifiedDate":"2023-01-24"},{"lineNumber":62,"author":{"gitId":"PawanPatil19"},"content":"        System.out.println(\"\\tBye. Hope to see you again soon!\");","lastModifiedDate":"2023-01-24"},{"lineNumber":63,"author":{"gitId":"PawanPatil19"},"content":"        printLine();","lastModifiedDate":"2023-01-24"},{"lineNumber":64,"author":{"gitId":"PawanPatil19"},"content":"    }","lastModifiedDate":"2023-01-24"},{"lineNumber":65,"author":{"gitId":"PawanPatil19"},"content":"}","lastModifiedDate":"2023-01-24"}],"authorContributionMap":{"PawanPatil19":65}},{"path":"text-ui-test/input.txt","fileType":"txt","lines":[{"lineNumber":1,"author":{"gitId":"PawanPatil19"},"content":"todo read book","lastModifiedDate":"2023-01-19"},{"lineNumber":2,"author":{"gitId":"PawanPatil19"},"content":"deadline return book /by Sunday","lastModifiedDate":"2023-01-19"},{"lineNumber":3,"author":{"gitId":"PawanPatil19"},"content":"event project meeting /from Mon 2pm /to 4pm","lastModifiedDate":"2023-01-19"},{"lineNumber":4,"author":{"gitId":"PawanPatil19"},"content":"todo fix laptop","lastModifiedDate":"2023-01-19"},{"lineNumber":5,"author":{"gitId":"PawanPatil19"},"content":"mark 1","lastModifiedDate":"2023-01-19"},{"lineNumber":6,"author":{"gitId":"PawanPatil19"},"content":"list","lastModifiedDate":"2023-01-19"},{"lineNumber":7,"author":{"gitId":"PawanPatil19"},"content":"mark 3","lastModifiedDate":"2023-01-19"},{"lineNumber":8,"author":{"gitId":"PawanPatil19"},"content":"unmark 1","lastModifiedDate":"2023-01-19"},{"lineNumber":9,"author":{"gitId":"PawanPatil19"},"content":"delete 1","lastModifiedDate":"2023-01-19"},{"lineNumber":10,"author":{"gitId":"PawanPatil19"},"content":"list","lastModifiedDate":"2023-01-19"},{"lineNumber":11,"author":{"gitId":"PawanPatil19"},"content":"bye","lastModifiedDate":"2023-01-19"}],"authorContributionMap":{"PawanPatil19":11}}]
