[{"path":"src/main/java/Duke.java","fileType":"java","lines":[{"lineNumber":1,"author":{"gitId":"nerdyboy98"},"content":"","lastModifiedDate":"2023-01-18"},{"lineNumber":2,"author":{"gitId":"nerdyboy98"},"content":"import java.sql.Array;","lastModifiedDate":"2023-01-18"},{"lineNumber":3,"author":{"gitId":"nerdyboy98"},"content":"import java.util.Scanner;","lastModifiedDate":"2023-01-18"},{"lineNumber":4,"author":{"gitId":"nerdyboy98"},"content":"import java.util.ArrayList;","lastModifiedDate":"2023-01-18"},{"lineNumber":5,"author":{"gitId":"nerdyboy98"},"content":"import java.util.StringTokenizer;","lastModifiedDate":"2023-01-18"},{"lineNumber":6,"author":{"gitId":"-"},"content":"public class Duke {","lastModifiedDate":"2019-07-29"},{"lineNumber":7,"author":{"gitId":"nerdyboy98"},"content":"    /*public static void main(String[] args) {","lastModifiedDate":"2023-01-18"},{"lineNumber":8,"author":{"gitId":"-"},"content":"        String logo \u003d \" ____        _        \\n\"","lastModifiedDate":"2019-07-29"},{"lineNumber":9,"author":{"gitId":"-"},"content":"                + \"|  _ \\\\ _   _| | _____ \\n\"","lastModifiedDate":"2019-07-29"},{"lineNumber":10,"author":{"gitId":"-"},"content":"                + \"| | | | | | | |/ / _ \\\\\\n\"","lastModifiedDate":"2019-07-29"},{"lineNumber":11,"author":{"gitId":"-"},"content":"                + \"| |_| | |_| |   \u003c  __/\\n\"","lastModifiedDate":"2019-07-29"},{"lineNumber":12,"author":{"gitId":"-"},"content":"                + \"|____/ \\\\__,_|_|\\\\_\\\\___|\\n\";","lastModifiedDate":"2019-07-29"},{"lineNumber":13,"author":{"gitId":"-"},"content":"        System.out.println(\"Hello from\\n\" + logo);","lastModifiedDate":"2019-07-29"},{"lineNumber":14,"author":{"gitId":"nerdyboy98"},"content":"    }*/","lastModifiedDate":"2023-01-18"},{"lineNumber":15,"author":{"gitId":"nerdyboy98"},"content":"","lastModifiedDate":"2023-01-18"},{"lineNumber":16,"author":{"gitId":"nerdyboy98"},"content":"    public static void main(String[] args) {","lastModifiedDate":"2023-01-18"},{"lineNumber":17,"author":{"gitId":"nerdyboy98"},"content":"        String greetings \u003d \"Heyyo, Pandora at your service \\n\"","lastModifiedDate":"2023-01-18"},{"lineNumber":18,"author":{"gitId":"nerdyboy98"},"content":"                + \"What can I do for you?\";","lastModifiedDate":"2023-01-18"},{"lineNumber":19,"author":{"gitId":"nerdyboy98"},"content":"        System.out.println(greetings);","lastModifiedDate":"2023-01-18"},{"lineNumber":20,"author":{"gitId":"nerdyboy98"},"content":"","lastModifiedDate":"2023-01-18"},{"lineNumber":21,"author":{"gitId":"nerdyboy98"},"content":"        //Initial inputs","lastModifiedDate":"2023-01-18"},{"lineNumber":22,"author":{"gitId":"nerdyboy98"},"content":"        String userMessage;","lastModifiedDate":"2023-01-18"},{"lineNumber":23,"author":{"gitId":"nerdyboy98"},"content":"","lastModifiedDate":"2023-01-18"},{"lineNumber":24,"author":{"gitId":"nerdyboy98"},"content":"        //To-do-list","lastModifiedDate":"2023-01-18"},{"lineNumber":25,"author":{"gitId":"nerdyboy98"},"content":"        ArrayList\u003cTask\u003e toDoList \u003d new ArrayList\u003cTask\u003e();","lastModifiedDate":"2023-01-18"},{"lineNumber":26,"author":{"gitId":"nerdyboy98"},"content":"","lastModifiedDate":"2023-01-18"},{"lineNumber":27,"author":{"gitId":"nerdyboy98"},"content":"        while (true) {","lastModifiedDate":"2023-01-18"},{"lineNumber":28,"author":{"gitId":"nerdyboy98"},"content":"            Scanner userInput \u003d new Scanner(System.in);","lastModifiedDate":"2023-01-18"},{"lineNumber":29,"author":{"gitId":"nerdyboy98"},"content":"            userMessage \u003d userInput.nextLine();","lastModifiedDate":"2023-01-18"},{"lineNumber":30,"author":{"gitId":"nerdyboy98"},"content":"            String [] parts \u003d userMessage.split(\" \");","lastModifiedDate":"2023-01-18"},{"lineNumber":31,"author":{"gitId":"nerdyboy98"},"content":"","lastModifiedDate":"2023-01-18"},{"lineNumber":32,"author":{"gitId":"nerdyboy98"},"content":"            if (parts[0].equals(\"bye\")) {","lastModifiedDate":"2023-01-18"},{"lineNumber":33,"author":{"gitId":"nerdyboy98"},"content":"                System.out.print(\"  \");","lastModifiedDate":"2023-01-18"},{"lineNumber":34,"author":{"gitId":"nerdyboy98"},"content":"                System.out.print(\"Cya~ Till next time!\");","lastModifiedDate":"2023-01-18"},{"lineNumber":35,"author":{"gitId":"nerdyboy98"},"content":"                break;","lastModifiedDate":"2023-01-18"},{"lineNumber":36,"author":{"gitId":"nerdyboy98"},"content":"            } else if (parts[0].equals(\"list\")) {","lastModifiedDate":"2023-01-18"},{"lineNumber":37,"author":{"gitId":"nerdyboy98"},"content":"                System.out.println(\"Here are the tasks in your list:\");","lastModifiedDate":"2023-01-18"},{"lineNumber":38,"author":{"gitId":"nerdyboy98"},"content":"                for (int i \u003d 0; i \u003c toDoList.size(); i++) {","lastModifiedDate":"2023-01-18"},{"lineNumber":39,"author":{"gitId":"nerdyboy98"},"content":"                    System.out.print(\"  \");","lastModifiedDate":"2023-01-18"},{"lineNumber":40,"author":{"gitId":"nerdyboy98"},"content":"                    System.out.println(i + 1 + \". \" + toDoList.get(i).getStatus());","lastModifiedDate":"2023-01-18"},{"lineNumber":41,"author":{"gitId":"nerdyboy98"},"content":"                }","lastModifiedDate":"2023-01-18"},{"lineNumber":42,"author":{"gitId":"nerdyboy98"},"content":"            } else if (parts[0].equals(\"mark\")) {","lastModifiedDate":"2023-01-18"},{"lineNumber":43,"author":{"gitId":"nerdyboy98"},"content":"                int selection \u003d Integer.parseInt(parts[1]) - 1;","lastModifiedDate":"2023-01-18"},{"lineNumber":44,"author":{"gitId":"nerdyboy98"},"content":"                toDoList.get(selection).mark();","lastModifiedDate":"2023-01-18"},{"lineNumber":45,"author":{"gitId":"nerdyboy98"},"content":"                System.out.println(\"OK, I\u0027ve marked this task as done:\");","lastModifiedDate":"2023-01-18"},{"lineNumber":46,"author":{"gitId":"nerdyboy98"},"content":"                System.out.println(toDoList.get(selection).getStatus());","lastModifiedDate":"2023-01-18"},{"lineNumber":47,"author":{"gitId":"nerdyboy98"},"content":"            } else if (parts[0].equals(\"unmark\")) {","lastModifiedDate":"2023-01-18"},{"lineNumber":48,"author":{"gitId":"nerdyboy98"},"content":"                int selection \u003d Integer.parseInt(parts[1]) - 1;","lastModifiedDate":"2023-01-18"},{"lineNumber":49,"author":{"gitId":"nerdyboy98"},"content":"                toDoList.get(selection).unmark();","lastModifiedDate":"2023-01-18"},{"lineNumber":50,"author":{"gitId":"nerdyboy98"},"content":"                System.out.println(\"OK, I\u0027ve marked this task as not done yet:\");","lastModifiedDate":"2023-01-18"},{"lineNumber":51,"author":{"gitId":"nerdyboy98"},"content":"                System.out.println(toDoList.get(selection).getStatus());","lastModifiedDate":"2023-01-18"},{"lineNumber":52,"author":{"gitId":"nerdyboy98"},"content":"            } else {","lastModifiedDate":"2023-01-18"},{"lineNumber":53,"author":{"gitId":"nerdyboy98"},"content":"                toDoList.add(new Task(userMessage));","lastModifiedDate":"2023-01-18"},{"lineNumber":54,"author":{"gitId":"nerdyboy98"},"content":"                System.out.print(\"  \");","lastModifiedDate":"2023-01-18"},{"lineNumber":55,"author":{"gitId":"nerdyboy98"},"content":"                System.out.println(\"added: \" + userMessage);","lastModifiedDate":"2023-01-18"},{"lineNumber":56,"author":{"gitId":"nerdyboy98"},"content":"            }","lastModifiedDate":"2023-01-18"},{"lineNumber":57,"author":{"gitId":"nerdyboy98"},"content":"","lastModifiedDate":"2023-01-18"},{"lineNumber":58,"author":{"gitId":"nerdyboy98"},"content":"        }","lastModifiedDate":"2023-01-18"},{"lineNumber":59,"author":{"gitId":"nerdyboy98"},"content":"","lastModifiedDate":"2023-01-18"},{"lineNumber":60,"author":{"gitId":"nerdyboy98"},"content":"        //split by first delimiter \" \"","lastModifiedDate":"2023-01-18"},{"lineNumber":61,"author":{"gitId":"nerdyboy98"},"content":"        //split 2nd token by / delimiter","lastModifiedDate":"2023-01-18"},{"lineNumber":62,"author":{"gitId":"nerdyboy98"},"content":"","lastModifiedDate":"2023-01-18"},{"lineNumber":63,"author":{"gitId":"-"},"content":"    }","lastModifiedDate":"2019-07-29"},{"lineNumber":64,"author":{"gitId":"-"},"content":"}","lastModifiedDate":"2019-07-29"}],"authorContributionMap":{"nerdyboy98":55,"-":9}},{"path":"src/main/java/Task.java","fileType":"java","lines":[{"lineNumber":1,"author":{"gitId":"nerdyboy98"},"content":"public class Task {","lastModifiedDate":"2023-01-18"},{"lineNumber":2,"author":{"gitId":"nerdyboy98"},"content":"    protected String status;","lastModifiedDate":"2023-01-18"},{"lineNumber":3,"author":{"gitId":"nerdyboy98"},"content":"    protected String description;","lastModifiedDate":"2023-01-18"},{"lineNumber":4,"author":{"gitId":"nerdyboy98"},"content":"    protected boolean isDone;","lastModifiedDate":"2023-01-18"},{"lineNumber":5,"author":{"gitId":"nerdyboy98"},"content":"","lastModifiedDate":"2023-01-18"},{"lineNumber":6,"author":{"gitId":"nerdyboy98"},"content":"    public Task(String description) {","lastModifiedDate":"2023-01-18"},{"lineNumber":7,"author":{"gitId":"nerdyboy98"},"content":"        this.status \u003d \" \";","lastModifiedDate":"2023-01-18"},{"lineNumber":8,"author":{"gitId":"nerdyboy98"},"content":"        this.description \u003d description;","lastModifiedDate":"2023-01-18"},{"lineNumber":9,"author":{"gitId":"nerdyboy98"},"content":"        this.isDone \u003d false;","lastModifiedDate":"2023-01-18"},{"lineNumber":10,"author":{"gitId":"nerdyboy98"},"content":"    }","lastModifiedDate":"2023-01-18"},{"lineNumber":11,"author":{"gitId":"nerdyboy98"},"content":"","lastModifiedDate":"2023-01-18"},{"lineNumber":12,"author":{"gitId":"nerdyboy98"},"content":"    public String toggleStatus() {","lastModifiedDate":"2023-01-18"},{"lineNumber":13,"author":{"gitId":"nerdyboy98"},"content":"        return (isDone ? \"X\" : \" \");","lastModifiedDate":"2023-01-18"},{"lineNumber":14,"author":{"gitId":"nerdyboy98"},"content":"    }","lastModifiedDate":"2023-01-18"},{"lineNumber":15,"author":{"gitId":"nerdyboy98"},"content":"","lastModifiedDate":"2023-01-18"},{"lineNumber":16,"author":{"gitId":"nerdyboy98"},"content":"    public void mark() {","lastModifiedDate":"2023-01-18"},{"lineNumber":17,"author":{"gitId":"nerdyboy98"},"content":"        if (this.isDone \u003d\u003d false) {","lastModifiedDate":"2023-01-18"},{"lineNumber":18,"author":{"gitId":"nerdyboy98"},"content":"            this.isDone \u003d true;","lastModifiedDate":"2023-01-18"},{"lineNumber":19,"author":{"gitId":"nerdyboy98"},"content":"            this.status \u003d toggleStatus();","lastModifiedDate":"2023-01-18"},{"lineNumber":20,"author":{"gitId":"nerdyboy98"},"content":"        }","lastModifiedDate":"2023-01-18"},{"lineNumber":21,"author":{"gitId":"nerdyboy98"},"content":"    }","lastModifiedDate":"2023-01-18"},{"lineNumber":22,"author":{"gitId":"nerdyboy98"},"content":"","lastModifiedDate":"2023-01-18"},{"lineNumber":23,"author":{"gitId":"nerdyboy98"},"content":"    public void unmark() {","lastModifiedDate":"2023-01-18"},{"lineNumber":24,"author":{"gitId":"nerdyboy98"},"content":"        if (this.isDone \u003d\u003d true) {","lastModifiedDate":"2023-01-18"},{"lineNumber":25,"author":{"gitId":"nerdyboy98"},"content":"            this.isDone \u003d false;","lastModifiedDate":"2023-01-18"},{"lineNumber":26,"author":{"gitId":"nerdyboy98"},"content":"            this.status \u003d toggleStatus();","lastModifiedDate":"2023-01-18"},{"lineNumber":27,"author":{"gitId":"nerdyboy98"},"content":"        }","lastModifiedDate":"2023-01-18"},{"lineNumber":28,"author":{"gitId":"nerdyboy98"},"content":"    }","lastModifiedDate":"2023-01-18"},{"lineNumber":29,"author":{"gitId":"nerdyboy98"},"content":"    public String getStatus() {","lastModifiedDate":"2023-01-18"},{"lineNumber":30,"author":{"gitId":"nerdyboy98"},"content":"        return \"[\" + this.status + \"] \" + this.description;","lastModifiedDate":"2023-01-18"},{"lineNumber":31,"author":{"gitId":"nerdyboy98"},"content":"    }","lastModifiedDate":"2023-01-18"},{"lineNumber":32,"author":{"gitId":"nerdyboy98"},"content":"}","lastModifiedDate":"2023-01-18"}],"authorContributionMap":{"nerdyboy98":32}}]
