{"authorDailyContributionsMap":{"huixuant":[{"date":"2023-01-15","commitResults":[{"hash":"914b19f8b200e942a22af6c76ce3b8e422251ec9","messageTitle":"Implemented Level-1 (greet, echo, exit) and personalised chatbot","messageBody":"","tags":["Level-1"],"fileTypesAndContributionMap":{"java":{"insertions":31,"deletions":6}}},{"hash":"3c86dab4a02808243743264d51e6eecc23a1dfb3","messageTitle":"Implemented Level-2 (add, list)","messageBody":"","tags":["Level-2"],"fileTypesAndContributionMap":{"java":{"insertions":17,"deletions":4}}},{"hash":"058158171ed7c1ec02fc15bd04510199acf55a81","messageTitle":"Implemented Level-3 (mark as done)","messageBody":"","tags":["Level-3"],"fileTypesAndContributionMap":{"java":{"insertions":56,"deletions":6}}},{"hash":"7fee8fc52ce0f30e99ba99f187b601fcaf66528d","messageTitle":"Implemented Level-4 (todos, events, deadlines)","messageBody":"","tags":["Level-4"],"fileTypesAndContributionMap":{"java":{"insertions":86,"deletions":10}}},{"hash":"e3a6bafa06d658777609e67964c9df039d828248","messageTitle":"Added test cases and expected outputs for automated text UI testing","messageBody":"","tags":["A-TextUiTesting"],"fileTypesAndContributionMap":{"txt":{"insertions":10,"deletions":0}}}]},{"date":"2023-01-16","commitResults":[{"hash":"ee701024542e4686a885e32b18857a7bb41f59ca","messageTitle":"Refactored code to handle exceptions like incorrect input","messageBody":"","tags":["Level-5"],"fileTypesAndContributionMap":{"java":{"insertions":157,"deletions":110}}},{"hash":"52e21f28bf403ab978d1d320f75d78f06083623a","messageTitle":"Implemented Level-6 (delete)","messageBody":"","tags":["Level-6"],"fileTypesAndContributionMap":{"java":{"insertions":12,"deletions":1}}},{"hash":"fb0ce0dafacefd5024e1c6050d5dbe98aa6cff85","messageTitle":"Refactored code to implement enums","messageBody":"","tags":["A-Enums"],"fileTypesAndContributionMap":{"java":{"insertions":77,"deletions":68}}}]},{"date":"2023-01-22","commitResults":[{"hash":"dd2f2bfb92a384f23d770bcb8a26dfcabb1725d4","messageTitle":"Implement Level-7 (add support for file operations)","messageBody":"","tags":["Level-7"],"fileTypesAndContributionMap":{"java":{"insertions":103,"deletions":19}}}]},{"date":"2023-01-23","commitResults":[{"hash":"c1128e8dcc15a87b997401ce7c611ae5f2122159","messageTitle":"Implement Level-8 (add support for date and time)","messageBody":"","tags":["Level-8"],"fileTypesAndContributionMap":{"java":{"insertions":173,"deletions":58}}},{"hash":"b95c2c195429c3012fd59783f1ff83e1fff59b84","messageTitle":"Partially implement A-MoreOOP by abstracting user interactions into Ui class","messageBody":"","fileTypesAndContributionMap":{"java":{"insertions":2,"deletions":0}}}]},{"date":"2023-01-24","commitResults":[{"hash":"c3207c461cde19a629ef5fe3173e09669d7eb547","messageTitle":"Implement A-MoreOOP (add Ui, Storage, Parser, Tasklist and Command classes)","messageBody":"","tags":["A-Packages","A-MoreOOP"],"fileTypesAndContributionMap":{"java":{"insertions":707,"deletions":272}}},{"hash":"3f1b95754fe9bca4241f7906e2bb9ffa183dd8cc","messageTitle":"Implement A-JUnit (add tests for selected methods)","messageBody":"","tags":["A-Jar"],"fileTypesAndContributionMap":{"java":{"insertions":9,"deletions":0}}}]},{"date":"2023-01-25","commitResults":[{"hash":"82be68932c30c5baf85206b35a19cbfb0522b14d","messageTitle":"Add Javadoc header comments","messageBody":"","fileTypesAndContributionMap":{"gradle":{"insertions":3,"deletions":2},"java":{"insertions":294,"deletions":9}}},{"hash":"34c74524c38486924ceb56f4a768805b1b492d1b","messageTitle":"Edit code to comply with coding standard","messageBody":"","fileTypesAndContributionMap":{"gradle":{"insertions":5,"deletions":0},"java":{"insertions":100,"deletions":61}}},{"hash":"10f4ae068a7a51cff9ec195679f0d2d34acfb7c0","messageTitle":"Add find task with keyword functionality","messageBody":"","fileTypesAndContributionMap":{"java":{"insertions":74,"deletions":10}}}]},{"date":"2023-02-01","commitResults":[{"hash":"89bdecf6e7534f322520400d80dc45ee1c1cddf6","messageTitle":"Implement GUI using JavaFX","messageBody":"","fileTypesAndContributionMap":{"gradle":{"insertions":16,"deletions":0},"fxml":{"insertions":35,"deletions":0},"java":{"insertions":250,"deletions":81}}},{"hash":"6bd52376022ff27bc398d9f1e4d3e0a325eda627","messageTitle":"Add in missing JavaDoc comments (excluding controllers)","messageBody":"","fileTypesAndContributionMap":{"gradle":{"insertions":0,"deletions":1},"java":{"insertions":137,"deletions":22}}},{"hash":"efe6b77436773ffebe9a5a01b99c1c76a49bef51","messageTitle":"Modify find command to accept multiple keywords using varargs","messageBody":"","tags":["A-Varargs"],"fileTypesAndContributionMap":{"java":{"insertions":81,"deletions":40}}}]},{"date":"2023-02-08","commitResults":[{"hash":"882873c461e88faed1f8c3e4f3255c3f94e21f4a","messageTitle":"Add Java assertions","messageBody":"","fileTypesAndContributionMap":{"gradle":{"insertions":1,"deletions":1},"java":{"insertions":16,"deletions":7}}},{"hash":"16ec725eed850a53fbcdb256a755c25e2fc8dbdf","messageTitle":"Improve code quality","messageBody":"","fileTypesAndContributionMap":{"java":{"insertions":37,"deletions":52}}},{"hash":"3f4c3b83939a49d9793378e9435da7bb00f470a9","messageTitle":"Resize height of DialogBox to fit content","messageBody":"DialogBox truncates longer messages with an ellipsis.\n\nDisplaying the full message content is more user-friendly.\n\nLet\u0027s,\n* update the fxml file to set minHeight of Label to USE_PREF_SIZE\n","tags":["A-FullCommitMessage"],"fileTypesAndContributionMap":{"gradle":{"insertions":1,"deletions":0},"fxml":{"insertions":35,"deletions":35},"java":{"insertions":1,"deletions":1}}}]},{"date":"2023-02-10","commitResults":[{"hash":"8fa03dca78aed74805296756dbefbe334f3737c5","messageTitle":"Implement FlexibleDataSource feature","messageBody":"Peppa always loads task data from data/todo.txt, if it exists.\n\nAllowing users to choose an alternative file to load tasks from provides\ngreater flexibility and optimises the user experience.\n\nLet\u0027s create new commands (FilesCommand and SelectCommand) to support\nviewing of current data sources and switching of data source.\n","fileTypesAndContributionMap":{"java":{"insertions":176,"deletions":26}}}]},{"date":"2023-02-14","commitResults":[{"hash":"59d11780e7f6a8dd7e8b7c399121e39c3e119a15","messageTitle":"Make improvements to GUI","messageBody":"","tags":["A-Personality","A-BetterGui"],"fileTypesAndContributionMap":{"fxml":{"insertions":24,"deletions":7},"java":{"insertions":8,"deletions":9}}},{"hash":"20a58634f6af8479f37a50e3684864aededc091e","messageTitle":"Correct xmlns field value in FXML files","messageBody":"","fileTypesAndContributionMap":{"fxml":{"insertions":2,"deletions":2}}},{"hash":"e0a4ee158ec0cd19caeee8bcf0a5a5aeef6ddd48","messageTitle":"Improve GUI to allow resizing of window","messageBody":"","fileTypesAndContributionMap":{"fxml":{"insertions":45,"deletions":14},"java":{"insertions":6,"deletions":1}}},{"hash":"5e40c6e98b96919ff28ff11793fb5819e506e9cd","messageTitle":"Add screenshot of Ui and update README","messageBody":"","tags":["A-UserGuide"],"fileTypesAndContributionMap":{"md":{"insertions":109,"deletions":15}}}]},{"date":"2023-02-16","commitResults":[{"hash":"0ef91ea7d9dfbb773210849383b3b8b08f54c6db","messageTitle":"Fix Checkstyle violations and ExitCommand behaviour","messageBody":"","tags":["A-Release"],"fileTypesAndContributionMap":{"gradle":{"insertions":3,"deletions":3},"java":{"insertions":150,"deletions":72},"md":{"insertions":1,"deletions":1}}}]}]},"authorFileTypeContributionMap":{"huixuant":{"java":1742,"md":109,"fxml":83,"sh":0,"bat":0,"gradle":24,"txt":10}},"authorContributionVariance":{"huixuant":49728.812},"authorDisplayNameMap":{"huixuant":"CS2103T-T13-3 TAN ..XUAN"}}
