{"authorDailyContributionsMap":{"HJ-PRK":[{"date":"2023-01-18","commitResults":[{"hash":"cdeb4c2e202581395f31a797e4e4857b7f470f23","messageTitle":"Level-1","messageBody":"","tags":["Level-1"],"fileTypesAndContributionMap":{"java":{"insertions":26,"deletions":1}}},{"hash":"2b2c1bc790e1e1c9eb4b77509db4d82ec3f2e2f5","messageTitle":"Level-2","messageBody":"","tags":["Level-2"],"fileTypesAndContributionMap":{"java":{"insertions":21,"deletions":12}}},{"hash":"cf77bb7f67f4651370a274e32081aad0a4c7346e","messageTitle":"Level-3","messageBody":"","tags":["Level-3"],"fileTypesAndContributionMap":{"java":{"insertions":33,"deletions":5}}},{"hash":"d7a36883461569d6a48fb3290f9a2f151d4d146d","messageTitle":"Level-4","messageBody":"","tags":["Level-4"],"fileTypesAndContributionMap":{"java":{"insertions":35,"deletions":4}}},{"hash":"44399c17ce04430a6b6d654ad6d7d7eef15a0ba1","messageTitle":"A-TextUiTesting","messageBody":"","tags":["A-TextUiTesting","A-TestUiTesting"],"fileTypesAndContributionMap":{"java":{"insertions":0,"deletions":5}}},{"hash":"4f3e39196b77b4dbee102a057b5eecaff7630197","messageTitle":"Level-5","messageBody":"","tags":["Level-5"],"fileTypesAndContributionMap":{"java":{"insertions":60,"deletions":53}}},{"hash":"e3b53a3578fd68dcde3c75734934164008847042","messageTitle":"Level-6","messageBody":"","tags":["Level-6"],"fileTypesAndContributionMap":{"java":{"insertions":23,"deletions":10}}}]},{"date":"2023-01-19","commitResults":[{"hash":"66243b1063781f940e95f2379cfa53385fd638a1","messageTitle":"A-Enums","messageBody":"","tags":["A-Enums"],"fileTypesAndContributionMap":{"java":{"insertions":19,"deletions":9}}}]},{"date":"2023-01-21","commitResults":[{"hash":"fcd440b2d9d11bfd014c8e291e5064d7a40592c5","messageTitle":"no message","messageBody":"","fileTypesAndContributionMap":{"java":{"insertions":117,"deletions":56}}},{"hash":"e60d926b969ba64fbc9d28f6417fc54b234a1291","messageTitle":"no message","messageBody":"","tags":["Level-7"],"fileTypesAndContributionMap":{"java":{"insertions":14,"deletions":2}}},{"hash":"ae523bf939e4941158c364618cf6f2654042f2f0","messageTitle":"level 8","messageBody":"","fileTypesAndContributionMap":{"java":{"insertions":6,"deletions":0}}},{"hash":"42f50003202512b2e2b34781709f69192a1aa35c","messageTitle":"no message","messageBody":"","tags":["Level-8"],"fileTypesAndContributionMap":{"java":{"insertions":1,"deletions":1}}}]},{"date":"2023-01-22","commitResults":[{"hash":"cb22efd4c0b0649c761371895a403acd6605df7e","messageTitle":"Make the code more OOP","messageBody":"","tags":["A-MoreOOP"],"fileTypesAndContributionMap":{"txt":{"insertions":0,"deletions":0},"java":{"insertions":128,"deletions":20}}},{"hash":"c757a98d26b4ef4828cfdfc4ef4eb107d0ea4414","messageTitle":"Add a package","messageBody":"","tags":["A-Packages"],"fileTypesAndContributionMap":{"java":{"insertions":9,"deletions":0}}},{"hash":"f49bd8e02e6107e0e0df7602d34d4eaf046d12e5","messageTitle":"Set up Gradle","messageBody":"","tags":["A-Gradle"],"fileTypesAndContributionMap":{"java":{"insertions":0,"deletions":1}}}]}]},"authorFileTypeContributionMap":{"HJ-PRK":{"java":315,"md":0,"fxml":0,"sh":0,"bat":0,"gradle":0,"txt":0}},"authorContributionVariance":{"HJ-PRK":10247.689},"authorDisplayNameMap":{"HJ-PRK":"CS2103T-W11-3 PARK..NJIN"}}
