{"authorDailyContributionsMap":{"RubyNguyen07":[{"date":"2023-01-18","commitResults":[{"hash":"b90c391d85e995ceb60f805aa6bf28052d728f38","messageTitle":"Change Duke file so that Duke can repeat and exit when needed","messageBody":"","tags":["Level-2"],"fileTypesAndContributionMap":{"java":{"insertions":18,"deletions":1}}},{"hash":"aefe70b36c74739d87a26b51598c579033cdb1af","messageTitle":"Duke can store items and return them as list later","messageBody":"","tags":["Level-3"],"fileTypesAndContributionMap":{"java":{"insertions":15,"deletions":1}}},{"hash":"8ad5fc416a6b679085f6ae42557481e77341ff3c","messageTitle":"Duke can mark item as done or undone","messageBody":"","tags":["Level-4"],"fileTypesAndContributionMap":{"java":{"insertions":61,"deletions":8}}},{"hash":"f32b69baa62ac9d2630060ffe6622c77bf57f398","messageTitle":"Duke can track 3 types of tasks","messageBody":"","tags":["A-TextUiTesting"],"fileTypesAndContributionMap":{"java":{"insertions":97,"deletions":4}}},{"hash":"9b11415737d4146804028cfea95e7abd5e9ac003","messageTitle":"Add Automated Text UI Testing","messageBody":"","tags":["Level-5"],"fileTypesAndContributionMap":{"txt":{"insertions":10,"deletions":0}}}]},{"date":"2023-01-19","commitResults":[{"hash":"d0004d4225d228cf87c25ace68e6de8dfd467342","messageTitle":"Duke can handle a few exceptions","messageBody":"","tags":["Update-Test"],"fileTypesAndContributionMap":{"java":{"insertions":211,"deletions":81}}},{"hash":"8b963809dc14250558a9a22462d85857121f6e23","messageTitle":"There is now tests for Duke\u0027s ability to handle exceptions","messageBody":"","tags":["Level-6"],"fileTypesAndContributionMap":{"txt":{"insertions":11,"deletions":1}}},{"hash":"154fc3146cef1f60e1a87e1d25eaa08a9b7f61ca","messageTitle":"Duke can delete  tasks","messageBody":"","tags":["Add-Delete-Test"],"fileTypesAndContributionMap":{"java":{"insertions":19,"deletions":5}}},{"hash":"e56cfc9e0152d6808d9dd369187088b0f1a211e5","messageTitle":"Duke can now be tested with its new delete feature","messageBody":"","tags":["A-Javadoc"],"fileTypesAndContributionMap":{"txt":{"insertions":2,"deletions":0}}},{"hash":"ab7b2319edd52f6abf9a5304d4732e8c5562daaa","messageTitle":"There are JavaDoc for most public methods","messageBody":"","tags":["A-Deadline-Bug"],"fileTypesAndContributionMap":{"java":{"insertions":133,"deletions":16}}},{"hash":"d6ca958bded8ea972acd67b0e8b461b215659dfb","messageTitle":"Fix deadline bug and add UI to separate commands","messageBody":"","fileTypesAndContributionMap":{"java":{"insertions":21,"deletions":1}}}]},{"date":"2023-01-25","commitResults":[{"hash":"8a12493d9798638ca07645515b52bb9bdf4489d5","messageTitle":"Save","messageBody":"","tags":["Level-8","Level-7"],"fileTypesAndContributionMap":{"java":{"insertions":94,"deletions":0}}},{"hash":"4811f655fa94b7a803475d2005fe2edd821f4b10","messageTitle":"Dates and Times","messageBody":"","fileTypesAndContributionMap":{"java":{"insertions":8,"deletions":3}}}]},{"date":"2023-01-26","commitResults":[{"hash":"afb9ecf1137daada501d32b36f1693a8cd876f0f","messageTitle":"OOP implemented","messageBody":"","tags":["A-Packages"],"fileTypesAndContributionMap":{"txt":{"insertions":1,"deletions":1},"java":{"insertions":474,"deletions":309}}},{"hash":"53099b2257443936cb389167d46811b723b5eaec","messageTitle":"Organize into java packages","messageBody":"","fileTypesAndContributionMap":{"java":{"insertions":91,"deletions":47},"bat":{"insertions":1,"deletions":1},"md":{"insertions":2,"deletions":2}}},{"hash":"09e2e0c026a26c678041d4cba5ae0b747cf2f04e","messageTitle":"gradle added","messageBody":"","tags":["A-JUnit"],"fileTypesAndContributionMap":{"gradle":{"insertions":1,"deletions":1}}},{"hash":"dbd19b6f006b44bff6d98625d56c4d185e95a1b0","messageTitle":"Add JUnit tests","messageBody":"","tags":["A-Jar"],"fileTypesAndContributionMap":{"java":{"insertions":39,"deletions":0}}},{"hash":"3f1f140d01cc99c8e09e90a11f0d8b38bc8e356d","messageTitle":"Create a Jar file","messageBody":"","fileTypesAndContributionMap":{"java":{"insertions":9,"deletions":5}}},{"hash":"f0a01d185bb4128cfed00c6d281f30cacce043cd","messageTitle":"Level-9","messageBody":"","tags":["Level-9"],"fileTypesAndContributionMap":{"java":{"insertions":243,"deletions":68}}},{"hash":"e93d0686a1c9a32aad5a0c28299dc3053a46be72","messageTitle":"Coding standard","messageBody":"","fileTypesAndContributionMap":{"java":{"insertions":18,"deletions":12}}}]},{"date":"2023-02-01","commitResults":[{"hash":"3b0dc2410b9cfec8c004db6b13e0c2391940d010","messageTitle":"Add Checkstyle to control coding style","messageBody":"","tags":["Level-10"],"fileTypesAndContributionMap":{"gradle":{"insertions":20,"deletions":0},"java":{"insertions":4,"deletions":0}}},{"hash":"09562d57c68d3562da3cec40e06b40833f64f900","messageTitle":"Add UI using JavaFX","messageBody":"","fileTypesAndContributionMap":{"gradle":{"insertions":5,"deletions":0},"fxml":{"insertions":56,"deletions":0},"java":{"insertions":260,"deletions":44}}}]},{"date":"2023-02-02","commitResults":[{"hash":"cda23e349d38530d19b96172984cef57f1ad91d6","messageTitle":"Change UI to look nicer","messageBody":"","fileTypesAndContributionMap":{"gradle":{"insertions":2,"deletions":2},"fxml":{"insertions":1,"deletions":1},"java":{"insertions":2,"deletions":2}}}]},{"date":"2023-02-10","commitResults":[{"hash":"a53822de2038f4f3444b27f28acd144dd05965c2","messageTitle":"Add JavaDoc","messageBody":"Add the JavaDoc for the function splitString in Storage\nso that its purpose is clear\n","tags":["A-FullCommitMessage"],"fileTypesAndContributionMap":{"java":{"insertions":6,"deletions":0}}},{"hash":"93872c0c7a22ba28adfbb5f845f354e92f85d3fd","messageTitle":"Add assertions","messageBody":"Add assertions at various points to check if code behaves as it should be\n","tags":["A-Assertions"],"fileTypesAndContributionMap":{"java":{"insertions":6,"deletions":0}}},{"hash":"ab86afcf938d66d8a2b1e6683dc6d6bf3a90989c","messageTitle":"Check code quality","messageBody":"Enforce Happy path in the code\n","tags":["A-CodeQuality"],"fileTypesAndContributionMap":{"java":{"insertions":96,"deletions":73}}},{"hash":"abbf83badc76ad1992b94613703560f201a2d863","messageTitle":"Add Note feature","messageBody":"Add Note feature so that users can note trivial things down\n","tags":["BCD-Extension"],"fileTypesAndContributionMap":{"java":{"insertions":230,"deletions":22}}}]},{"date":"2023-02-15","commitResults":[{"hash":"6f8ab572edcd34cd8578f866387ddd8a14b51ed8","messageTitle":"Add User Guide","messageBody":"","fileTypesAndContributionMap":{"java":{"insertions":248,"deletions":209},"md":{"insertions":157,"deletions":15}}},{"hash":"548ce92459352540433515604f21418af9279c0a","messageTitle":"Change Readme","messageBody":"","fileTypesAndContributionMap":{"md":{"insertions":2,"deletions":1}}}]},{"date":"2023-02-16","commitResults":[{"hash":"7e1783a9bb978660b895b51f51167bddedc4edeb","messageTitle":"Fix readme file","messageBody":"","tags":["A-Release"],"fileTypesAndContributionMap":{"gradle":{"insertions":3,"deletions":4},"md":{"insertions":15,"deletions":23}}},{"hash":"27c5e9456d242e4a8fd7b7d7ffe051e66a7ddb92","messageTitle":"Fix readme file","messageBody":"","fileTypesAndContributionMap":{"md":{"insertions":1,"deletions":1}}}]}]},"authorFileTypeContributionMap":{"RubyNguyen07":{"java":1492,"md":141,"fxml":56,"sh":0,"bat":1,"gradle":25,"txt":22}},"authorContributionVariance":{"RubyNguyen07":69208.98},"authorDisplayNameMap":{"RubyNguyen07":"CS2103T-W14-1 NGUY..NGOC"}}
