{"authorDailyContributionsMap":{"kimberlybp":[{"date":"2023-01-20","commitResults":[{"hash":"a5d695cb18581dce53a2f05244596df374d51394","messageTitle":"Add Level 1. Greet, Echo, Exit","messageBody":"","fileTypesAndContributionMap":{"java":{"insertions":22,"deletions":6}}},{"hash":"5c467ce17b80cb5479468bbb905edb1a2e8ac104","messageTitle":"Add Level 2. Add, List","messageBody":"","fileTypesAndContributionMap":{"java":{"insertions":23,"deletions":2}}},{"hash":"13479abf0cedab2c77a7eb5468c8d6854cd8028e","messageTitle":"Add Level 3. Mark as Done","messageBody":"","fileTypesAndContributionMap":{"java":{"insertions":67,"deletions":14}}},{"hash":"8f89d5c006007a067a8b1838caf38fecae03abdc","messageTitle":"Add Level 4. ToDos, Events, Deadlines","messageBody":"","fileTypesAndContributionMap":{"java":{"insertions":69,"deletions":5}}},{"hash":"886c279a40603b9f936785abab5a1e02625f6a89","messageTitle":"Add A-TextUiTesting","messageBody":"","fileTypesAndContributionMap":{"txt":{"insertions":9,"deletions":0}}},{"hash":"7aa2f97ed7a10058c201d5826d7877edb1e56410","messageTitle":"Add Level 5. Handle Errors","messageBody":"","fileTypesAndContributionMap":{"java":{"insertions":84,"deletions":60}}},{"hash":"f14b751ee6a488c0ad587affb1e59ed90b10704f","messageTitle":"Add Level 6. Delete","messageBody":"","fileTypesAndContributionMap":{"java":{"insertions":6,"deletions":0}}}]},{"date":"2023-01-31","commitResults":[{"hash":"c00ed2e9579f794e215557daef3e7afec1c8c6b0","messageTitle":"Add  Level 8. Dates and Times","messageBody":"","fileTypesAndContributionMap":{"java":{"insertions":12,"deletions":1}}},{"hash":"14075a0dbce46ebcfdd8ccfb9d4f1e90891de9a9","messageTitle":"Add Level 7. Save","messageBody":"","fileTypesAndContributionMap":{"txt":{"insertions":4,"deletions":0},"java":{"insertions":94,"deletions":2}}}]},{"date":"2023-02-01","commitResults":[{"hash":"1ad5e019bb27b1d54a9f302ef2f79d38f4e7f053","messageTitle":"Add A-MoreOOP,  A-Enums","messageBody":"","tags":["A-MoreOOP","A-Enums"],"fileTypesAndContributionMap":{"java":{"insertions":357,"deletions":158}}},{"hash":"29db1f425d021d626819b23c68321f86303b03ab","messageTitle":"Divide classes into packages, minor fixes","messageBody":"","tags":["A-Packages"],"fileTypesAndContributionMap":{"java":{"insertions":73,"deletions":19}}}]},{"date":"2023-02-07","commitResults":[{"hash":"7448a73988ccd8b4f87afed4c0f0b808158f9c5a","messageTitle":"Update build.gradle shadowJar","messageBody":"","fileTypesAndContributionMap":{"gradle":{"insertions":1,"deletions":1}}},{"hash":"cbd37e814e730d69569543442ac36bfbc666b0f6","messageTitle":"Add JUnit tests","messageBody":"","tags":["A-Jar","A-JUnit"],"fileTypesAndContributionMap":{"java":{"insertions":56,"deletions":0}}}]},{"date":"2023-02-08","commitResults":[{"hash":"ffe8cbd01ee867969f550d5e16fcfea0d82f19e3","messageTitle":"Add JavaDoc comments","messageBody":"","tags":["A-JavaDoc"],"fileTypesAndContributionMap":{"java":{"insertions":351,"deletions":1}}},{"hash":"13da630cdfbf505dc6863c9c25076cfaf166af1f","messageTitle":"Update code to comply with coding standard","messageBody":"","tags":["A-CodingStandard"],"fileTypesAndContributionMap":{"java":{"insertions":73,"deletions":59}}},{"hash":"dccaf69c19ed402fb917448500ea38cf6b579081","messageTitle":"Add Level 9. Find","messageBody":"","tags":["Level-9"],"fileTypesAndContributionMap":{"java":{"insertions":52,"deletions":8}}},{"hash":"43825546f6ebfc3d736d04708e1a1be1f7238030","messageTitle":"Add JavaDoc comments for Level-9","messageBody":"","fileTypesAndContributionMap":{"java":{"insertions":24,"deletions":0}}}]}]},"authorFileTypeContributionMap":{"kimberlybp":{"java":1036,"md":0,"fxml":0,"sh":0,"bat":0,"gradle":2,"txt":13}},"authorContributionVariance":{"kimberlybp":27156.098},"authorDisplayNameMap":{"kimberlybp":"CS2103-W17-4 KIMB..ARES"}}
