{"authorDailyContributionsMap":{"Yaladah":[{"date":"2023-01-22","commitResults":[{"hash":"0d7812fe2b36ba4c3b9cf5465ac7670dccc13311","messageTitle":"feature: Added function for chatbot to echo the user inputs, and to exit the process when \u0027bye\u0027 is input.","messageBody":"","tags":["Level-1"],"fileTypesAndContributionMap":{"java":{"insertions":30,"deletions":6}}},{"hash":"6b05388162d0993d4f9437ad99adbdcac8caa2b4","messageTitle":"feature: Added function to add inputs to a list of tasks. When \"list\" is input, displays the list of currently input tasks.","messageBody":"","tags":["Level-2"],"fileTypesAndContributionMap":{"java":{"insertions":11,"deletions":1}}},{"hash":"962c0350b42b9b4eb58baae308a3d3d38d590f51","messageTitle":"feature: Added function to mark and unmark tasks. - Also included exception catch to prevent out of bound searches","messageBody":"","tags":["Level-3"],"fileTypesAndContributionMap":{"java":{"insertions":93,"deletions":14}}},{"hash":"2185cd8921f840c1ef108bc032109f716b6bcd66","messageTitle":"Removed commented out lines in Duke.java","messageBody":"","fileTypesAndContributionMap":{"java":{"insertions":0,"deletions":14}}},{"hash":"1d08734de30f0cc7d0f546c431a8ed24e3fe98ed","messageTitle":"Feature: Added more types of tasks. - Todo tasks have no time specification. - Deadline tasks that are to be completed by a certain date. - Event tasks are tasks with a time window to be completed by.","messageBody":"","tags":["Level-4"],"fileTypesAndContributionMap":{"java":{"insertions":70,"deletions":4}}}]},{"date":"2023-01-24","commitResults":[{"hash":"2e109056da09883031f902f273dd8689c7dc2823","messageTitle":"Feature: Added text-ui testing script to test basic functions.","messageBody":"","tags":["A-TextUiTesting"],"fileTypesAndContributionMap":{"txt":{"insertions":12,"deletions":0},"java":{"insertions":3,"deletions":4}}},{"hash":"f43b82bebcbfd541ebf84e5bb6576e0c1d4590d8","messageTitle":"Feature: Added error catching to existing functions to prevent incorrect inputs. - Also updated the test script to include DukeExceptions caught","messageBody":"","tags":["Level-5"],"fileTypesAndContributionMap":{"txt":{"insertions":9,"deletions":0},"java":{"insertions":35,"deletions":15}}},{"hash":"b8c6ef2e24455870f142314bb1a7d8451aa82ac0","messageTitle":"Feature: Added funtion to delete tasks from task list.","messageBody":"","tags":["Level-6"],"fileTypesAndContributionMap":{"txt":{"insertions":4,"deletions":0},"java":{"insertions":15,"deletions":0}}}]},{"date":"2023-01-28","commitResults":[{"hash":"1e01196adcebae95ad46fe75c42f42ab7566a5de","messageTitle":"Feature: Add functionality to save tasks to harddrive","messageBody":"","tags":["Level-7"],"fileTypesAndContributionMap":{"java":{"insertions":114,"deletions":11}}},{"hash":"584dbad206b2f7599656d5736e03baef6c395701","messageTitle":"Feature: Add ability for chatbot to recognise dates - Able to read input dates in yyyy-mm-dd format and display on list as dd-MMM-yyyy (eg 23 Feb 2023)","messageBody":"","tags":["Level-8","A-FullCommitMessage"],"fileTypesAndContributionMap":{"txt":{"insertions":7,"deletions":3},"java":{"insertions":46,"deletions":18}}}]},{"date":"2023-01-31","commitResults":[{"hash":"275f63741c1e58c2edfb0d1e64ffc275f1c9ea91","messageTitle":"Chore: Abstract out closely related code as classes","messageBody":"","tags":["A-MoreOOP"],"fileTypesAndContributionMap":{"java":{"insertions":335,"deletions":219}}},{"hash":"f858a017807d890aacbbd95b26f517703c9b246e","messageTitle":"Chore: Categorise classes into more concrete packages","messageBody":"","tags":["A-Packages"],"fileTypesAndContributionMap":{"java":{"insertions":31,"deletions":8},"bat":{"insertions":1,"deletions":1},"sh":{"insertions":1,"deletions":1},"md":{"insertions":2,"deletions":2}}},{"hash":"40b911582cf54e71c23179ccc945bef62a9a28ad","messageTitle":"Chore: Add gradle support to automate testing","messageBody":"","tags":["A-Gradle"],"fileTypesAndContributionMap":{"gradle":{"insertions":5,"deletions":0},"txt":{"insertions":2,"deletions":0},"java":{"insertions":63,"deletions":73}}},{"hash":"ddb81e70608a2087901eac27b6c3b55991eaf4b4","messageTitle":"Add Junit test cases","messageBody":"","tags":["A-Jar","A-JUnit"],"fileTypesAndContributionMap":{"java":{"insertions":57,"deletions":0}}},{"hash":"402f128bfd94eaadff392f21ceb1c2a374dd0940","messageTitle":"Fix: Update dependencies to build Jar files","messageBody":"","fileTypesAndContributionMap":{"gradle":{"insertions":17,"deletions":2}}},{"hash":"809f59ef2966aa4fc1ebab3b6388bdfed4103a5c","messageTitle":"Chore: Add JavaDocs to most non-trivial methods","messageBody":"","tags":["A-JavaDoc"],"fileTypesAndContributionMap":{"java":{"insertions":187,"deletions":1}}},{"hash":"a5c818ac13906f37385976aecc0563aeb1f74686","messageTitle":"Chore: Touch up on code to comply to java coding standards","messageBody":"","tags":["A-CodingStandard"],"fileTypesAndContributionMap":{"java":{"insertions":72,"deletions":41}}},{"hash":"82939e68c672b14000b2289014a00e5779569e7f","messageTitle":"Feature: Add function to filter list of tasks by keyword","messageBody":"","tags":["Level-9"],"fileTypesAndContributionMap":{"txt":{"insertions":0,"deletions":2},"java":{"insertions":36,"deletions":0}}}]},{"date":"2023-02-07","commitResults":[{"hash":"3b4c073380d464638f36d783671b075b6a624ac4","messageTitle":"Feature: Implement the use of GUI using JavaFX","messageBody":"","tags":["Level-10"],"fileTypesAndContributionMap":{"fxml":{"insertions":48,"deletions":0},"java":{"insertions":356,"deletions":37}}}]},{"date":"2023-02-14","commitResults":[{"hash":"fcc31d1473594545c04ba5915927dfb68ced4440","messageTitle":"Chore: Fix \u0027bye\u0027 function","messageBody":"","fileTypesAndContributionMap":{"java":{"insertions":33,"deletions":4}}},{"hash":"42f7979dcbb97c357e292cdff093c37f416f4f72","messageTitle":"Chore: Update README","messageBody":"","fileTypesAndContributionMap":{"md":{"insertions":19,"deletions":21}}},{"hash":"de6c20502e361d1b26b8e0a11ddf8bf7f4923ec4","messageTitle":"Chore: Add assertions","messageBody":"","fileTypesAndContributionMap":{"java":{"insertions":3,"deletions":0}}},{"hash":"59f8bd0c0f901541eb941c50b9e99ab7b0a5398c","messageTitle":"Chore: Touch up on code quality issues","messageBody":"","fileTypesAndContributionMap":{"java":{"insertions":4,"deletions":29}}},{"hash":"87d9d273e7b421adad3ebfed38a99c847097a808","messageTitle":"Chore: Fix coding quality","messageBody":"","fileTypesAndContributionMap":{"java":{"insertions":4,"deletions":23}}},{"hash":"8e2f06dcd32a4f7de87f6c305f603a56065ce9c3","messageTitle":"Feat: Add duration tasks - Tasks that have a given time period to be completed by","messageBody":"","tags":["BCD-Extension"],"fileTypesAndContributionMap":{"txt":{"insertions":2,"deletions":0},"java":{"insertions":76,"deletions":0}}},{"hash":"927c76407e8b4a49cc37e853ea92f52bfe6fd537","messageTitle":"Chore: Update README and user guide","messageBody":"","tags":["A-UserGuide","A-JarV0.2"],"fileTypesAndContributionMap":{"txt":{"insertions":2,"deletions":0},"java":{"insertions":1,"deletions":27},"md":{"insertions":79,"deletions":10}}},{"hash":"a6d06c2cbb8e51f3792a73b94301f289b3df2d08","messageTitle":"Chore: update build.gradle information","messageBody":"","fileTypesAndContributionMap":{"gradle":{"insertions":1,"deletions":1},"txt":{"insertions":0,"deletions":4}}}]}]},"authorFileTypeContributionMap":{"Yaladah":{"java":1134,"md":92,"fxml":48,"sh":1,"bat":1,"gradle":21,"txt":29}},"authorContributionVariance":{"Yaladah":47781.62},"authorDisplayNameMap":{"Yaladah":"CS2103T-W15-3 JERO..W EE"}}
