{"authorDailyContributionsMap":{"Lanreath":[{"date":"2023-01-17","commitResults":[{"hash":"ccf15a079ec9dad149d8d1d3a812c417b584e88d","messageTitle":"Echo user console input, exit on bye","messageBody":"","tags":["Level-2","Level-1"],"fileTypesAndContributionMap":{"java":{"insertions":16,"deletions":0}}},{"hash":"3873535723bd5b64ef501cc1feba1a20035e466b","messageTitle":"Store text and display when requested","messageBody":"","tags":["Level-3"],"fileTypesAndContributionMap":{"java":{"insertions":9,"deletions":3}}},{"hash":"7accf37c07e16f3b2881e9da611963c177dc0dca","messageTitle":"Task marking/unmarking","messageBody":"","tags":["Level-4"],"fileTypesAndContributionMap":{"java":{"insertions":43,"deletions":4}}},{"hash":"b44eac47092e12665908340184478f327841a23f","messageTitle":"Add support for three task types, refactored tasks into package, todo refactoring on conditionals","messageBody":"","tags":["A-TextUiTesting"],"fileTypesAndContributionMap":{"java":{"insertions":75,"deletions":12}}}]},{"date":"2023-01-18","commitResults":[{"hash":"37b467c59dbbc7210d7e5a0ab3d5db27ca85307a","messageTitle":"Added testcases and modified test script","messageBody":"","tags":["Level-5"],"fileTypesAndContributionMap":{"txt":{"insertions":11,"deletions":0},"sh":{"insertions":1,"deletions":1}}},{"hash":"f8ee49920920e2bdf69c31813412a2a06cecf07c","messageTitle":"Added user input validation with DukeException, refactored commands to methods","messageBody":"","fileTypesAndContributionMap":{"java":{"insertions":113,"deletions":42}}},{"hash":"7b1577ca9a0560075b0f5485ed3a5bb5774cd306","messageTitle":"Added deletion","messageBody":"","tags":["Level-6"],"fileTypesAndContributionMap":{"java":{"insertions":23,"deletions":2}}}]},{"date":"2023-01-24","commitResults":[{"hash":"2e44116db288077b7e4ecc497c64fd462159eda9","messageTitle":"Add automatic task storage on hard disk","messageBody":"","tags":["Level-7"],"fileTypesAndContributionMap":{"java":{"insertions":83,"deletions":12}}},{"hash":"072b977b003a7b8aa7ee717e21aa1b1e8de88720","messageTitle":"Add datetime parsing and output","messageBody":"","tags":["Level-8"],"fileTypesAndContributionMap":{"java":{"insertions":18,"deletions":9}}},{"hash":"e0611ae378f4a925f204e35c32d6a9c8ab8761ba","messageTitle":"Fix parsing bug","messageBody":"","tags":["A-MoreOOP"],"fileTypesAndContributionMap":{"java":{"insertions":1,"deletions":1}}}]},{"date":"2023-01-25","commitResults":[{"hash":"55085dcc2e17fd12a06fd83d8956534a68854c10","messageTitle":"Refactor reused objects into classes of Parser, Storage, TaskList, Ui, Command etc.","messageBody":"","tags":["A-Packages"],"fileTypesAndContributionMap":{"java":{"insertions":516,"deletions":215}}},{"hash":"a8afdc67b4e97fe2e0a4f7248b713e20605a1571","messageTitle":"Organised classes into packages","messageBody":"","fileTypesAndContributionMap":{"java":{"insertions":38,"deletions":39}}},{"hash":"592bf6fb9bc80aa31e2ebb40428b229a154ba940","messageTitle":"Use Gradle to automate build and run","messageBody":"","tags":["A-JUnit"],"fileTypesAndContributionMap":{"gradle":{"insertions":1,"deletions":1},"java":{"insertions":4,"deletions":2}}},{"hash":"0da27c90085b75fbf5a2c3f1d79ebaf4a4f6bab6","messageTitle":"Add JUnit test for storage and task list","messageBody":"","tags":["A-JavaDoc","A-Jar"],"fileTypesAndContributionMap":{"java":{"insertions":97,"deletions":0}}},{"hash":"afd9651019bf3de6e466f14e36b9a3cecfbd6890","messageTitle":"Add JavaDoc comments","messageBody":"","fileTypesAndContributionMap":{"java":{"insertions":265,"deletions":18}}},{"hash":"294fca348f5e6081c9f275fefa0afe182f7f390e","messageTitle":"Change to follow conding standards","messageBody":"","tags":["A-CodingStandard"],"fileTypesAndContributionMap":{"java":{"insertions":7,"deletions":9}}},{"hash":"786a7544c28f8e5980f96563e661a4d6d68421b5","messageTitle":"Added find command","messageBody":"","tags":["Level-9"],"fileTypesAndContributionMap":{"java":{"insertions":40,"deletions":0}}},{"hash":"83df16c16f8fa539c65b52aec0f420e82dc05d32","messageTitle":"Fix naming errors","messageBody":"","fileTypesAndContributionMap":{"java":{"insertions":2,"deletions":2}}}]},{"date":"2023-02-01","commitResults":[{"hash":"623059d7d5c69e1f9c9802526580b1b1284e188f","messageTitle":"Change class member comments","messageBody":"","tags":["A-CheckStyle"],"fileTypesAndContributionMap":{"java":{"insertions":11,"deletions":31}}}]},{"date":"2023-02-02","commitResults":[{"hash":"cfe523336d7ebf80c7b6ffb68fb6307fd6af9cba","messageTitle":"Add GUI and refactor text UI","messageBody":"","tags":["Level-10"],"fileTypesAndContributionMap":{"gradle":{"insertions":17,"deletions":2},"fxml":{"insertions":35,"deletions":0},"java":{"insertions":286,"deletions":70}}}]},{"date":"2023-02-05","commitResults":[{"hash":"9264311e69685560213381072f63c1a356db12dc","messageTitle":"Redeclared missing ui object","messageBody":"","tags":["A-Streams","A-CodeQuality","A-Assertions"],"fileTypesAndContributionMap":{"java":{"insertions":1,"deletions":0}}}]},{"date":"2023-02-06","commitResults":[{"hash":"9d78401a76df5f6c8523e4ea5ac51776b2367f04","messageTitle":"Added assertions for task creation and deletion.","messageBody":"Tasks being stored correctly is essential to the user retrieving information.\nUsing assertions prevents issues from occuring runtime.\n","fileTypesAndContributionMap":{"java":{"insertions":8,"deletions":0}}}]},{"date":"2023-02-07","commitResults":[{"hash":"c460e5b40fd8e2875bea6e36698d9f4961793e82","messageTitle":"Refactor parser for better code quality","messageBody":"Readability for command parser was low with varying levels of abstraction.\nRepeated code has been consolidated and variables renamed.\n","fileTypesAndContributionMap":{"java":{"insertions":75,"deletions":23}}},{"hash":"1e158c0ac85a649f37d1e3326a6b17a5e48803cf","messageTitle":"Replace list iteration with stream methods","messageBody":"","fileTypesAndContributionMap":{"java":{"insertions":7,"deletions":14}}},{"hash":"26a3a7c9e911eb45db11382a030b4f82cd0338d1","messageTitle":"Added yml file for continuous integration","messageBody":"","fileTypesAndContributionMap":{"sh":{"insertions":1,"deletions":1}}},{"hash":"7d76d6e3846b8a672c205eba08ac9d5c53e76ee0","messageTitle":"Fix wrong directory in test file","messageBody":"","fileTypesAndContributionMap":{"java":{"insertions":1,"deletions":1}}},{"hash":"77439281c643aaaf3d991c19a757318042b742fa","messageTitle":"Test IO exception handling in CI","messageBody":"","fileTypesAndContributionMap":{"java":{"insertions":3,"deletions":3}}},{"hash":"a9cd6a10c6ddff9044504e0b78ae6f9431049d7a","messageTitle":"Remove folder and add file deletion at end of tests","messageBody":"","fileTypesAndContributionMap":{"java":{"insertions":7,"deletions":3}}},{"hash":"c1c0c6358949079d59eb76b8d68334591314a290","messageTitle":"Fix error in file directory","messageBody":"","fileTypesAndContributionMap":{"java":{"insertions":1,"deletions":1}}},{"hash":"05f598603b12bbaefde21d6c78a63d0d72443414","messageTitle":"Remove IO redirection tests","messageBody":"","fileTypesAndContributionMap":{"sh":{"insertions":2,"deletions":2}}},{"hash":"1cdba4c08feceb7a7ae676b09e5387994a3048c5","messageTitle":"Add simplified command syntax and user aliases","messageBody":"Improve speed of accessing commands by shortening them to single letters.\nUser customisation of commands\nFuture support for saving of aliases and args in any order\n","fileTypesAndContributionMap":{"java":{"insertions":183,"deletions":19}}}]},{"date":"2023-02-11","commitResults":[{"hash":"f57f960a0985fe72bd4d3ddbdd8b7df077e82b4a","messageTitle":"Remove unnecessary imports","messageBody":"","fileTypesAndContributionMap":{"java":{"insertions":0,"deletions":1}}}]},{"date":"2023-02-13","commitResults":[{"hash":"77d9a11956a6443effaf9abbb3a76fbfa356e63e","messageTitle":"Fix bye user input not exiting gui","messageBody":"Check command return value and concurrently close application\non one second delay.\n","fileTypesAndContributionMap":{"java":{"insertions":28,"deletions":0}}},{"hash":"e802613e47064490fdf3212cfeff0f71a21a8062","messageTitle":"Rewrite user output, customise fonts, and reshape avatar images","messageBody":"","fileTypesAndContributionMap":{"java":{"insertions":52,"deletions":23}}}]}]},"authorFileTypeContributionMap":{"Lanreath":{"java":1462,"md":0,"fxml":35,"sh":2,"bat":0,"gradle":16,"txt":11}},"authorContributionVariance":{"Lanreath":54324.887},"authorDisplayNameMap":{"Lanreath":"CS2103T-F12-4 TAN .. FEI"}}
