[{"path":"src/main/java/Deadline.java","fileType":"java","lines":[{"lineNumber":1,"author":{"gitId":"0x787af25e"},"content":"public class Deadline extends Task {","lastModifiedDate":"2023-01-16"},{"lineNumber":2,"author":{"gitId":"0x787af25e"},"content":"","lastModifiedDate":"2023-01-16"},{"lineNumber":3,"author":{"gitId":"0x787af25e"},"content":"    protected String by;","lastModifiedDate":"2023-01-16"},{"lineNumber":4,"author":{"gitId":"0x787af25e"},"content":"","lastModifiedDate":"2023-01-16"},{"lineNumber":5,"author":{"gitId":"0x787af25e"},"content":"    public Deadline(String description, String by) {","lastModifiedDate":"2023-01-16"},{"lineNumber":6,"author":{"gitId":"0x787af25e"},"content":"        super(description);","lastModifiedDate":"2023-01-16"},{"lineNumber":7,"author":{"gitId":"0x787af25e"},"content":"        this.by \u003d by;","lastModifiedDate":"2023-01-16"},{"lineNumber":8,"author":{"gitId":"0x787af25e"},"content":"    }","lastModifiedDate":"2023-01-16"},{"lineNumber":9,"author":{"gitId":"0x787af25e"},"content":"","lastModifiedDate":"2023-01-16"},{"lineNumber":10,"author":{"gitId":"0x787af25e"},"content":"    @Override","lastModifiedDate":"2023-01-16"},{"lineNumber":11,"author":{"gitId":"0x787af25e"},"content":"    public String toString() {","lastModifiedDate":"2023-01-16"},{"lineNumber":12,"author":{"gitId":"0x787af25e"},"content":"        return \"[D]\" + super.toString() + \" (by: \" + by + \")\";","lastModifiedDate":"2023-01-16"},{"lineNumber":13,"author":{"gitId":"0x787af25e"},"content":"    }","lastModifiedDate":"2023-01-16"},{"lineNumber":14,"author":{"gitId":"0x787af25e"},"content":"}","lastModifiedDate":"2023-01-16"}],"authorContributionMap":{"0x787af25e":14}},{"path":"src/main/java/Duke.java","fileType":"java","lines":[{"lineNumber":1,"author":{"gitId":"0x787af25e"},"content":"import java.util.ArrayList;","lastModifiedDate":"2023-01-15"},{"lineNumber":2,"author":{"gitId":"0x787af25e"},"content":"import java.util.Arrays;","lastModifiedDate":"2023-01-16"},{"lineNumber":3,"author":{"gitId":"0x787af25e"},"content":"import java.util.Scanner;","lastModifiedDate":"2023-01-15"},{"lineNumber":4,"author":{"gitId":"0x787af25e"},"content":"","lastModifiedDate":"2023-01-15"},{"lineNumber":5,"author":{"gitId":"-"},"content":"public class Duke {","lastModifiedDate":"2023-01-15"},{"lineNumber":6,"author":{"gitId":"0x787af25e"},"content":"    public enum ParseFunctions {","lastModifiedDate":"2023-01-16"},{"lineNumber":7,"author":{"gitId":"0x787af25e"},"content":"        SPLIT_ALL, TODO, DEADLINE, EVENT","lastModifiedDate":"2023-01-17"},{"lineNumber":8,"author":{"gitId":"0x787af25e"},"content":"    }","lastModifiedDate":"2023-01-16"},{"lineNumber":9,"author":{"gitId":"0x787af25e"},"content":"    public static ArrayList\u003cTask\u003e taskStore \u003d new ArrayList\u003c\u003e();","lastModifiedDate":"2023-01-16"},{"lineNumber":10,"author":{"gitId":"0x787af25e"},"content":"","lastModifiedDate":"2023-01-16"},{"lineNumber":11,"author":{"gitId":"0x787af25e"},"content":"    private static Task getTaskForMarking(String[] parsed) {","lastModifiedDate":"2023-01-16"},{"lineNumber":12,"author":{"gitId":"0x787af25e"},"content":"        int completedIndex \u003d Integer.parseInt(parsed[1]) - 1; // index of the task completed","lastModifiedDate":"2023-01-16"},{"lineNumber":13,"author":{"gitId":"0x787af25e"},"content":"        Task completedTask \u003d Duke.taskStore.get(completedIndex); // actual task","lastModifiedDate":"2023-01-16"},{"lineNumber":14,"author":{"gitId":"0x787af25e"},"content":"        return completedTask;","lastModifiedDate":"2023-01-16"},{"lineNumber":15,"author":{"gitId":"0x787af25e"},"content":"    }","lastModifiedDate":"2023-01-16"},{"lineNumber":16,"author":{"gitId":"0x787af25e"},"content":"","lastModifiedDate":"2023-01-16"},{"lineNumber":17,"author":{"gitId":"0x787af25e"},"content":"    public static String[] parser(String input, ParseFunctions parse_type) throws EmptyDescriptionException {","lastModifiedDate":"2023-01-18"},{"lineNumber":18,"author":{"gitId":"0x787af25e"},"content":"        switch (parse_type) {","lastModifiedDate":"2023-01-16"},{"lineNumber":19,"author":{"gitId":"0x787af25e"},"content":"            case SPLIT_ALL:","lastModifiedDate":"2023-01-16"},{"lineNumber":20,"author":{"gitId":"0x787af25e"},"content":"                return input.split(\" \");","lastModifiedDate":"2023-01-16"},{"lineNumber":21,"author":{"gitId":"0x787af25e"},"content":"            case TODO:","lastModifiedDate":"2023-01-16"},{"lineNumber":22,"author":{"gitId":"0x787af25e"},"content":"                String[] parsed \u003d input.split(\" \", 2);","lastModifiedDate":"2023-01-18"},{"lineNumber":23,"author":{"gitId":"0x787af25e"},"content":"                if (parsed.length \u003c 2) {","lastModifiedDate":"2023-01-18"},{"lineNumber":24,"author":{"gitId":"0x787af25e"},"content":"                    throw new EmptyDescriptionException(\"Add an argument\");","lastModifiedDate":"2023-01-18"},{"lineNumber":25,"author":{"gitId":"0x787af25e"},"content":"                }","lastModifiedDate":"2023-01-18"},{"lineNumber":26,"author":{"gitId":"0x787af25e"},"content":"                return parsed; // split into 2","lastModifiedDate":"2023-01-18"},{"lineNumber":27,"author":{"gitId":"0x787af25e"},"content":"            case DEADLINE:","lastModifiedDate":"2023-01-16"},{"lineNumber":28,"author":{"gitId":"0x787af25e"},"content":"                String[] otherArgs \u003d input.split(\" \", 2);","lastModifiedDate":"2023-01-16"},{"lineNumber":29,"author":{"gitId":"0x787af25e"},"content":"                String[] taskAndTime \u003d otherArgs[1].split(\" /by \", 2);","lastModifiedDate":"2023-01-16"},{"lineNumber":30,"author":{"gitId":"0x787af25e"},"content":"                return new String[]{otherArgs[0], taskAndTime[0], taskAndTime[1]};","lastModifiedDate":"2023-01-16"},{"lineNumber":31,"author":{"gitId":"0x787af25e"},"content":"            case EVENT:","lastModifiedDate":"2023-01-16"},{"lineNumber":32,"author":{"gitId":"0x787af25e"},"content":"                otherArgs \u003d input.split(\" \", 2);","lastModifiedDate":"2023-01-16"},{"lineNumber":33,"author":{"gitId":"0x787af25e"},"content":"                taskAndTime \u003d otherArgs[1].split(\" /from \", 2);","lastModifiedDate":"2023-01-16"},{"lineNumber":34,"author":{"gitId":"0x787af25e"},"content":"                String[] toTime \u003d taskAndTime[1].split(\" /to \", 2);","lastModifiedDate":"2023-01-16"},{"lineNumber":35,"author":{"gitId":"0x787af25e"},"content":"                return new String[]{otherArgs[0], taskAndTime[0], toTime[0], toTime[1]};","lastModifiedDate":"2023-01-16"},{"lineNumber":36,"author":{"gitId":"0x787af25e"},"content":"        }","lastModifiedDate":"2023-01-16"},{"lineNumber":37,"author":{"gitId":"0x787af25e"},"content":"        return null;","lastModifiedDate":"2023-01-16"},{"lineNumber":38,"author":{"gitId":"0x787af25e"},"content":"    }","lastModifiedDate":"2023-01-16"},{"lineNumber":39,"author":{"gitId":"0x787af25e"},"content":"    public static int countTasks() {","lastModifiedDate":"2023-01-16"},{"lineNumber":40,"author":{"gitId":"0x787af25e"},"content":"        return Duke.taskStore.size();","lastModifiedDate":"2023-01-16"},{"lineNumber":41,"author":{"gitId":"0x787af25e"},"content":"    }","lastModifiedDate":"2023-01-16"},{"lineNumber":42,"author":{"gitId":"0x787af25e"},"content":"","lastModifiedDate":"2023-01-16"},{"lineNumber":43,"author":{"gitId":"0x787af25e"},"content":"    public static void main(String[] args) throws EmptyDescriptionException {","lastModifiedDate":"2023-01-18"},{"lineNumber":44,"author":{"gitId":"0x787af25e"},"content":"        System.out.println(\"  insert ingenious greeting here\");","lastModifiedDate":"2023-01-15"},{"lineNumber":45,"author":{"gitId":"0x787af25e"},"content":"","lastModifiedDate":"2023-01-15"},{"lineNumber":46,"author":{"gitId":"0x787af25e"},"content":"        label:","lastModifiedDate":"2023-01-17"},{"lineNumber":47,"author":{"gitId":"0x787af25e"},"content":"        while (true) {","lastModifiedDate":"2023-01-15"},{"lineNumber":48,"author":{"gitId":"0x787af25e"},"content":"            Scanner myScanner \u003d new Scanner(System.in);","lastModifiedDate":"2023-01-15"},{"lineNumber":49,"author":{"gitId":"0x787af25e"},"content":"            String command \u003d myScanner.nextLine();","lastModifiedDate":"2023-01-15"},{"lineNumber":50,"author":{"gitId":"0x787af25e"},"content":"","lastModifiedDate":"2023-01-15"},{"lineNumber":51,"author":{"gitId":"0x787af25e"},"content":"            String[] toFindFirstWord \u003d parser(command, ParseFunctions.SPLIT_ALL); // take a comment","lastModifiedDate":"2023-01-18"},{"lineNumber":52,"author":{"gitId":"0x787af25e"},"content":"","lastModifiedDate":"2023-01-16"},{"lineNumber":53,"author":{"gitId":"0x787af25e"},"content":"            String first \u003d toFindFirstWord[0];","lastModifiedDate":"2023-01-16"},{"lineNumber":54,"author":{"gitId":"0x787af25e"},"content":"","lastModifiedDate":"2023-01-16"},{"lineNumber":55,"author":{"gitId":"0x787af25e"},"content":"            switch (first) {","lastModifiedDate":"2023-01-17"},{"lineNumber":56,"author":{"gitId":"0x787af25e"},"content":"                case \"bye\":","lastModifiedDate":"2023-01-17"},{"lineNumber":57,"author":{"gitId":"0x787af25e"},"content":"                    System.out.println(\"  Bye. Hope to see you soon again!\");","lastModifiedDate":"2023-01-15"},{"lineNumber":58,"author":{"gitId":"0x787af25e"},"content":"                    break label;","lastModifiedDate":"2023-01-17"},{"lineNumber":59,"author":{"gitId":"0x787af25e"},"content":"                case \"mark\": {","lastModifiedDate":"2023-01-17"},{"lineNumber":60,"author":{"gitId":"0x787af25e"},"content":"                    Task completedTask \u003d getTaskForMarking(toFindFirstWord);","lastModifiedDate":"2023-01-16"},{"lineNumber":61,"author":{"gitId":"0x787af25e"},"content":"                    completedTask.changeCompletion();","lastModifiedDate":"2023-01-16"},{"lineNumber":62,"author":{"gitId":"0x787af25e"},"content":"","lastModifiedDate":"2023-01-16"},{"lineNumber":63,"author":{"gitId":"0x787af25e"},"content":"                    System.out.println(\"  You are done with: \");","lastModifiedDate":"2023-01-16"},{"lineNumber":64,"author":{"gitId":"0x787af25e"},"content":"                    System.out.println(\"    \" + completedTask.toString());","lastModifiedDate":"2023-01-16"},{"lineNumber":65,"author":{"gitId":"0x787af25e"},"content":"                    break;","lastModifiedDate":"2023-01-17"},{"lineNumber":66,"author":{"gitId":"0x787af25e"},"content":"                }","lastModifiedDate":"2023-01-16"},{"lineNumber":67,"author":{"gitId":"0x787af25e"},"content":"                case \"unmark\": {","lastModifiedDate":"2023-01-17"},{"lineNumber":68,"author":{"gitId":"0x787af25e"},"content":"                    Task completedTask \u003d getTaskForMarking(toFindFirstWord);","lastModifiedDate":"2023-01-16"},{"lineNumber":69,"author":{"gitId":"0x787af25e"},"content":"                    completedTask.changeCompletion();","lastModifiedDate":"2023-01-16"},{"lineNumber":70,"author":{"gitId":"0x787af25e"},"content":"","lastModifiedDate":"2023-01-16"},{"lineNumber":71,"author":{"gitId":"0x787af25e"},"content":"                    System.out.println(\"  OK, continue working on: \");","lastModifiedDate":"2023-01-16"},{"lineNumber":72,"author":{"gitId":"0x787af25e"},"content":"                    System.out.println(\"    \" + completedTask.toString());","lastModifiedDate":"2023-01-16"},{"lineNumber":73,"author":{"gitId":"0x787af25e"},"content":"                    break;","lastModifiedDate":"2023-01-17"},{"lineNumber":74,"author":{"gitId":"0x787af25e"},"content":"                }","lastModifiedDate":"2023-01-16"},{"lineNumber":75,"author":{"gitId":"0x787af25e"},"content":"                case \"deadline\": {","lastModifiedDate":"2023-01-17"},{"lineNumber":76,"author":{"gitId":"0x787af25e"},"content":"                    String[] parsed \u003d parser(command, ParseFunctions.DEADLINE);","lastModifiedDate":"2023-01-16"},{"lineNumber":77,"author":{"gitId":"0x787af25e"},"content":"                    Task newDeadline \u003d new Deadline(parsed[1], parsed[2]);","lastModifiedDate":"2023-01-16"},{"lineNumber":78,"author":{"gitId":"0x787af25e"},"content":"                    Duke.taskStore.add(newDeadline);","lastModifiedDate":"2023-01-16"},{"lineNumber":79,"author":{"gitId":"0x787af25e"},"content":"","lastModifiedDate":"2023-01-16"},{"lineNumber":80,"author":{"gitId":"0x787af25e"},"content":"                    System.out.println(\"  new task added!\");","lastModifiedDate":"2023-01-16"},{"lineNumber":81,"author":{"gitId":"0x787af25e"},"content":"                    System.out.println(\"    \" + newDeadline.toString());","lastModifiedDate":"2023-01-16"},{"lineNumber":82,"author":{"gitId":"0x787af25e"},"content":"                    System.out.println(\"  Now you have \" + String.valueOf(Duke.countTasks()) +","lastModifiedDate":"2023-01-16"},{"lineNumber":83,"author":{"gitId":"0x787af25e"},"content":"                            \" tasks in the list!\");","lastModifiedDate":"2023-01-16"},{"lineNumber":84,"author":{"gitId":"0x787af25e"},"content":"                    break;","lastModifiedDate":"2023-01-17"},{"lineNumber":85,"author":{"gitId":"0x787af25e"},"content":"                }","lastModifiedDate":"2023-01-16"},{"lineNumber":86,"author":{"gitId":"0x787af25e"},"content":"                case \"event\": {","lastModifiedDate":"2023-01-17"},{"lineNumber":87,"author":{"gitId":"0x787af25e"},"content":"                    String[] parsed \u003d parser(command, ParseFunctions.EVENT);","lastModifiedDate":"2023-01-16"},{"lineNumber":88,"author":{"gitId":"0x787af25e"},"content":"                    Task newEvent \u003d new Event(parsed[1], parsed[2], parsed[3]);","lastModifiedDate":"2023-01-16"},{"lineNumber":89,"author":{"gitId":"0x787af25e"},"content":"                    Duke.taskStore.add(newEvent);","lastModifiedDate":"2023-01-16"},{"lineNumber":90,"author":{"gitId":"0x787af25e"},"content":"","lastModifiedDate":"2023-01-16"},{"lineNumber":91,"author":{"gitId":"0x787af25e"},"content":"                    System.out.println(\"  new event added!\");","lastModifiedDate":"2023-01-16"},{"lineNumber":92,"author":{"gitId":"0x787af25e"},"content":"                    System.out.println(\"    \" + newEvent.toString());","lastModifiedDate":"2023-01-16"},{"lineNumber":93,"author":{"gitId":"0x787af25e"},"content":"                    System.out.println(\"  Now you have \" + String.valueOf(Duke.countTasks()) +","lastModifiedDate":"2023-01-16"},{"lineNumber":94,"author":{"gitId":"0x787af25e"},"content":"                            \" tasks in the list!\");","lastModifiedDate":"2023-01-16"},{"lineNumber":95,"author":{"gitId":"0x787af25e"},"content":"                    break;","lastModifiedDate":"2023-01-17"},{"lineNumber":96,"author":{"gitId":"0x787af25e"},"content":"                }","lastModifiedDate":"2023-01-17"},{"lineNumber":97,"author":{"gitId":"0x787af25e"},"content":"                case \"todo\": {","lastModifiedDate":"2023-01-17"},{"lineNumber":98,"author":{"gitId":"0x787af25e"},"content":"                    try {","lastModifiedDate":"2023-01-18"},{"lineNumber":99,"author":{"gitId":"0x787af25e"},"content":"                        String[] parsed \u003d parser(command, ParseFunctions.TODO);","lastModifiedDate":"2023-01-17"},{"lineNumber":100,"author":{"gitId":"0x787af25e"},"content":"                        ToDo newToDo \u003d new ToDo(parsed[1]);","lastModifiedDate":"2023-01-17"},{"lineNumber":101,"author":{"gitId":"0x787af25e"},"content":"                        Duke.taskStore.add(newToDo);","lastModifiedDate":"2023-01-17"},{"lineNumber":102,"author":{"gitId":"0x787af25e"},"content":"","lastModifiedDate":"2023-01-17"},{"lineNumber":103,"author":{"gitId":"0x787af25e"},"content":"                        System.out.println(\"  new todo added!\");","lastModifiedDate":"2023-01-17"},{"lineNumber":104,"author":{"gitId":"0x787af25e"},"content":"                        System.out.println(\"    \" + newToDo.toString());","lastModifiedDate":"2023-01-17"},{"lineNumber":105,"author":{"gitId":"0x787af25e"},"content":"                        System.out.println(\"  Now you have \" + String.valueOf(Duke.countTasks()) +","lastModifiedDate":"2023-01-17"},{"lineNumber":106,"author":{"gitId":"0x787af25e"},"content":"                                \" tasks in the list!\");","lastModifiedDate":"2023-01-17"},{"lineNumber":107,"author":{"gitId":"0x787af25e"},"content":"                        break;","lastModifiedDate":"2023-01-17"},{"lineNumber":108,"author":{"gitId":"0x787af25e"},"content":"                    }","lastModifiedDate":"2023-01-16"},{"lineNumber":109,"author":{"gitId":"0x787af25e"},"content":"                    catch (EmptyDescriptionException e) {","lastModifiedDate":"2023-01-18"},{"lineNumber":110,"author":{"gitId":"0x787af25e"},"content":"                        System.out.println(\"  Add an argument\");","lastModifiedDate":"2023-01-18"},{"lineNumber":111,"author":{"gitId":"0x787af25e"},"content":"                    }","lastModifiedDate":"2023-01-18"},{"lineNumber":112,"author":{"gitId":"0x787af25e"},"content":"                }","lastModifiedDate":"2023-01-18"},{"lineNumber":113,"author":{"gitId":"0x787af25e"},"content":"                case \"list\":","lastModifiedDate":"2023-01-17"},{"lineNumber":114,"author":{"gitId":"0x787af25e"},"content":"                    for (int i \u003d 0; i \u003c taskStore.size(); i++) {","lastModifiedDate":"2023-01-15"},{"lineNumber":115,"author":{"gitId":"0x787af25e"},"content":"                        System.out.println(\"  \" + String.valueOf(i + 1) + \". \" + taskStore.get(i));","lastModifiedDate":"2023-01-15"},{"lineNumber":116,"author":{"gitId":"0x787af25e"},"content":"                    }","lastModifiedDate":"2023-01-15"},{"lineNumber":117,"author":{"gitId":"0x787af25e"},"content":"                    break;","lastModifiedDate":"2023-01-17"},{"lineNumber":118,"author":{"gitId":"0x787af25e"},"content":"                default:","lastModifiedDate":"2023-01-17"},{"lineNumber":119,"author":{"gitId":"0x787af25e"},"content":"                    System.out.println(\"  this is not a task, contact admin\");","lastModifiedDate":"2023-01-18"},{"lineNumber":120,"author":{"gitId":"0x787af25e"},"content":"                    break;","lastModifiedDate":"2023-01-17"},{"lineNumber":121,"author":{"gitId":"0x787af25e"},"content":"            }","lastModifiedDate":"2023-01-15"},{"lineNumber":122,"author":{"gitId":"0x787af25e"},"content":"        }","lastModifiedDate":"2023-01-15"},{"lineNumber":123,"author":{"gitId":"-"},"content":"    }","lastModifiedDate":"2023-01-15"},{"lineNumber":124,"author":{"gitId":"-"},"content":"}","lastModifiedDate":"2023-01-15"}],"authorContributionMap":{"0x787af25e":121,"-":3}},{"path":"src/main/java/DukeException.java","fileType":"java","lines":[{"lineNumber":1,"author":{"gitId":"0x787af25e"},"content":"public class DukeException extends Exception {","lastModifiedDate":"2023-01-18"},{"lineNumber":2,"author":{"gitId":"0x787af25e"},"content":"    String message;","lastModifiedDate":"2023-01-18"},{"lineNumber":3,"author":{"gitId":"0x787af25e"},"content":"","lastModifiedDate":"2023-01-18"},{"lineNumber":4,"author":{"gitId":"0x787af25e"},"content":"    public DukeException(String message) {","lastModifiedDate":"2023-01-18"},{"lineNumber":5,"author":{"gitId":"0x787af25e"},"content":"        this.message \u003d message;","lastModifiedDate":"2023-01-18"},{"lineNumber":6,"author":{"gitId":"0x787af25e"},"content":"    }","lastModifiedDate":"2023-01-18"},{"lineNumber":7,"author":{"gitId":"0x787af25e"},"content":"}","lastModifiedDate":"2023-01-18"}],"authorContributionMap":{"0x787af25e":7}},{"path":"src/main/java/EmptyDescriptionException.java","fileType":"java","lines":[{"lineNumber":1,"author":{"gitId":"0x787af25e"},"content":"public class EmptyDescriptionException extends DukeException {","lastModifiedDate":"2023-01-18"},{"lineNumber":2,"author":{"gitId":"0x787af25e"},"content":"    public EmptyDescriptionException(String message) {","lastModifiedDate":"2023-01-18"},{"lineNumber":3,"author":{"gitId":"0x787af25e"},"content":"        super(message);","lastModifiedDate":"2023-01-18"},{"lineNumber":4,"author":{"gitId":"0x787af25e"},"content":"    }","lastModifiedDate":"2023-01-18"},{"lineNumber":5,"author":{"gitId":"0x787af25e"},"content":"}","lastModifiedDate":"2023-01-18"}],"authorContributionMap":{"0x787af25e":5}},{"path":"src/main/java/Event.java","fileType":"java","lines":[{"lineNumber":1,"author":{"gitId":"0x787af25e"},"content":"public class Event extends Task {","lastModifiedDate":"2023-01-16"},{"lineNumber":2,"author":{"gitId":"0x787af25e"},"content":"    protected String start;","lastModifiedDate":"2023-01-16"},{"lineNumber":3,"author":{"gitId":"0x787af25e"},"content":"    protected String end;","lastModifiedDate":"2023-01-16"},{"lineNumber":4,"author":{"gitId":"0x787af25e"},"content":"","lastModifiedDate":"2023-01-16"},{"lineNumber":5,"author":{"gitId":"0x787af25e"},"content":"    public Event(String description, String start, String end) {","lastModifiedDate":"2023-01-16"},{"lineNumber":6,"author":{"gitId":"0x787af25e"},"content":"        super(description);","lastModifiedDate":"2023-01-16"},{"lineNumber":7,"author":{"gitId":"0x787af25e"},"content":"        this.start \u003d start;","lastModifiedDate":"2023-01-16"},{"lineNumber":8,"author":{"gitId":"0x787af25e"},"content":"        this.end \u003d end;","lastModifiedDate":"2023-01-16"},{"lineNumber":9,"author":{"gitId":"0x787af25e"},"content":"    }","lastModifiedDate":"2023-01-16"},{"lineNumber":10,"author":{"gitId":"0x787af25e"},"content":"","lastModifiedDate":"2023-01-16"},{"lineNumber":11,"author":{"gitId":"0x787af25e"},"content":"    @Override","lastModifiedDate":"2023-01-16"},{"lineNumber":12,"author":{"gitId":"0x787af25e"},"content":"    public String toString() {","lastModifiedDate":"2023-01-16"},{"lineNumber":13,"author":{"gitId":"0x787af25e"},"content":"        return \"[E]\" + super.toString() + \" (from: \" + start + \" to: \" + end + \")\";","lastModifiedDate":"2023-01-16"},{"lineNumber":14,"author":{"gitId":"0x787af25e"},"content":"    }","lastModifiedDate":"2023-01-16"},{"lineNumber":15,"author":{"gitId":"0x787af25e"},"content":"}","lastModifiedDate":"2023-01-16"}],"authorContributionMap":{"0x787af25e":15}},{"path":"src/main/java/NotTaskException.java","fileType":"java","lines":[{"lineNumber":1,"author":{"gitId":"0x787af25e"},"content":"public class NotTaskException extends DukeException {","lastModifiedDate":"2023-01-18"},{"lineNumber":2,"author":{"gitId":"0x787af25e"},"content":"    public NotTaskException(String message) {","lastModifiedDate":"2023-01-18"},{"lineNumber":3,"author":{"gitId":"0x787af25e"},"content":"        super(message);","lastModifiedDate":"2023-01-18"},{"lineNumber":4,"author":{"gitId":"0x787af25e"},"content":"    }","lastModifiedDate":"2023-01-18"},{"lineNumber":5,"author":{"gitId":"0x787af25e"},"content":"}","lastModifiedDate":"2023-01-18"}],"authorContributionMap":{"0x787af25e":5}},{"path":"src/main/java/Task.java","fileType":"java","lines":[{"lineNumber":1,"author":{"gitId":"0x787af25e"},"content":"public abstract class Task {","lastModifiedDate":"2023-01-17"},{"lineNumber":2,"author":{"gitId":"0x787af25e"},"content":"    private final String description;","lastModifiedDate":"2023-01-16"},{"lineNumber":3,"author":{"gitId":"0x787af25e"},"content":"    private boolean completed;","lastModifiedDate":"2023-01-16"},{"lineNumber":4,"author":{"gitId":"0x787af25e"},"content":"","lastModifiedDate":"2023-01-16"},{"lineNumber":5,"author":{"gitId":"0x787af25e"},"content":"    public Task(String description) {","lastModifiedDate":"2023-01-16"},{"lineNumber":6,"author":{"gitId":"0x787af25e"},"content":"        this.description \u003d description;","lastModifiedDate":"2023-01-16"},{"lineNumber":7,"author":{"gitId":"0x787af25e"},"content":"        this.completed \u003d false;","lastModifiedDate":"2023-01-16"},{"lineNumber":8,"author":{"gitId":"0x787af25e"},"content":"    }","lastModifiedDate":"2023-01-16"},{"lineNumber":9,"author":{"gitId":"0x787af25e"},"content":"","lastModifiedDate":"2023-01-16"},{"lineNumber":10,"author":{"gitId":"0x787af25e"},"content":"    public void changeCompletion() {","lastModifiedDate":"2023-01-16"},{"lineNumber":11,"author":{"gitId":"0x787af25e"},"content":"        this.completed \u003d !this.completed;","lastModifiedDate":"2023-01-16"},{"lineNumber":12,"author":{"gitId":"0x787af25e"},"content":"    }","lastModifiedDate":"2023-01-16"},{"lineNumber":13,"author":{"gitId":"0x787af25e"},"content":"","lastModifiedDate":"2023-01-17"},{"lineNumber":14,"author":{"gitId":"0x787af25e"},"content":"    @Override","lastModifiedDate":"2023-01-17"},{"lineNumber":15,"author":{"gitId":"0x787af25e"},"content":"    public String toString() {","lastModifiedDate":"2023-01-17"},{"lineNumber":16,"author":{"gitId":"0x787af25e"},"content":"        String icon \u003d this.completed ? \"[X] \" : \"[ ] \";","lastModifiedDate":"2023-01-17"},{"lineNumber":17,"author":{"gitId":"0x787af25e"},"content":"        return icon + this.description;","lastModifiedDate":"2023-01-17"},{"lineNumber":18,"author":{"gitId":"0x787af25e"},"content":"    }","lastModifiedDate":"2023-01-17"},{"lineNumber":19,"author":{"gitId":"0x787af25e"},"content":"}","lastModifiedDate":"2023-01-16"}],"authorContributionMap":{"0x787af25e":19}},{"path":"src/main/java/ToDo.java","fileType":"java","lines":[{"lineNumber":1,"author":{"gitId":"0x787af25e"},"content":"public class ToDo extends Task {","lastModifiedDate":"2023-01-16"},{"lineNumber":2,"author":{"gitId":"0x787af25e"},"content":"    public ToDo(String description) {","lastModifiedDate":"2023-01-17"},{"lineNumber":3,"author":{"gitId":"0x787af25e"},"content":"        super(description);","lastModifiedDate":"2023-01-16"},{"lineNumber":4,"author":{"gitId":"0x787af25e"},"content":"    }","lastModifiedDate":"2023-01-16"},{"lineNumber":5,"author":{"gitId":"0x787af25e"},"content":"    @Override","lastModifiedDate":"2023-01-16"},{"lineNumber":6,"author":{"gitId":"0x787af25e"},"content":"    public String toString() {","lastModifiedDate":"2023-01-16"},{"lineNumber":7,"author":{"gitId":"0x787af25e"},"content":"        return \"[T]\" + super.toString();","lastModifiedDate":"2023-01-16"},{"lineNumber":8,"author":{"gitId":"0x787af25e"},"content":"    }","lastModifiedDate":"2023-01-16"},{"lineNumber":9,"author":{"gitId":"0x787af25e"},"content":"}","lastModifiedDate":"2023-01-16"}],"authorContributionMap":{"0x787af25e":9}},{"path":"text-ui-test/input.txt","fileType":"txt","lines":[{"lineNumber":1,"author":{"gitId":"0x787af25e"},"content":"todo read book","lastModifiedDate":"2023-01-18"},{"lineNumber":2,"author":{"gitId":"0x787af25e"},"content":"deadline return book /by June 6th","lastModifiedDate":"2023-01-18"},{"lineNumber":3,"author":{"gitId":"0x787af25e"},"content":"event project meeting /from Aug 6th 2pm /to 4pm","lastModifiedDate":"2023-01-18"},{"lineNumber":4,"author":{"gitId":"0x787af25e"},"content":"todo join sports club","lastModifiedDate":"2023-01-18"},{"lineNumber":5,"author":{"gitId":"0x787af25e"},"content":"todo borrow book","lastModifiedDate":"2023-01-18"},{"lineNumber":6,"author":{"gitId":"0x787af25e"},"content":"mark 1","lastModifiedDate":"2023-01-18"},{"lineNumber":7,"author":{"gitId":"0x787af25e"},"content":"mark 4","lastModifiedDate":"2023-01-18"},{"lineNumber":8,"author":{"gitId":"0x787af25e"},"content":"deadline return book /by Sunday","lastModifiedDate":"2023-01-18"},{"lineNumber":9,"author":{"gitId":"0x787af25e"},"content":"event project meeting /from Mon 2pm /to 4pm","lastModifiedDate":"2023-01-18"}],"authorContributionMap":{"0x787af25e":9}}]
