{"authorDailyContributionsMap":{"0x787af25e":[{"date":"2023-01-15","commitResults":[{"hash":"245bde6497c274eb820a440965a2af0b2ce9a276","messageTitle":"level 2 done","messageBody":"","tags":["Level-2","Level-1"],"fileTypesAndContributionMap":{"txt":{"insertions":0,"deletions":0},"java":{"insertions":31,"deletions":0},"bat":{"insertions":21,"deletions":0},"sh":{"insertions":38,"deletions":0},"md":{"insertions":62,"deletions":0}}}]},{"date":"2023-01-16","commitResults":[{"hash":"88ee137ef4ea646f90662b1987dd386cbe8eccad","messageTitle":"done with level 3","messageBody":"","fileTypesAndContributionMap":{"java":{"insertions":58,"deletions":5}}},{"hash":"4110a8690ee01198c16328dd055f1d966025e700","messageTitle":"tidy up level 3","messageBody":"","tags":["Level-3"],"fileTypesAndContributionMap":{"java":{"insertions":20,"deletions":25}}},{"hash":"db2e89dec4f9be6c79c596669ddf0edf2a7a9240","messageTitle":"added subclasses for level 4","messageBody":"","fileTypesAndContributionMap":{"java":{"insertions":44,"deletions":5}}},{"hash":"7ceead2d9b335e400bfad86bcd28139d50ee5493","messageTitle":"started switch statement","messageBody":"","fileTypesAndContributionMap":{"java":{"insertions":16,"deletions":8}}},{"hash":"b4981bc1c1ff2f272150b19e17bd5c6c31099cfa","messageTitle":"done with deadline, now change arraylists to strings","messageBody":"","fileTypesAndContributionMap":{"java":{"insertions":19,"deletions":3}}},{"hash":"6392c84be8f080e9b77dde8d62c638b3aac0913e","messageTitle":"done with level 4","messageBody":"","fileTypesAndContributionMap":{"java":{"insertions":36,"deletions":19}}}]},{"date":"2023-01-17","commitResults":[{"hash":"df95ea6f52c68f7403c7c106406233035f478d5f","messageTitle":"added todo for level 4 (was not completed)","messageBody":"","fileTypesAndContributionMap":{"java":{"insertions":60,"deletions":53}}},{"hash":"f69214006bb733ca52fb505e89b9cf9dfff96770","messageTitle":"fixed bug for todo","messageBody":"","tags":["Level-4"],"fileTypesAndContributionMap":{"java":{"insertions":7,"deletions":1}}}]},{"date":"2023-01-18","commitResults":[{"hash":"2f560a65a11f28f0994f21e73b4f5f064442ae01","messageTitle":"done with level 5","messageBody":"","fileTypesAndContributionMap":{"txt":{"insertions":9,"deletions":0},"java":{"insertions":39,"deletions":13}}},{"hash":"e25dbdb5e2ad4fea36a7f3484c4f6d5e37bac567","messageTitle":"deleted redundant code (level 5)","messageBody":"","tags":["Level-5"],"fileTypesAndContributionMap":{"java":{"insertions":20,"deletions":15}}}]},{"date":"2023-01-21","commitResults":[{"hash":"71d73bb4f9ee79333d91e0f8dc6898da23f1e3ac","messageTitle":"done with level 6","messageBody":"","tags":["Level-6"],"fileTypesAndContributionMap":{"java":{"insertions":10,"deletions":0}}}]},{"date":"2023-01-22","commitResults":[{"hash":"ca57b48a8ef520be2252f7a6dacc7eb6e1cc319c","messageTitle":"done with auto ui test","messageBody":"","tags":["A-TextUiTesting"],"fileTypesAndContributionMap":{"txt":{"insertions":1,"deletions":9}}}]},{"date":"2023-01-24","commitResults":[{"hash":"c9ee7ad945b13aeb6c39e2ac1689e8303f77196e","messageTitle":"Create method for loading data from file","messageBody":"","fileTypesAndContributionMap":{"java":{"insertions":58,"deletions":5}}},{"hash":"1daf53a305767b6364b22844595f8fd6a896609f","messageTitle":"Add loading from file","messageBody":"","fileTypesAndContributionMap":{"java":{"insertions":58,"deletions":14}}},{"hash":"941360dd1b23981b359afb7195f85cf905482eff","messageTitle":"Added saving to file for delete","messageBody":"","tags":["Level-7"],"fileTypesAndContributionMap":{"java":{"insertions":29,"deletions":11}}}]},{"date":"2023-01-25","commitResults":[{"hash":"ae80fc1c5362dc9c12d7603adc93ecfab9fe6710","messageTitle":"Add time and date functionality","messageBody":"","tags":["Level-8"],"fileTypesAndContributionMap":{"java":{"insertions":21,"deletions":11}}},{"hash":"700d93033c396f625a57cd5a9a7944a05ebef9a8","messageTitle":"Added 4 new classes","messageBody":"","fileTypesAndContributionMap":{"java":{"insertions":210,"deletions":1}}},{"hash":"4eb054c1d65f58e0b4eee7aa3edbb55a2832430a","messageTitle":"Change main class after adding 4 helper classes","messageBody":"","fileTypesAndContributionMap":{"java":{"insertions":70,"deletions":194}}},{"hash":"19008f2c8ff74865995d72a078e37dedeb4aad81","messageTitle":"Added more OOP (barring some bugs)","messageBody":"","tags":["A-MoreOOP"],"fileTypesAndContributionMap":{"java":{"insertions":49,"deletions":24}}},{"hash":"e8e51cff8bb15d0ba9846129cc7ba88dd78f81a7","messageTitle":"Reformat files into package","messageBody":"","tags":["A-Packages"],"fileTypesAndContributionMap":{"java":{"insertions":36,"deletions":12}}},{"hash":"29bdddd05df0fb64a95ecaaa98bbc1585822cd3c","messageTitle":"Add gradle (and rename package)","messageBody":"","tags":["A-Gradle"],"fileTypesAndContributionMap":{"gradle":{"insertions":16,"deletions":0},"java":{"insertions":12,"deletions":11},"bat":{"insertions":92,"deletions":0}}}]},{"date":"2023-01-26","commitResults":[{"hash":"cb1602400a1e9103f26bba016974d41af31798be","messageTitle":"Add Javadocs","messageBody":"","fileTypesAndContributionMap":{"java":{"insertions":140,"deletions":3}}},{"hash":"a8d66ba2131ed74f6446402df79f15a535f2e079","messageTitle":"Conform to coding standard","messageBody":"","fileTypesAndContributionMap":{"java":{"insertions":98,"deletions":116}}}]},{"date":"2023-01-28","commitResults":[{"hash":"3d3cfd901a2437e4ef1ccbde43ccfd6d44e1af00","messageTitle":"Update switch statement","messageBody":"","tags":["A-CodingStandard"],"fileTypesAndContributionMap":{"gradle":{"insertions":6,"deletions":0},"java":{"insertions":7,"deletions":7}}},{"hash":"c0285150bdd8b9c5111cafe71a6abf4a7c4b2590","messageTitle":"Update commit for JavaDocs","messageBody":"","tags":["A-JavaDoc"],"fileTypesAndContributionMap":{"gradle":{"insertions":6,"deletions":0},"java":{"insertions":0,"deletions":1}}}]},{"date":"2023-01-29","commitResults":[{"hash":"134cc86ef8b30a2b612fa089873c212ba3b6e613","messageTitle":"Added find functionality","messageBody":"","tags":["Level-9"],"fileTypesAndContributionMap":{"gradle":{"insertions":37,"deletions":0},"java":{"insertions":29,"deletions":2}}}]},{"date":"2023-01-30","commitResults":[{"hash":"31982ff858aad90b24069986ad7f31c4c19080ac","messageTitle":"Add tests","messageBody":"","tags":["A-JUnit"],"fileTypesAndContributionMap":{"gradle":{"insertions":3,"deletions":1},"java":{"insertions":44,"deletions":2}}},{"hash":"87a073c953a373a8a9c95175384304780b4be93c","messageTitle":"Add basic UI","messageBody":"","fileTypesAndContributionMap":{"fxml":{"insertions":35,"deletions":0},"java":{"insertions":155,"deletions":1}}}]},{"date":"2023-01-31","commitResults":[{"hash":"f4bd9dc00817c2147ab85abe375d674088f6ce23","messageTitle":"Temp commit - need to make Duke say the reply","messageBody":"","fileTypesAndContributionMap":{"java":{"insertions":40,"deletions":29}}}]},{"date":"2023-02-01","commitResults":[{"hash":"e772674cbde06793a7d46b7ca418cc48bc371358","messageTitle":"Add GUI to Duke (still need to debug)","messageBody":"","fileTypesAndContributionMap":{"java":{"insertions":113,"deletions":93}}},{"hash":"2a3c5637969d309073c5b5a9af95b6eba703ef46","messageTitle":"Add greeting","messageBody":"","fileTypesAndContributionMap":{"java":{"insertions":8,"deletions":1}}}]},{"date":"2023-02-02","commitResults":[{"hash":"4c6ba288423787ca69a9e6710d4043516c3b5013","messageTitle":"Fixed closing app bug","messageBody":"","tags":["Level-10"],"fileTypesAndContributionMap":{"java":{"insertions":12,"deletions":5}}}]},{"date":"2023-02-05","commitResults":[{"hash":"d163c2b98df56ed0f4e3c344d61b4725dbf2a455","messageTitle":"Fix switch statement indentation","messageBody":"","fileTypesAndContributionMap":{"java":{"insertions":11,"deletions":11}}},{"hash":"49e9f9172cf838e8beb02f1af314379b06eab633","messageTitle":"Add assertions","messageBody":"","fileTypesAndContributionMap":{"java":{"insertions":3,"deletions":1}}}]},{"date":"2023-02-07","commitResults":[{"hash":"5825de51facea829169b0b6729f3b438cc76b00b","messageTitle":"Improve code quality","messageBody":"Improve code quality\n\nThere are many problems with code quality so far in the codebase,\nincluding the lack of else statements, or the use of magic numbers.\nThese have been replaced with the relevant conventions for better\nlooking code.\n","fileTypesAndContributionMap":{"java":{"insertions":74,"deletions":42}}}]}]},"authorFileTypeContributionMap":{"0x787af25e":{"java":898,"md":0,"fxml":35,"sh":0,"bat":92,"gradle":55,"txt":1}},"authorContributionVariance":{"0x787af25e":26645.941},"authorDisplayNameMap":{"0x787af25e":"CS2103T-T17-3 GONG.. JUN"}}
