[{"path":"savedFile.txt","fileType":"txt","lines":[{"lineNumber":1,"author":{"gitId":"alson001"},"content":"[D] | 0 | Do task | September","lastModifiedDate":"2023-01-27"},{"lineNumber":2,"author":{"gitId":"alson001"},"content":"[T] | 0 | Todo task","lastModifiedDate":"2023-01-27"},{"lineNumber":3,"author":{"gitId":"alson001"},"content":"[E] | 0 | Event task | October | November","lastModifiedDate":"2023-01-27"},{"lineNumber":4,"author":{"gitId":"alson001"},"content":"[D] | 0 | complete duke | Thursday","lastModifiedDate":"2023-01-27"}],"authorContributionMap":{"alson001":4}},{"path":"src/main/java/Deadline.java","fileType":"java","lines":[{"lineNumber":1,"author":{"gitId":"alson001"},"content":"import java.time.LocalDate;","lastModifiedDate":"2023-01-27"},{"lineNumber":2,"author":{"gitId":"alson001"},"content":"import java.time.format.DateTimeFormatter;","lastModifiedDate":"2023-01-27"},{"lineNumber":3,"author":{"gitId":"alson001"},"content":"","lastModifiedDate":"2023-01-17"},{"lineNumber":4,"author":{"gitId":"alson001"},"content":"public class Deadline extends Task {","lastModifiedDate":"2023-01-27"},{"lineNumber":5,"author":{"gitId":"alson001"},"content":"    private LocalDate deadline;","lastModifiedDate":"2023-01-27"},{"lineNumber":6,"author":{"gitId":"alson001"},"content":"    private static final DateTimeFormatter formatter \u003d","lastModifiedDate":"2023-01-27"},{"lineNumber":7,"author":{"gitId":"alson001"},"content":"            DateTimeFormatter.ofPattern(\"MMM dd yyyy\");","lastModifiedDate":"2023-01-27"},{"lineNumber":8,"author":{"gitId":"alson001"},"content":"    public Deadline(String command, String deadline) {","lastModifiedDate":"2023-01-17"},{"lineNumber":9,"author":{"gitId":"alson001"},"content":"        super(command);","lastModifiedDate":"2023-01-17"},{"lineNumber":10,"author":{"gitId":"alson001"},"content":"        this.deadline \u003d LocalDate.parse(deadline);","lastModifiedDate":"2023-01-27"},{"lineNumber":11,"author":{"gitId":"alson001"},"content":"    }","lastModifiedDate":"2023-01-17"},{"lineNumber":12,"author":{"gitId":"alson001"},"content":"","lastModifiedDate":"2023-01-17"},{"lineNumber":13,"author":{"gitId":"alson001"},"content":"    @Override","lastModifiedDate":"2023-01-17"},{"lineNumber":14,"author":{"gitId":"alson001"},"content":"    public String toString() {","lastModifiedDate":"2023-01-17"},{"lineNumber":15,"author":{"gitId":"alson001"},"content":"        return \"[D]\" + super.toString() + \"(by:\" + deadline.format(formatter) + \")\";","lastModifiedDate":"2023-01-27"},{"lineNumber":16,"author":{"gitId":"alson001"},"content":"    }","lastModifiedDate":"2023-01-17"},{"lineNumber":17,"author":{"gitId":"alson001"},"content":"","lastModifiedDate":"2023-01-27"},{"lineNumber":18,"author":{"gitId":"alson001"},"content":"    @Override","lastModifiedDate":"2023-01-27"},{"lineNumber":19,"author":{"gitId":"alson001"},"content":"    public String taskToData() {","lastModifiedDate":"2023-01-27"},{"lineNumber":20,"author":{"gitId":"alson001"},"content":"        int done \u003d isDone() ? 1 : 0;","lastModifiedDate":"2023-01-27"},{"lineNumber":21,"author":{"gitId":"alson001"},"content":"        String task \u003d getTask();","lastModifiedDate":"2023-01-27"},{"lineNumber":22,"author":{"gitId":"alson001"},"content":"        return String.format(\"[D] | %d | %s | %s\",","lastModifiedDate":"2023-01-27"},{"lineNumber":23,"author":{"gitId":"alson001"},"content":"                done,","lastModifiedDate":"2023-01-27"},{"lineNumber":24,"author":{"gitId":"alson001"},"content":"                task,","lastModifiedDate":"2023-01-27"},{"lineNumber":25,"author":{"gitId":"alson001"},"content":"                this.deadline);","lastModifiedDate":"2023-01-27"},{"lineNumber":26,"author":{"gitId":"alson001"},"content":"    }","lastModifiedDate":"2023-01-27"},{"lineNumber":27,"author":{"gitId":"alson001"},"content":"}","lastModifiedDate":"2023-01-17"}],"authorContributionMap":{"alson001":27}},{"path":"src/main/java/Duke.java","fileType":"java","lines":[{"lineNumber":1,"author":{"gitId":"alson001"},"content":"import java.io.File;","lastModifiedDate":"2023-01-27"},{"lineNumber":2,"author":{"gitId":"alson001"},"content":"import java.io.IOException;","lastModifiedDate":"2023-01-27"},{"lineNumber":3,"author":{"gitId":"alson001"},"content":"import java.util.ArrayList;","lastModifiedDate":"2023-01-17"},{"lineNumber":4,"author":{"gitId":"alson001"},"content":"import java.util.List;","lastModifiedDate":"2023-01-17"},{"lineNumber":5,"author":{"gitId":"alson001"},"content":"import java.util.Scanner;","lastModifiedDate":"2023-01-16"},{"lineNumber":6,"author":{"gitId":"alson001"},"content":"","lastModifiedDate":"2023-01-27"},{"lineNumber":7,"author":{"gitId":"alson001"},"content":"","lastModifiedDate":"2023-01-27"},{"lineNumber":8,"author":{"gitId":"-"},"content":"public class Duke {","lastModifiedDate":"2019-07-29"},{"lineNumber":9,"author":{"gitId":"alson001"},"content":"    public static final String HORIZONTAL_LINE \u003d","lastModifiedDate":"2023-01-16"},{"lineNumber":10,"author":{"gitId":"alson001"},"content":"            \"____________________________________________________________\";","lastModifiedDate":"2023-01-16"},{"lineNumber":11,"author":{"gitId":"alson001"},"content":"    public static final String GREETING_MESSAGE \u003d","lastModifiedDate":"2023-01-16"},{"lineNumber":12,"author":{"gitId":"alson001"},"content":"            HORIZONTAL_LINE + \"\\n\" + \"Hello! I\u0027m Duke\" +","lastModifiedDate":"2023-01-16"},{"lineNumber":13,"author":{"gitId":"alson001"},"content":"                    \"\\n\" + \"What can I do for you?\" + \"\\n\" + HORIZONTAL_LINE;","lastModifiedDate":"2023-01-16"},{"lineNumber":14,"author":{"gitId":"alson001"},"content":"    public static final String BYE_MESSAGE \u003d","lastModifiedDate":"2023-01-16"},{"lineNumber":15,"author":{"gitId":"alson001"},"content":"            HORIZONTAL_LINE + \"\\n\" + \"Bye. Hope to see you again soon!\" +","lastModifiedDate":"2023-01-16"},{"lineNumber":16,"author":{"gitId":"alson001"},"content":"                    \"\\n\" + HORIZONTAL_LINE;","lastModifiedDate":"2023-01-16"},{"lineNumber":17,"author":{"gitId":"alson001"},"content":"    private List\u003cTask\u003e commandList;","lastModifiedDate":"2023-01-17"},{"lineNumber":18,"author":{"gitId":"alson001"},"content":"    public enum TaskTypes {","lastModifiedDate":"2023-01-17"},{"lineNumber":19,"author":{"gitId":"alson001"},"content":"        TODO,","lastModifiedDate":"2023-01-17"},{"lineNumber":20,"author":{"gitId":"alson001"},"content":"        DEADLINE,","lastModifiedDate":"2023-01-17"},{"lineNumber":21,"author":{"gitId":"alson001"},"content":"        EVENT","lastModifiedDate":"2023-01-18"},{"lineNumber":22,"author":{"gitId":"alson001"},"content":"    }","lastModifiedDate":"2023-01-17"},{"lineNumber":23,"author":{"gitId":"alson001"},"content":"    private Storage storage;","lastModifiedDate":"2023-01-27"},{"lineNumber":24,"author":{"gitId":"alson001"},"content":"    private static final File savedFile \u003d new File(\"savedFile.txt\");","lastModifiedDate":"2023-01-27"},{"lineNumber":25,"author":{"gitId":"alson001"},"content":"","lastModifiedDate":"2023-01-16"},{"lineNumber":26,"author":{"gitId":"-"},"content":"    public static void main(String[] args) {","lastModifiedDate":"2019-07-29"},{"lineNumber":27,"author":{"gitId":"alson001"},"content":"        Duke duke \u003d new Duke();","lastModifiedDate":"2023-01-17"},{"lineNumber":28,"author":{"gitId":"alson001"},"content":"        duke.run();","lastModifiedDate":"2023-01-17"},{"lineNumber":29,"author":{"gitId":"alson001"},"content":"    }","lastModifiedDate":"2023-01-17"},{"lineNumber":30,"author":{"gitId":"alson001"},"content":"","lastModifiedDate":"2023-01-17"},{"lineNumber":31,"author":{"gitId":"alson001"},"content":"    public Duke() {","lastModifiedDate":"2023-01-17"},{"lineNumber":32,"author":{"gitId":"alson001"},"content":"        commandList \u003d new ArrayList\u003c\u003e();","lastModifiedDate":"2023-01-17"},{"lineNumber":33,"author":{"gitId":"alson001"},"content":"    }","lastModifiedDate":"2023-01-17"},{"lineNumber":34,"author":{"gitId":"alson001"},"content":"","lastModifiedDate":"2023-01-27"},{"lineNumber":35,"author":{"gitId":"alson001"},"content":"    public void run() {","lastModifiedDate":"2023-01-17"},{"lineNumber":36,"author":{"gitId":"alson001"},"content":"        //Creating/Loading from storage","lastModifiedDate":"2023-01-27"},{"lineNumber":37,"author":{"gitId":"alson001"},"content":"        this.storage \u003d new Storage();","lastModifiedDate":"2023-01-27"},{"lineNumber":38,"author":{"gitId":"alson001"},"content":"        boolean isCreated \u003d savedFile.exists();","lastModifiedDate":"2023-01-27"},{"lineNumber":39,"author":{"gitId":"alson001"},"content":"        if (isCreated) {","lastModifiedDate":"2023-01-27"},{"lineNumber":40,"author":{"gitId":"alson001"},"content":"            this.storage.loadFromFile(new File(\"savedFile.txt\"));","lastModifiedDate":"2023-01-27"},{"lineNumber":41,"author":{"gitId":"alson001"},"content":"            commandList \u003d this.storage.getStorage();","lastModifiedDate":"2023-01-27"},{"lineNumber":42,"author":{"gitId":"alson001"},"content":"        } else {","lastModifiedDate":"2023-01-27"},{"lineNumber":43,"author":{"gitId":"alson001"},"content":"            try {","lastModifiedDate":"2023-01-27"},{"lineNumber":44,"author":{"gitId":"alson001"},"content":"                savedFile.createNewFile();","lastModifiedDate":"2023-01-27"},{"lineNumber":45,"author":{"gitId":"alson001"},"content":"            } catch (IOException e) {","lastModifiedDate":"2023-01-27"},{"lineNumber":46,"author":{"gitId":"alson001"},"content":"                throw new RuntimeException(\"Unable to create file\" + e);","lastModifiedDate":"2023-01-27"},{"lineNumber":47,"author":{"gitId":"alson001"},"content":"            }","lastModifiedDate":"2023-01-27"},{"lineNumber":48,"author":{"gitId":"alson001"},"content":"        }","lastModifiedDate":"2023-01-27"},{"lineNumber":49,"author":{"gitId":"alson001"},"content":"","lastModifiedDate":"2023-01-27"},{"lineNumber":50,"author":{"gitId":"alson001"},"content":"        System.out.println(GREETING_MESSAGE);","lastModifiedDate":"2023-01-16"},{"lineNumber":51,"author":{"gitId":"alson001"},"content":"        Scanner scanner \u003d new Scanner(System.in);","lastModifiedDate":"2023-01-16"},{"lineNumber":52,"author":{"gitId":"alson001"},"content":"        boolean isOver \u003d false;","lastModifiedDate":"2023-01-16"},{"lineNumber":53,"author":{"gitId":"alson001"},"content":"        while (!isOver) {","lastModifiedDate":"2023-01-16"},{"lineNumber":54,"author":{"gitId":"alson001"},"content":"            String userCommands \u003d scanner.nextLine();","lastModifiedDate":"2023-01-16"},{"lineNumber":55,"author":{"gitId":"alson001"},"content":"            String[] strArray \u003d userCommands.split(\" \", 2);","lastModifiedDate":"2023-01-17"},{"lineNumber":56,"author":{"gitId":"alson001"},"content":"            String action \u003d strArray[0];","lastModifiedDate":"2023-01-17"},{"lineNumber":57,"author":{"gitId":"alson001"},"content":"            boolean isModified \u003d false;","lastModifiedDate":"2023-01-27"},{"lineNumber":58,"author":{"gitId":"alson001"},"content":"","lastModifiedDate":"2023-01-27"},{"lineNumber":59,"author":{"gitId":"alson001"},"content":"            if (action.equalsIgnoreCase(\"bye\")) {","lastModifiedDate":"2023-01-17"},{"lineNumber":60,"author":{"gitId":"alson001"},"content":"                isOver \u003d true;","lastModifiedDate":"2023-01-16"},{"lineNumber":61,"author":{"gitId":"alson001"},"content":"                System.out.println(BYE_MESSAGE);","lastModifiedDate":"2023-01-16"},{"lineNumber":62,"author":{"gitId":"alson001"},"content":"            } else if (action.equalsIgnoreCase(\"list\")) {","lastModifiedDate":"2023-01-17"},{"lineNumber":63,"author":{"gitId":"alson001"},"content":"                System.out.println(HORIZONTAL_LINE + \"\\n\" +","lastModifiedDate":"2023-01-17"},{"lineNumber":64,"author":{"gitId":"alson001"},"content":"                        \"Here are the tasks in your list:\");","lastModifiedDate":"2023-01-17"},{"lineNumber":65,"author":{"gitId":"alson001"},"content":"                for (int i \u003d 1; i \u003c\u003d commandList.size(); i++) {","lastModifiedDate":"2023-01-17"},{"lineNumber":66,"author":{"gitId":"alson001"},"content":"                    System.out.println(i + \".\" + commandList.get(i - 1));","lastModifiedDate":"2023-01-17"},{"lineNumber":67,"author":{"gitId":"alson001"},"content":"                }","lastModifiedDate":"2023-01-17"},{"lineNumber":68,"author":{"gitId":"alson001"},"content":"                System.out.println(HORIZONTAL_LINE);","lastModifiedDate":"2023-01-18"},{"lineNumber":69,"author":{"gitId":"alson001"},"content":"            } else if (action.equalsIgnoreCase(\"mark\")) {","lastModifiedDate":"2023-01-17"},{"lineNumber":70,"author":{"gitId":"alson001"},"content":"                Task task \u003d commandList.get(Integer.parseInt(strArray[1]) - 1);","lastModifiedDate":"2023-01-17"},{"lineNumber":71,"author":{"gitId":"alson001"},"content":"                task.mark();","lastModifiedDate":"2023-01-17"},{"lineNumber":72,"author":{"gitId":"alson001"},"content":"                System.out.println(HORIZONTAL_LINE + \"\\n\" +","lastModifiedDate":"2023-01-17"},{"lineNumber":73,"author":{"gitId":"alson001"},"content":"                        \"Nice! I\u0027ve marked this task as done:\" +","lastModifiedDate":"2023-01-17"},{"lineNumber":74,"author":{"gitId":"alson001"},"content":"                        \"\\n\" + task + \"\\n\" + HORIZONTAL_LINE);","lastModifiedDate":"2023-01-18"},{"lineNumber":75,"author":{"gitId":"alson001"},"content":"            } else if (action.equalsIgnoreCase(\"unmark\")) {","lastModifiedDate":"2023-01-17"},{"lineNumber":76,"author":{"gitId":"alson001"},"content":"                Task task \u003d commandList.get(Integer.parseInt(strArray[1]) - 1);","lastModifiedDate":"2023-01-17"},{"lineNumber":77,"author":{"gitId":"alson001"},"content":"                task.unmark();","lastModifiedDate":"2023-01-17"},{"lineNumber":78,"author":{"gitId":"alson001"},"content":"                System.out.println(HORIZONTAL_LINE + \"\\n\" +","lastModifiedDate":"2023-01-17"},{"lineNumber":79,"author":{"gitId":"alson001"},"content":"                        \"OK, I\u0027ve marked this task as not done yet:\" +","lastModifiedDate":"2023-01-17"},{"lineNumber":80,"author":{"gitId":"alson001"},"content":"                        \"\\n\" + task + \"\\n\" + HORIZONTAL_LINE);","lastModifiedDate":"2023-01-18"},{"lineNumber":81,"author":{"gitId":"alson001"},"content":"            } else if (action.equalsIgnoreCase(\"delete\")) {","lastModifiedDate":"2023-01-18"},{"lineNumber":82,"author":{"gitId":"alson001"},"content":"                int index \u003d Integer.parseInt(strArray[1]);","lastModifiedDate":"2023-01-18"},{"lineNumber":83,"author":{"gitId":"alson001"},"content":"                if (index \u003e commandList.size() || index \u003c\u003d 0) {","lastModifiedDate":"2023-01-18"},{"lineNumber":84,"author":{"gitId":"alson001"},"content":"                    System.out.println(\"Please input a correct value\");","lastModifiedDate":"2023-01-18"},{"lineNumber":85,"author":{"gitId":"alson001"},"content":"                } else {","lastModifiedDate":"2023-01-18"},{"lineNumber":86,"author":{"gitId":"alson001"},"content":"                    Task task \u003d commandList.remove(index - 1);","lastModifiedDate":"2023-01-18"},{"lineNumber":87,"author":{"gitId":"alson001"},"content":"                    System.out.println(HORIZONTAL_LINE + \"\\n\" +","lastModifiedDate":"2023-01-18"},{"lineNumber":88,"author":{"gitId":"alson001"},"content":"                            \"Noted. I\u0027ve removed this task:\" + \"\\n\" +","lastModifiedDate":"2023-01-18"},{"lineNumber":89,"author":{"gitId":"alson001"},"content":"                            task + \"\\n\" + \"Now you have \" + commandList.size() +","lastModifiedDate":"2023-01-18"},{"lineNumber":90,"author":{"gitId":"alson001"},"content":"                            \" tasks in the list.\" + \"\\n\" + HORIZONTAL_LINE);","lastModifiedDate":"2023-01-18"},{"lineNumber":91,"author":{"gitId":"alson001"},"content":"                }","lastModifiedDate":"2023-01-18"},{"lineNumber":92,"author":{"gitId":"alson001"},"content":"            } else {","lastModifiedDate":"2023-01-16"},{"lineNumber":93,"author":{"gitId":"alson001"},"content":"                try {","lastModifiedDate":"2023-01-18"},{"lineNumber":94,"author":{"gitId":"alson001"},"content":"                    TaskTypes type \u003d getTaskType(action);","lastModifiedDate":"2023-01-17"},{"lineNumber":95,"author":{"gitId":"alson001"},"content":"                    Task task \u003d getTask(type, strArray);","lastModifiedDate":"2023-01-17"},{"lineNumber":96,"author":{"gitId":"alson001"},"content":"                    commandList.add(task);","lastModifiedDate":"2023-01-17"},{"lineNumber":97,"author":{"gitId":"alson001"},"content":"                    String numberOfTask \u003d Integer.toString(commandList.size());","lastModifiedDate":"2023-01-17"},{"lineNumber":98,"author":{"gitId":"alson001"},"content":"                    System.out.println(HORIZONTAL_LINE + \"\\n\" + \"Got it. I\u0027ve added this task:\" +","lastModifiedDate":"2023-01-17"},{"lineNumber":99,"author":{"gitId":"alson001"},"content":"                            \"\\n\" + task + \"\\n\" + \"Now you have \" + numberOfTask +","lastModifiedDate":"2023-01-17"},{"lineNumber":100,"author":{"gitId":"alson001"},"content":"                            \" tasks in the list.\" + \"\\n\" + HORIZONTAL_LINE);","lastModifiedDate":"2023-01-17"},{"lineNumber":101,"author":{"gitId":"alson001"},"content":"                    isModified \u003d true;","lastModifiedDate":"2023-01-27"},{"lineNumber":102,"author":{"gitId":"alson001"},"content":"                } catch (InvalidTaskTypeException | EmptyCommandException | InvalidTimeException e) {","lastModifiedDate":"2023-01-18"},{"lineNumber":103,"author":{"gitId":"alson001"},"content":"                    System.out.println(HORIZONTAL_LINE + \"\\n\" + e.getMessage() + \"\\n\" + HORIZONTAL_LINE);","lastModifiedDate":"2023-01-18"},{"lineNumber":104,"author":{"gitId":"alson001"},"content":"                }","lastModifiedDate":"2023-01-17"},{"lineNumber":105,"author":{"gitId":"alson001"},"content":"            }","lastModifiedDate":"2023-01-17"},{"lineNumber":106,"author":{"gitId":"alson001"},"content":"            if(isModified) {","lastModifiedDate":"2023-01-27"},{"lineNumber":107,"author":{"gitId":"alson001"},"content":"                storage.editStorage(commandList);","lastModifiedDate":"2023-01-27"},{"lineNumber":108,"author":{"gitId":"alson001"},"content":"                storage.saveToFile(savedFile);","lastModifiedDate":"2023-01-27"},{"lineNumber":109,"author":{"gitId":"alson001"},"content":"            }","lastModifiedDate":"2023-01-27"},{"lineNumber":110,"author":{"gitId":"alson001"},"content":"        }","lastModifiedDate":"2023-01-17"},{"lineNumber":111,"author":{"gitId":"alson001"},"content":"    }","lastModifiedDate":"2023-01-18"},{"lineNumber":112,"author":{"gitId":"alson001"},"content":"    public TaskTypes getTaskType(String action) throws InvalidTaskTypeException {","lastModifiedDate":"2023-01-18"},{"lineNumber":113,"author":{"gitId":"alson001"},"content":"        if (action.equalsIgnoreCase(\"todo\")) {","lastModifiedDate":"2023-01-17"},{"lineNumber":114,"author":{"gitId":"alson001"},"content":"            return TaskTypes.TODO;","lastModifiedDate":"2023-01-17"},{"lineNumber":115,"author":{"gitId":"alson001"},"content":"        } else if (action.equalsIgnoreCase(\"deadline\")) {","lastModifiedDate":"2023-01-17"},{"lineNumber":116,"author":{"gitId":"alson001"},"content":"            return TaskTypes.DEADLINE;","lastModifiedDate":"2023-01-17"},{"lineNumber":117,"author":{"gitId":"alson001"},"content":"        } else if (action.equalsIgnoreCase(\"event\")) {","lastModifiedDate":"2023-01-17"},{"lineNumber":118,"author":{"gitId":"alson001"},"content":"            return TaskTypes.EVENT;","lastModifiedDate":"2023-01-17"},{"lineNumber":119,"author":{"gitId":"alson001"},"content":"        } else {","lastModifiedDate":"2023-01-17"},{"lineNumber":120,"author":{"gitId":"alson001"},"content":"            throw new InvalidTaskTypeException();","lastModifiedDate":"2023-01-18"},{"lineNumber":121,"author":{"gitId":"alson001"},"content":"        }","lastModifiedDate":"2023-01-16"},{"lineNumber":122,"author":{"gitId":"alson001"},"content":"    }","lastModifiedDate":"2023-01-16"},{"lineNumber":123,"author":{"gitId":"alson001"},"content":"","lastModifiedDate":"2023-01-17"},{"lineNumber":124,"author":{"gitId":"alson001"},"content":"    public Task getTask(TaskTypes type, String[] strArray) throws InvalidTaskTypeException,","lastModifiedDate":"2023-01-18"},{"lineNumber":125,"author":{"gitId":"alson001"},"content":"            EmptyCommandException, InvalidTimeException {","lastModifiedDate":"2023-01-18"},{"lineNumber":126,"author":{"gitId":"alson001"},"content":"        String command;","lastModifiedDate":"2023-01-17"},{"lineNumber":127,"author":{"gitId":"alson001"},"content":"","lastModifiedDate":"2023-01-17"},{"lineNumber":128,"author":{"gitId":"alson001"},"content":"        if (strArray.length \u003c 2 || strArray[1].trim().equals(\"\")) {","lastModifiedDate":"2023-01-18"},{"lineNumber":129,"author":{"gitId":"alson001"},"content":"            throw new EmptyCommandException(strArray[0]);","lastModifiedDate":"2023-01-18"},{"lineNumber":130,"author":{"gitId":"alson001"},"content":"        }","lastModifiedDate":"2023-01-18"},{"lineNumber":131,"author":{"gitId":"alson001"},"content":"","lastModifiedDate":"2023-01-18"},{"lineNumber":132,"author":{"gitId":"alson001"},"content":"        if (type.equals(TaskTypes.TODO)) {","lastModifiedDate":"2023-01-17"},{"lineNumber":133,"author":{"gitId":"alson001"},"content":"            command \u003d strArray[1].trim();","lastModifiedDate":"2023-01-27"},{"lineNumber":134,"author":{"gitId":"alson001"},"content":"            return new ToDo(command);","lastModifiedDate":"2023-01-18"},{"lineNumber":135,"author":{"gitId":"alson001"},"content":"        } else if (type.equals(TaskTypes.DEADLINE)) {","lastModifiedDate":"2023-01-17"},{"lineNumber":136,"author":{"gitId":"alson001"},"content":"            String[] temp \u003d strArray[1].split(\"/by\", 2);","lastModifiedDate":"2023-01-17"},{"lineNumber":137,"author":{"gitId":"alson001"},"content":"            if (temp.length \u003c 2 || temp[1].trim().equals(\"\")) {","lastModifiedDate":"2023-01-18"},{"lineNumber":138,"author":{"gitId":"alson001"},"content":"                throw new InvalidTimeException();","lastModifiedDate":"2023-01-18"},{"lineNumber":139,"author":{"gitId":"alson001"},"content":"            }","lastModifiedDate":"2023-01-18"},{"lineNumber":140,"author":{"gitId":"alson001"},"content":"            command \u003d temp[0].trim();","lastModifiedDate":"2023-01-27"},{"lineNumber":141,"author":{"gitId":"alson001"},"content":"            String deadline \u003d temp[1].trim();","lastModifiedDate":"2023-01-27"},{"lineNumber":142,"author":{"gitId":"alson001"},"content":"            return new Deadline(command, deadline);","lastModifiedDate":"2023-01-18"},{"lineNumber":143,"author":{"gitId":"alson001"},"content":"        } else if (type.equals(TaskTypes.EVENT)) {","lastModifiedDate":"2023-01-17"},{"lineNumber":144,"author":{"gitId":"alson001"},"content":"            String[] temp \u003d strArray[1].split(\"/from\", 2);","lastModifiedDate":"2023-01-17"},{"lineNumber":145,"author":{"gitId":"alson001"},"content":"            if (temp.length \u003c 2 || temp[1].trim().equals(\"\")) {","lastModifiedDate":"2023-01-18"},{"lineNumber":146,"author":{"gitId":"alson001"},"content":"                throw new InvalidTimeException();","lastModifiedDate":"2023-01-18"},{"lineNumber":147,"author":{"gitId":"alson001"},"content":"            }","lastModifiedDate":"2023-01-18"},{"lineNumber":148,"author":{"gitId":"alson001"},"content":"            String[] temp2 \u003d temp[1].split(\"/to\", 2);","lastModifiedDate":"2023-01-17"},{"lineNumber":149,"author":{"gitId":"alson001"},"content":"            if (temp2.length \u003c 2 || temp2[1].trim().equals(\"\")) {","lastModifiedDate":"2023-01-18"},{"lineNumber":150,"author":{"gitId":"alson001"},"content":"                throw new InvalidTimeException();","lastModifiedDate":"2023-01-18"},{"lineNumber":151,"author":{"gitId":"alson001"},"content":"            }","lastModifiedDate":"2023-01-18"},{"lineNumber":152,"author":{"gitId":"alson001"},"content":"            command \u003d temp[0].trim();","lastModifiedDate":"2023-01-27"},{"lineNumber":153,"author":{"gitId":"alson001"},"content":"            String start \u003d temp2[0].trim();","lastModifiedDate":"2023-01-27"},{"lineNumber":154,"author":{"gitId":"alson001"},"content":"            String end \u003d temp2[1].trim();","lastModifiedDate":"2023-01-27"},{"lineNumber":155,"author":{"gitId":"alson001"},"content":"            return new Event(command, start, end);","lastModifiedDate":"2023-01-18"},{"lineNumber":156,"author":{"gitId":"alson001"},"content":"        } else {","lastModifiedDate":"2023-01-17"},{"lineNumber":157,"author":{"gitId":"alson001"},"content":"            throw new InvalidTaskTypeException();","lastModifiedDate":"2023-01-18"},{"lineNumber":158,"author":{"gitId":"alson001"},"content":"        }","lastModifiedDate":"2023-01-17"},{"lineNumber":159,"author":{"gitId":"-"},"content":"    }","lastModifiedDate":"2019-07-29"},{"lineNumber":160,"author":{"gitId":"-"},"content":"}","lastModifiedDate":"2019-07-29"}],"authorContributionMap":{"alson001":156,"-":4}},{"path":"src/main/java/EmptyCommandException.java","fileType":"java","lines":[{"lineNumber":1,"author":{"gitId":"alson001"},"content":"public class EmptyCommandException extends Exception {","lastModifiedDate":"2023-01-18"},{"lineNumber":2,"author":{"gitId":"alson001"},"content":"","lastModifiedDate":"2023-01-18"},{"lineNumber":3,"author":{"gitId":"alson001"},"content":"    public EmptyCommandException(String taskType) {","lastModifiedDate":"2023-01-18"},{"lineNumber":4,"author":{"gitId":"alson001"},"content":"            super(\"OOPS!!! The description of a \" + taskType + \" cannot be empty.\");","lastModifiedDate":"2023-01-18"},{"lineNumber":5,"author":{"gitId":"alson001"},"content":"    }","lastModifiedDate":"2023-01-18"},{"lineNumber":6,"author":{"gitId":"alson001"},"content":"","lastModifiedDate":"2023-01-18"},{"lineNumber":7,"author":{"gitId":"alson001"},"content":"}","lastModifiedDate":"2023-01-18"}],"authorContributionMap":{"alson001":7}},{"path":"src/main/java/Event.java","fileType":"java","lines":[{"lineNumber":1,"author":{"gitId":"alson001"},"content":"import java.time.LocalDate;","lastModifiedDate":"2023-01-27"},{"lineNumber":2,"author":{"gitId":"alson001"},"content":"import java.time.format.DateTimeFormatter;","lastModifiedDate":"2023-01-27"},{"lineNumber":3,"author":{"gitId":"alson001"},"content":"","lastModifiedDate":"2023-01-27"},{"lineNumber":4,"author":{"gitId":"alson001"},"content":"public class Event extends Task {","lastModifiedDate":"2023-01-17"},{"lineNumber":5,"author":{"gitId":"alson001"},"content":"","lastModifiedDate":"2023-01-17"},{"lineNumber":6,"author":{"gitId":"alson001"},"content":"    private final LocalDate start;","lastModifiedDate":"2023-01-27"},{"lineNumber":7,"author":{"gitId":"alson001"},"content":"    private final LocalDate end;","lastModifiedDate":"2023-01-27"},{"lineNumber":8,"author":{"gitId":"alson001"},"content":"","lastModifiedDate":"2023-01-27"},{"lineNumber":9,"author":{"gitId":"alson001"},"content":"    private static final DateTimeFormatter formatter \u003d","lastModifiedDate":"2023-01-27"},{"lineNumber":10,"author":{"gitId":"alson001"},"content":"            DateTimeFormatter.ofPattern(\"MMM dd yyyy\");","lastModifiedDate":"2023-01-27"},{"lineNumber":11,"author":{"gitId":"alson001"},"content":"","lastModifiedDate":"2023-01-17"},{"lineNumber":12,"author":{"gitId":"alson001"},"content":"    public Event(String command, String start, String end) {","lastModifiedDate":"2023-01-17"},{"lineNumber":13,"author":{"gitId":"alson001"},"content":"        super(command);","lastModifiedDate":"2023-01-17"},{"lineNumber":14,"author":{"gitId":"alson001"},"content":"        this.start \u003d LocalDate.parse(start);","lastModifiedDate":"2023-01-27"},{"lineNumber":15,"author":{"gitId":"alson001"},"content":"        this.end \u003d LocalDate.parse(end);","lastModifiedDate":"2023-01-27"},{"lineNumber":16,"author":{"gitId":"alson001"},"content":"    }","lastModifiedDate":"2023-01-17"},{"lineNumber":17,"author":{"gitId":"alson001"},"content":"","lastModifiedDate":"2023-01-17"},{"lineNumber":18,"author":{"gitId":"alson001"},"content":"    @Override","lastModifiedDate":"2023-01-17"},{"lineNumber":19,"author":{"gitId":"alson001"},"content":"    public String toString() {","lastModifiedDate":"2023-01-17"},{"lineNumber":20,"author":{"gitId":"alson001"},"content":"        return \"[E]\" + super.toString() + \"(from:\" + start.format(formatter) + \"to:\" + end.format(formatter) + \")\";","lastModifiedDate":"2023-01-27"},{"lineNumber":21,"author":{"gitId":"alson001"},"content":"    }","lastModifiedDate":"2023-01-17"},{"lineNumber":22,"author":{"gitId":"alson001"},"content":"","lastModifiedDate":"2023-01-27"},{"lineNumber":23,"author":{"gitId":"alson001"},"content":"    @Override","lastModifiedDate":"2023-01-27"},{"lineNumber":24,"author":{"gitId":"alson001"},"content":"    public String taskToData() {","lastModifiedDate":"2023-01-27"},{"lineNumber":25,"author":{"gitId":"alson001"},"content":"        int done \u003d isDone() ? 1 : 0;","lastModifiedDate":"2023-01-27"},{"lineNumber":26,"author":{"gitId":"alson001"},"content":"        String task \u003d getTask();","lastModifiedDate":"2023-01-27"},{"lineNumber":27,"author":{"gitId":"alson001"},"content":"        return String.format(\"[E] | %d | %s | %s | %s\",","lastModifiedDate":"2023-01-27"},{"lineNumber":28,"author":{"gitId":"alson001"},"content":"                done,","lastModifiedDate":"2023-01-27"},{"lineNumber":29,"author":{"gitId":"alson001"},"content":"                task,","lastModifiedDate":"2023-01-27"},{"lineNumber":30,"author":{"gitId":"alson001"},"content":"                this.start,","lastModifiedDate":"2023-01-27"},{"lineNumber":31,"author":{"gitId":"alson001"},"content":"                this.end);","lastModifiedDate":"2023-01-27"},{"lineNumber":32,"author":{"gitId":"alson001"},"content":"    }","lastModifiedDate":"2023-01-27"},{"lineNumber":33,"author":{"gitId":"alson001"},"content":"","lastModifiedDate":"2023-01-27"},{"lineNumber":34,"author":{"gitId":"alson001"},"content":"}","lastModifiedDate":"2023-01-17"}],"authorContributionMap":{"alson001":34}},{"path":"src/main/java/InvalidTaskTypeException.java","fileType":"java","lines":[{"lineNumber":1,"author":{"gitId":"alson001"},"content":"public class InvalidTaskTypeException extends Exception {","lastModifiedDate":"2023-01-18"},{"lineNumber":2,"author":{"gitId":"alson001"},"content":"","lastModifiedDate":"2023-01-18"},{"lineNumber":3,"author":{"gitId":"alson001"},"content":"    public InvalidTaskTypeException() {","lastModifiedDate":"2023-01-18"},{"lineNumber":4,"author":{"gitId":"alson001"},"content":"        super(\"OOPS!!! I\u0027m sorry, but I don\u0027t know what that task type means :-(\");","lastModifiedDate":"2023-01-27"},{"lineNumber":5,"author":{"gitId":"alson001"},"content":"    }","lastModifiedDate":"2023-01-18"},{"lineNumber":6,"author":{"gitId":"alson001"},"content":"}","lastModifiedDate":"2023-01-18"}],"authorContributionMap":{"alson001":6}},{"path":"src/main/java/InvalidTimeException.java","fileType":"java","lines":[{"lineNumber":1,"author":{"gitId":"alson001"},"content":"public class InvalidTimeException extends Exception {","lastModifiedDate":"2023-01-18"},{"lineNumber":2,"author":{"gitId":"alson001"},"content":"    public InvalidTimeException() {","lastModifiedDate":"2023-01-18"},{"lineNumber":3,"author":{"gitId":"alson001"},"content":"        super (\"OOPS!!! Please specify a time.\");","lastModifiedDate":"2023-01-18"},{"lineNumber":4,"author":{"gitId":"alson001"},"content":"    }","lastModifiedDate":"2023-01-18"},{"lineNumber":5,"author":{"gitId":"alson001"},"content":"}","lastModifiedDate":"2023-01-18"}],"authorContributionMap":{"alson001":5}},{"path":"src/main/java/Storage.java","fileType":"java","lines":[{"lineNumber":1,"author":{"gitId":"alson001"},"content":"import java.io.*;","lastModifiedDate":"2023-01-27"},{"lineNumber":2,"author":{"gitId":"alson001"},"content":"import java.util.ArrayList;","lastModifiedDate":"2023-01-27"},{"lineNumber":3,"author":{"gitId":"alson001"},"content":"import java.util.List;","lastModifiedDate":"2023-01-27"},{"lineNumber":4,"author":{"gitId":"alson001"},"content":"","lastModifiedDate":"2023-01-27"},{"lineNumber":5,"author":{"gitId":"alson001"},"content":"public class Storage {","lastModifiedDate":"2023-01-27"},{"lineNumber":6,"author":{"gitId":"alson001"},"content":"    private List\u003cTask\u003e taskList;","lastModifiedDate":"2023-01-27"},{"lineNumber":7,"author":{"gitId":"alson001"},"content":"","lastModifiedDate":"2023-01-27"},{"lineNumber":8,"author":{"gitId":"alson001"},"content":"    public Storage() {","lastModifiedDate":"2023-01-27"},{"lineNumber":9,"author":{"gitId":"alson001"},"content":"        this.taskList \u003d new ArrayList\u003c\u003e();","lastModifiedDate":"2023-01-27"},{"lineNumber":10,"author":{"gitId":"alson001"},"content":"    }","lastModifiedDate":"2023-01-27"},{"lineNumber":11,"author":{"gitId":"alson001"},"content":"","lastModifiedDate":"2023-01-27"},{"lineNumber":12,"author":{"gitId":"alson001"},"content":"    public void editStorage(List\u003cTask\u003e taskList) {","lastModifiedDate":"2023-01-27"},{"lineNumber":13,"author":{"gitId":"alson001"},"content":"        this.taskList \u003d taskList;","lastModifiedDate":"2023-01-27"},{"lineNumber":14,"author":{"gitId":"alson001"},"content":"    }","lastModifiedDate":"2023-01-27"},{"lineNumber":15,"author":{"gitId":"alson001"},"content":"","lastModifiedDate":"2023-01-27"},{"lineNumber":16,"author":{"gitId":"alson001"},"content":"    public List\u003cTask\u003e getStorage() {","lastModifiedDate":"2023-01-27"},{"lineNumber":17,"author":{"gitId":"alson001"},"content":"        return this.taskList;","lastModifiedDate":"2023-01-27"},{"lineNumber":18,"author":{"gitId":"alson001"},"content":"    }","lastModifiedDate":"2023-01-27"},{"lineNumber":19,"author":{"gitId":"alson001"},"content":"","lastModifiedDate":"2023-01-27"},{"lineNumber":20,"author":{"gitId":"alson001"},"content":"    public void loadFromFile(File file) {","lastModifiedDate":"2023-01-27"},{"lineNumber":21,"author":{"gitId":"alson001"},"content":"        try {","lastModifiedDate":"2023-01-27"},{"lineNumber":22,"author":{"gitId":"alson001"},"content":"            BufferedReader bufReader \u003d new BufferedReader(new FileReader(file));","lastModifiedDate":"2023-01-27"},{"lineNumber":23,"author":{"gitId":"alson001"},"content":"            taskList.clear();","lastModifiedDate":"2023-01-27"},{"lineNumber":24,"author":{"gitId":"alson001"},"content":"            String line \u003d bufReader.readLine();","lastModifiedDate":"2023-01-27"},{"lineNumber":25,"author":{"gitId":"alson001"},"content":"            while (line !\u003d null) {","lastModifiedDate":"2023-01-27"},{"lineNumber":26,"author":{"gitId":"alson001"},"content":"                try {","lastModifiedDate":"2023-01-27"},{"lineNumber":27,"author":{"gitId":"alson001"},"content":"                    taskList.add(Task.dataToTask(line));","lastModifiedDate":"2023-01-27"},{"lineNumber":28,"author":{"gitId":"alson001"},"content":"                } catch (InvalidTaskTypeException e) {","lastModifiedDate":"2023-01-27"},{"lineNumber":29,"author":{"gitId":"alson001"},"content":"                    System.out.println(Duke.HORIZONTAL_LINE + \"\\n\" + e.getMessage() +","lastModifiedDate":"2023-01-27"},{"lineNumber":30,"author":{"gitId":"alson001"},"content":"                            \"\\n\" + Duke.HORIZONTAL_LINE);","lastModifiedDate":"2023-01-27"},{"lineNumber":31,"author":{"gitId":"alson001"},"content":"                }","lastModifiedDate":"2023-01-27"},{"lineNumber":32,"author":{"gitId":"alson001"},"content":"                line \u003d bufReader.readLine();","lastModifiedDate":"2023-01-27"},{"lineNumber":33,"author":{"gitId":"alson001"},"content":"            }","lastModifiedDate":"2023-01-27"},{"lineNumber":34,"author":{"gitId":"alson001"},"content":"","lastModifiedDate":"2023-01-27"},{"lineNumber":35,"author":{"gitId":"alson001"},"content":"        } catch (FileNotFoundException e) {","lastModifiedDate":"2023-01-27"},{"lineNumber":36,"author":{"gitId":"alson001"},"content":"            throw new RuntimeException(\"File not found when trying to read data file.\");","lastModifiedDate":"2023-01-27"},{"lineNumber":37,"author":{"gitId":"alson001"},"content":"        } catch (IOException e) {","lastModifiedDate":"2023-01-27"},{"lineNumber":38,"author":{"gitId":"alson001"},"content":"            throw new RuntimeException(\"Error while loading from file: \" + e);","lastModifiedDate":"2023-01-27"},{"lineNumber":39,"author":{"gitId":"alson001"},"content":"        }","lastModifiedDate":"2023-01-27"},{"lineNumber":40,"author":{"gitId":"alson001"},"content":"    }","lastModifiedDate":"2023-01-27"},{"lineNumber":41,"author":{"gitId":"alson001"},"content":"","lastModifiedDate":"2023-01-27"},{"lineNumber":42,"author":{"gitId":"alson001"},"content":"    public void saveToFile(File file) {","lastModifiedDate":"2023-01-27"},{"lineNumber":43,"author":{"gitId":"alson001"},"content":"        try {","lastModifiedDate":"2023-01-27"},{"lineNumber":44,"author":{"gitId":"alson001"},"content":"            BufferedWriter writer \u003d new BufferedWriter(new FileWriter(file));","lastModifiedDate":"2023-01-27"},{"lineNumber":45,"author":{"gitId":"alson001"},"content":"            for (Task task : taskList) {","lastModifiedDate":"2023-01-27"},{"lineNumber":46,"author":{"gitId":"alson001"},"content":"                writer.write(task.taskToData());","lastModifiedDate":"2023-01-27"},{"lineNumber":47,"author":{"gitId":"alson001"},"content":"                writer.write(\u0027\\n\u0027);","lastModifiedDate":"2023-01-27"},{"lineNumber":48,"author":{"gitId":"alson001"},"content":"            }","lastModifiedDate":"2023-01-27"},{"lineNumber":49,"author":{"gitId":"alson001"},"content":"            writer.close();","lastModifiedDate":"2023-01-27"},{"lineNumber":50,"author":{"gitId":"alson001"},"content":"        } catch (IOException e) {","lastModifiedDate":"2023-01-27"},{"lineNumber":51,"author":{"gitId":"alson001"},"content":"            System.out.println(\"Error while saving file: \" + e);","lastModifiedDate":"2023-01-27"},{"lineNumber":52,"author":{"gitId":"alson001"},"content":"        }","lastModifiedDate":"2023-01-27"},{"lineNumber":53,"author":{"gitId":"alson001"},"content":"","lastModifiedDate":"2023-01-27"},{"lineNumber":54,"author":{"gitId":"alson001"},"content":"    }","lastModifiedDate":"2023-01-27"},{"lineNumber":55,"author":{"gitId":"alson001"},"content":"","lastModifiedDate":"2023-01-27"},{"lineNumber":56,"author":{"gitId":"alson001"},"content":"    public static void main(String[] args) {","lastModifiedDate":"2023-01-27"},{"lineNumber":57,"author":{"gitId":"alson001"},"content":"        Storage data \u003d new Storage();","lastModifiedDate":"2023-01-27"},{"lineNumber":58,"author":{"gitId":"alson001"},"content":"        List\u003cTask\u003e newTaskList \u003d new ArrayList\u003c\u003e();","lastModifiedDate":"2023-01-27"},{"lineNumber":59,"author":{"gitId":"alson001"},"content":"        newTaskList.add(new Deadline(\"Do task\", \"September\"));","lastModifiedDate":"2023-01-27"},{"lineNumber":60,"author":{"gitId":"alson001"},"content":"        newTaskList.add(new ToDo((\"Todo task\")));","lastModifiedDate":"2023-01-27"},{"lineNumber":61,"author":{"gitId":"alson001"},"content":"        newTaskList.add(new Event(\"Event task\", \"October\", \"November\"));","lastModifiedDate":"2023-01-27"},{"lineNumber":62,"author":{"gitId":"alson001"},"content":"        data.editStorage(newTaskList);","lastModifiedDate":"2023-01-27"},{"lineNumber":63,"author":{"gitId":"alson001"},"content":"        data.saveToFile(new File(\"savedFile.txt\"));","lastModifiedDate":"2023-01-27"},{"lineNumber":64,"author":{"gitId":"alson001"},"content":"        data.loadFromFile(new File(\"savedFile.txt\"));","lastModifiedDate":"2023-01-27"},{"lineNumber":65,"author":{"gitId":"alson001"},"content":"    }","lastModifiedDate":"2023-01-27"},{"lineNumber":66,"author":{"gitId":"alson001"},"content":"","lastModifiedDate":"2023-01-27"},{"lineNumber":67,"author":{"gitId":"alson001"},"content":"","lastModifiedDate":"2023-01-27"},{"lineNumber":68,"author":{"gitId":"alson001"},"content":"","lastModifiedDate":"2023-01-27"},{"lineNumber":69,"author":{"gitId":"alson001"},"content":"}","lastModifiedDate":"2023-01-27"}],"authorContributionMap":{"alson001":69}},{"path":"src/main/java/Task.java","fileType":"java","lines":[{"lineNumber":1,"author":{"gitId":"alson001"},"content":"public abstract class Task {","lastModifiedDate":"2023-01-27"},{"lineNumber":2,"author":{"gitId":"alson001"},"content":"    private final String task;","lastModifiedDate":"2023-01-27"},{"lineNumber":3,"author":{"gitId":"alson001"},"content":"    private boolean done;","lastModifiedDate":"2023-01-17"},{"lineNumber":4,"author":{"gitId":"alson001"},"content":"","lastModifiedDate":"2023-01-17"},{"lineNumber":5,"author":{"gitId":"alson001"},"content":"    public Task(String command) {","lastModifiedDate":"2023-01-17"},{"lineNumber":6,"author":{"gitId":"alson001"},"content":"        this.task \u003d command;","lastModifiedDate":"2023-01-17"},{"lineNumber":7,"author":{"gitId":"alson001"},"content":"        this.done \u003d false;","lastModifiedDate":"2023-01-17"},{"lineNumber":8,"author":{"gitId":"alson001"},"content":"    }","lastModifiedDate":"2023-01-17"},{"lineNumber":9,"author":{"gitId":"alson001"},"content":"","lastModifiedDate":"2023-01-17"},{"lineNumber":10,"author":{"gitId":"alson001"},"content":"    public static Task dataToTask(String data) throws InvalidTaskTypeException{","lastModifiedDate":"2023-01-27"},{"lineNumber":11,"author":{"gitId":"alson001"},"content":"        Task task;","lastModifiedDate":"2023-01-27"},{"lineNumber":12,"author":{"gitId":"alson001"},"content":"","lastModifiedDate":"2023-01-27"},{"lineNumber":13,"author":{"gitId":"alson001"},"content":"        //| is a metacharacter in regex. You\u0027d need to escape it:","lastModifiedDate":"2023-01-27"},{"lineNumber":14,"author":{"gitId":"alson001"},"content":"        String[] dataArray \u003d data.split(\"\\\\|\");","lastModifiedDate":"2023-01-27"},{"lineNumber":15,"author":{"gitId":"alson001"},"content":"        //remove spaces in between","lastModifiedDate":"2023-01-27"},{"lineNumber":16,"author":{"gitId":"alson001"},"content":"        for (int i \u003d 0; i \u003c dataArray.length; i++) {","lastModifiedDate":"2023-01-27"},{"lineNumber":17,"author":{"gitId":"alson001"},"content":"            dataArray[i] \u003d dataArray[i].trim();","lastModifiedDate":"2023-01-27"},{"lineNumber":18,"author":{"gitId":"alson001"},"content":"        }","lastModifiedDate":"2023-01-27"},{"lineNumber":19,"author":{"gitId":"alson001"},"content":"","lastModifiedDate":"2023-01-27"},{"lineNumber":20,"author":{"gitId":"alson001"},"content":"        switch(dataArray[0]) {","lastModifiedDate":"2023-01-27"},{"lineNumber":21,"author":{"gitId":"alson001"},"content":"            case \"[T]\":","lastModifiedDate":"2023-01-27"},{"lineNumber":22,"author":{"gitId":"alson001"},"content":"                task \u003d new ToDo(dataArray[2]);","lastModifiedDate":"2023-01-27"},{"lineNumber":23,"author":{"gitId":"alson001"},"content":"                break;","lastModifiedDate":"2023-01-27"},{"lineNumber":24,"author":{"gitId":"alson001"},"content":"            case \"[D]\":","lastModifiedDate":"2023-01-27"},{"lineNumber":25,"author":{"gitId":"alson001"},"content":"                task \u003d new Deadline(dataArray[2], dataArray[3]);","lastModifiedDate":"2023-01-27"},{"lineNumber":26,"author":{"gitId":"alson001"},"content":"                break;","lastModifiedDate":"2023-01-27"},{"lineNumber":27,"author":{"gitId":"alson001"},"content":"            case \"[E]\":","lastModifiedDate":"2023-01-27"},{"lineNumber":28,"author":{"gitId":"alson001"},"content":"                task \u003d new Event(dataArray[2], dataArray[3], dataArray[4]);","lastModifiedDate":"2023-01-27"},{"lineNumber":29,"author":{"gitId":"alson001"},"content":"                break;","lastModifiedDate":"2023-01-27"},{"lineNumber":30,"author":{"gitId":"alson001"},"content":"            default:","lastModifiedDate":"2023-01-27"},{"lineNumber":31,"author":{"gitId":"alson001"},"content":"                throw new InvalidTaskTypeException();","lastModifiedDate":"2023-01-27"},{"lineNumber":32,"author":{"gitId":"alson001"},"content":"        }","lastModifiedDate":"2023-01-27"},{"lineNumber":33,"author":{"gitId":"alson001"},"content":"","lastModifiedDate":"2023-01-27"},{"lineNumber":34,"author":{"gitId":"alson001"},"content":"        if(dataArray[1].equals(\"1\")) {","lastModifiedDate":"2023-01-27"},{"lineNumber":35,"author":{"gitId":"alson001"},"content":"            task.mark();","lastModifiedDate":"2023-01-27"},{"lineNumber":36,"author":{"gitId":"alson001"},"content":"        }","lastModifiedDate":"2023-01-27"},{"lineNumber":37,"author":{"gitId":"alson001"},"content":"","lastModifiedDate":"2023-01-27"},{"lineNumber":38,"author":{"gitId":"alson001"},"content":"        return task;","lastModifiedDate":"2023-01-27"},{"lineNumber":39,"author":{"gitId":"alson001"},"content":"    }","lastModifiedDate":"2023-01-27"},{"lineNumber":40,"author":{"gitId":"alson001"},"content":"","lastModifiedDate":"2023-01-27"},{"lineNumber":41,"author":{"gitId":"alson001"},"content":"    public void mark() {","lastModifiedDate":"2023-01-17"},{"lineNumber":42,"author":{"gitId":"alson001"},"content":"        this.done \u003d true;","lastModifiedDate":"2023-01-17"},{"lineNumber":43,"author":{"gitId":"alson001"},"content":"    }","lastModifiedDate":"2023-01-17"},{"lineNumber":44,"author":{"gitId":"alson001"},"content":"","lastModifiedDate":"2023-01-17"},{"lineNumber":45,"author":{"gitId":"alson001"},"content":"    public void unmark() {","lastModifiedDate":"2023-01-17"},{"lineNumber":46,"author":{"gitId":"alson001"},"content":"        this.done \u003d false;","lastModifiedDate":"2023-01-17"},{"lineNumber":47,"author":{"gitId":"alson001"},"content":"    }","lastModifiedDate":"2023-01-17"},{"lineNumber":48,"author":{"gitId":"alson001"},"content":"","lastModifiedDate":"2023-01-17"},{"lineNumber":49,"author":{"gitId":"alson001"},"content":"    public boolean isDone() {","lastModifiedDate":"2023-01-27"},{"lineNumber":50,"author":{"gitId":"alson001"},"content":"        return this.done;","lastModifiedDate":"2023-01-27"},{"lineNumber":51,"author":{"gitId":"alson001"},"content":"    }","lastModifiedDate":"2023-01-27"},{"lineNumber":52,"author":{"gitId":"alson001"},"content":"","lastModifiedDate":"2023-01-27"},{"lineNumber":53,"author":{"gitId":"alson001"},"content":"    public String getTask() {","lastModifiedDate":"2023-01-27"},{"lineNumber":54,"author":{"gitId":"alson001"},"content":"        return this.task;","lastModifiedDate":"2023-01-27"},{"lineNumber":55,"author":{"gitId":"alson001"},"content":"    }","lastModifiedDate":"2023-01-27"},{"lineNumber":56,"author":{"gitId":"alson001"},"content":"","lastModifiedDate":"2023-01-27"},{"lineNumber":57,"author":{"gitId":"alson001"},"content":"    @Override","lastModifiedDate":"2023-01-17"},{"lineNumber":58,"author":{"gitId":"alson001"},"content":"    public String toString(){","lastModifiedDate":"2023-01-17"},{"lineNumber":59,"author":{"gitId":"alson001"},"content":"        String checkbox \u003d \"[\" + (done ? \"X\" : \" \") + \"]\";","lastModifiedDate":"2023-01-17"},{"lineNumber":60,"author":{"gitId":"alson001"},"content":"        return checkbox + \" \" + this.task;","lastModifiedDate":"2023-01-17"},{"lineNumber":61,"author":{"gitId":"alson001"},"content":"    }","lastModifiedDate":"2023-01-17"},{"lineNumber":62,"author":{"gitId":"alson001"},"content":"","lastModifiedDate":"2023-01-27"},{"lineNumber":63,"author":{"gitId":"alson001"},"content":"    public abstract String taskToData();","lastModifiedDate":"2023-01-27"},{"lineNumber":64,"author":{"gitId":"alson001"},"content":"}","lastModifiedDate":"2023-01-17"}],"authorContributionMap":{"alson001":64}},{"path":"src/main/java/ToDo.java","fileType":"java","lines":[{"lineNumber":1,"author":{"gitId":"alson001"},"content":"public class ToDo extends Task {","lastModifiedDate":"2023-01-17"},{"lineNumber":2,"author":{"gitId":"alson001"},"content":"","lastModifiedDate":"2023-01-17"},{"lineNumber":3,"author":{"gitId":"alson001"},"content":"    public ToDo(String command) {","lastModifiedDate":"2023-01-17"},{"lineNumber":4,"author":{"gitId":"alson001"},"content":"        super(command);","lastModifiedDate":"2023-01-17"},{"lineNumber":5,"author":{"gitId":"alson001"},"content":"    }","lastModifiedDate":"2023-01-17"},{"lineNumber":6,"author":{"gitId":"alson001"},"content":"","lastModifiedDate":"2023-01-17"},{"lineNumber":7,"author":{"gitId":"alson001"},"content":"    @Override","lastModifiedDate":"2023-01-17"},{"lineNumber":8,"author":{"gitId":"alson001"},"content":"    public String toString() {","lastModifiedDate":"2023-01-17"},{"lineNumber":9,"author":{"gitId":"alson001"},"content":"        return \"[T]\" + super.toString();","lastModifiedDate":"2023-01-17"},{"lineNumber":10,"author":{"gitId":"alson001"},"content":"    }","lastModifiedDate":"2023-01-17"},{"lineNumber":11,"author":{"gitId":"alson001"},"content":"","lastModifiedDate":"2023-01-27"},{"lineNumber":12,"author":{"gitId":"alson001"},"content":"    @Override","lastModifiedDate":"2023-01-27"},{"lineNumber":13,"author":{"gitId":"alson001"},"content":"    public String taskToData() {","lastModifiedDate":"2023-01-27"},{"lineNumber":14,"author":{"gitId":"alson001"},"content":"        int done \u003d isDone() ? 1 : 0;","lastModifiedDate":"2023-01-27"},{"lineNumber":15,"author":{"gitId":"alson001"},"content":"        String task \u003d getTask();","lastModifiedDate":"2023-01-27"},{"lineNumber":16,"author":{"gitId":"alson001"},"content":"        return String.format(\"[T] | %d | %s\",","lastModifiedDate":"2023-01-27"},{"lineNumber":17,"author":{"gitId":"alson001"},"content":"                done,","lastModifiedDate":"2023-01-27"},{"lineNumber":18,"author":{"gitId":"alson001"},"content":"                task);","lastModifiedDate":"2023-01-27"},{"lineNumber":19,"author":{"gitId":"alson001"},"content":"    }","lastModifiedDate":"2023-01-27"},{"lineNumber":20,"author":{"gitId":"alson001"},"content":"}","lastModifiedDate":"2023-01-17"}],"authorContributionMap":{"alson001":20}},{"path":"text-ui-test/input.txt","fileType":"txt","lines":[{"lineNumber":1,"author":{"gitId":"alson001"},"content":"todo","lastModifiedDate":"2023-01-18"},{"lineNumber":2,"author":{"gitId":"alson001"},"content":"todo ride bicycle","lastModifiedDate":"2023-01-18"},{"lineNumber":3,"author":{"gitId":"alson001"},"content":"deadline","lastModifiedDate":"2023-01-18"},{"lineNumber":4,"author":{"gitId":"alson001"},"content":"deadline complete duke /by Thursday","lastModifiedDate":"2023-01-18"},{"lineNumber":5,"author":{"gitId":"alson001"},"content":"event","lastModifiedDate":"2023-01-18"},{"lineNumber":6,"author":{"gitId":"alson001"},"content":"event attend 2103T lecture /from friday 2pm /to 4pm","lastModifiedDate":"2023-01-18"},{"lineNumber":7,"author":{"gitId":"alson001"},"content":"help","lastModifiedDate":"2023-01-18"},{"lineNumber":8,"author":{"gitId":"alson001"},"content":"list","lastModifiedDate":"2023-01-18"},{"lineNumber":9,"author":{"gitId":"alson001"},"content":"mark 1","lastModifiedDate":"2023-01-18"},{"lineNumber":10,"author":{"gitId":"alson001"},"content":"mark 2","lastModifiedDate":"2023-01-18"},{"lineNumber":11,"author":{"gitId":"alson001"},"content":"mark 3","lastModifiedDate":"2023-01-18"},{"lineNumber":12,"author":{"gitId":"alson001"},"content":"list","lastModifiedDate":"2023-01-18"},{"lineNumber":13,"author":{"gitId":"alson001"},"content":"unmark 1","lastModifiedDate":"2023-01-18"},{"lineNumber":14,"author":{"gitId":"alson001"},"content":"unmark 2","lastModifiedDate":"2023-01-18"},{"lineNumber":15,"author":{"gitId":"alson001"},"content":"unmark 3","lastModifiedDate":"2023-01-18"},{"lineNumber":16,"author":{"gitId":"alson001"},"content":"list","lastModifiedDate":"2023-01-18"},{"lineNumber":17,"author":{"gitId":"alson001"},"content":"bye","lastModifiedDate":"2023-01-18"}],"authorContributionMap":{"alson001":17}}]
