{"authorDailyContributionsMap":{"Creationsv2":[{"date":"2023-01-16","commitResults":[{"hash":"4d5ef22dd4205f3259682c19d10005caf6140c6f","messageTitle":"Add increment Level-1.","messageBody":"","fileTypesAndContributionMap":{"java":{"insertions":35,"deletions":0}}},{"hash":"88d6446afd6a6a6527788a3150e1dc5c96b98f77","messageTitle":"Add increment Level-2.","messageBody":"","fileTypesAndContributionMap":{"java":{"insertions":13,"deletions":2}}}]},{"date":"2023-01-17","commitResults":[{"hash":"2853b2fe8be5d823f004cd87a607af055ba4bf44","messageTitle":"Add increment Level-3.","messageBody":"","tags":["Level-3"],"fileTypesAndContributionMap":{"java":{"insertions":65,"deletions":3}}},{"hash":"a7e693b80b665e1febadbbcb5b6c2104acaa691b","messageTitle":"Add increment Level-4","messageBody":"","tags":["Level-4"],"fileTypesAndContributionMap":{"java":{"insertions":123,"deletions":13}}}]},{"date":"2023-01-18","commitResults":[{"hash":"809b3e13c80f70a0a03284adbfc4d331d3773ef0","messageTitle":"Add A-TestUiTesting.","messageBody":"","tags":["A-TextUiTesting","A-TestUiTesting"],"fileTypesAndContributionMap":{"txt":{"insertions":10,"deletions":0},"java":{"insertions":0,"deletions":6},"bat":{"insertions":3,"deletions":1}}},{"hash":"c97e8de26d32cefe44e5eb23a8f8ea8937078dfd","messageTitle":"Add increment Level-5.","messageBody":"","tags":["Level-5"],"fileTypesAndContributionMap":{"java":{"insertions":97,"deletions":52}}},{"hash":"3842e389ae194aab7bdc7305211ca5958a415011","messageTitle":"Add increment Level-6.","messageBody":"","tags":["Level-6"],"fileTypesAndContributionMap":{"java":{"insertions":14,"deletions":0}}},{"hash":"10ace00b13edf1c8b6555d8b14f799ee249a5c69","messageTitle":"Add A-Enums.","messageBody":"","tags":["A-Enums"],"fileTypesAndContributionMap":{"java":{"insertions":36,"deletions":9}}}]},{"date":"2023-01-23","commitResults":[{"hash":"d98d26fec201f3ed6673415f56308b3fb04cc67c","messageTitle":"Add javadocs.","messageBody":"","fileTypesAndContributionMap":{"java":{"insertions":21,"deletions":0}}}]},{"date":"2023-01-24","commitResults":[{"hash":"6e28a62f5a3d03659135a7fc500996afb627d2b8","messageTitle":"Add increment Level-7","messageBody":"Functionality to save list to, and load list from the hard disk.\n","fileTypesAndContributionMap":{"txt":{"insertions":5,"deletions":0},"java":{"insertions":158,"deletions":3}}},{"hash":"a0d54e229897ae5cb89d10c87afa440919147883","messageTitle":"Add increment Level-8","messageBody":"","fileTypesAndContributionMap":{"java":{"insertions":35,"deletions":12}}},{"hash":"363a70dc71767a7706558eec1afd0935b6ac243e","messageTitle":"Fix bug in writing data","messageBody":"","fileTypesAndContributionMap":{"txt":{"insertions":6,"deletions":2},"java":{"insertions":4,"deletions":2}}},{"hash":"ec5d93938cc3b4e9d5cd79312a66be124074bb12","messageTitle":"Add increments A-MoreOOP \u0026 A-Packages","messageBody":"","tags":["A-Packages","A-MoreOOP"],"fileTypesAndContributionMap":{"txt":{"insertions":3,"deletions":9},"java":{"insertions":485,"deletions":294},"bat":{"insertions":1,"deletions":1},"md":{"insertions":2,"deletions":2}}},{"hash":"63e1b571f16d844142e312c0d0bf7a2e753d8fa9","messageTitle":"Add increment A-Gradle","messageBody":"","tags":["A-Gradle"],"fileTypesAndContributionMap":{"gradle":{"insertions":7,"deletions":1},"java":{"insertions":26,"deletions":25}}},{"hash":"f4a6c8f7b7dc9db6f4886ffbdb27460616f41e0e","messageTitle":"Add increment A-JUnit","messageBody":"","tags":["A-JUnit"],"fileTypesAndContributionMap":{"java":{"insertions":118,"deletions":0}}},{"hash":"eca6ecd1982574274a55d21e19ac9f2e68517ec6","messageTitle":"Add increment A-Jar","messageBody":"","tags":["A-Jar"],"fileTypesAndContributionMap":{"gradle":{"insertions":1,"deletions":1}}},{"hash":"89db2202ad234920096eae08421decba8ea877e2","messageTitle":"Add increment A-JavaDoc","messageBody":"","fileTypesAndContributionMap":{"java":{"insertions":2,"deletions":1}}},{"hash":"8e6a97c49f93965eee6b223ebe5b95d30c0ca78f","messageTitle":"Add increment A-CodingStandard","messageBody":"","fileTypesAndContributionMap":{"java":{"insertions":14,"deletions":13}}},{"hash":"d0f3693a0b12071c0d2915153d8833ed361c620b","messageTitle":"Add increment Level-9","messageBody":"","fileTypesAndContributionMap":{"txt":{"insertions":2,"deletions":0},"java":{"insertions":30,"deletions":2}}}]},{"date":"2023-01-30","commitResults":[{"hash":"779a9a4ba72b08f85054e9af137b476e60fe257f","messageTitle":"Add increment A-CheckStyle","messageBody":"","tags":["A-CheckStyle"],"fileTypesAndContributionMap":{"java":{"insertions":17,"deletions":11}}},{"hash":"ca25ace2ce42d0089a2c94a97ea9c717ead8c451","messageTitle":"Add basic GUI functionality","messageBody":"","fileTypesAndContributionMap":{"gradle":{"insertions":14,"deletions":0},"txt":{"insertions":1,"deletions":1},"fxml":{"insertions":35,"deletions":0},"java":{"insertions":238,"deletions":92}}}]},{"date":"2023-01-31","commitResults":[{"hash":"581a80e1658036abae84c1aae32930e2509cfc8a","messageTitle":"Add improvements to GUI","messageBody":"","tags":["Level-10"],"fileTypesAndContributionMap":{"txt":{"insertions":1,"deletions":1},"fxml":{"insertions":17,"deletions":4},"java":{"insertions":21,"deletions":6}}}]},{"date":"2023-02-07","commitResults":[{"hash":"9e1c93bcb836551431fd5eb1abc6585e6dff33b3","messageTitle":"Update code quality","messageBody":"","fileTypesAndContributionMap":{"gradle":{"insertions":1,"deletions":1},"txt":{"insertions":0,"deletions":5},"java":{"insertions":6,"deletions":7}}},{"hash":"4b00d3a0046298aebe83fa76c330117fb8e8481e","messageTitle":"Add increment A-Assertions","messageBody":"There are several methods that assume previous method\u0027s output is\ncorrect.\n\nAdding some assert statements will help to ensure program integrity.\n","fileTypesAndContributionMap":{"java":{"insertions":2,"deletions":35}}},{"hash":"0e59be0571b9d1f251ddbb9b6af5c6febe621fb8","messageTitle":"Update code quality.","messageBody":"There are several methods that have switch statements with repeated\ncode within case statements.\n\nMoving those duplicated code out improves code quality and readability.\n","fileTypesAndContributionMap":{"txt":{"insertions":1,"deletions":0},"java":{"insertions":30,"deletions":29}}},{"hash":"18b3164d2c58e61d8a110cf6fcfc2492538745a1","messageTitle":"Add extension C-Update","messageBody":"Current Catbot does not support updating descriptions of tasks if one\nwere to make a typo or wishes to change the description. He/she will\nhave to delete and add it back.\n\nUpdate Catbot with a new command update to support such updates.\n","fileTypesAndContributionMap":{"txt":{"insertions":4,"deletions":1},"java":{"insertions":58,"deletions":14}}}]}]},"authorFileTypeContributionMap":{"Creationsv2":{"java":1027,"md":2,"fxml":48,"sh":0,"bat":3,"gradle":21,"txt":14}},"authorContributionVariance":{"Creationsv2":64747.754},"authorDisplayNameMap":{"Creationsv2":"CS2103T-T11-4 JONA..KIAT"}}
