{"authorDailyContributionsMap":{"Daniel-Kur":[{"date":"2023-01-26","commitResults":[{"hash":"a2a84c770df009682f30009d2fbc53078fdbce2b","isMergeCommit":false,"messageTitle":"no message","messageBody":"","fileTypesAndContributionMap":{"java":{"insertions":30,"deletions":6}}},{"hash":"b24bd45be2c6fcd305d36dfedcd91c58156a3b14","isMergeCommit":false,"messageTitle":"no message","messageBody":"","tags":["level-2"],"fileTypesAndContributionMap":{"java":{"insertions":9,"deletions":9}}},{"hash":"21d50377fd8368ff24b521a1aa8de47adfb6b91a","isMergeCommit":false,"messageTitle":"no message","messageBody":"","tags":["level-3"],"fileTypesAndContributionMap":{"java":{"insertions":56,"deletions":3}}},{"hash":"91bc1a430e4b2681a9d12ad14698cecdd87ae8de","isMergeCommit":false,"messageTitle":"no message","messageBody":"","tags":["level-4"],"fileTypesAndContributionMap":{"java":{"insertions":72,"deletions":5}}},{"hash":"966f9ecfaec583453ca28615b89f9c8306fd25b1","isMergeCommit":false,"messageTitle":"no message","messageBody":"","fileTypesAndContributionMap":{"java":{"insertions":68,"deletions":45}}},{"hash":"5b6c52fad88c735de118f16d70ff4ef26165d3e8","isMergeCommit":false,"messageTitle":"no message","messageBody":"","fileTypesAndContributionMap":{"java":{"insertions":13,"deletions":83}}},{"hash":"525494347c90093844aa90f52c129f6949f2cb89","isMergeCommit":false,"messageTitle":"no message","messageBody":"","fileTypesAndContributionMap":{"java":{"insertions":10,"deletions":10}}},{"hash":"3fd8952f722cab259390574e19bbb74942c55d46","isMergeCommit":false,"messageTitle":"no message","messageBody":"","tags":["level-1"],"fileTypesAndContributionMap":{"java":{"insertions":10,"deletions":10}}},{"hash":"5e529145a2f7e60232b8432013dd677bd01f89a9","isMergeCommit":false,"messageTitle":"no message","messageBody":"","tags":["level-5","A-TextUiTesting"],"fileTypesAndContributionMap":{"txt":{"insertions":8,"deletions":0},"java":{"insertions":97,"deletions":16},"bat":{"insertions":3,"deletions":3}}},{"hash":"ca8011438922100b9ae9591b0ae5c067525674c9","isMergeCommit":false,"messageTitle":"no message","messageBody":"","tags":["level-6"],"fileTypesAndContributionMap":{"java":{"insertions":14,"deletions":0}}}]},{"date":"2023-02-16","commitResults":[{"hash":"7b1e72721554ca87e5b4a01df59fa188fe71a96e","isMergeCommit":false,"messageTitle":"Added save functionality","messageBody":"","fileTypesAndContributionMap":{"java":{"insertions":0,"deletions":0}}},{"hash":"6563832289cfbb24ef01ca6f0f82a0dfb4e1e409","isMergeCommit":false,"messageTitle":"Added \u0027save\u0027 functionality","messageBody":"","fileTypesAndContributionMap":{"txt":{"insertions":5,"deletions":0},"java":{"insertions":236,"deletions":100}}},{"hash":"22e52b07a18cc44d9f2e2552fffa1ca9954e9635","isMergeCommit":true,"messageTitle":"Merge branch \u0027branch-Level-7\u0027","messageBody":"","tags":["level-7"],"fileTypesAndContributionMap":{}}]},{"date":"2023-02-17","commitResults":[{"hash":"b63c8bfcf9d61a2032e894f1480a9587780d4243","isMergeCommit":false,"messageTitle":"Added dates feature","messageBody":"","fileTypesAndContributionMap":{"txt":{"insertions":3,"deletions":5},"java":{"insertions":29,"deletions":13}}},{"hash":"36a9a20091f86da9b27823691b69f33fd0a17b89","isMergeCommit":true,"messageTitle":"Merge branch \u0027branch-level-8\u0027","messageBody":"","tags":["level-8"],"fileTypesAndContributionMap":{}},{"hash":"ae78a7d7adc61a24f1c9dc3b0f2ef5f31597bd79","isMergeCommit":false,"messageTitle":"Implement OOP","messageBody":"","fileTypesAndContributionMap":{"txt":{"insertions":2,"deletions":3},"java":{"insertions":626,"deletions":263},"md":{"insertions":2,"deletions":2}}},{"hash":"94a7df76352a8ba50991f16adebb2821ed16e21d","isMergeCommit":true,"messageTitle":"Merge branch \u0027branch-A-MoreOOP\u0027","messageBody":"","tags":["A-Packages","A-MoreOOP"],"fileTypesAndContributionMap":{}},{"hash":"4c134591e64b7f0e27b8e666893c0e8c23d43a4d","isMergeCommit":true,"messageTitle":"Merge remote-tracking branch \u0027origin/add-gradle-support\u0027","messageBody":"","tags":["A-Gradle"],"fileTypesAndContributionMap":{}},{"hash":"0d1f399e1df4eae56982d1d5afd7588a79ddc5ae","isMergeCommit":false,"messageTitle":"add JUnit tests for TaskList","messageBody":"","tags":["A-JUnit"],"fileTypesAndContributionMap":{"txt":{"insertions":2,"deletions":1},"java":{"insertions":47,"deletions":0}}},{"hash":"ce6e6e4cf6c1d4799821c7caa4aa892485a59053","isMergeCommit":false,"messageTitle":"Change shadowJar version to 7.0.0","messageBody":"","tags":["A-Jar"],"fileTypesAndContributionMap":{"gradle":{"insertions":4,"deletions":2}}},{"hash":"db050ee5eefe0d0dca0cc9e17fd6deba3d104f3b","isMergeCommit":false,"messageTitle":"add javadoc to public classes and methods","messageBody":"","fileTypesAndContributionMap":{"java":{"insertions":151,"deletions":2}}},{"hash":"062574121ed9404301d6b6f8b0940356479ce094","isMergeCommit":true,"messageTitle":"Merge branch \u0027branch-A-JavaDoc\u0027","messageBody":"","tags":["A-JavaDoc"],"fileTypesAndContributionMap":{}},{"hash":"c1986f66a37d6d90f53a26d9406ac30c473bcf85","isMergeCommit":false,"messageTitle":"Fix coding standard errors","messageBody":"","fileTypesAndContributionMap":{"java":{"insertions":9,"deletions":3}}},{"hash":"f553a71ec4072f95ac7e9a5072e0ceb6da67b4af","isMergeCommit":false,"messageTitle":"Fix typo in javadoc","messageBody":"","fileTypesAndContributionMap":{"java":{"insertions":1,"deletions":1}}},{"hash":"b595572ce50514b4f227c40dc94a12f0343dfcd5","isMergeCommit":true,"messageTitle":"Merge branch \u0027branch-A-CodingStandard\u0027","messageBody":"","tags":["A-CodingStandard"],"fileTypesAndContributionMap":{}},{"hash":"55a50ab5e8942fbaafa2ec1756ff1d00fb859056","isMergeCommit":false,"messageTitle":"Change the shadowJar version back to 5.1.0","messageBody":"","fileTypesAndContributionMap":{"gradle":{"insertions":1,"deletions":1}}},{"hash":"17ef02ebaffbc5ebcd0ecd4e36b758f27fd20842","isMergeCommit":false,"messageTitle":"Add find command","messageBody":"","fileTypesAndContributionMap":{"txt":{"insertions":3,"deletions":0},"java":{"insertions":28,"deletions":0}}},{"hash":"3ff63f92f15392d15ae98c4f76994d062e266ab5","isMergeCommit":true,"messageTitle":"Merge branch \u0027branch-level-9\u0027","messageBody":"","fileTypesAndContributionMap":{}},{"hash":"3fbbc4026b0d209a286303602936d9e23c6ddfea","isMergeCommit":false,"messageTitle":"Add javadoc for find function","messageBody":"","tags":["level-9"],"fileTypesAndContributionMap":{"java":{"insertions":7,"deletions":0}}},{"hash":"c3647521b0dd63cded844fdbc03d842a98eef83c","isMergeCommit":false,"messageTitle":"Fix style error","messageBody":"","fileTypesAndContributionMap":{"gradle":{"insertions":4,"deletions":0},"java":{"insertions":180,"deletions":64}}},{"hash":"aaec101f6c353b8e095436a1f258db3b17d77f0b","isMergeCommit":true,"messageTitle":"Merge branch \u0027branch-A-CheckStyle\u0027","messageBody":"","tags":["A-Checkstyle"],"fileTypesAndContributionMap":{}},{"hash":"aea595ccb35830b123425f2575207d1d1ffa862f","isMergeCommit":false,"messageTitle":"Add GUI","messageBody":"","fileTypesAndContributionMap":{"gradle":{"insertions":14,"deletions":1},"txt":{"insertions":4,"deletions":6},"fxml":{"insertions":35,"deletions":0},"java":{"insertions":360,"deletions":2}}},{"hash":"29a20e8fd5ebe42125a9879841904f97c39ffa37","isMergeCommit":true,"messageTitle":"Merge branch \u0027branch-level-10\u0027","messageBody":"","tags":["level-10"],"fileTypesAndContributionMap":{}},{"hash":"ba23dbccd15f80e09c95f3d110bcb3202011ed9c","isMergeCommit":false,"messageTitle":"Add assertions","messageBody":"","fileTypesAndContributionMap":{"java":{"insertions":8,"deletions":4}}},{"hash":"41b03cef370177e48aa74fa113078f2848f03479","isMergeCommit":false,"messageTitle":"Commands implementation is not maximal","messageBody":"Lack of efficiency, cannot modify the current tasklist and have to\nundergo Delete and Add command to modify\n\nAdd Update implementation to overcome this issue\n\nLet\u0027s further update the implementation to become more efficient\n","fileTypesAndContributionMap":{"txt":{"insertions":0,"deletions":0},"java":{"insertions":181,"deletions":0}}},{"hash":"e9af1aae7ff75da74d458a9074e081c1227d77aa","isMergeCommit":true,"messageTitle":"Merge branch \u0027branch-BCD-Extension\u0027","messageBody":"","tags":["BCD-Extension","A-FullCommitMessage"],"fileTypesAndContributionMap":{}},{"hash":"c0c0a61898309908bae0b12b56582d865f873aa0","isMergeCommit":false,"messageTitle":"Add user guide and Ui picture","messageBody":"","tags":["A-UserGuide"],"fileTypesAndContributionMap":{"txt":{"insertions":3,"deletions":4},"md":{"insertions":126,"deletions":11}}}]},{"date":"2023-03-14","commitResults":[{"hash":"0b51db4b7807b69c2a35a11157f80616f87ead7b","isMergeCommit":false,"messageTitle":"Fix checkstyle","messageBody":"","fileTypesAndContributionMap":{"java":{"insertions":144,"deletions":40}}},{"hash":"7d45b6c0a6813086ec41ff95dc9f5c1f5dd9cb5b","isMergeCommit":false,"messageTitle":"Fix gradle UI","messageBody":"","fileTypesAndContributionMap":{"gradle":{"insertions":2,"deletions":1},"fxml":{"insertions":1,"deletions":1},"java":{"insertions":1,"deletions":2}}},{"hash":"8d5b5ace656b83a407202f014b9514f954a65e3d","isMergeCommit":false,"messageTitle":"Update UI","messageBody":"","fileTypesAndContributionMap":{"java":{"insertions":15,"deletions":2}}},{"hash":"f1d9bd8b3d8f1bccb6eb99269fe2dc27dfcaa40b","isMergeCommit":false,"messageTitle":"Fix invalid input handling","messageBody":"","fileTypesAndContributionMap":{"fxml":{"insertions":3,"deletions":3},"java":{"insertions":39,"deletions":5}}},{"hash":"e2dc9a1046ae19e610f0d2c130cb5f054929363c","isMergeCommit":false,"messageTitle":"Fix checkstyle","messageBody":"","fileTypesAndContributionMap":{"java":{"insertions":34,"deletions":24}}},{"hash":"25cbbe4af3c4aa90dbe6215e64d0a25b505dc238","isMergeCommit":false,"messageTitle":"Fix exception handling","messageBody":"","tags":["V0.3"],"fileTypesAndContributionMap":{"java":{"insertions":19,"deletions":1}}}]}]},"authorFileTypeContributionMap":{"Daniel-Kur":{"java":1791,"md":115,"fxml":35,"sh":0,"bat":3,"gradle":22,"txt":11}},"authorContributionVariance":{"Daniel-Kur":86683.53},"authorDisplayNameMap":{"Daniel-Kur":"CS2103T-T14-2 DANI..AWAN"}}
