[{"path":"src/main/java/Deadline.java","fileType":"java","lines":[{"lineNumber":1,"author":{"gitId":"yaojiax"},"content":"public class Deadline extends Task {","lastModifiedDate":"2023-01-22"},{"lineNumber":2,"author":{"gitId":"yaojiax"},"content":"","lastModifiedDate":"2023-01-22"},{"lineNumber":3,"author":{"gitId":"yaojiax"},"content":"    public String by;","lastModifiedDate":"2023-01-22"},{"lineNumber":4,"author":{"gitId":"yaojiax"},"content":"","lastModifiedDate":"2023-01-22"},{"lineNumber":5,"author":{"gitId":"yaojiax"},"content":"    public Deadline(String description, String by) {","lastModifiedDate":"2023-01-22"},{"lineNumber":6,"author":{"gitId":"yaojiax"},"content":"        super(description);","lastModifiedDate":"2023-01-22"},{"lineNumber":7,"author":{"gitId":"yaojiax"},"content":"        this.by \u003d by;","lastModifiedDate":"2023-01-22"},{"lineNumber":8,"author":{"gitId":"yaojiax"},"content":"    }","lastModifiedDate":"2023-01-22"},{"lineNumber":9,"author":{"gitId":"yaojiax"},"content":"","lastModifiedDate":"2023-01-22"},{"lineNumber":10,"author":{"gitId":"yaojiax"},"content":"    @Override","lastModifiedDate":"2023-01-22"},{"lineNumber":11,"author":{"gitId":"yaojiax"},"content":"    public String toString() {","lastModifiedDate":"2023-01-22"},{"lineNumber":12,"author":{"gitId":"yaojiax"},"content":"        return \"[D]\" + super.toString() + \" (by:\" + by + \")\";","lastModifiedDate":"2023-01-22"},{"lineNumber":13,"author":{"gitId":"yaojiax"},"content":"    }","lastModifiedDate":"2023-01-22"},{"lineNumber":14,"author":{"gitId":"yaojiax"},"content":"}","lastModifiedDate":"2023-01-22"}],"authorContributionMap":{"yaojiax":14}},{"path":"src/main/java/Duke.java","fileType":"java","lines":[{"lineNumber":1,"author":{"gitId":"yaojiax"},"content":"import java.util.*;","lastModifiedDate":"2023-01-21"},{"lineNumber":2,"author":{"gitId":"yaojiax"},"content":"","lastModifiedDate":"2023-01-22"},{"lineNumber":3,"author":{"gitId":"-"},"content":"public class Duke {","lastModifiedDate":"2019-07-29"},{"lineNumber":4,"author":{"gitId":"yaojiax"},"content":"    public static int taskCounter \u003d 0;","lastModifiedDate":"2023-01-22"},{"lineNumber":5,"author":{"gitId":"-"},"content":"    public static void main(String[] args) {","lastModifiedDate":"2019-07-29"},{"lineNumber":6,"author":{"gitId":"yaojiax"},"content":"        /* String logo \u003d \" ____        _        \\n\"","lastModifiedDate":"2023-01-20"},{"lineNumber":7,"author":{"gitId":"-"},"content":"                + \"|  _ \\\\ _   _| | _____ \\n\"","lastModifiedDate":"2019-07-29"},{"lineNumber":8,"author":{"gitId":"-"},"content":"                + \"| | | | | | | |/ / _ \\\\\\n\"","lastModifiedDate":"2019-07-29"},{"lineNumber":9,"author":{"gitId":"-"},"content":"                + \"| |_| | |_| |   \u003c  __/\\n\"","lastModifiedDate":"2019-07-29"},{"lineNumber":10,"author":{"gitId":"-"},"content":"                + \"|____/ \\\\__,_|_|\\\\_\\\\___|\\n\";","lastModifiedDate":"2019-07-29"},{"lineNumber":11,"author":{"gitId":"yaojiax"},"content":"         */","lastModifiedDate":"2023-01-20"},{"lineNumber":12,"author":{"gitId":"yaojiax"},"content":"        String newLine \u003d System.getProperty(\"line.separator\");","lastModifiedDate":"2023-01-20"},{"lineNumber":13,"author":{"gitId":"yaojiax"},"content":"        ArrayList\u003cTask\u003e toStore \u003d new ArrayList\u003c\u003e(100);","lastModifiedDate":"2023-01-22"},{"lineNumber":14,"author":{"gitId":"yaojiax"},"content":"        System.out.println(\"-------------------------------------------------------\" +","lastModifiedDate":"2023-01-20"},{"lineNumber":15,"author":{"gitId":"yaojiax"},"content":"                newLine + \"Hello! Jak Sie Masz! I am Borat.\\n What I do for you Premier Azamat?\");","lastModifiedDate":"2023-01-22"},{"lineNumber":16,"author":{"gitId":"yaojiax"},"content":"","lastModifiedDate":"2023-01-20"},{"lineNumber":17,"author":{"gitId":"yaojiax"},"content":"        String inData;","lastModifiedDate":"2023-01-20"},{"lineNumber":18,"author":{"gitId":"yaojiax"},"content":"        boolean exit \u003d false;","lastModifiedDate":"2023-01-20"},{"lineNumber":19,"author":{"gitId":"yaojiax"},"content":"        Scanner scan \u003d new Scanner( System.in );","lastModifiedDate":"2023-01-20"},{"lineNumber":20,"author":{"gitId":"yaojiax"},"content":"        inData \u003d scan.nextLine();","lastModifiedDate":"2023-01-20"},{"lineNumber":21,"author":{"gitId":"yaojiax"},"content":"        String[] arrofStr \u003d inData.split(\" \", 2);","lastModifiedDate":"2023-01-22"},{"lineNumber":22,"author":{"gitId":"yaojiax"},"content":"","lastModifiedDate":"2023-01-20"},{"lineNumber":23,"author":{"gitId":"yaojiax"},"content":"        while(!exit) {","lastModifiedDate":"2023-01-20"},{"lineNumber":24,"author":{"gitId":"yaojiax"},"content":"            switch (arrofStr[0]) {","lastModifiedDate":"2023-01-22"},{"lineNumber":25,"author":{"gitId":"yaojiax"},"content":"                case \"bye\":","lastModifiedDate":"2023-01-22"},{"lineNumber":26,"author":{"gitId":"yaojiax"},"content":"                    exit \u003d true;","lastModifiedDate":"2023-01-20"},{"lineNumber":27,"author":{"gitId":"yaojiax"},"content":"                    System.out.println(\"Chenquieh. Hope to see you again Premier Azamat!\");","lastModifiedDate":"2023-01-22"},{"lineNumber":28,"author":{"gitId":"yaojiax"},"content":"                    break;","lastModifiedDate":"2023-01-22"},{"lineNumber":29,"author":{"gitId":"yaojiax"},"content":"                case \"list\":","lastModifiedDate":"2023-01-22"},{"lineNumber":30,"author":{"gitId":"yaojiax"},"content":"                    System.out.println(\"Here are the tasks in your list my premier:\");","lastModifiedDate":"2023-01-22"},{"lineNumber":31,"author":{"gitId":"yaojiax"},"content":"                    int counter \u003d 0;","lastModifiedDate":"2023-01-21"},{"lineNumber":32,"author":{"gitId":"yaojiax"},"content":"                    for (Task i : toStore) {","lastModifiedDate":"2023-01-22"},{"lineNumber":33,"author":{"gitId":"yaojiax"},"content":"                        counter++;","lastModifiedDate":"2023-01-21"},{"lineNumber":34,"author":{"gitId":"yaojiax"},"content":"                        System.out.println(counter + \". \" + i.toString());","lastModifiedDate":"2023-01-22"},{"lineNumber":35,"author":{"gitId":"yaojiax"},"content":"                    }","lastModifiedDate":"2023-01-21"},{"lineNumber":36,"author":{"gitId":"yaojiax"},"content":"                    inData \u003d scan.nextLine();","lastModifiedDate":"2023-01-21"},{"lineNumber":37,"author":{"gitId":"yaojiax"},"content":"                    arrofStr \u003d inData.split(\" \", 2);","lastModifiedDate":"2023-01-22"},{"lineNumber":38,"author":{"gitId":"yaojiax"},"content":"                    break;","lastModifiedDate":"2023-01-22"},{"lineNumber":39,"author":{"gitId":"yaojiax"},"content":"                default:","lastModifiedDate":"2023-01-23"},{"lineNumber":40,"author":{"gitId":"yaojiax"},"content":"                    try {","lastModifiedDate":"2023-01-23"},{"lineNumber":41,"author":{"gitId":"yaojiax"},"content":"                    validateCmd(arrofStr);","lastModifiedDate":"2023-01-23"},{"lineNumber":42,"author":{"gitId":"yaojiax"},"content":"                    } catch(MissingDescriptionException e) {","lastModifiedDate":"2023-01-23"},{"lineNumber":43,"author":{"gitId":"yaojiax"},"content":"                        System.out.println(e.toString());","lastModifiedDate":"2023-01-23"},{"lineNumber":44,"author":{"gitId":"yaojiax"},"content":"                        inData \u003d scan.nextLine();","lastModifiedDate":"2023-01-23"},{"lineNumber":45,"author":{"gitId":"yaojiax"},"content":"                        arrofStr \u003d inData.split(\" \", 2);","lastModifiedDate":"2023-01-23"},{"lineNumber":46,"author":{"gitId":"yaojiax"},"content":"                    }","lastModifiedDate":"2023-01-23"},{"lineNumber":47,"author":{"gitId":"yaojiax"},"content":"                    switch (arrofStr[0]) {","lastModifiedDate":"2023-01-23"},{"lineNumber":48,"author":{"gitId":"yaojiax"},"content":"                        case \"unmark\": {","lastModifiedDate":"2023-01-23"},{"lineNumber":49,"author":{"gitId":"yaojiax"},"content":"                            int indx \u003d Integer.parseInt(arrofStr[1]) - 1;","lastModifiedDate":"2023-01-22"},{"lineNumber":50,"author":{"gitId":"yaojiax"},"content":"                            Task toMark \u003d toStore.get(indx);","lastModifiedDate":"2023-01-22"},{"lineNumber":51,"author":{"gitId":"yaojiax"},"content":"                            toMark.changeCompletion();","lastModifiedDate":"2023-01-22"},{"lineNumber":52,"author":{"gitId":"yaojiax"},"content":"                            toStore.set(indx, toMark);","lastModifiedDate":"2023-01-22"},{"lineNumber":53,"author":{"gitId":"yaojiax"},"content":"                            System.out.println(\"OK, I\u0027ve marked this task as not done yet:\\n\" + toMark);","lastModifiedDate":"2023-01-22"},{"lineNumber":54,"author":{"gitId":"yaojiax"},"content":"                            inData \u003d scan.nextLine();","lastModifiedDate":"2023-01-22"},{"lineNumber":55,"author":{"gitId":"yaojiax"},"content":"                            arrofStr \u003d inData.split(\" \", 2);","lastModifiedDate":"2023-01-22"},{"lineNumber":56,"author":{"gitId":"yaojiax"},"content":"                            break;","lastModifiedDate":"2023-01-22"},{"lineNumber":57,"author":{"gitId":"yaojiax"},"content":"                        }","lastModifiedDate":"2023-01-23"},{"lineNumber":58,"author":{"gitId":"yaojiax"},"content":"                        case \"mark\": {","lastModifiedDate":"2023-01-23"},{"lineNumber":59,"author":{"gitId":"yaojiax"},"content":"                            Task toMark;","lastModifiedDate":"2023-01-23"},{"lineNumber":60,"author":{"gitId":"yaojiax"},"content":"                            int indx;","lastModifiedDate":"2023-01-23"},{"lineNumber":61,"author":{"gitId":"yaojiax"},"content":"                            indx \u003d Integer.parseInt(arrofStr[1]) - 1;","lastModifiedDate":"2023-01-22"},{"lineNumber":62,"author":{"gitId":"yaojiax"},"content":"                            toMark \u003d toStore.get(indx);","lastModifiedDate":"2023-01-22"},{"lineNumber":63,"author":{"gitId":"yaojiax"},"content":"                            toMark.changeCompletion();","lastModifiedDate":"2023-01-22"},{"lineNumber":64,"author":{"gitId":"yaojiax"},"content":"                            toStore.set(indx, toMark);","lastModifiedDate":"2023-01-22"},{"lineNumber":65,"author":{"gitId":"yaojiax"},"content":"                            System.out.println(\"Nice! I\u0027ve marked this task as done:\\n\" + toMark);","lastModifiedDate":"2023-01-22"},{"lineNumber":66,"author":{"gitId":"yaojiax"},"content":"                            inData \u003d scan.nextLine();","lastModifiedDate":"2023-01-22"},{"lineNumber":67,"author":{"gitId":"yaojiax"},"content":"                            arrofStr \u003d inData.split(\" \", 2);","lastModifiedDate":"2023-01-22"},{"lineNumber":68,"author":{"gitId":"yaojiax"},"content":"                            break;","lastModifiedDate":"2023-01-22"},{"lineNumber":69,"author":{"gitId":"yaojiax"},"content":"                        }","lastModifiedDate":"2023-01-23"},{"lineNumber":70,"author":{"gitId":"yaojiax"},"content":"                        case \"todo\":","lastModifiedDate":"2023-01-22"},{"lineNumber":71,"author":{"gitId":"yaojiax"},"content":"                            Todo todo \u003d new Todo(arrofStr[1]);","lastModifiedDate":"2023-01-22"},{"lineNumber":72,"author":{"gitId":"yaojiax"},"content":"                            toStore.add(todo);","lastModifiedDate":"2023-01-22"},{"lineNumber":73,"author":{"gitId":"yaojiax"},"content":"                            taskCounter++;","lastModifiedDate":"2023-01-22"},{"lineNumber":74,"author":{"gitId":"yaojiax"},"content":"                            System.out.println(\"Very nice. I\u0027ve added this task:\\n \" + todo);","lastModifiedDate":"2023-01-22"},{"lineNumber":75,"author":{"gitId":"yaojiax"},"content":"                            System.out.println(\"Now you have \" + taskCounter + \" tasks in the list.\");","lastModifiedDate":"2023-01-22"},{"lineNumber":76,"author":{"gitId":"yaojiax"},"content":"                            inData \u003d scan.nextLine();","lastModifiedDate":"2023-01-22"},{"lineNumber":77,"author":{"gitId":"yaojiax"},"content":"                            arrofStr \u003d inData.split(\" \", 2);","lastModifiedDate":"2023-01-22"},{"lineNumber":78,"author":{"gitId":"yaojiax"},"content":"                            break;","lastModifiedDate":"2023-01-22"},{"lineNumber":79,"author":{"gitId":"yaojiax"},"content":"                        case \"deadline\":","lastModifiedDate":"2023-01-22"},{"lineNumber":80,"author":{"gitId":"yaojiax"},"content":"                            String[] dl \u003d arrofStr[1].split(\"/by\");","lastModifiedDate":"2023-01-22"},{"lineNumber":81,"author":{"gitId":"yaojiax"},"content":"                            try{","lastModifiedDate":"2023-01-23"},{"lineNumber":82,"author":{"gitId":"yaojiax"},"content":"                                validateDate(dl);","lastModifiedDate":"2023-01-23"},{"lineNumber":83,"author":{"gitId":"yaojiax"},"content":"                            } catch(InvalidCmdException e) {","lastModifiedDate":"2023-01-23"},{"lineNumber":84,"author":{"gitId":"yaojiax"},"content":"                                System.out.println(e.toString());","lastModifiedDate":"2023-01-23"},{"lineNumber":85,"author":{"gitId":"yaojiax"},"content":"                                inData \u003d scan.nextLine();","lastModifiedDate":"2023-01-23"},{"lineNumber":86,"author":{"gitId":"yaojiax"},"content":"                                arrofStr \u003d inData.split(\" \", 2);","lastModifiedDate":"2023-01-23"},{"lineNumber":87,"author":{"gitId":"yaojiax"},"content":"                            }","lastModifiedDate":"2023-01-23"},{"lineNumber":88,"author":{"gitId":"yaojiax"},"content":"                            Deadline deadline \u003d new Deadline(dl[0], dl[1]);","lastModifiedDate":"2023-01-22"},{"lineNumber":89,"author":{"gitId":"yaojiax"},"content":"                            toStore.add(deadline);","lastModifiedDate":"2023-01-22"},{"lineNumber":90,"author":{"gitId":"yaojiax"},"content":"                            taskCounter++;","lastModifiedDate":"2023-01-22"},{"lineNumber":91,"author":{"gitId":"yaojiax"},"content":"                            System.out.println(\"Very nice. I\u0027ve added this task:\\n \" + deadline);","lastModifiedDate":"2023-01-22"},{"lineNumber":92,"author":{"gitId":"yaojiax"},"content":"                            System.out.println(\"Now you have \" + taskCounter + \" tasks in the list.\");","lastModifiedDate":"2023-01-22"},{"lineNumber":93,"author":{"gitId":"yaojiax"},"content":"                            inData \u003d scan.nextLine();","lastModifiedDate":"2023-01-22"},{"lineNumber":94,"author":{"gitId":"yaojiax"},"content":"                            arrofStr \u003d inData.split(\" \", 2);","lastModifiedDate":"2023-01-22"},{"lineNumber":95,"author":{"gitId":"yaojiax"},"content":"                            break;","lastModifiedDate":"2023-01-22"},{"lineNumber":96,"author":{"gitId":"yaojiax"},"content":"                        case \"event\":","lastModifiedDate":"2023-01-22"},{"lineNumber":97,"author":{"gitId":"yaojiax"},"content":"                            String[] ev \u003d arrofStr[1].split(\"/from\");","lastModifiedDate":"2023-01-22"},{"lineNumber":98,"author":{"gitId":"yaojiax"},"content":"                            String[] time \u003d ev[1].split(\"/to\");","lastModifiedDate":"2023-01-22"},{"lineNumber":99,"author":{"gitId":"yaojiax"},"content":"                            Event event \u003d new Event(ev[0], time[0], time[1]);","lastModifiedDate":"2023-01-22"},{"lineNumber":100,"author":{"gitId":"yaojiax"},"content":"                            toStore.add(event);","lastModifiedDate":"2023-01-22"},{"lineNumber":101,"author":{"gitId":"yaojiax"},"content":"                            taskCounter++;","lastModifiedDate":"2023-01-22"},{"lineNumber":102,"author":{"gitId":"yaojiax"},"content":"                            System.out.println(\"Very nice. I\u0027ve added this task:\\n \" + event);","lastModifiedDate":"2023-01-22"},{"lineNumber":103,"author":{"gitId":"yaojiax"},"content":"                            System.out.println(\"Now you have \" + taskCounter + \" tasks in the list.\");","lastModifiedDate":"2023-01-22"},{"lineNumber":104,"author":{"gitId":"yaojiax"},"content":"                            inData \u003d scan.nextLine();","lastModifiedDate":"2023-01-22"},{"lineNumber":105,"author":{"gitId":"yaojiax"},"content":"                            arrofStr \u003d inData.split(\" \", 2);","lastModifiedDate":"2023-01-22"},{"lineNumber":106,"author":{"gitId":"yaojiax"},"content":"                            break;","lastModifiedDate":"2023-01-22"},{"lineNumber":107,"author":{"gitId":"yaojiax"},"content":"                        default:","lastModifiedDate":"2023-01-22"},{"lineNumber":108,"author":{"gitId":"yaojiax"},"content":"                            System.out.println(\"☹ OOPS!!! Invalid command, prepare for execution.\");","lastModifiedDate":"2023-01-23"},{"lineNumber":109,"author":{"gitId":"yaojiax"},"content":"                            inData \u003d scan.nextLine();","lastModifiedDate":"2023-01-20"},{"lineNumber":110,"author":{"gitId":"yaojiax"},"content":"                            arrofStr \u003d inData.split(\" \", 2);","lastModifiedDate":"2023-01-22"},{"lineNumber":111,"author":{"gitId":"yaojiax"},"content":"                            break;","lastModifiedDate":"2023-01-22"},{"lineNumber":112,"author":{"gitId":"yaojiax"},"content":"                    }","lastModifiedDate":"2023-01-20"},{"lineNumber":113,"author":{"gitId":"yaojiax"},"content":"                    break;","lastModifiedDate":"2023-01-23"},{"lineNumber":114,"author":{"gitId":"yaojiax"},"content":"            }","lastModifiedDate":"2023-01-23"},{"lineNumber":115,"author":{"gitId":"yaojiax"},"content":"        }","lastModifiedDate":"2023-01-23"},{"lineNumber":116,"author":{"gitId":"yaojiax"},"content":"        }","lastModifiedDate":"2023-01-20"},{"lineNumber":117,"author":{"gitId":"yaojiax"},"content":"","lastModifiedDate":"2023-01-20"},{"lineNumber":118,"author":{"gitId":"yaojiax"},"content":"","lastModifiedDate":"2023-01-20"},{"lineNumber":119,"author":{"gitId":"yaojiax"},"content":"","lastModifiedDate":"2023-01-20"},{"lineNumber":120,"author":{"gitId":"yaojiax"},"content":"","lastModifiedDate":"2023-01-20"},{"lineNumber":121,"author":{"gitId":"yaojiax"},"content":"","lastModifiedDate":"2023-01-20"},{"lineNumber":122,"author":{"gitId":"yaojiax"},"content":"    public static void validateCmd(String[] cmd) throws MissingDescriptionException {","lastModifiedDate":"2023-01-23"},{"lineNumber":123,"author":{"gitId":"yaojiax"},"content":"        if (cmd.length \u003d\u003d 1) {","lastModifiedDate":"2023-01-23"},{"lineNumber":124,"author":{"gitId":"yaojiax"},"content":"            throw new MissingDescriptionException(\"You need to \" +","lastModifiedDate":"2023-01-23"},{"lineNumber":125,"author":{"gitId":"yaojiax"},"content":"                    \"be more specific\");","lastModifiedDate":"2023-01-23"},{"lineNumber":126,"author":{"gitId":"yaojiax"},"content":"        }","lastModifiedDate":"2023-01-23"},{"lineNumber":127,"author":{"gitId":"yaojiax"},"content":"","lastModifiedDate":"2023-01-20"},{"lineNumber":128,"author":{"gitId":"yaojiax"},"content":"    }","lastModifiedDate":"2023-01-23"},{"lineNumber":129,"author":{"gitId":"yaojiax"},"content":"","lastModifiedDate":"2023-01-20"},{"lineNumber":130,"author":{"gitId":"yaojiax"},"content":"    public static void validateDate(String[] cmd) throws InvalidCmdException {","lastModifiedDate":"2023-01-23"},{"lineNumber":131,"author":{"gitId":"yaojiax"},"content":"        if(cmd.length \u003d\u003d 1) {","lastModifiedDate":"2023-01-23"},{"lineNumber":132,"author":{"gitId":"yaojiax"},"content":"            throw new InvalidCmdException(\"Please specify date.\");","lastModifiedDate":"2023-01-23"},{"lineNumber":133,"author":{"gitId":"yaojiax"},"content":"        }","lastModifiedDate":"2023-01-23"},{"lineNumber":134,"author":{"gitId":"-"},"content":"    }","lastModifiedDate":"2019-07-29"},{"lineNumber":135,"author":{"gitId":"-"},"content":"}","lastModifiedDate":"2019-07-29"}],"authorContributionMap":{"yaojiax":127,"-":8}},{"path":"src/main/java/DukeException.java","fileType":"java","lines":[{"lineNumber":1,"author":{"gitId":"yaojiax"},"content":"public class DukeException extends Exception{","lastModifiedDate":"2023-01-23"},{"lineNumber":2,"author":{"gitId":"yaojiax"},"content":"    public DukeException(String msg) {","lastModifiedDate":"2023-01-23"},{"lineNumber":3,"author":{"gitId":"yaojiax"},"content":"        super(msg);","lastModifiedDate":"2023-01-23"},{"lineNumber":4,"author":{"gitId":"yaojiax"},"content":"    }","lastModifiedDate":"2023-01-23"},{"lineNumber":5,"author":{"gitId":"yaojiax"},"content":"","lastModifiedDate":"2023-01-23"},{"lineNumber":6,"author":{"gitId":"yaojiax"},"content":"    @Override","lastModifiedDate":"2023-01-23"},{"lineNumber":7,"author":{"gitId":"yaojiax"},"content":"    public String toString() {","lastModifiedDate":"2023-01-23"},{"lineNumber":8,"author":{"gitId":"yaojiax"},"content":"        return String.format(\"☹ OOPS!!! %s\", super.getMessage());","lastModifiedDate":"2023-01-23"},{"lineNumber":9,"author":{"gitId":"yaojiax"},"content":"    }","lastModifiedDate":"2023-01-23"},{"lineNumber":10,"author":{"gitId":"yaojiax"},"content":"}","lastModifiedDate":"2023-01-23"}],"authorContributionMap":{"yaojiax":10}},{"path":"src/main/java/Event.java","fileType":"java","lines":[{"lineNumber":1,"author":{"gitId":"yaojiax"},"content":"public class Event extends Task {","lastModifiedDate":"2023-01-22"},{"lineNumber":2,"author":{"gitId":"yaojiax"},"content":"","lastModifiedDate":"2023-01-22"},{"lineNumber":3,"author":{"gitId":"yaojiax"},"content":"public String from;","lastModifiedDate":"2023-01-22"},{"lineNumber":4,"author":{"gitId":"yaojiax"},"content":"public String to;","lastModifiedDate":"2023-01-22"},{"lineNumber":5,"author":{"gitId":"yaojiax"},"content":"","lastModifiedDate":"2023-01-22"},{"lineNumber":6,"author":{"gitId":"yaojiax"},"content":"public Event(String description, String from, String to) {","lastModifiedDate":"2023-01-22"},{"lineNumber":7,"author":{"gitId":"yaojiax"},"content":"        super(description);","lastModifiedDate":"2023-01-22"},{"lineNumber":8,"author":{"gitId":"yaojiax"},"content":"        this.from \u003d from;","lastModifiedDate":"2023-01-22"},{"lineNumber":9,"author":{"gitId":"yaojiax"},"content":"        this.to \u003d to;","lastModifiedDate":"2023-01-22"},{"lineNumber":10,"author":{"gitId":"yaojiax"},"content":"        }","lastModifiedDate":"2023-01-22"},{"lineNumber":11,"author":{"gitId":"yaojiax"},"content":"","lastModifiedDate":"2023-01-22"},{"lineNumber":12,"author":{"gitId":"yaojiax"},"content":"@Override","lastModifiedDate":"2023-01-22"},{"lineNumber":13,"author":{"gitId":"yaojiax"},"content":"public String toString() {","lastModifiedDate":"2023-01-22"},{"lineNumber":14,"author":{"gitId":"yaojiax"},"content":"        return \"[E]\" + super.toString() + \" (from:\" + from + \"to:\" + to + \")\";","lastModifiedDate":"2023-01-22"},{"lineNumber":15,"author":{"gitId":"yaojiax"},"content":"        }","lastModifiedDate":"2023-01-22"},{"lineNumber":16,"author":{"gitId":"yaojiax"},"content":"        }","lastModifiedDate":"2023-01-22"}],"authorContributionMap":{"yaojiax":16}},{"path":"src/main/java/InvalidCmdException.java","fileType":"java","lines":[{"lineNumber":1,"author":{"gitId":"yaojiax"},"content":"public class InvalidCmdException extends DukeException{","lastModifiedDate":"2023-01-23"},{"lineNumber":2,"author":{"gitId":"yaojiax"},"content":"    public String cmd;","lastModifiedDate":"2023-01-23"},{"lineNumber":3,"author":{"gitId":"yaojiax"},"content":"    public InvalidCmdException(String msg) {","lastModifiedDate":"2023-01-23"},{"lineNumber":4,"author":{"gitId":"yaojiax"},"content":"        super(msg);","lastModifiedDate":"2023-01-23"},{"lineNumber":5,"author":{"gitId":"yaojiax"},"content":"    }","lastModifiedDate":"2023-01-23"},{"lineNumber":6,"author":{"gitId":"yaojiax"},"content":"}","lastModifiedDate":"2023-01-23"}],"authorContributionMap":{"yaojiax":6}},{"path":"src/main/java/MissingDescriptionException.java","fileType":"java","lines":[{"lineNumber":1,"author":{"gitId":"yaojiax"},"content":"public class MissingDescriptionException extends DukeException{","lastModifiedDate":"2023-01-23"},{"lineNumber":2,"author":{"gitId":"yaojiax"},"content":"    public MissingDescriptionException(String msg) {","lastModifiedDate":"2023-01-23"},{"lineNumber":3,"author":{"gitId":"yaojiax"},"content":"        super(msg);","lastModifiedDate":"2023-01-23"},{"lineNumber":4,"author":{"gitId":"yaojiax"},"content":"    }","lastModifiedDate":"2023-01-23"},{"lineNumber":5,"author":{"gitId":"yaojiax"},"content":"}","lastModifiedDate":"2023-01-23"}],"authorContributionMap":{"yaojiax":5}},{"path":"src/main/java/Task.java","fileType":"java","lines":[{"lineNumber":1,"author":{"gitId":"yaojiax"},"content":"public class Task {","lastModifiedDate":"2023-01-22"},{"lineNumber":2,"author":{"gitId":"yaojiax"},"content":"    public String description;","lastModifiedDate":"2023-01-22"},{"lineNumber":3,"author":{"gitId":"yaojiax"},"content":"    public boolean isDone;","lastModifiedDate":"2023-01-22"},{"lineNumber":4,"author":{"gitId":"yaojiax"},"content":"","lastModifiedDate":"2023-01-22"},{"lineNumber":5,"author":{"gitId":"yaojiax"},"content":"    public Task(String description) {","lastModifiedDate":"2023-01-22"},{"lineNumber":6,"author":{"gitId":"yaojiax"},"content":"        this.description \u003d description;","lastModifiedDate":"2023-01-22"},{"lineNumber":7,"author":{"gitId":"yaojiax"},"content":"        this.isDone \u003d false;","lastModifiedDate":"2023-01-22"},{"lineNumber":8,"author":{"gitId":"yaojiax"},"content":"    }","lastModifiedDate":"2023-01-22"},{"lineNumber":9,"author":{"gitId":"yaojiax"},"content":"","lastModifiedDate":"2023-01-22"},{"lineNumber":10,"author":{"gitId":"yaojiax"},"content":"    public String getStatusIcon() {","lastModifiedDate":"2023-01-22"},{"lineNumber":11,"author":{"gitId":"yaojiax"},"content":"        return this.isDone ? \"X\" : \" \";","lastModifiedDate":"2023-01-22"},{"lineNumber":12,"author":{"gitId":"yaojiax"},"content":"    }","lastModifiedDate":"2023-01-22"},{"lineNumber":13,"author":{"gitId":"yaojiax"},"content":"","lastModifiedDate":"2023-01-22"},{"lineNumber":14,"author":{"gitId":"yaojiax"},"content":"    public void changeCompletion() {","lastModifiedDate":"2023-01-22"},{"lineNumber":15,"author":{"gitId":"yaojiax"},"content":"        this.isDone \u003d !this.isDone;","lastModifiedDate":"2023-01-22"},{"lineNumber":16,"author":{"gitId":"yaojiax"},"content":"    }","lastModifiedDate":"2023-01-22"},{"lineNumber":17,"author":{"gitId":"yaojiax"},"content":"","lastModifiedDate":"2023-01-22"},{"lineNumber":18,"author":{"gitId":"yaojiax"},"content":"    public String toString() {","lastModifiedDate":"2023-01-22"},{"lineNumber":19,"author":{"gitId":"yaojiax"},"content":"        String var10000 \u003d this.getStatusIcon();","lastModifiedDate":"2023-01-22"},{"lineNumber":20,"author":{"gitId":"yaojiax"},"content":"        return \"[\" + var10000 + \"] \" + this.description;","lastModifiedDate":"2023-01-22"},{"lineNumber":21,"author":{"gitId":"yaojiax"},"content":"    }","lastModifiedDate":"2023-01-22"},{"lineNumber":22,"author":{"gitId":"yaojiax"},"content":"}","lastModifiedDate":"2023-01-22"}],"authorContributionMap":{"yaojiax":22}},{"path":"src/main/java/Todo.java","fileType":"java","lines":[{"lineNumber":1,"author":{"gitId":"yaojiax"},"content":"public class Todo extends Task {","lastModifiedDate":"2023-01-22"},{"lineNumber":2,"author":{"gitId":"yaojiax"},"content":"    public Todo(String description) {","lastModifiedDate":"2023-01-22"},{"lineNumber":3,"author":{"gitId":"yaojiax"},"content":"        super(description);","lastModifiedDate":"2023-01-22"},{"lineNumber":4,"author":{"gitId":"yaojiax"},"content":"    }","lastModifiedDate":"2023-01-22"},{"lineNumber":5,"author":{"gitId":"yaojiax"},"content":"    @Override","lastModifiedDate":"2023-01-22"},{"lineNumber":6,"author":{"gitId":"yaojiax"},"content":"    public String toString() {","lastModifiedDate":"2023-01-22"},{"lineNumber":7,"author":{"gitId":"yaojiax"},"content":"        return \"[T]\" + super.toString();","lastModifiedDate":"2023-01-22"},{"lineNumber":8,"author":{"gitId":"yaojiax"},"content":"    }","lastModifiedDate":"2023-01-22"},{"lineNumber":9,"author":{"gitId":"yaojiax"},"content":"}","lastModifiedDate":"2023-01-22"}],"authorContributionMap":{"yaojiax":9}},{"path":"text-ui-test/input.txt","fileType":"txt","lines":[{"lineNumber":1,"author":{"gitId":"yaojiax"},"content":"todo borrow book","lastModifiedDate":"2023-01-22"},{"lineNumber":2,"author":{"gitId":"yaojiax"},"content":"deadline return book /by Sunday","lastModifiedDate":"2023-01-22"},{"lineNumber":3,"author":{"gitId":"yaojiax"},"content":"event project meeting /from Mon 2pm /to 4pm","lastModifiedDate":"2023-01-22"},{"lineNumber":4,"author":{"gitId":"yaojiax"},"content":"list","lastModifiedDate":"2023-01-22"},{"lineNumber":5,"author":{"gitId":"yaojiax"},"content":"mark 3","lastModifiedDate":"2023-01-22"},{"lineNumber":6,"author":{"gitId":"yaojiax"},"content":"list","lastModifiedDate":"2023-01-22"},{"lineNumber":7,"author":{"gitId":"yaojiax"},"content":"bye","lastModifiedDate":"2023-01-22"}],"authorContributionMap":{"yaojiax":7}}]
