{"authorDailyContributionsMap":{"yaojiax":[{"date":"2023-01-20","commitResults":[{"hash":"0ca0d7a8f3e69c41da9c42a302aa92c08a80b3a3","messageTitle":"implement functionality for greeting, echoing and exiting.","messageBody":"","tags":["Level-1"],"fileTypesAndContributionMap":{"java":{"insertions":28,"deletions":2}}}]},{"date":"2023-01-21","commitResults":[{"hash":"5e26798fdbaf0c6aa0437276b93dfa0f97234ab6","messageTitle":"implement functionality for greeting, echoing and exiting.","messageBody":"","fileTypesAndContributionMap":{"java":{"insertions":11,"deletions":2}}},{"hash":"7f2ceda8d77d1fd141647b8109e0a3718842b9d2","messageTitle":"implement functionality for adding to a list and displaying the list.","messageBody":"","tags":["Level-2"],"fileTypesAndContributionMap":{"java":{"insertions":1,"deletions":1}}}]},{"date":"2023-01-22","commitResults":[{"hash":"e9a8db311811f3c16753f457e54a1fca90045356","messageTitle":"implement functionality for marking as done.","messageBody":"","tags":["Level-3"],"fileTypesAndContributionMap":{"java":{"insertions":64,"deletions":15}}},{"hash":"f651dd24a118538dc88dd07fa03de44871a69c75","messageTitle":"implement functionality for ToDo, Events, Deadlines. Separated the classes into different files.","messageBody":"","tags":["Level-4"],"fileTypesAndContributionMap":{"java":{"insertions":100,"deletions":29}}},{"hash":"d8b8e3fb4180a3bdb6e166cdea195969af01d4cb","messageTitle":"Implemented regression testing","messageBody":"","tags":["A-TextUiTesting"],"fileTypesAndContributionMap":{"txt":{"insertions":7,"deletions":0}}}]},{"date":"2023-01-23","commitResults":[{"hash":"af2f848dceff77859be957ade11d72c96dbcff84","messageTitle":"Implemented error handling. Created new classes for the error classes","messageBody":"","tags":["Level-5"],"fileTypesAndContributionMap":{"java":{"insertions":105,"deletions":53}}}]},{"date":"2023-01-24","commitResults":[{"hash":"1da5d4b4205e76f42f75d9b5e909219e170dc6d1","messageTitle":"Implemented delete function.","messageBody":"","tags":["Level-6"],"fileTypesAndContributionMap":{"java":{"insertions":11,"deletions":0}}}]},{"date":"2023-01-25","commitResults":[{"hash":"760409b6d6ef042513bda1d61d7675f11c6e5c7f","messageTitle":"Implement saving into a text file.","messageBody":"","fileTypesAndContributionMap":{"java":{"insertions":200,"deletions":99}}},{"hash":"834223f8af4ee08eaed8e533f80b8d20952136f5","messageTitle":"Fix a small bug for parsing deadline commands in the text file","messageBody":"","fileTypesAndContributionMap":{"java":{"insertions":1,"deletions":1}}},{"hash":"0b78c073754e4f2eb35f07f8bbe00e55c118c623","messageTitle":"Add the ability to parse Date for Deadline Tasks. Inputs must be of the format YYYY-MM-DD for Deadline.","messageBody":"","fileTypesAndContributionMap":{"java":{"insertions":7,"deletions":4}}},{"hash":"0018f0136f70ef2df65ec864e4538fbd34d86a89","messageTitle":"Fix a bug regarding the formatting of date for deadline","messageBody":"","tags":["Level-8"],"fileTypesAndContributionMap":{"java":{"insertions":1,"deletions":1}}}]},{"date":"2023-01-26","commitResults":[{"hash":"bba6b8b7f7b3f355e5b115c7361efae8ce930e88","messageTitle":"Add more OOP","messageBody":"","tags":["A-MoreOOP"],"fileTypesAndContributionMap":{"gradle":{"insertions":6,"deletions":1},"java":{"insertions":346,"deletions":311}}},{"hash":"9785573c70ac64f3c608073556c9f49e5d193ea1","messageTitle":"Divide the classes into packages","messageBody":"","tags":["A-Packages"],"fileTypesAndContributionMap":{"java":{"insertions":1,"deletions":1}}},{"hash":"5f57123bb7e495ef7b913dd05a17500224b60c5e","messageTitle":"Implement Gradle support","messageBody":"","tags":["A-Gradle"],"fileTypesAndContributionMap":{"java":{"insertions":2,"deletions":2}}}]}]},"authorFileTypeContributionMap":{"yaojiax":{"java":367,"md":0,"fxml":0,"sh":0,"bat":0,"gradle":6,"txt":7}},"authorContributionVariance":{"yaojiax":34094.207},"authorDisplayNameMap":{"yaojiax":"CS2103T-T13-3 YAO ..AXIN"}}
