{"authorDailyContributionsMap":{"nicljr":[{"date":"2023-01-23","commitResults":[{"hash":"df771190f946ad0059975ba3321e2834eea0a7fe","messageTitle":"no message","messageBody":"","tags":["Level-1"],"fileTypesAndContributionMap":{"java":{"insertions":19,"deletions":0}}},{"hash":"d6b876406cd59d5952fcc3ae44290c339e9814ba","messageTitle":"Duke Level 2: Add, List","messageBody":"","tags":["Level-2"],"fileTypesAndContributionMap":{"java":{"insertions":16,"deletions":2}}},{"hash":"c91098880c0a125636f6e23e55678928cbe089ce","messageTitle":"Duke Level 3 Mark As Done","messageBody":"","tags":["Level-3"],"fileTypesAndContributionMap":{"java":{"insertions":93,"deletions":9}}},{"hash":"f2837d01e12ae0664e16cffb7352919bf18f3477","messageTitle":"Duke Level 4: ToDo, Deadline, Event","messageBody":"","tags":["Level-4"],"fileTypesAndContributionMap":{"java":{"insertions":73,"deletions":7}}}]},{"date":"2023-01-25","commitResults":[{"hash":"c26dc5fd424dd14b13f9dcde23eb2333205d378a","messageTitle":"Duke: A-TextUiTesting","messageBody":"","tags":["A-TextUiTesting"],"fileTypesAndContributionMap":{"txt":{"insertions":3,"deletions":0},"java":{"insertions":10,"deletions":0}}}]},{"date":"2023-01-26","commitResults":[{"hash":"7fccd035935b604147f1d72a7ef36bd17a58d9b7","messageTitle":"Duke Level-5: Handle Errors","messageBody":"","tags":["Level-5"],"fileTypesAndContributionMap":{"java":{"insertions":25,"deletions":5}}},{"hash":"a7f039d2994ec51111b9799780104013355efaed","messageTitle":"Duke Level 6: Delete","messageBody":"","tags":["Level-6"],"fileTypesAndContributionMap":{"java":{"insertions":42,"deletions":18}}}]},{"date":"2023-01-31","commitResults":[{"hash":"326442ab0944236b993a6de37c4bc188c77588c4","messageTitle":"Duke Level-7: Save and Load","messageBody":"","tags":["Level-7"],"fileTypesAndContributionMap":{"txt":{"insertions":0,"deletions":0},"java":{"insertions":113,"deletions":8}}},{"hash":"722efb2d2ec971d90ae3d43e734efab30c0209a9","messageTitle":"Duke Level 8: Dates and Times","messageBody":"","tags":["Level-8"],"fileTypesAndContributionMap":{"txt":{"insertions":1,"deletions":0},"java":{"insertions":26,"deletions":7}}},{"hash":"b808016397a9a3126a37af01147a6aa19710c38d","messageTitle":"Duke A-MoreOOP: Use More OOP","messageBody":"","tags":["A-MoreOOP"],"fileTypesAndContributionMap":{"txt":{"insertions":0,"deletions":1},"java":{"insertions":251,"deletions":72}}},{"hash":"a29957d86570fceb3930fc88706586f418ad3241","messageTitle":"no message","messageBody":"","fileTypesAndContributionMap":{"java":{"insertions":0,"deletions":12}}},{"hash":"8adc44bc57a89979d73bc1a59bd43e2bea7e956e","messageTitle":"no message","messageBody":"","fileTypesAndContributionMap":{"java":{"insertions":0,"deletions":1}}}]},{"date":"2023-02-01","commitResults":[{"hash":"1d74e994842119713ce86877db0089095609fb82","messageTitle":"Duke: A-Packages","messageBody":"","tags":["A-Packages","A-Gradle"],"fileTypesAndContributionMap":{"txt":{"insertions":1,"deletions":0},"java":{"insertions":91,"deletions":0}}},{"hash":"8836d32da75537a11fe1e7341f856c8cff5bab92","messageTitle":"Updated Commands and TaskList","messageBody":"","fileTypesAndContributionMap":{"java":{"insertions":6,"deletions":2}}},{"hash":"45f7698760152db154ca0afba437208b1832f3ca","messageTitle":"Fixed Dates and Times","messageBody":"","fileTypesAndContributionMap":{"txt":{"insertions":0,"deletions":1},"java":{"insertions":102,"deletions":28}}}]},{"date":"2023-02-03","commitResults":[{"hash":"45d6446e8abe49cf42cfa5c4f4e03dc84ea65663","messageTitle":"Duke A-JUnit: Testing behaviour of Code + Updated Printing Methods for Tasks","messageBody":"","tags":["v0.1","A-JUnit"],"fileTypesAndContributionMap":{"java":{"insertions":72,"deletions":12}}},{"hash":"463ddacc4abb29fb4ed790d66b342d3c864ecb8a","messageTitle":"Duke: A-JavaDoc","messageBody":"","tags":["A-JavaDoc"],"fileTypesAndContributionMap":{"java":{"insertions":258,"deletions":0}}},{"hash":"f4d424f7c9b2804d64655287f0522037017788f6","messageTitle":"Duke: A-CodingStandard","messageBody":"","tags":["A-CodingStandard"],"fileTypesAndContributionMap":{"txt":{"insertions":1,"deletions":0},"java":{"insertions":60,"deletions":43}}}]},{"date":"2023-02-04","commitResults":[{"hash":"fc0bd0a5689c99133eef9b138476dd8198371c51","messageTitle":"Duke Level-9: Find Command","messageBody":"","tags":["Level-9"],"fileTypesAndContributionMap":{"txt":{"insertions":2,"deletions":1},"java":{"insertions":74,"deletions":2}}}]},{"date":"2023-02-06","commitResults":[{"hash":"cf14b0cb886a79e2e1afc3a877a07a99aedd120e","messageTitle":"Duke Level 10: Completeing JavaFX Tutorial","messageBody":"","tags":["Level-10-JavaFXTutorial"],"fileTypesAndContributionMap":{"gradle":{"insertions":15,"deletions":0},"java":{"insertions":183,"deletions":1}}}]},{"date":"2023-02-07","commitResults":[{"hash":"27fff3682609a92b9fef1c400f7bd2e37a26f7b3","messageTitle":"Duke Level 10: GUI/ Updated Command and UI","messageBody":"","tags":["v0.2","Level-10"],"fileTypesAndContributionMap":{"txt":{"insertions":1,"deletions":1},"fxml":{"insertions":35,"deletions":0},"java":{"insertions":197,"deletions":199}}},{"hash":"0b1488d5a70b4b229447751c7ded57f4a6117a73","messageTitle":"Duke A-CheckStyle","messageBody":"","tags":["A-CheckStyle"],"fileTypesAndContributionMap":{"gradle":{"insertions":5,"deletions":0},"txt":{"insertions":0,"deletions":2},"java":{"insertions":104,"deletions":107}}},{"hash":"15154a2e07c7b4567f12a3a699652ab077902913","messageTitle":"Invalid events are accepted by Duke, where the end date is earlier than start date.","messageBody":"An event with an end date canonot be earlier than the start date, this is to ensure that Duke catches this error and doesn\u0027t accept this invalid input. We want to ensure the correctness of our Tasks in Duke.\n\nEvent constructor will throw a DukeException if such an input arrives, by utilising the LocalDateTime isBefore() method.\n\nEvent holds the LocalDateTime information, hence one way I thought was to throw the Exception within the Event Class.\n","tags":["A-FullCommitMessage"],"fileTypesAndContributionMap":{"java":{"insertions":8,"deletions":4}}},{"hash":"35810a92141149eb303d351dd6e8b6bda97cc8c5","messageTitle":"Duke A-Assertions","messageBody":"","fileTypesAndContributionMap":{"java":{"insertions":3,"deletions":0}}},{"hash":"09b45137ba402e39ceed67f00486da30f8d17311","messageTitle":"Revert \"Duke A-Assertions\"","messageBody":"This reverts commit 35810a92141149eb303d351dd6e8b6bda97cc8c5.\n","fileTypesAndContributionMap":{"java":{"insertions":0,"deletions":3}}},{"hash":"d6156b2875bc05e1b180675472d18f50402ff001","messageTitle":"Duke A-Assertions","messageBody":"","fileTypesAndContributionMap":{"txt":{"insertions":1,"deletions":0},"java":{"insertions":3,"deletions":0}}}]},{"date":"2023-02-11","commitResults":[{"hash":"be2ea3e435286b5e41fe081e77e186d89a5aac6f","messageTitle":"Duke A-Jar: JAR File created for v0.2 upgraded from v0.1","messageBody":"","tags":["A-Jar"],"fileTypesAndContributionMap":{"java":{"insertions":1,"deletions":1}}},{"hash":"00bdbb8606324178578be7b5ef64e67ef8be39cf","messageTitle":"Duke Level-9: Making Find more specific","messageBody":"","fileTypesAndContributionMap":{"java":{"insertions":12,"deletions":2}}},{"hash":"3bceb3af0fc680105303bb1f2fe320d0bea8618f","messageTitle":"Revert \"Duke Level-9: Making Find more specific\"","messageBody":"This reverts commit 00bdbb8606324178578be7b5ef64e67ef8be39cf.\n","fileTypesAndContributionMap":{"java":{"insertions":2,"deletions":12}}},{"hash":"86b638886085f19d219ec7b282278038142320c9","messageTitle":"Revert \"Revert \"Duke Level-9: Making Find more specific\"\"","messageBody":"This reverts commit 3bceb3af0fc680105303bb1f2fe320d0bea8618f.\n","fileTypesAndContributionMap":{"java":{"insertions":12,"deletions":2}}}]},{"date":"2023-02-12","commitResults":[{"hash":"c13783f7e41ceaaaf8ae9c3d4da836fd41ac338d","messageTitle":"A-CodingStandard: Fix Coding Standards","messageBody":"Coding Standard needs to be adhered for clarity\n\nRemoved Magic Numbers\nEnsured no Deep Nesteing, ArrowHead\nNo long method names\nEnsure clarity of method names\n\nDone as suggested by the textbook provided\n","fileTypesAndContributionMap":{"txt":{"insertions":0,"deletions":1},"java":{"insertions":43,"deletions":40}}},{"hash":"dc82fb87afcee7f8fe4d269a4ebe64b07d7756ca","messageTitle":"Duke C-Statistics: Provided Statistics on the added tasks within the past week and Completed Task within the past week. Provided Insight on User Productivity through checking Urgency of various deadline tasks.","messageBody":"","tags":["C-Statistics"],"fileTypesAndContributionMap":{"txt":{"insertions":3,"deletions":0},"java":{"insertions":326,"deletions":20}}}]}]},"authorFileTypeContributionMap":{"nicljr":{"java":1615,"md":0,"fxml":35,"sh":0,"bat":0,"gradle":20,"txt":6}},"authorContributionVariance":{"nicljr":31093.879},"authorDisplayNameMap":{"nicljr":"CS2103T-F12-3 LIM ..OLAS"}}
