{"authorDailyContributionsMap":{"nicljr":[{"date":"2023-01-23","commitResults":[{"hash":"df771190f946ad0059975ba3321e2834eea0a7fe","messageTitle":"no message","messageBody":"","tags":["Level-1"],"fileTypesAndContributionMap":{"java":{"insertions":19,"deletions":0}}},{"hash":"d6b876406cd59d5952fcc3ae44290c339e9814ba","messageTitle":"Duke Level 2: Add, List","messageBody":"","tags":["Level-2"],"fileTypesAndContributionMap":{"java":{"insertions":16,"deletions":2}}},{"hash":"c91098880c0a125636f6e23e55678928cbe089ce","messageTitle":"Duke Level 3 Mark As Done","messageBody":"","tags":["Level-3"],"fileTypesAndContributionMap":{"java":{"insertions":93,"deletions":9}}},{"hash":"f2837d01e12ae0664e16cffb7352919bf18f3477","messageTitle":"Duke Level 4: ToDo, Deadline, Event","messageBody":"","tags":["Level-4"],"fileTypesAndContributionMap":{"java":{"insertions":73,"deletions":7}}}]}]},"authorFileTypeContributionMap":{"nicljr":{"java":183,"md":0,"fxml":0,"sh":0,"bat":0,"gradle":0,"txt":0}},"authorContributionVariance":{"nicljr":3963.719},"authorDisplayNameMap":{"nicljr":"CS2103T-F12-3 LIM ..OLAS"}}
