[{"path":"src/main/java/Duke.java","fileType":"java","lines":[{"lineNumber":1,"author":{"gitId":"nicleejy"},"content":"import java.util.Scanner;","lastModifiedDate":"2023-01-19"},{"lineNumber":2,"author":{"gitId":"nicleejy"},"content":"","lastModifiedDate":"2023-01-19"},{"lineNumber":3,"author":{"gitId":"-"},"content":"public class Duke {","lastModifiedDate":"2019-07-29"},{"lineNumber":4,"author":{"gitId":"nicleejy"},"content":"","lastModifiedDate":"2023-01-19"},{"lineNumber":5,"author":{"gitId":"nicleejy"},"content":"","lastModifiedDate":"2023-01-19"},{"lineNumber":6,"author":{"gitId":"-"},"content":"    public static void main(String[] args) {","lastModifiedDate":"2019-07-29"},{"lineNumber":7,"author":{"gitId":"nicleejy"},"content":"","lastModifiedDate":"2023-01-19"},{"lineNumber":8,"author":{"gitId":"nicleejy"},"content":"        System.out.println(\"Hewwo! I\u0027m UwU_TaskMaster! How c-can I hewp you?!?\");","lastModifiedDate":"2023-01-19"},{"lineNumber":9,"author":{"gitId":"nicleejy"},"content":"","lastModifiedDate":"2023-01-19"},{"lineNumber":10,"author":{"gitId":"nicleejy"},"content":"        Scanner scanner \u003d new Scanner(System.in);","lastModifiedDate":"2023-01-19"},{"lineNumber":11,"author":{"gitId":"nicleejy"},"content":"","lastModifiedDate":"2023-01-19"},{"lineNumber":12,"author":{"gitId":"nicleejy"},"content":"        String input;","lastModifiedDate":"2023-01-19"},{"lineNumber":13,"author":{"gitId":"nicleejy"},"content":"","lastModifiedDate":"2023-01-19"},{"lineNumber":14,"author":{"gitId":"nicleejy"},"content":"        while(true) {","lastModifiedDate":"2023-01-19"},{"lineNumber":15,"author":{"gitId":"nicleejy"},"content":"            System.out.print(\"You: \");","lastModifiedDate":"2023-01-19"},{"lineNumber":16,"author":{"gitId":"nicleejy"},"content":"            input \u003d scanner.nextLine();","lastModifiedDate":"2023-01-19"},{"lineNumber":17,"author":{"gitId":"nicleejy"},"content":"            if (input.equals(\"bye\")) {","lastModifiedDate":"2023-01-19"},{"lineNumber":18,"author":{"gitId":"nicleejy"},"content":"                System.out.println(\"UwU_TaskMaster ＵｗＵ: Bye bye... UwU\");","lastModifiedDate":"2023-01-19"},{"lineNumber":19,"author":{"gitId":"nicleejy"},"content":"                break;","lastModifiedDate":"2023-01-19"},{"lineNumber":20,"author":{"gitId":"nicleejy"},"content":"            }","lastModifiedDate":"2023-01-19"},{"lineNumber":21,"author":{"gitId":"nicleejy"},"content":"            System.out.println(\"\\nUwU_TaskMaster ＵｗＵ: \" + input);","lastModifiedDate":"2023-01-19"},{"lineNumber":22,"author":{"gitId":"nicleejy"},"content":"            System.out.println(\"__________________________________________\");","lastModifiedDate":"2023-01-19"},{"lineNumber":23,"author":{"gitId":"nicleejy"},"content":"        }","lastModifiedDate":"2023-01-19"},{"lineNumber":24,"author":{"gitId":"nicleejy"},"content":"        scanner.close();","lastModifiedDate":"2023-01-19"},{"lineNumber":25,"author":{"gitId":"nicleejy"},"content":"","lastModifiedDate":"2023-01-19"},{"lineNumber":26,"author":{"gitId":"-"},"content":"    }","lastModifiedDate":"2019-07-29"},{"lineNumber":27,"author":{"gitId":"-"},"content":"}","lastModifiedDate":"2019-07-29"}],"authorContributionMap":{"nicleejy":23,"-":4}}]
