{"authorDailyContributionsMap":{"nicleejy":[{"date":"2023-01-19","commitResults":[{"hash":"208f13036f689beb6c6e4129e2cd835ed868325c","messageTitle":"Add echo functionality for Duke","messageBody":"","tags":["Level-1"],"fileTypesAndContributionMap":{"java":{"insertions":23,"deletions":6}}},{"hash":"a0b350d33d67b966ed6c362ce9661ea0f7d63acb","messageTitle":"change chat layout","messageBody":"","fileTypesAndContributionMap":{"java":{"insertions":2,"deletions":2}}},{"hash":"7ba91f1207e107b1abe6126254022558899dcebc","messageTitle":"added storage functionality","messageBody":"","tags":["Level-2"],"fileTypesAndContributionMap":{"java":{"insertions":28,"deletions":3}}},{"hash":"8bc4eeb80b6286c9ab486ec1e8498e0f09fb69d6","messageTitle":"add mark and unmark task functions, abstracted tasks as class","messageBody":"","tags":["Level-3"],"fileTypesAndContributionMap":{"java":{"insertions":130,"deletions":25}}}]},{"date":"2023-01-20","commitResults":[{"hash":"803d8ce4bd3436399bff622f254472efc40d03fc","messageTitle":"add support for deadline, event and todo","messageBody":"","tags":["Level-4"],"fileTypesAndContributionMap":{"java":{"insertions":211,"deletions":19}}},{"hash":"924ca89863e5cca51000201634379fb31da89885","messageTitle":"added testcase for bot","messageBody":"","tags":["A-TextUiTesting"],"fileTypesAndContributionMap":{"txt":{"insertions":21,"deletions":0},"java":{"insertions":68,"deletions":29}}},{"hash":"b22f9dd28bf94168675547092d1636c24f37d82f","messageTitle":"update exception classes with javadoc","messageBody":"","tags":["Level-5"],"fileTypesAndContributionMap":{"java":{"insertions":19,"deletions":1}}},{"hash":"88a2322e6554a086f4f36097e3e4c71e63fc489e","messageTitle":"added deletion function","messageBody":"","tags":["Level-6"],"fileTypesAndContributionMap":{"java":{"insertions":10,"deletions":3}}},{"hash":"75b9b1a9f5c8f55db41038856ca89561f3f18f76","messageTitle":"add javadoc comments and create enum for responses, code cleanup","messageBody":"","fileTypesAndContributionMap":{"java":{"insertions":380,"deletions":202}}}]},{"date":"2023-01-21","commitResults":[{"hash":"e4d3a518e509a94d456e91d72eac253982f076b9","messageTitle":"clean up code, abstracted task list, add enums for responses","messageBody":"","tags":["A-Enums"],"fileTypesAndContributionMap":{"java":{"insertions":311,"deletions":187}}}]},{"date":"2023-01-22","commitResults":[{"hash":"16b2fa9dc8dba67d0784fb3ea1002a5b176ad260","messageTitle":"more code refactoring, update test cases","messageBody":"","fileTypesAndContributionMap":{"java":{"insertions":113,"deletions":25}}}]},{"date":"2023-01-26","commitResults":[{"hash":"4bf83bd6d29e9b5b3825001b30541234c7a271ca","messageTitle":"Add functionality to save tasks to hard disk","messageBody":"","tags":["Level-7"],"fileTypesAndContributionMap":{"txt":{"insertions":3,"deletions":0},"java":{"insertions":195,"deletions":29}}},{"hash":"848f0a485751a2192ee2b57ebbbb76e740f1757d","messageTitle":"Add javadoc comments","messageBody":"","fileTypesAndContributionMap":{"java":{"insertions":62,"deletions":4}}}]},{"date":"2023-01-27","commitResults":[{"hash":"badbe8e8131fc6d82696203a529e94b8d731160f","messageTitle":"Add formatting for date and time, store dates as LocalDateTime object","messageBody":"","tags":["Level-8"],"fileTypesAndContributionMap":{"java":{"insertions":76,"deletions":10}}},{"hash":"dceaf987d899eec7e0d27fce956d5d9178ffff18","messageTitle":"Abstracted functionality to different classes","messageBody":"","tags":["A-Packages","A-MoreOOP"],"fileTypesAndContributionMap":{"txt":{"insertions":1,"deletions":3},"java":{"insertions":113,"deletions":84}}},{"hash":"b3553b40d0b611219f9e368b23a215f478aa40be","messageTitle":"add gradle wrapper","messageBody":"","tags":["A-Gradle"],"fileTypesAndContributionMap":{"gradle":{"insertions":7,"deletions":1}}}]},{"date":"2023-01-28","commitResults":[{"hash":"5d2bf1f32a972faadd4d5d2a0e846102c6ac89ac","messageTitle":"add junit test cases","messageBody":"","tags":["A-Jar","A-JUnit"],"fileTypesAndContributionMap":{"txt":{"insertions":1,"deletions":0},"java":{"insertions":109,"deletions":1}}},{"hash":"4a78d3165dde5612d974dc4b3f96dd8c515c281d","messageTitle":"write javadoc for updated code","messageBody":"","tags":["A-JavaDoc"],"fileTypesAndContributionMap":{"java":{"insertions":48,"deletions":25}}},{"hash":"6ddaf3a894f993710395b4bf00c81079b422b008","messageTitle":"fix code to match coding style defined in checkstyle.xml","messageBody":"","tags":["A-CodingStandard"],"fileTypesAndContributionMap":{"gradle":{"insertions":5,"deletions":5},"java":{"insertions":132,"deletions":79}}},{"hash":"7853c1312e6afc436f61b7d258a2daf62274c00b","messageTitle":"Add support for finding tasks by keyword","messageBody":"","tags":["Level-9"],"fileTypesAndContributionMap":{"java":{"insertions":79,"deletions":1}}},{"hash":"e053a2884791fb597ded3e93a24bf0da27bff68b","messageTitle":"Add more javadoc fix checkstyle violations","messageBody":"","tags":["A-CheckStyle"],"fileTypesAndContributionMap":{"java":{"insertions":35,"deletions":38}}}]},{"date":"2023-02-02","commitResults":[{"hash":"dce9ae530f203368d826014badede07df712fbf9","messageTitle":"add GUI to bot","messageBody":"","fileTypesAndContributionMap":{"java":{"insertions":241,"deletions":0}}}]}]},"authorFileTypeContributionMap":{"nicleejy":{"java":1628,"md":0,"fxml":0,"sh":0,"bat":0,"gradle":7,"txt":23}},"authorContributionVariance":{"nicleejy":61693.008},"authorDisplayNameMap":{"nicleejy":"CS2103T-W09-2 NICH..N YI"}}
