{"authorDailyContributionsMap":{"heeeyi":[{"date":"2023-01-14","commitResults":[{"hash":"0d88db8e2d49897344321326dad0cec26e144b0d","messageTitle":"Finished ip Level-1, added DukeEngine.java","messageBody":"","tags":["Level-1"],"fileTypesAndContributionMap":{"java":{"insertions":43,"deletions":6}}},{"hash":"997fa18e3deddff1caeae92725aeb5076e736110","messageTitle":"Add Task.java, modified Duke.java \u0026 DukeEngine.java","messageBody":"","tags":["Level-2"],"fileTypesAndContributionMap":{"java":{"insertions":52,"deletions":6}}},{"hash":"fff3cb7412122355ed1cab975da4275f0fcf6ca4","messageTitle":"added markDone() and markUnDone() in Task.java","messageBody":"","tags":["Level-3"],"fileTypesAndContributionMap":{"java":{"insertions":59,"deletions":3}}},{"hash":"62380ce5f897362d6dd29390f16d02ace7e9b2a8","messageTitle":"Added todo, deadline, event as subclasses","messageBody":"","fileTypesAndContributionMap":{"java":{"insertions":45,"deletions":2}}},{"hash":"ede0869a199505b13dd1c9fc63dd5d1ba8f23651","messageTitle":"Finished event, todo, deadline time detection","messageBody":"","tags":["Level-4"],"fileTypesAndContributionMap":{"java":{"insertions":109,"deletions":12}}},{"hash":"7f2049c2e5d38fbe990fc7be584efadbad7c5487","messageTitle":"Added input.txt, ACTUAL.txt, EXPECTED.txt; Add PAUSE to runtest.bat","messageBody":"","tags":["A-TextUiTesting"],"fileTypesAndContributionMap":{"txt":{"insertions":13,"deletions":0},"bat":{"insertions":1,"deletions":0}}},{"hash":"1c88735501147c7f563d0c540437dc630b5cca28","messageTitle":"handle all current possible exceptions","messageBody":"","tags":["Level-5"],"fileTypesAndContributionMap":{"txt":{"insertions":16,"deletions":0},"java":{"insertions":104,"deletions":18}}},{"hash":"672a5d126d5a5589ff86d0b826ef341640f195d5","messageTitle":"add deletions and corresponding exceptions","messageBody":"","tags":["Level-6"],"fileTypesAndContributionMap":{"txt":{"insertions":4,"deletions":0},"java":{"insertions":23,"deletions":2}}}]},{"date":"2023-01-20","commitResults":[{"hash":"0e46cf7e3ab17966138c49a908619748ea515a9d","messageTitle":"put all the files in packages, set up unit testing","messageBody":"","fileTypesAndContributionMap":{"java":{"insertions":85,"deletions":2}}}]},{"date":"2023-01-23","commitResults":[{"hash":"8b42fbad7ff0628ba26ad6fc31901b93af073722","messageTitle":"Add hard disk Save function","messageBody":"Add generateTaskList(), fetchTask() in DukeEngine.java, add exception handlers in Duke.java\n","fileTypesAndContributionMap":{"txt":{"insertions":3,"deletions":0},"java":{"insertions":145,"deletions":8}}},{"hash":"a04e8b9a3b94a98577455c1be50b257e9cb1fe1f","messageTitle":"Add Dates and Times","messageBody":"The engine now recognises deadline and event time as dates instead of strings.\nCan use \"search 01/03/2020\" to search events due/happening at the date.\n","fileTypesAndContributionMap":{"txt":{"insertions":7,"deletions":0},"java":{"insertions":174,"deletions":62}}},{"hash":"af662af2720ee22bfd45448da96ac83905977cde","messageTitle":"Fixed issues about Dates and Times","messageBody":"Successfully implemented dates and times function in Dukes,\nmaking it compatible with the save function.\n","tags":["Level-8"],"fileTypesAndContributionMap":{"txt":{"insertions":4,"deletions":2},"java":{"insertions":11,"deletions":5}}},{"hash":"8b34d807ff2924851c37d0af61a7683ed477810c","messageTitle":"Add support for gradle","messageBody":"Merge add-gradle-support branch into the main project, set up gradle to run tasks\n","tags":["A-Gradle"],"fileTypesAndContributionMap":{"txt":{"insertions":0,"deletions":1}}}]},{"date":"2023-01-24","commitResults":[{"hash":"83e61a43c89c5ea6c7945d685f724d20c99ca4d5","messageTitle":"Implement more OOP structure","messageBody":"Refactor the code to extract classes UI, Storage, Parser, TaskList, Command and its subclasses.\n","tags":["A-MoreOOP"],"fileTypesAndContributionMap":{"txt":{"insertions":0,"deletions":0},"java":{"insertions":753,"deletions":1}}},{"hash":"42457af693afb36cc5dfd30c088821fb647b8cae","messageTitle":"Organise into Packages","messageBody":"Organise the code into packages dukes.engine, dukes.command, dukes.task and dukes.util\n","tags":["A-Packages"],"fileTypesAndContributionMap":{"txt":{"insertions":2,"deletions":1},"java":{"insertions":58,"deletions":143}}},{"hash":"d0855d110a5707f6b601be26d2d6f6ddc822ab02","messageTitle":"Add JUnit Tests","messageBody":"Set up Gradle to run JUnit tests, add tests for DeadLine.java, ToDo.java and Parser.java\n","tags":["A-JUnit"],"fileTypesAndContributionMap":{"java":{"insertions":48,"deletions":23}}},{"hash":"fcecbaaf83ef07afcf41c8c1e2b3329ae788d417","messageTitle":"Develop Find functionality","messageBody":"Allows user to search tasklist by keyword and find the respective tasks\n","fileTypesAndContributionMap":{"txt":{"insertions":3,"deletions":0},"java":{"insertions":77,"deletions":0}}},{"hash":"6d79211761df2f16c3db524d1cf85ec646fac6bc","messageTitle":"Add JavaDoc comments","messageBody":"Add JavaDoc comments for all classes and non-private methods,\nexcept for getter and setter methods.\n","fileTypesAndContributionMap":{"java":{"insertions":816,"deletions":395}}},{"hash":"b44c312bec04b84dd5105947ac2b374959c13a24","messageTitle":"Standardise the coding standard","messageBody":"Adjust the code to comply with the coding standard.\n","fileTypesAndContributionMap":{"java":{"insertions":104,"deletions":97}}}]},{"date":"2023-01-25","commitResults":[{"hash":"f950afcc6a47f33c6a6bd1fe2dcddc46b217f1ce","messageTitle":"Add Find feature, JavaDoc headers and coding standard","messageBody":"Adjust the merge and makes the duke software combine the 3 features of find, javadoc and coding standard\n","tags":["A-JavaDoc","A-CodingStandard"],"fileTypesAndContributionMap":{"java":{"insertions":26,"deletions":8}}}]},{"date":"2023-01-29","commitResults":[{"hash":"8d05b2e8a111e1edcf9140d5c0e5605804a7925b","messageTitle":"Learn about basic UI for Duke","messageBody":"","fileTypesAndContributionMap":{"gradle":{"insertions":15,"deletions":0},"java":{"insertions":151,"deletions":10}}}]},{"date":"2023-01-31","commitResults":[{"hash":"5982ca84ba60ec11d184f742d178cae7e6f89b79","messageTitle":"Add a GUI to Duke through JavaFX","messageBody":"Using JavaFX and FXML to add a GUI to Duke, that allows user to directly input command and get response. Add Main, MainWindow and Launcher in dukes.engine\n","fileTypesAndContributionMap":{"txt":{"insertions":1,"deletions":0},"fxml":{"insertions":58,"deletions":0},"java":{"insertions":323,"deletions":18}}},{"hash":"1941e72d5b61183400f9a1af8966b70f7c34606b","messageTitle":"Add JavaDoc to the new files","messageBody":"Add JavaDoc as method headers to the methods in MainWindow, Main, Launcher and new methods in Command family\n","fileTypesAndContributionMap":{"java":{"insertions":139,"deletions":14}}}]},{"date":"2023-02-01","commitResults":[{"hash":"3e1d2364d96a0dead8af8bc1aa374459ff65d8a8","messageTitle":"Add checkstyle to the project","messageBody":"Set up checkstyle for the coding using Gradle\n","fileTypesAndContributionMap":{"gradle":{"insertions":5,"deletions":0}}}]}]},"authorFileTypeContributionMap":{"heeeyi":{"java":2516,"md":0,"fxml":58,"sh":0,"bat":1,"gradle":20,"txt":49}},"authorContributionVariance":{"heeeyi":310799.5},"authorDisplayNameMap":{"heeeyi":"CS2103T-W12-1 KONG..HEYI"}}
