{"authorDailyContributionsMap":{"Yufannnn":[{"date":"2023-01-13","commitResults":[{"hash":"23c02a7f0da9b3f14ca2221f993426d3586b600b","messageTitle":"Added Todo, Event, Deadline Tasks","messageBody":"","tags":["Level-4","A-Inheritance"],"fileTypesAndContributionMap":{"java":{"insertions":217,"deletions":43}}},{"hash":"abb6784241996f261fa4dbbf7c7f7e41be24df64","messageTitle":"Added Error Handling Mechanism","messageBody":"","tags":["Level-5","A-Exceptions"],"fileTypesAndContributionMap":{"java":{"insertions":59,"deletions":36}}},{"hash":"2529533b81499c3559df240a354a5f698dd58fc9","messageTitle":"Added Delete feature","messageBody":"","tags":["Level-6","A-Enums","A-Collections"],"fileTypesAndContributionMap":{"java":{"insertions":66,"deletions":29}}},{"hash":"3fc5da3436d37d6a4cb4a355021c8dc1d1bcdfde","messageTitle":"Add TextUiTesting feature","messageBody":"","tags":["A-TextUiTesting"],"fileTypesAndContributionMap":{"txt":{"insertions":45,"deletions":0},"java":{"insertions":9,"deletions":5},"bat":{"insertions":28,"deletions":21},"sh":{"insertions":0,"deletions":38}}},{"hash":"2aa6b215c52a982030b2841226d4e23b62238f22","messageTitle":"Simplified DukeException","messageBody":"","fileTypesAndContributionMap":{"java":{"insertions":19,"deletions":76}}},{"hash":"eb7f45b571dde194cc92b1f1f0ce634663a7c9c7","messageTitle":"Added Save Feature","messageBody":"","tags":["Level-7"],"fileTypesAndContributionMap":{"txt":{"insertions":3,"deletions":8},"java":{"insertions":340,"deletions":24}}},{"hash":"f38ab26e612e88105a133c495358822bd2f037b0","messageTitle":"Add Dates and Times features","messageBody":"","tags":["Level-8"],"fileTypesAndContributionMap":{"java":{"insertions":36,"deletions":12}}},{"hash":"0d8e1a3f070adbe64ed5576511c97a58a3f61969","messageTitle":"Resovle the Compatibility Issue Between Level-7 and Level-8","messageBody":"","tags":["A-Packages"],"fileTypesAndContributionMap":{"txt":{"insertions":3,"deletions":3},"java":{"insertions":11,"deletions":6}}},{"hash":"e7746dc83105e9a3681d38ce8a5ab43864717d69","messageTitle":"Modified the Code to be more OOP, reaching the minmal requirement","messageBody":"","tags":["A-MoreOOP"],"fileTypesAndContributionMap":{"txt":{"insertions":0,"deletions":3},"java":{"insertions":127,"deletions":107}}}]},{"date":"2023-01-14","commitResults":[{"hash":"6282cd79d3c0347ee55857fc31ec1a1529faa8a3","messageTitle":"Modified the structure of the code, achieved the stretch level of OOP, changed names to fit the suggested standard and removed obsolete Commands.","messageBody":"","tags":["A-MoreOOP+"],"fileTypesAndContributionMap":{"txt":{"insertions":3,"deletions":0},"java":{"insertions":157,"deletions":202}}},{"hash":"87f940f39bdddf6c75f9bd498fcdb694470f7da2","messageTitle":"Added Gradle Wrapper to the Project, achieving the second level of being about to execute unit test.","messageBody":"","tags":["v0.1","A-Gradle"],"fileTypesAndContributionMap":{"gradle":{"insertions":23,"deletions":0},"txt":{"insertions":1,"deletions":0},"java":{"insertions":23,"deletions":1},"bat":{"insertions":89,"deletions":0}}}]},{"date":"2023-01-16","commitResults":[{"hash":"9203cb2a94adf0629aee2f29bbdb09ed795b095d","messageTitle":"Added the Jar Featurea and Fixed some issue with build.gradle","messageBody":"","tags":["A-Jar"],"fileTypesAndContributionMap":{"gradle":{"insertions":14,"deletions":0},"txt":{"insertions":2,"deletions":4},"java":{"insertions":202,"deletions":58}}},{"hash":"e5c19d0afcf5ce33a1b2bc13eed82fb810af0d36","messageTitle":"Add JavaDoc comments to the code, acheving the stretch level.","messageBody":"","tags":["A-JavaDoc"],"fileTypesAndContributionMap":{"txt":{"insertions":2,"deletions":1},"java":{"insertions":168,"deletions":37}}},{"hash":"5abca91260622600e438f85f3af1d4073e638ad9","messageTitle":"Added Gradle Checkstyle feature and config file. Fixed the coding standard issues.","messageBody":"","tags":["A-CodingStandard"],"fileTypesAndContributionMap":{"gradle":{"insertions":4,"deletions":0},"java":{"insertions":134,"deletions":95}}},{"hash":"d89fb258dd6c58832d5d1e5b528af2c39274ea01","messageTitle":"Added Find feature.","messageBody":"","tags":["Level-9"],"fileTypesAndContributionMap":{"txt":{"insertions":1,"deletions":0},"java":{"insertions":68,"deletions":3}}},{"hash":"07cb6120289da92c9469873cbb4d857cd0d4c509","messageTitle":"Resolved conflicts when merging the branches. Fixed Styling issue and added more JavaDoc","messageBody":"","fileTypesAndContributionMap":{"gradle":{"insertions":4,"deletions":0},"java":{"insertions":15,"deletions":70}}},{"hash":"a0ef39884f0fed00cb5f2e94ea5f3b8c5ce8b643","messageTitle":"Added Search Feature, allowing user to search deadline and event happened on a given date. (Achieving Streach Goal of Level 8)","messageBody":"","fileTypesAndContributionMap":{"txt":{"insertions":1,"deletions":0},"java":{"insertions":83,"deletions":1}}}]},{"date":"2023-01-17","commitResults":[{"hash":"7492cbd471245e183b0f7215979fe451348db75a","messageTitle":"Updated ReadMe.md","messageBody":"","tags":["A-CheckStyle"],"fileTypesAndContributionMap":{"md":{"insertions":30,"deletions":24}}},{"hash":"fb786eea53c179940c66bdb16451097bc6c92fe6","messageTitle":"Added GUI to the App, changed the name of the project from Duke to Mr. Bear. Updated readMe.md","messageBody":"","tags":["Level-10"],"fileTypesAndContributionMap":{"gradle":{"insertions":19,"deletions":4},"txt":{"insertions":2,"deletions":2},"fxml":{"insertions":56,"deletions":0},"java":{"insertions":242,"deletions":99},"md":{"insertions":3,"deletions":12}}},{"hash":"3210cda832d16662a139c487873fedf91d580857","messageTitle":"Allowed to find multiple keyword at the same time using Vararg","messageBody":"","tags":["v0.2","A-Varargs"],"fileTypesAndContributionMap":{"java":{"insertions":60,"deletions":48}}},{"hash":"00f0287ad55c45650472ce3b40e98b5ecc88c4f2","messageTitle":"Release the v2.0 version of the ChatBot.","messageBody":"","fileTypesAndContributionMap":{"java":{"insertions":1,"deletions":4},"md":{"insertions":1,"deletions":1}}}]}]},"authorFileTypeContributionMap":{"Yufannnn":{"java":1319,"md":17,"fxml":56,"sh":0,"bat":98,"gradle":56,"txt":43}},"authorContributionVariance":{"Yufannnn":212777.83},"authorDisplayNameMap":{"Yufannnn":"ZHU ..UFAN"}}
