{"authorDailyContributionsMap":{"zxisatree":[{"date":"2023-01-18","commitResults":[{"hash":"8a50930e70a516752cf36162f61b3c055493f0c5","messageTitle":"Implemented main input loop","messageBody":"","tags":["Level-1"],"fileTypesAndContributionMap":{"java":{"insertions":26,"deletions":6}}}]},{"date":"2023-01-19","commitResults":[{"hash":"5c8fe03348188b45f9b998b368ec1d3262646d86","messageTitle":"Implemented add and list commands","messageBody":"","tags":["Level-2"],"fileTypesAndContributionMap":{"java":{"insertions":33,"deletions":1}}},{"hash":"d0d9302d894e4512b2ddb361b5338c69e1c7be22","messageTitle":"Implemented mark and unmark commands, added Task class","messageBody":"","tags":["Level-3","A-Classes"],"fileTypesAndContributionMap":{"java":{"insertions":42,"deletions":5}}},{"hash":"7a9289f63fc259ef4802a0498b276088425bcbb8","messageTitle":"Added support for 3 different types of tasks","messageBody":"","tags":["Level-4","A-Inheritance"],"fileTypesAndContributionMap":{"java":{"insertions":73,"deletions":13}}},{"hash":"e5315af2ab6a5477e830aeaac31636f283af8123","messageTitle":"Added semi automated testing using IO redirection","messageBody":"","tags":["A-TextUiTesting"],"fileTypesAndContributionMap":{"txt":{"insertions":8,"deletions":0}}},{"hash":"92a6c7c733b1e8fd81c2bfab16590a920af2fca5","messageTitle":"Implemented error handling for inputs","messageBody":"","tags":["Level-5","A-Exceptions"],"fileTypesAndContributionMap":{"java":{"insertions":89,"deletions":37}}},{"hash":"0357a5ae7b75cc3136f6f87a7a69df41efdda040","messageTitle":"Implemented delete command","messageBody":"","tags":["Level-6","A-Collections"],"fileTypesAndContributionMap":{"txt":{"insertions":11,"deletions":1},"java":{"insertions":59,"deletions":33}}},{"hash":"eb6e6acc3e6c13e505b2f781273bef94dac3009c","messageTitle":"Used enums for task type","messageBody":"","tags":["A-Enums"],"fileTypesAndContributionMap":{"java":{"insertions":8,"deletions":3}}}]},{"date":"2023-01-24","commitResults":[{"hash":"03c472df55876e23b54d3daa59733f8b24140703","messageTitle":"Task list saves to hard disk on change","messageBody":"","tags":["Level-7"],"fileTypesAndContributionMap":{"java":{"insertions":121,"deletions":14}}},{"hash":"267f02ed9009aa6615772b9978cebe66be31388a","messageTitle":"Added support for dates and times","messageBody":"","tags":["Level-8"],"fileTypesAndContributionMap":{"java":{"insertions":21,"deletions":9}}},{"hash":"88fc8d03cf413ea01444912b9f636fc5e2fb5781","messageTitle":"Refactored code, extracted common code","messageBody":"","tags":["A-MoreOOP"],"fileTypesAndContributionMap":{"txt":{"insertions":170,"deletions":0},"java":{"insertions":295,"deletions":153}}},{"hash":"c5c7a977f0f24bb6842025cd1c2b14b145024f60","messageTitle":"Organised classes into packages","messageBody":"","tags":["A-Packages"],"fileTypesAndContributionMap":{"txt":{"insertions":20,"deletions":20},"java":{"insertions":67,"deletions":4},"bat":{"insertions":1,"deletions":1},"md":{"insertions":2,"deletions":2}}}]},{"date":"2023-01-25","commitResults":[{"hash":"9bacb2f0e2fa80869e1bd827d6ebefaa111b865f","messageTitle":"Added Gradle and tests for Parser and TaskList","messageBody":"","tags":["A-Jar","A-JUnit","A-Gradle"],"fileTypesAndContributionMap":{"gradle":{"insertions":2,"deletions":2},"java":{"insertions":75,"deletions":3}}},{"hash":"c9eafb83ab99f129efefb00b36dbb9f65f917399","messageTitle":"Add JavaDoc comments","messageBody":"","tags":["A-JavaDoc"],"fileTypesAndContributionMap":{"java":{"insertions":349,"deletions":88},"sh":{"insertions":0,"deletions":0}}},{"hash":"99c4a70225412c10aa0d074595e681fe27f2bb98","messageTitle":"Format code to comply with coding standard","messageBody":"","tags":["A-CodingStandard"],"fileTypesAndContributionMap":{"java":{"insertions":28,"deletions":40}}},{"hash":"b5339b05f5f0081dbaec6aeffe6559a86933c4b7","messageTitle":"Implement find command","messageBody":"","tags":["Level-9"],"fileTypesAndContributionMap":{"gradle":{"insertions":5,"deletions":0},"java":{"insertions":79,"deletions":15}}}]},{"date":"2023-01-31","commitResults":[{"hash":"b18e9d43d25e753b5501b5be8cf6ea67c8dae5f6","messageTitle":"Use checkStyle to detect coding style violations","messageBody":"","tags":["A-CheckStyle"],"fileTypesAndContributionMap":{"gradle":{"insertions":15,"deletions":0},"txt":{"insertions":0,"deletions":170},"java":{"insertions":76,"deletions":58},"md":{"insertions":2,"deletions":2}}}]},{"date":"2023-02-02","commitResults":[{"hash":"2fed2111f0bd57c33d632474f07e866e4b78a5c6","messageTitle":"Add GUI to Duke","messageBody":"","tags":["Level-10"],"fileTypesAndContributionMap":{"gradle":{"insertions":1,"deletions":1},"fxml":{"insertions":35,"deletions":0},"java":{"insertions":280,"deletions":137},"bat":{"insertions":1,"deletions":1}}}]},{"date":"2023-02-06","commitResults":[{"hash":"78307b61a69270c9bc33f3ce879ea15dffbfda3d","messageTitle":"Critically examine code and refactor to improve the code quality","messageBody":"Some \"happy path\"s are unclear and are hard to follow, and some\nJavaDoc comments are incorrectly formatted.\n\nThe expected flow of the code is currently difficult to follow, and\nmight cause problems in the future when the code has to be revisited\nas a lot of time will have to be spent on figuring out what the\nexpected flow of the code is.\n\nLet\u0027s:\n- remove the finally block in Duke and add it to the try block\ninstead, which simplifies the error catching\n- remove magic strings in Parser\n- refactor the code fragment in Parser to validate whether the regex\nis valid for the given input string to a separate method instead\n- use fallthrough comments to simplify error catching in Parser\n- rename confusing variable in TaskList to better represent the\nvariable\u0027s intended purpose\n- remove unused imports in Storage and Ui\n- fix JavaDoc comments in all files\n\nGuard clauses and fallthrough blocks in switch statements can make the\n\"happy path\" that the code is supposed to take when all is well easier\nto read.\n","fileTypesAndContributionMap":{"java":{"insertions":107,"deletions":83}}},{"hash":"8f5391606bfe4f65a2022314b7d1bcc9922ea413","messageTitle":"Use assert to document important assumptions","messageBody":"Some classes assume that code run previously has run correctly.\n\nThe program will fail to exit gracefully if these assumptions are not\ntrue, and will hinder the usage of the application.\n\nLet\u0027s add assert statements to Duke to ensure that the file path\nprovided points to a valid file, and to TaskList to ensure that the\ncommands provided to the constructor are not empty, since the code\nassumes that the argument provided is not empty even if it is an\ninvalid command.\n\nAssert statements ensure that the program runs correctly as expected.\n","tags":["A-Assertions"],"fileTypesAndContributionMap":{"gradle":{"insertions":1,"deletions":0},"java":{"insertions":2,"deletions":3}}}]}]},"authorFileTypeContributionMap":{"zxisatree":{"java":1157,"md":0,"fxml":35,"sh":0,"bat":0,"gradle":22,"txt":18}},"authorContributionVariance":{"zxisatree":57727.746},"authorDisplayNameMap":{"zxisatree":"CS2103T-W12-4 CHIA..XUAN"}}
