{"authorDailyContributionsMap":{"jnjy":[{"date":"2023-01-17","commitResults":[{"hash":"19528b4ff746c9c4aa063d49dff2b670f76d59f1","messageTitle":"Level-01: Added Greet, Echo and Exit method","messageBody":"","fileTypesAndContributionMap":{"java":{"insertions":41,"deletions":6}}},{"hash":"552824bc13d9dd3d9d17e99fd003c9d37e98bb26","messageTitle":"Level-01: Added printRes function to standardise printing format","messageBody":"","fileTypesAndContributionMap":{"java":{"insertions":11,"deletions":12}}},{"hash":"0f7476be778a30431aee162a1b399b997244c162","messageTitle":"Level-01: Added javadocs","messageBody":"","tags":["Level-1"],"fileTypesAndContributionMap":{"java":{"insertions":14,"deletions":0}}},{"hash":"ad39336805c6d6c68caf6d3878831827079a107a","messageTitle":"Level-02: Added Add and List method","messageBody":"","tags":["Level-2","A-Collections","A-Classes"],"fileTypesAndContributionMap":{"java":{"insertions":78,"deletions":2}}},{"hash":"b8584a6442d364feebc464459506d3fbf5c01397","messageTitle":"Level-03: Added mark and unmark function","messageBody":"","fileTypesAndContributionMap":{"java":{"insertions":22,"deletions":5}}},{"hash":"28425563a738d6e0edd558726e8c49705f3ad196","messageTitle":"Level-03: Added Request Class to handle the user\u0027s request","messageBody":"","fileTypesAndContributionMap":{"java":{"insertions":47,"deletions":7}}},{"hash":"3eba56c1c48c45c3673bee1374916dc7677d1836","messageTitle":"Level-03: Added javadocs","messageBody":"","tags":["Level-3"],"fileTypesAndContributionMap":{"java":{"insertions":13,"deletions":1}}}]},{"date":"2023-01-18","commitResults":[{"hash":"d4dde8efcf096817b60845ed7bf16f68897ba970","messageTitle":"Level-04: Added ToDo, Event and Deadline","messageBody":"","tags":["Level-4"],"fileTypesAndContributionMap":{"java":{"insertions":148,"deletions":8}}},{"hash":"642827820e135512926ee2e8dce57a489668a4f1","messageTitle":"A-TextUiTesting: Added input text and expected result","messageBody":"","fileTypesAndContributionMap":{"txt":{"insertions":11,"deletions":0},"java":{"insertions":4,"deletions":0},"sh":{"insertions":2,"deletions":1}}},{"hash":"f669ce62107b99c7c5b2c2029f7137b4d7b2fe4d","messageTitle":"Level-05: Handled Exception, edited code to incorporate OOP","messageBody":"","tags":["Level-5","A-Inheritance","A-Exceptions"],"fileTypesAndContributionMap":{"java":{"insertions":247,"deletions":48}}},{"hash":"40179b30f76e30e96c42413f6f30db2e08f75257","messageTitle":"Level-06: Added delete command","messageBody":"","fileTypesAndContributionMap":{"java":{"insertions":34,"deletions":0}}},{"hash":"933de31e5328ac47dab192b27c0e79badd437162","messageTitle":"Level-06: Added IndexOutofBoundException","messageBody":"","fileTypesAndContributionMap":{"java":{"insertions":21,"deletions":2}}},{"hash":"6574ed32a3831bbf8a97d8f95aaedbd3fb7fca9d","messageTitle":"Level-06: Minor update on exception","messageBody":"","tags":["Level-6"],"fileTypesAndContributionMap":{"java":{"insertions":4,"deletions":1}}},{"hash":"1619bb675620b5a4a7a7156f84fe7e432f1cc1de","messageTitle":"A-TextUiTesting: Added new test cases for latest functions","messageBody":"","tags":["A-TextUiTesting"],"fileTypesAndContributionMap":{"txt":{"insertions":3,"deletions":0}}}]},{"date":"2023-01-25","commitResults":[{"hash":"d13a93119cd0a42081e8aeb0dc79dd872c779c58","messageTitle":"Level-07: edited tasklists to add tasks from file","messageBody":"","fileTypesAndContributionMap":{"txt":{"insertions":6,"deletions":0},"java":{"insertions":98,"deletions":2}}},{"hash":"7e04980eb8488af6a897c7b1cd0fdbce726b6323","messageTitle":"Level-07: added save function to save tasklist into file","messageBody":"","fileTypesAndContributionMap":{"txt":{"insertions":10,"deletions":3},"java":{"insertions":37,"deletions":3}}},{"hash":"1d9d5daab7134621f40969200f0173ce1f085e7d","messageTitle":"Added Dates formatting","messageBody":"","tags":["Level-7"],"fileTypesAndContributionMap":{"java":{"insertions":103,"deletions":28}}}]},{"date":"2023-01-26","commitResults":[{"hash":"d6065d0f88d920984e7930375a3968689c6195e4","messageTitle":"A-MoreOOP: changed duke to become a class","messageBody":"","tags":["A-MoreOOP"],"fileTypesAndContributionMap":{"txt":{"insertions":3,"deletions":0},"java":{"insertions":192,"deletions":159}}}]},{"date":"2023-01-28","commitResults":[{"hash":"4914c4110d6fe002599a7118d92d433156f9f7c6","messageTitle":"Merge remote-tracking branch \u0027origin/add-gradle-support\u0027","messageBody":"","fileTypesAndContributionMap":{"gradle":{"insertions":2,"deletions":0},"txt":{"insertions":0,"deletions":1}}},{"hash":"2b851cbfbc889b135dfc1209701edf3d6bd93b24","messageTitle":"A-Gradle: set up Gradle","messageBody":"","tags":["A-Gradle","A-CheckStyle"],"fileTypesAndContributionMap":{"gradle":{"insertions":5,"deletions":1},"java":{"insertions":0,"deletions":3}}},{"hash":"05c7a282413847b1eb9b6c7f855b7806c42e8cbf","messageTitle":"Refactor: Request -\u003e Parse and minor edit on code style","messageBody":"","fileTypesAndContributionMap":{"txt":{"insertions":1,"deletions":1},"java":{"insertions":165,"deletions":172}}},{"hash":"ae94e1a52db9c20faaff39bbdf5fe7c55a0952d2","messageTitle":"A-JUnit: added several JUnit test cases","messageBody":"","tags":["A-JUnit"],"fileTypesAndContributionMap":{"gradle":{"insertions":5,"deletions":0},"java":{"insertions":103,"deletions":4}}},{"hash":"a5e9e9fe0cb6ced512308ff370cbc113d2065a01","messageTitle":"A-Jar: adde Jar file","messageBody":"","tags":["v0.1","A-Jar"],"fileTypesAndContributionMap":{"gradle":{"insertions":15,"deletions":5}}},{"hash":"18aac2ee6b791793ee7cdb2dc67fbea34dcc58d7","messageTitle":"A-JavaDoc: added JavaDoc for remaining files","messageBody":"","fileTypesAndContributionMap":{"java":{"insertions":57,"deletions":11}}},{"hash":"4636b8bf75ae14a1b12c9a9f5b364868acffa292","messageTitle":"A-CodingStandard: Edited code to adhere to coding standard","messageBody":"","fileTypesAndContributionMap":{"java":{"insertions":81,"deletions":66}}},{"hash":"b32a2417e6d991109fd0835c5fc8339c23cbc16d","messageTitle":"A-JavaDoc: added javadoc for class","messageBody":"","fileTypesAndContributionMap":{"java":{"insertions":83,"deletions":1}}}]},{"date":"2023-01-29","commitResults":[{"hash":"ae74c08f0d8086e775c2bcedacdbde5ba6a43f06","messageTitle":"Level-09: Added find method","messageBody":"","fileTypesAndContributionMap":{"txt":{"insertions":7,"deletions":7},"java":{"insertions":63,"deletions":14}}},{"hash":"74901f50f4755ea255e3e71840f3a94ebd376f06","messageTitle":"Edit: minor fix on code to adhere to coding standard","messageBody":"","fileTypesAndContributionMap":{"gradle":{"insertions":6,"deletions":0},"java":{"insertions":61,"deletions":37}}}]},{"date":"2023-01-30","commitResults":[{"hash":"12ebbaab679335bd2d3503456a1bc6a07ff12e59","messageTitle":"Level-10: Added Hello World GUI (Basic) to Duke","messageBody":"","fileTypesAndContributionMap":{"java":{"insertions":17,"deletions":0}}}]},{"date":"2023-02-01","commitResults":[{"hash":"3b5c4783247a12ad7baefc19db4e1f97fe17f788","messageTitle":"A-Packages: Re-organise packages","messageBody":"","tags":["A-Packages"],"fileTypesAndContributionMap":{"txt":{"insertions":1,"deletions":0},"java":{"insertions":213,"deletions":185},"bat":{"insertions":1,"deletions":1},"md":{"insertions":2,"deletions":2}}},{"hash":"029b0322bef7394f42fb312f49f8ef4e55cf574e","messageTitle":"Level-10: first iteration of java fx using java code","messageBody":"","fileTypesAndContributionMap":{"java":{"insertions":168,"deletions":34}}},{"hash":"a1863c5236f2254b639a4dac5f260c5d063ef3c8","messageTitle":"Refactor: Minor refactor on Task class and clean the code","messageBody":"","fileTypesAndContributionMap":{"txt":{"insertions":8,"deletions":8},"java":{"insertions":130,"deletions":95}}},{"hash":"806221bf20efeafdec0be0ab6734d338bd56c798","messageTitle":"Level-10: Change gui into using FXML","messageBody":"","fileTypesAndContributionMap":{"fxml":{"insertions":42,"deletions":0},"java":{"insertions":122,"deletions":99}}},{"hash":"5f3ee57564bbd815b7ac3905d4670542347fe5f6","messageTitle":"Level-10: Integrate with Duke\u0027s task list","messageBody":"","tags":["Level-10"],"fileTypesAndContributionMap":{"java":{"insertions":29,"deletions":4}}},{"hash":"a8cbdc2697339703e4ff5487ce1d33096e5e0275","messageTitle":"Level-10: Added javadocs","messageBody":"","fileTypesAndContributionMap":{"java":{"insertions":15,"deletions":11}}},{"hash":"9e95fb1b7d6d4ae6addc4c3fcafcbc788fae1ad8","messageTitle":"Update README.md","messageBody":"","fileTypesAndContributionMap":{"md":{"insertions":28,"deletions":24}}},{"hash":"e1218dd4cfb84934c539065501db7ef8e3f97f71","messageTitle":"Update README.md","messageBody":"","fileTypesAndContributionMap":{"md":{"insertions":24,"deletions":28}}}]},{"date":"2023-02-05","commitResults":[{"hash":"e81613799954a8b44f79c1fcb1fb9a2166794aed","messageTitle":"Add: Enums for duke","messageBody":"","fileTypesAndContributionMap":{"java":{"insertions":57,"deletions":16}}},{"hash":"87bcdfd0bf5a7b4db435ca8f567a4e9ef4d05859","messageTitle":"Fix: Null exception for parser","messageBody":"","fileTypesAndContributionMap":{"java":{"insertions":6,"deletions":1}}},{"hash":"8dce343a9e9bce98fa2a5b629618be52a1cbb409","messageTitle":"Add: include time in datetime formatting","messageBody":"","fileTypesAndContributionMap":{"txt":{"insertions":3,"deletions":3},"java":{"insertions":80,"deletions":52}}},{"hash":"bc554a545ab7122c763a4f29019b61e72e647273","messageTitle":"Edit: edit test case for addDeadline and addEvent command + minor edit on conversion from date to data string","messageBody":"","tags":["v0.2"],"fileTypesAndContributionMap":{"txt":{"insertions":5,"deletions":3},"java":{"insertions":17,"deletions":11}}}]},{"date":"2023-02-08","commitResults":[{"hash":"da081b9f503939a916468ce5eb61c2798e9c11bb","messageTitle":"UI: Refactor text printing","messageBody":"Extracted String to print to be class variable in UI class.\n\nThis is to allow easier ammendment to the display message if needed.\n\nthe border of CLI display message is being extracted and declared as a\nString variable under `border`.\n","fileTypesAndContributionMap":{"java":{"insertions":67,"deletions":31}}},{"hash":"2118a12a5279e75c5796c0621e55aa7996025920","messageTitle":"A-CodeQualiy: Extract input validation check","messageBody":"The original version caused clutter of if condition in the execute\nfunction resulting in\n* poor readability\n* unneccessary repeats\n\nNew class `InputValidation` is created to handle all validation and\ncleaning of the request from the user before parsing it to add command.\n\nIt is done this way as three commands, respectively `mark`, `unmark`\nand `remove` have the same input validation check. Hence, to follow the DRY\nprinciple, it is extracted out so when needed can simply call the\ndesignated function `normaliseIndexRequest`. Also, it improves the\ncleanliness of code.\n","tags":["A-CodeQuality"],"fileTypesAndContributionMap":{"txt":{"insertions":0,"deletions":1},"java":{"insertions":303,"deletions":119}}},{"hash":"e6d9ed1d78e751b041f3053945560bdd46242719","messageTitle":"A-Streams: add streams to `find` method","messageBody":"Previous version uses for loop as list may get longer and for loop might\nhave a longer run time.\n\nTask list is being transformed to streams and use `stream::filter` to\nfilter using the keyword provided. The return result is all task with\nkeyword collected in an array list.\n\nThis is done this way to accomodate for further extension of the list.\n","tags":["A-Streams"],"fileTypesAndContributionMap":{"java":{"insertions":7,"deletions":9}}},{"hash":"205702d715e8f9906d873b617caf67b5cb0f8762","messageTitle":"A-Assertions: add assertion to parse command check","messageBody":"Default case in `Parser` is not reachable since there is a prior check\nto `UnknownCommandException`\n\nAdd assert to the default case to detect any error if the program\nhappens to reach teh default case.\n","tags":["A-Assertions"],"fileTypesAndContributionMap":{"java":{"insertions":1,"deletions":0}}},{"hash":"2b70fbc94d89328aca6afb40ce5df85cde22596f","messageTitle":"Fix: minor fix on checkstyle error","messageBody":"","fileTypesAndContributionMap":{"java":{"insertions":8,"deletions":3}}},{"hash":"e1202aff5d2947d2107646daa0b32107cee3808f","messageTitle":"Fix: checkstyle error fix on JUnit test case","messageBody":"","fileTypesAndContributionMap":{"java":{"insertions":7,"deletions":8}}},{"hash":"28644fb79d67275ad580ad977566cfea58fc19b3","messageTitle":"Gradle: remove text-ui-test","messageBody":"","tags":["A-FullCommitMessage","A-CI"],"fileTypesAndContributionMap":{"txt":{"insertions":2,"deletions":2}}}]},{"date":"2023-02-12","commitResults":[{"hash":"11b1fc4a074d0731b86d3d9925d10083661fabad","messageTitle":"C-DetectDuplicates: Add static function to prevent duplicated entry","messageBody":"","fileTypesAndContributionMap":{"java":{"insertions":68,"deletions":9}}},{"hash":"98ec198f7b886c69ac15147ae1491150148ec8a3","messageTitle":"Code Quality: Minor fix on code based on the feedback by SE-bot","messageBody":"","fileTypesAndContributionMap":{"java":{"insertions":16,"deletions":14}}}]}]},"authorFileTypeContributionMap":{"jnjy":{"java":1788,"md":1,"fxml":42,"sh":2,"bat":1,"gradle":28,"txt":30}},"authorContributionVariance":{"jnjy":81949.945},"authorDisplayNameMap":{"jnjy":"CS2103T-T11-1 NG J..YUAN"}}
