{"authorDailyContributionsMap":{"ruiyigan":[{"date":"2023-01-17","commitResults":[{"hash":"f2b1ab2e30fe7868433a25ab5171c4078733beb8","messageTitle":"added logic for level 1 Duke.java","messageBody":"","tags":["Level-1"],"fileTypesAndContributionMap":{"java":{"insertions":11,"deletions":6}}},{"hash":"5d63943a22225dcc9ffa910ea8bfe5e5fe82472e","messageTitle":"added comments on Duke.java for better documentation","messageBody":"","fileTypesAndContributionMap":{"java":{"insertions":14,"deletions":0}}},{"hash":"70c8b7e90815a13d6b84e474908c37d622a91147","messageTitle":"Add the ability to store whatever text entered by the user and display them back to the user when requested","messageBody":"","tags":["Level-2"],"fileTypesAndContributionMap":{"java":{"insertions":1,"deletions":1}}},{"hash":"8f99a9e626134654bcc862a35223ffb1036f1b83","messageTitle":"Added Task.class","messageBody":"","tags":["A-Classes"],"fileTypesAndContributionMap":{"java":{"insertions":35,"deletions":3}}},{"hash":"a45a1418ec485babfe7866055ff7b42adc931791","messageTitle":"Add the ability to mark tasks as done and the ability to change the status back to not done.","messageBody":"","tags":["Level-3"],"fileTypesAndContributionMap":{"java":{"insertions":22,"deletions":8}}},{"hash":"9c076f6a21c3913bcd9cd106f15c65630848e85c","messageTitle":"Prevent index out of range issue","messageBody":"","fileTypesAndContributionMap":{"java":{"insertions":10,"deletions":2}}},{"hash":"2d01fce00ac7ac00a27ceb2bd1a9752eab52378f","messageTitle":"Implemented inheristance","messageBody":"","tags":["A-Inheritance"],"fileTypesAndContributionMap":{"java":{"insertions":50,"deletions":5}}},{"hash":"40d36d2de75460d7c091aa2a11f08baef039d9ca","messageTitle":"Add support for tracking three types of tasks","messageBody":"","tags":["Level-4"],"fileTypesAndContributionMap":{"java":{"insertions":43,"deletions":7}}},{"hash":"429922637e50430e01d7853d980b2e1f2d75de40","messageTitle":"Used static for class counter instead of declaring counter","messageBody":"","fileTypesAndContributionMap":{"java":{"insertions":23,"deletions":31}}}]},{"date":"2023-01-18","commitResults":[{"hash":"d5c8fdaddee49cedccae87dbeb6e641defb100c7","messageTitle":"Use the input/output redirection technique to semi-automate the testing of Duke.","messageBody":"","tags":["A-TextUiTesting"],"fileTypesAndContributionMap":{"txt":{"insertions":1,"deletions":0}}},{"hash":"50dde8d947e4ab0c7b5d651368f59ca0f530c631","messageTitle":"Create DukeException and added first exception from input other than specific 3 types of inputs","messageBody":"","fileTypesAndContributionMap":{"java":{"insertions":7,"deletions":3}}},{"hash":"5b15aaa7045d2c62973b6869cce7b17983ff805f","messageTitle":"Handled Errors","messageBody":"","tags":["Level-5"],"fileTypesAndContributionMap":{"java":{"insertions":43,"deletions":16}}},{"hash":"0d99e993d1752ac62d4d7dd134e62e392c95664a","messageTitle":"Switched to ArrayList","messageBody":"","tags":["A-Collections"],"fileTypesAndContributionMap":{"java":{"insertions":9,"deletions":10}}},{"hash":"4a5878f29c91c9953523e90f15b4f92731c4b838","messageTitle":"Add support for deleting tasks from the list.","messageBody":"","tags":["Level-6"],"fileTypesAndContributionMap":{"java":{"insertions":19,"deletions":0}}},{"hash":"3c5c10ae3ee4d9bff96ec5d8973374fa3bd92b6c","messageTitle":"Used java split instead of contains to simplify logic","messageBody":"","fileTypesAndContributionMap":{"java":{"insertions":32,"deletions":36}}},{"hash":"ddabe8523bd3a539ef350cf518cd0adf14a83002","messageTitle":"Abstracted methods into TaskList array","messageBody":"","fileTypesAndContributionMap":{"java":{"insertions":59,"deletions":63}}}]},{"date":"2023-01-23","commitResults":[{"hash":"fe3180f084a4a12e9255fb548e7d5f45f6a1891f","messageTitle":"Add saving tasks in the hard disk","messageBody":"","fileTypesAndContributionMap":{"java":{"insertions":91,"deletions":7}}},{"hash":"7a7f74d8ab0cf91098e3d0c7e246e47437a0bae0","messageTitle":"Add function to load data from hard disk when Duke starts up","messageBody":"","tags":["Level-7"],"fileTypesAndContributionMap":{"java":{"insertions":53,"deletions":4}}},{"hash":"faa68e9a4c5895ddf880019384fc849f5aff7315","messageTitle":"Taught Duke how to understand dates and times","messageBody":"","tags":["Level-8"],"fileTypesAndContributionMap":{"txt":{"insertions":4,"deletions":0},"java":{"insertions":34,"deletions":14}}},{"hash":"aa648b22abfad85743d42f12da145bffd70ea2fe","messageTitle":"Fix bugs in Storage.java","messageBody":"","fileTypesAndContributionMap":{"txt":{"insertions":2,"deletions":4},"java":{"insertions":8,"deletions":4}}},{"hash":"42d257a3f6a930134f895bec7a5c7ee06b1fa5de","messageTitle":"Fix spacing issue","messageBody":"","fileTypesAndContributionMap":{"java":{"insertions":0,"deletions":1}}},{"hash":"09186c78863550515f7b1b6762a9e1d7a1536c73","messageTitle":"Fix spacing issue with saving data","messageBody":"","fileTypesAndContributionMap":{"txt":{"insertions":1,"deletions":1},"java":{"insertions":3,"deletions":3}}},{"hash":"69e0f553908822e35ee9fb41ec78311dd48b2b73","messageTitle":"Update .gitignore to ignore data folder","messageBody":"","fileTypesAndContributionMap":{"txt":{"insertions":0,"deletions":2}}}]},{"date":"2023-01-24","commitResults":[{"hash":"66dca1cc9a51ca6df2a3ffbbf8f29109b2b5e708","messageTitle":"Abstracted different functionalities to different classes","messageBody":"","tags":["A-MoreOOP"],"fileTypesAndContributionMap":{"java":{"insertions":126,"deletions":51}}},{"hash":"dc4e05a5fa06dc5b929fad9893cea89d6ed48b7c","messageTitle":"Add Command.java to abstract commands execution","messageBody":"","fileTypesAndContributionMap":{"java":{"insertions":66,"deletions":23}}},{"hash":"24d14be2ecc8254afe37108afd01af84751cd91d","messageTitle":"Divide classes into packages","messageBody":"","tags":["A-Packages"],"fileTypesAndContributionMap":{"java":{"insertions":65,"deletions":10},"bat":{"insertions":1,"deletions":1},"md":{"insertions":2,"deletions":2}}},{"hash":"31cb66a7bb8a680be79a993e83603bec8f49db7c","messageTitle":"Use Gradle to automate some of the build tasks of the project like Checkstyle","messageBody":"","tags":["A-Gradle","A-CheckStyle"],"fileTypesAndContributionMap":{"gradle":{"insertions":6,"deletions":1},"java":{"insertions":52,"deletions":32}}},{"hash":"fe009b9e42808d3e7bb25be6a9e7f3729b65579f","messageTitle":"Fix java styles based on Checkstyle","messageBody":"","fileTypesAndContributionMap":{"java":{"insertions":103,"deletions":40}}},{"hash":"d702387ab31abbe5f89a2dfd7e781f2b2d84b78e","messageTitle":"Add JUnit tests to test the behavior of the code.","messageBody":"","tags":["A-Jar","A-JUnit","A-Enums"],"fileTypesAndContributionMap":{"java":{"insertions":69,"deletions":0}}}]},{"date":"2023-01-25","commitResults":[{"hash":"d06b4e591fa244e558b27fbc9cf0618edc2dcff1","messageTitle":"Switch to save on any change instead of at the end","messageBody":"","fileTypesAndContributionMap":{"java":{"insertions":10,"deletions":3}}},{"hash":"c6e252adf013b6ceae1159ed1c9f656f64649237","messageTitle":"Add for Level 8 branch","messageBody":"","fileTypesAndContributionMap":{"java":{"insertions":1,"deletions":1}}},{"hash":"6bd456c6379213f3041bf6102ecdf6673145d988","messageTitle":"Add JavaDoc comments","messageBody":"","tags":["A-JavaDoc"],"fileTypesAndContributionMap":{"java":{"insertions":59,"deletions":0}}},{"hash":"511b7bdf68de8c22ccf7a2e2891005eb8b4da078","messageTitle":"Tweak the code to comply with a coding standard","messageBody":"","tags":["A-CodingStandard"],"fileTypesAndContributionMap":{"java":{"insertions":5,"deletions":5}}},{"hash":"82f79b1ee05532510c302ad1dcd2eecd8b381d4e","messageTitle":"Give users a way to find a task by searching for a keyword","messageBody":"","tags":["Level-9"],"fileTypesAndContributionMap":{"java":{"insertions":30,"deletions":0}}}]},{"date":"2023-01-31","commitResults":[{"hash":"e181f70add7f4aacfa558bd9e990dfd047754c1d","messageTitle":"Create Launcher class","messageBody":"","fileTypesAndContributionMap":{"gradle":{"insertions":21,"deletions":0},"java":{"insertions":29,"deletions":1}}},{"hash":"a95ba29dcf143717f9ff5f71a026398509ec3b33","messageTitle":"Add GUI for Duke","messageBody":"","fileTypesAndContributionMap":{"gradle":{"insertions":2,"deletions":2},"fxml":{"insertions":35,"deletions":0},"java":{"insertions":202,"deletions":60}}},{"hash":"1147c6a15f69eac1baaff1bb4f3fdd8da1224ac3","messageTitle":"Abstract response to user input functions to ui class","messageBody":"","fileTypesAndContributionMap":{"java":{"insertions":143,"deletions":84}}},{"hash":"6a5d879ef409f9a82c6102142de600739fe93de9","messageTitle":"Fix minor bug regarding import","messageBody":"","tags":["Level-10"],"fileTypesAndContributionMap":{"java":{"insertions":0,"deletions":1}}}]},{"date":"2023-02-06","commitResults":[{"hash":"0ab662753689213c21e45478f990edb5f3a321e7","messageTitle":"Delete extra test","messageBody":"","fileTypesAndContributionMap":{"java":{"insertions":0,"deletions":12}}},{"hash":"990a7e9b0c0332116a35a2a985d716bbefb37c9c","messageTitle":"Add assertion to TaskList class","messageBody":"Added assertions to check if task index that is passed into TaskList methods exists during runtime\n","tags":["A-FullCommitMessage","A-Assertions"],"fileTypesAndContributionMap":{"java":{"insertions":16,"deletions":18}}},{"hash":"aef71af2322682062f7e2f524600a40e862ffa03","messageTitle":"Add spacing between params and java doc","messageBody":"Improve readibility and code quality.\n","fileTypesAndContributionMap":{"java":{"insertions":13,"deletions":1}}},{"hash":"878de236a082b06491bb6880d2f176d688dcf2b5","messageTitle":"Remove excess lines","messageBody":"","fileTypesAndContributionMap":{"java":{"insertions":0,"deletions":2}}},{"hash":"064a219587efec410276b3d1125f68dd70a63007","messageTitle":"Add bye command that close application","messageBody":"Added a bye command to action enum. Currently when user enters bye as their input, the application will close\n","tags":["A-CodeQuality"],"fileTypesAndContributionMap":{"java":{"insertions":26,"deletions":11}}},{"hash":"f99aade2f0d3667543eb928ceff0705e785bf4d2","messageTitle":"Add comment to give original author credit","messageBody":"","fileTypesAndContributionMap":{"java":{"insertions":3,"deletions":1}}},{"hash":"a67e3c3b6113e28fb35ec31bda48781951b590f3","messageTitle":"Publish Build Scans from GitHub Actions","messageBody":"","fileTypesAndContributionMap":{"gradle":{"insertions":13,"deletions":0}}}]},{"date":"2023-02-07","commitResults":[{"hash":"85db34c16ee38fb604dec157e35662e46bc907f8","messageTitle":"Add new command to see statistics of tasks","messageBody":"","tags":["C-Statistics","BCD-Extension"],"fileTypesAndContributionMap":{"java":{"insertions":39,"deletions":0}}},{"hash":"59d9705a4bd9093b889ab2ebe909827608bfc633","messageTitle":"Handle bugs relating to checkstyle","messageBody":"","fileTypesAndContributionMap":{"java":{"insertions":1,"deletions":1}}}]},{"date":"2023-02-12","commitResults":[{"hash":"5b86a7636206ceb21e88cee3680c6aa82a852b3c","messageTitle":"Packaged main logic","messageBody":"","fileTypesAndContributionMap":{"gradle":{"insertions":1,"deletions":1},"fxml":{"insertions":1,"deletions":1},"java":{"insertions":9,"deletions":10},"bat":{"insertions":1,"deletions":1},"md":{"insertions":2,"deletions":2}}},{"hash":"6bb9c03aa473c1c5806688d8142cace5d8f92696","messageTitle":"Make screen resizable","messageBody":"","fileTypesAndContributionMap":{"fxml":{"insertions":10,"deletions":10}}},{"hash":"0f275fc465e543e0037b605d9349bec1fadbaa6e","messageTitle":"Add different background colour for error","messageBody":"","tags":["A-BetterGui"],"fileTypesAndContributionMap":{"fxml":{"insertions":22,"deletions":6},"java":{"insertions":9,"deletions":1}}}]},{"date":"2023-02-13","commitResults":[{"hash":"48391820a943769158db713ef447d437fe6f0293","messageTitle":"Give it personality","messageBody":"","tags":["A-Personality"],"fileTypesAndContributionMap":{"gradle":{"insertions":1,"deletions":1},"fxml":{"insertions":3,"deletions":3},"java":{"insertions":130,"deletions":130},"bat":{"insertions":1,"deletions":1},"md":{"insertions":2,"deletions":2}}},{"hash":"d4a242a96ef8a22b8366c461f50946029c1c1009","messageTitle":"Bug fix","messageBody":"","fileTypesAndContributionMap":{"fxml":{"insertions":1,"deletions":1},"java":{"insertions":8,"deletions":7}}}]}]},"authorFileTypeContributionMap":{"ruiyigan":{"java":1056,"md":2,"fxml":51,"sh":0,"bat":1,"gradle":40,"txt":1}},"authorContributionVariance":{"ruiyigan":27264.955},"authorDisplayNameMap":{"ruiyigan":"CS2103T-W11-3 GAN ..I YI"}}
