{"authorDailyContributionsMap":{"daytona65":[{"date":"2023-01-21","commitResults":[{"hash":"af021e606f9aa8eec15df03206f07177f4becfe3","messageTitle":"Level 1","messageBody":"","tags":["Level-1"],"fileTypesAndContributionMap":{"java":{"insertions":33,"deletions":6}}},{"hash":"7f32ce5f76645ee7c5a02b568ec68b521adfb4ec","messageTitle":"Level 2","messageBody":"","tags":["Level-2"],"fileTypesAndContributionMap":{"java":{"insertions":32,"deletions":22}}},{"hash":"250988b8c281adbb29723bcf927f2cf59193bc4f","messageTitle":"Level 3","messageBody":"","tags":["Level-3"],"fileTypesAndContributionMap":{"java":{"insertions":65,"deletions":4}}}]},{"date":"2023-01-22","commitResults":[{"hash":"9ce2c8db1fc88176a24a3e6e3fd9f4495aee93fd","messageTitle":"Level 4","messageBody":"","tags":["Level-4"],"fileTypesAndContributionMap":{"java":{"insertions":90,"deletions":17}}}]},{"date":"2023-01-23","commitResults":[{"hash":"a02df7d67fead8f99ae0be415196d77425280369","messageTitle":"Level 5","messageBody":"","tags":["Level-5"],"fileTypesAndContributionMap":{"java":{"insertions":63,"deletions":28}}}]}]},"authorFileTypeContributionMap":{"daytona65":{"java":212,"md":0,"fxml":0,"sh":0,"bat":0,"gradle":0,"txt":0}},"authorContributionVariance":{"daytona65":3108.3804},"authorDisplayNameMap":{"daytona65":"CS2103T-T12-2 NICH..ALIM"}}
