{"authorDailyContributionsMap":{"zrei":[{"date":"2023-01-13","commitResults":[{"hash":"8b6cdfba42a4e3ee62c8ddc69eee6d7e870b939c","messageTitle":"Implement level-1","messageBody":"Make duke echo commands and exit when user types \"bye\".\n","tags":["Level-1"],"fileTypesAndContributionMap":{"java":{"insertions":18,"deletions":0}}},{"hash":"a35584a132569ee3a0bdc8427b4f05e4539d783c","messageTitle":"Implement Level-2","messageBody":"Duke can now store text and display the stored text to users.\n","tags":["Level-2"],"fileTypesAndContributionMap":{"java":{"insertions":12,"deletions":2}}},{"hash":"4c806c401a6673616b1856f4a7f71d9a82da48fc","messageTitle":"Add Task class","messageBody":"","tags":["A-Classes"],"fileTypesAndContributionMap":{"java":{"insertions":11,"deletions":0}}},{"hash":"256807263b4d9466e2b613a8557c78f8783cd4ff","messageTitle":"Use tasks in Duke","messageBody":"","tags":["A-Collections"],"fileTypesAndContributionMap":{"java":{"insertions":13,"deletions":3}}}]},{"date":"2023-01-14","commitResults":[{"hash":"749b98454bf77a01e9b8b001dd2698f28fc39df8","messageTitle":"Implement Level-3 of Duke","messageBody":"Tasks can now be marked as done or unmarked as done.\n","tags":["Level-3"],"fileTypesAndContributionMap":{"java":{"insertions":21,"deletions":8}}},{"hash":"e0059ae5d8025744f5d53dd7906942029c75c5bf","messageTitle":"Add Deadline.java","messageBody":"Implement Deadline class that extends from Task.\n","fileTypesAndContributionMap":{"java":{"insertions":15,"deletions":0}}},{"hash":"43fac640453bf37addf2493ed102cada55deef59","messageTitle":"Add Todo.java","messageBody":"Implement Todo class that extends from Task.\n","fileTypesAndContributionMap":{"java":{"insertions":10,"deletions":0}}},{"hash":"6d962dc3424a2d5628e7cc4bddf59f8a198d420f","messageTitle":"Add Event.java","messageBody":"Implement Event class that extends from Task and make Task an abstract\nclass.\n","tags":["A-Inheritance"],"fileTypesAndContributionMap":{"java":{"insertions":22,"deletions":7}}},{"hash":"e1c0c3e744d344cc152bd243ddc3c0de80df547d","messageTitle":"Implement adding of todos to task list","messageBody":"","fileTypesAndContributionMap":{"java":{"insertions":14,"deletions":6}}},{"hash":"6217c9c56a51ce6e28b5793524995065b7e2f288","messageTitle":"Implement adding of deadlines to task list","messageBody":"","fileTypesAndContributionMap":{"java":{"insertions":16,"deletions":0}}}]},{"date":"2023-01-15","commitResults":[{"hash":"55126b1060dec9b30829a02a598ee70f1d3258d7","messageTitle":"Implement adding of events to task list","messageBody":"","tags":["Level-4"],"fileTypesAndContributionMap":{"java":{"insertions":57,"deletions":50}}},{"hash":"8f29e9fbfbd362e11cb6e9b7068b89a2e17d0438","messageTitle":"Add additional line to list command response","messageBody":"","fileTypesAndContributionMap":{"java":{"insertions":1,"deletions":0}}},{"hash":"b445abd1f932aa84b14739c00142e8e2d8bbd628","messageTitle":"Create test case for automated text UI testing","messageBody":"","fileTypesAndContributionMap":{"txt":{"insertions":10,"deletions":0},"java":{"insertions":1,"deletions":1}}},{"hash":"0c5a203659f0e30ced4ff35aafe7fd46ec89dad0","messageTitle":"Change permissions on text-ui-test/runtest.sh","messageBody":"","tags":["A-TextUiTesting"],"fileTypesAndContributionMap":{"sh":{"insertions":0,"deletions":0}}}]},{"date":"2023-01-16","commitResults":[{"hash":"8024e99c876248a0300112c40dcc129e8c71b9e9","messageTitle":"Create DukeException.java","messageBody":"Implement exceptions.\n","tags":["A-Exceptions"],"fileTypesAndContributionMap":{"java":{"insertions":5,"deletions":0}}},{"hash":"d086e7a21ada02498b40c8a90620b00c7c084188","messageTitle":"Handle certain exceptions","messageBody":"","tags":["Level-5"],"fileTypesAndContributionMap":{"java":{"insertions":32,"deletions":16}}},{"hash":"1f31a0a5d377c7017e6a9606e32c2aefa9636a8a","messageTitle":"Implement deleting of tasks from the task list","messageBody":"","tags":["Level-6"],"fileTypesAndContributionMap":{"java":{"insertions":12,"deletions":4}}},{"hash":"598eeddbc581d9a3fdd190a94b5421762be57404","messageTitle":"Implement catching of more errors","messageBody":"","tags":["A-MoreErrorHandling"],"fileTypesAndContributionMap":{"java":{"insertions":85,"deletions":32}}},{"hash":"4748ac3de4ee5119ac84f493ccdbff250a2335ba","messageTitle":"Separate processing of commands into different functions","messageBody":"","fileTypesAndContributionMap":{"java":{"insertions":81,"deletions":83}}}]},{"date":"2023-01-20","commitResults":[{"hash":"df5db80567765348c1ba569097835891710af161","messageTitle":"Add function to convert task to a string representation for storage","messageBody":"","fileTypesAndContributionMap":{"java":{"insertions":21,"deletions":0}}},{"hash":"d1cb734a6cf531653e9039b6a3d8bc236a25406a","messageTitle":"Implement reading from and writing to storage","messageBody":"","fileTypesAndContributionMap":{"java":{"insertions":59,"deletions":1}}},{"hash":"076178e7bbfc47d3455993a4be5a5ac5cdc0efbb","messageTitle":"Add date support to Deadlines and Events","messageBody":"","fileTypesAndContributionMap":{"java":{"insertions":27,"deletions":10}}},{"hash":"56a7af22671f4c694750304c1239341788037c23","messageTitle":"Create directory data only when directory does not exist","messageBody":"Previously, Files.createDirectory(dirPath) was throwing an\nIOException when the directory data already existed.\n\nCreating the directory data only when it does not exist\nprevents the IOException from being thrown. The saved task\nlist is now loaded correctly.\n","fileTypesAndContributionMap":{"java":{"insertions":6,"deletions":2}}},{"hash":"775c0a244a825d1bce4a26b944875617fecf8d6d","messageTitle":"Add checkstyle support to gradle","messageBody":"","tags":["A-CheckStyle"],"fileTypesAndContributionMap":{"gradle":{"insertions":5,"deletions":0},"java":{"insertions":6,"deletions":6}}},{"hash":"26246b299e8222234350bf2a4d17fd4ded7f2b3a","messageTitle":"Add backup of old Duke.java","messageBody":"","fileTypesAndContributionMap":{"java":{"insertions":229,"deletions":0}}},{"hash":"837ab235519958a1f4ff49de0f056a52e4834cf1","messageTitle":"Add Storage.java","messageBody":"","fileTypesAndContributionMap":{"java":{"insertions":39,"deletions":0}}},{"hash":"7b8fb5e937f405b703cccffac16c11b4214dde79","messageTitle":"Add method to convert task to a string to be saved in storage","messageBody":"","fileTypesAndContributionMap":{"java":{"insertions":22,"deletions":0}}},{"hash":"7f2aa6e48425915a45d71d355cbc965f08acc003","messageTitle":"Add TaskList.java","messageBody":"","fileTypesAndContributionMap":{"java":{"insertions":87,"deletions":0}}},{"hash":"2b3f324de2cf912a2cc31a0d1a5565c24f06f694","messageTitle":"Add Ui.java","messageBody":"","fileTypesAndContributionMap":{"java":{"insertions":71,"deletions":0}}},{"hash":"07957035f3e5fecb284eecf8982165a8604fa393","messageTitle":"Add abstract class Command.java","messageBody":"","fileTypesAndContributionMap":{"java":{"insertions":14,"deletions":0}}},{"hash":"d50f0ab2eca4892d964abbeb0492372ffcdad845","messageTitle":"Add individual command classes","messageBody":"","fileTypesAndContributionMap":{"java":{"insertions":84,"deletions":0}}},{"hash":"0ce285cb512dbfe3beaddcfff819f2e62705e610","messageTitle":"Add Parser.java","messageBody":"","fileTypesAndContributionMap":{"java":{"insertions":112,"deletions":0}}},{"hash":"c0ce406dd5b3d2d756d990130169cba010ad93fe","messageTitle":"Refactor Duke","messageBody":"","tags":["A-MoreOOP"],"fileTypesAndContributionMap":{"java":{"insertions":28,"deletions":211}}},{"hash":"09a3925686efe453cac26717238c4c804cf718f6","messageTitle":"Separate duke into packages","messageBody":"Task class and its subclasses go into the task package.\nExceptions go into the exception package.\nCommand class and its subclasses go into the command package.\nAll packages and all other files are in the duke package.\n","tags":["A-packages"],"fileTypesAndContributionMap":{"java":{"insertions":94,"deletions":0}}},{"hash":"21450941779dea0aac5170afbcc45e605891d226","messageTitle":"Shift task package into duke","messageBody":"","fileTypesAndContributionMap":{"java":{"insertions":14,"deletions":14}}},{"hash":"61885e9a68c28d96f3d222d3f883af5c0dafca9f","messageTitle":"Add JUnit tests","messageBody":"Add JUnit tests for Todo and Deadline classes.\n","tags":["A-JUnit"],"fileTypesAndContributionMap":{"java":{"insertions":60,"deletions":5}}},{"hash":"d933e031f42d7dc0ba28954a75b2f209cfec80c6","messageTitle":"Update mainClassName for shadowJar","messageBody":"","tags":["A-Jar"],"fileTypesAndContributionMap":{"gradle":{"insertions":1,"deletions":1},"java":{"insertions":5,"deletions":1}}}]},{"date":"2023-01-21","commitResults":[{"hash":"4deafdd57d0e6a4e435d288e0cee9a1869d64d56","messageTitle":"Add JavaDoc comments","messageBody":"","fileTypesAndContributionMap":{"java":{"insertions":218,"deletions":7}}},{"hash":"51a842ecfc3742c2c810dc2669db431f5d4c8fad","messageTitle":"Update code to meet coding standard","messageBody":"","fileTypesAndContributionMap":{"java":{"insertions":48,"deletions":37}}},{"hash":"bdc4ca9222d261161dc2f8152fa2a78328ae397b","messageTitle":"Add method to check if task\u0027s name contains a keyword","messageBody":"","fileTypesAndContributionMap":{"java":{"insertions":4,"deletions":0}}},{"hash":"4fc4d4515d5db58249d50e7c06ade531f5db3e48","messageTitle":"Add function to filter Task List by keyword","messageBody":"","fileTypesAndContributionMap":{"java":{"insertions":10,"deletions":0}}},{"hash":"0da0e4966ca12f827dac6274234d7ed447dae3ee","messageTitle":"Add find command","messageBody":"","fileTypesAndContributionMap":{"java":{"insertions":25,"deletions":0}}},{"hash":"ac22b9520d26f954783f821466932c46f6170717","messageTitle":"Add support for parsing find command","messageBody":"","fileTypesAndContributionMap":{"java":{"insertions":13,"deletions":0}}},{"hash":"5716a026eb4fb3a48e970c1fc47139e585899858","messageTitle":"Display different response when there are no tasks in the list","messageBody":"","fileTypesAndContributionMap":{"java":{"insertions":14,"deletions":7}}}]},{"date":"2023-01-22","commitResults":[{"hash":"f18e3bbd2161d852ce0425f33a56c340554c6f13","messageTitle":"Update JavaDoc to match Java coding standard","messageBody":"","fileTypesAndContributionMap":{"java":{"insertions":45,"deletions":25}}}]},{"date":"2023-01-27","commitResults":[{"hash":"db249f1a1429f1184c8ee628804492c26b3e58c9","messageTitle":"Update code style","messageBody":"","fileTypesAndContributionMap":{"java":{"insertions":21,"deletions":0}}},{"hash":"7f066cc2429661c9e2a9c96bc480105943087648","messageTitle":"Set up JavaFX","messageBody":"","fileTypesAndContributionMap":{"gradle":{"insertions":15,"deletions":0}}},{"hash":"9d954be077b4f47adf0892c8615ea0ff5545d7df","messageTitle":"Add GUI for Duke","messageBody":"","fileTypesAndContributionMap":{"java":{"insertions":242,"deletions":109}}},{"hash":"a0eec1a95388a6636e0d4584cb620dc0d9c78e0c","messageTitle":"Separate GUI into separate class Gui","messageBody":"","fileTypesAndContributionMap":{"java":{"insertions":177,"deletions":153}}}]},{"date":"2023-01-28","commitResults":[{"hash":"49b139278b0edc867f4af37790a530ea737d5cd2","messageTitle":"Create package ui","messageBody":"","fileTypesAndContributionMap":{"java":{"insertions":18,"deletions":243}}},{"hash":"6398f9687553d8c168d7bf50e7ade0e180072dbe","messageTitle":"Rename ui package to gui","messageBody":"","fileTypesAndContributionMap":{"java":{"insertions":134,"deletions":53}}},{"hash":"252c7f394e869362936bfa30908beb49d872c7cc","messageTitle":"Use FXML in JavaFX","messageBody":"","fileTypesAndContributionMap":{"fxml":{"insertions":35,"deletions":0},"java":{"insertions":129,"deletions":188}}},{"hash":"39b13c41b0cc498c4d77f09989f13b2f46b4996c","messageTitle":"Add padding to text","messageBody":"","fileTypesAndContributionMap":{"fxml":{"insertions":1,"deletions":1}}},{"hash":"ace760514cc40ddc176c5ddaa50ff73ad82ab506","messageTitle":"Update GUI appearance and text responses","messageBody":"","tags":["A-Enums"],"fileTypesAndContributionMap":{"java":{"insertions":112,"deletions":38}}},{"hash":"dfc51ddb0c430345624e31b64d63aed7445e63cd","messageTitle":"Add command and task type enums","messageBody":"","fileTypesAndContributionMap":{"java":{"insertions":29,"deletions":0}}},{"hash":"aff99d4425cd96cf9f3eb27aee0b39675257db52","messageTitle":"Use varargs for creation of tasks","messageBody":"","tags":["A-Varargs"],"fileTypesAndContributionMap":{"java":{"insertions":269,"deletions":144}}},{"hash":"d9b432f49184e74e496594304b465ad5de8ca0ff","messageTitle":"Update GUI","messageBody":"","fileTypesAndContributionMap":{"fxml":{"insertions":9,"deletions":3},"java":{"insertions":24,"deletions":7}}}]},{"date":"2023-01-29","commitResults":[{"hash":"d00e975e2b9a1547642dba3d0e1cea85c4d4ad83","messageTitle":"Update enum function","messageBody":"","fileTypesAndContributionMap":{"java":{"insertions":8,"deletions":8}}},{"hash":"0e6af21473c51b5e3f8e8774ba30024322d93511","messageTitle":"Round image corners","messageBody":"","tags":["A-BetterGUI"],"fileTypesAndContributionMap":{"fxml":{"insertions":2,"deletions":2},"java":{"insertions":26,"deletions":8}}},{"hash":"057e76277cd492cd000145155651052be87666d0","messageTitle":"Update variable names","messageBody":"","fileTypesAndContributionMap":{"java":{"insertions":11,"deletions":12}}}]},{"date":"2023-01-31","commitResults":[{"hash":"d6b00f6be5e6f2bc9d7b3f7d622d03b7801ef2b9","messageTitle":"Add help command","messageBody":"","fileTypesAndContributionMap":{"gradle":{"insertions":1,"deletions":1},"java":{"insertions":98,"deletions":3}}}]},{"date":"2023-02-01","commitResults":[{"hash":"30b73a2e816cb0cf7427e9ba9f006d59ee8f8636","messageTitle":"Allow find to match multiple keywords","messageBody":"","fileTypesAndContributionMap":{"gradle":{"insertions":1,"deletions":1},"fxml":{"insertions":1,"deletions":1},"java":{"insertions":20,"deletions":15}}},{"hash":"8f72680668ff02b8eea43b0754b1fd460c6aa35d","messageTitle":"Show goodbye message upon entering bye","messageBody":"","fileTypesAndContributionMap":{"java":{"insertions":9,"deletions":1}}}]},{"date":"2023-02-04","commitResults":[{"hash":"8f62f37041af9b77db1a7a60f6c6a43dd2a11d48","messageTitle":"Add assertions","messageBody":"Classes lack assertions.\n\nThis causes a lack of documentation of important assumptions that\nshould hold at various stages of runtime.\n\nAdding assertions allows runtime bugs to be identified more easily.\n\nLet\u0027s add assertions to multiple classes.\n","fileTypesAndContributionMap":{"java":{"insertions":9,"deletions":0}}},{"hash":"c4e5fecb1ea48a1f0c97693e37cf217a4e5c4987","messageTitle":"Change Event class variable names","messageBody":"Event class has variables from and to.\n\nThese variables names are not clear in their meaning.\n\nLet\u0027s change these variables names to startDate and endDate\nto make their meaning clearer.\n","fileTypesAndContributionMap":{"java":{"insertions":16,"deletions":15}}},{"hash":"66a92af8d7416519e8a90475f501f046b4bbdbe5","messageTitle":"Change method name for getting all commands","messageBody":"","fileTypesAndContributionMap":{"java":{"insertions":14,"deletions":14}}},{"hash":"7df16d7dca76f221a4deaf5734655b3ee116fd2f","messageTitle":"Improve quality","messageBody":"","fileTypesAndContributionMap":{"java":{"insertions":48,"deletions":18}}},{"hash":"5b65c4da99e5885921102a82f6b67e49ef41d972","messageTitle":"Add additional header comments","messageBody":"","fileTypesAndContributionMap":{"java":{"insertions":45,"deletions":1}}},{"hash":"c42115dcae6dd501c14b5098faea685ba86b7927","messageTitle":"Help command: launch a separate window","messageBody":"When a help command is issued, Duke outputs a long response\ncontaining all commands it recognises.\n\nThis is hard to read due to the text being longer than the\nwindow length, and needing the user to scroll up and down to\nfind the command they want to execute.\n\nLet\u0027s add a separate window to contain all the commands that Duke\nrecognises, and launch this window when a help command is issued.\n\nTODO:\n* Improve the GUI of the help window\n","tags":["A-FullCommitMessage"],"fileTypesAndContributionMap":{"fxml":{"insertions":13,"deletions":0},"java":{"insertions":96,"deletions":3}}},{"hash":"0e39714b6cdebf44d8bb7058fffd5b9bb459f807","messageTitle":"Shift resources into main folder to work with Gradle","messageBody":"","fileTypesAndContributionMap":{"gradle":{"insertions":1,"deletions":0},"fxml":{"insertions":1,"deletions":1},"java":{"insertions":55,"deletions":36}}},{"hash":"850edd3c1af67d8245020e9616e5211a41fd83a6","messageTitle":"Change chatbot name","messageBody":"","tags":["A-Personality"],"fileTypesAndContributionMap":{"gradle":{"insertions":2,"deletions":2},"fxml":{"insertions":2,"deletions":2},"java":{"insertions":214,"deletions":221}}},{"hash":"0231bfcf9d28a7cd50241c543dbd0f308f1eeb31","messageTitle":"Update JavaDoc","messageBody":"","tags":["v0.2"],"fileTypesAndContributionMap":{"java":{"insertions":72,"deletions":7}}}]},{"date":"2023-02-10","commitResults":[{"hash":"4318a5273363d152b289b5e4508b4501a5cf639f","messageTitle":"Add user guide","messageBody":"","tags":["A-UserGuide"],"fileTypesAndContributionMap":{"md":{"insertions":87,"deletions":15}}},{"hash":"fe90010af3b576cf5b4df29f4c194778e53a4308","messageTitle":"Update user guide","messageBody":"","fileTypesAndContributionMap":{"md":{"insertions":9,"deletions":5}}},{"hash":"55a3f065236f7939f84d202cdad2ab6e3947db7a","messageTitle":"Update user guide","messageBody":"","fileTypesAndContributionMap":{"md":{"insertions":5,"deletions":1}}}]},{"date":"2023-02-11","commitResults":[{"hash":"64bb9925762c63374d861169525bc7fe13b23cab","messageTitle":"Add link to help window","messageBody":"","tags":["A-Release"],"fileTypesAndContributionMap":{"fxml":{"insertions":10,"deletions":3},"java":{"insertions":15,"deletions":0},"md":{"insertions":2,"deletions":2}}}]},{"date":"2023-02-13","commitResults":[{"hash":"b4fb437f40afc07199d027e1c7e20cca64bcd5c2","messageTitle":"Add images to readme","messageBody":"","fileTypesAndContributionMap":{"md":{"insertions":10,"deletions":0}}},{"hash":"a38b5fc92531114a841f1f68522073dcbba4837e","messageTitle":"Add more images to user guide","messageBody":"","fileTypesAndContributionMap":{"md":{"insertions":26,"deletions":0}}},{"hash":"7ca6f90f2335129abc9ac1bb0d4de6e5fbe084cb","messageTitle":"Align image","messageBody":"","fileTypesAndContributionMap":{"md":{"insertions":1,"deletions":2}}},{"hash":"907b2cc1cb18e014cbdb012b1ee6758e398f06d5","messageTitle":"Align images","messageBody":"","fileTypesAndContributionMap":{"md":{"insertions":23,"deletions":13}}},{"hash":"ce7d1a38a7a0a30a85a03824cd515ecbdaa6af90","messageTitle":"Update user guide","messageBody":"","fileTypesAndContributionMap":{"md":{"insertions":37,"deletions":24}}},{"hash":"498ae1326aea88f262d7677036923be2262ea521","messageTitle":"Style images","messageBody":"","fileTypesAndContributionMap":{"md":{"insertions":12,"deletions":12}}},{"hash":"5e32166fda60ccc8983af25e01ab266a66f56a01","messageTitle":"Adjust height of images","messageBody":"","fileTypesAndContributionMap":{"md":{"insertions":12,"deletions":12}}},{"hash":"a0698c3f28cb78fc092b77be9133a0700e467604","messageTitle":"Adjust heights","messageBody":"","fileTypesAndContributionMap":{"md":{"insertions":10,"deletions":10}}},{"hash":"e8a4db279bb1b1871c3ed4f5a0ce5cff3f061958","messageTitle":"Adjust heights","messageBody":"","fileTypesAndContributionMap":{"md":{"insertions":2,"deletions":2}}}]}]},"authorFileTypeContributionMap":{"zrei":{"java":1865,"md":141,"fxml":61,"sh":0,"bat":0,"gradle":23,"txt":10}},"authorContributionVariance":{"zrei":131003.47},"authorDisplayNameMap":{"zrei":"CS2103T-T14-1 LIM .. RUI"}}
