{"authorDailyContributionsMap":{"huangzz125":[{"date":"2023-01-16","commitResults":[{"hash":"5c8a1d6d80782813febaefe72a7a019a30d041d4","messageTitle":"Added greet, echo, exit features (Level 1)","messageBody":"","tags":["Level-1"],"fileTypesAndContributionMap":{"java":{"insertions":10,"deletions":0}}},{"hash":"7716546152f6bc0f1ffb649cd6cac2cb2b8ca6ac","messageTitle":"Added list feature (Level 2)","messageBody":"","tags":["Level-2"],"fileTypesAndContributionMap":{"java":{"insertions":11,"deletions":2}}},{"hash":"d10733ca3660e64ad748dc636a56be42a1b12d97","messageTitle":"Added the ability to mark tasks as done and undone (Level 3)","messageBody":"","tags":["Level-3"],"fileTypesAndContributionMap":{"java":{"insertions":66,"deletions":12}}},{"hash":"762efcb7f8a248efb4dfece70180ef32e1c411e4","messageTitle":"Added support for tracking of todo, deadline, event tasks","messageBody":"","tags":["Level-4"],"fileTypesAndContributionMap":{"java":{"insertions":70,"deletions":13}}}]},{"date":"2023-01-18","commitResults":[{"hash":"9db301730afd369b354c3c5713010836e182d245","messageTitle":"Added UI Testing (A-TextUiTesting)","messageBody":"","tags":["A-TextUiTesting"],"fileTypesAndContributionMap":{"txt":{"insertions":15,"deletions":0},"java":{"insertions":54,"deletions":40}}},{"hash":"b6505c5cf71bc2f39f4dba3e546a26b55c886d3d","messageTitle":"Handled exceptions when users enter incorrect inputs (Level 5)","messageBody":"","tags":["Level-5"],"fileTypesAndContributionMap":{"java":{"insertions":66,"deletions":62},"sh":{"insertions":1,"deletions":1}}},{"hash":"aa862dc39739af1c3cef58f9d4510cdfe977fa47","messageTitle":"Added delete functionality (Level 6)","messageBody":"","tags":["Level-6"],"fileTypesAndContributionMap":{"txt":{"insertions":2,"deletions":0},"java":{"insertions":20,"deletions":5}}}]}]},"authorFileTypeContributionMap":{"huangzz125":{"java":169,"md":0,"fxml":0,"sh":1,"bat":0,"gradle":0,"txt":17}},"authorContributionVariance":{"huangzz125":11810.333},"authorDisplayNameMap":{"huangzz125":"HUAN..ZHOU"}}
