[{"path":"src/main/java/Duke.java","fileType":"java","lines":[{"lineNumber":1,"author":{"gitId":"markusyeo"},"content":"import java.util.Scanner;","lastModifiedDate":"2023-01-19"},{"lineNumber":2,"author":{"gitId":"-"},"content":"public class Duke {","lastModifiedDate":"2019-07-29"},{"lineNumber":3,"author":{"gitId":"-"},"content":"    public static void main(String[] args) {","lastModifiedDate":"2019-07-29"},{"lineNumber":4,"author":{"gitId":"markusyeo"},"content":"        Joe joe \u003d new Joe();","lastModifiedDate":"2023-01-19"},{"lineNumber":5,"author":{"gitId":"markusyeo"},"content":"        Scanner sc \u003d new Scanner(System.in);","lastModifiedDate":"2023-01-19"},{"lineNumber":6,"author":{"gitId":"markusyeo"},"content":"","lastModifiedDate":"2023-01-19"},{"lineNumber":7,"author":{"gitId":"markusyeo"},"content":"        String logo \u003d \"  ╔╗        \\n\" +","lastModifiedDate":"2023-01-19"},{"lineNumber":8,"author":{"gitId":"markusyeo"},"content":"                \"  ║║        \\n\" +","lastModifiedDate":"2023-01-19"},{"lineNumber":9,"author":{"gitId":"markusyeo"},"content":"                \"  ║║╔══╗╔══╗\\n\" +","lastModifiedDate":"2023-01-19"},{"lineNumber":10,"author":{"gitId":"markusyeo"},"content":"                \"╔╗║║║╔╗║║╔╗║\\n\" +","lastModifiedDate":"2023-01-19"},{"lineNumber":11,"author":{"gitId":"markusyeo"},"content":"                \"║╚╝║║╚╝║║║═╣\\n\" +","lastModifiedDate":"2023-01-19"},{"lineNumber":12,"author":{"gitId":"markusyeo"},"content":"                \"╚══╝╚══╝╚══╝\\n\" +","lastModifiedDate":"2023-01-19"},{"lineNumber":13,"author":{"gitId":"markusyeo"},"content":"                \"            \\n\";","lastModifiedDate":"2023-01-19"},{"lineNumber":14,"author":{"gitId":"markusyeo"},"content":"","lastModifiedDate":"2023-01-19"},{"lineNumber":15,"author":{"gitId":"markusyeo"},"content":"        String greeting \u003d \"\\tHello! I\u0027m Joe\\n\" +","lastModifiedDate":"2023-01-19"},{"lineNumber":16,"author":{"gitId":"markusyeo"},"content":"                \"\\tWhat Can I do for you?\";","lastModifiedDate":"2023-01-19"},{"lineNumber":17,"author":{"gitId":"markusyeo"},"content":"","lastModifiedDate":"2023-01-19"},{"lineNumber":18,"author":{"gitId":"-"},"content":"        System.out.println(\"Hello from\\n\" + logo);","lastModifiedDate":"2019-07-29"},{"lineNumber":19,"author":{"gitId":"markusyeo"},"content":"        Joe.printNewLine();","lastModifiedDate":"2023-01-19"},{"lineNumber":20,"author":{"gitId":"markusyeo"},"content":"        System.out.println(greeting);","lastModifiedDate":"2023-01-19"},{"lineNumber":21,"author":{"gitId":"markusyeo"},"content":"        Joe.printNewLine();","lastModifiedDate":"2023-01-19"},{"lineNumber":22,"author":{"gitId":"markusyeo"},"content":"","lastModifiedDate":"2023-01-19"},{"lineNumber":23,"author":{"gitId":"markusyeo"},"content":"        while(true) {","lastModifiedDate":"2023-01-19"},{"lineNumber":24,"author":{"gitId":"markusyeo"},"content":"            joe.getResponse(sc);","lastModifiedDate":"2023-01-19"},{"lineNumber":25,"author":{"gitId":"markusyeo"},"content":"        }","lastModifiedDate":"2023-01-19"},{"lineNumber":26,"author":{"gitId":"-"},"content":"    }","lastModifiedDate":"2023-01-19"},{"lineNumber":27,"author":{"gitId":"markusyeo"},"content":"","lastModifiedDate":"2023-01-19"},{"lineNumber":28,"author":{"gitId":"-"},"content":"}","lastModifiedDate":"2019-07-29"}],"authorContributionMap":{"markusyeo":23,"-":5}},{"path":"src/main/java/Joe.java","fileType":"java","lines":[{"lineNumber":1,"author":{"gitId":"markusyeo"},"content":"import java.util.Scanner;","lastModifiedDate":"2023-01-19"},{"lineNumber":2,"author":{"gitId":"markusyeo"},"content":"","lastModifiedDate":"2023-01-19"},{"lineNumber":3,"author":{"gitId":"markusyeo"},"content":"public class Joe {","lastModifiedDate":"2023-01-19"},{"lineNumber":4,"author":{"gitId":"markusyeo"},"content":"    static TaskList taskList \u003d new TaskList();","lastModifiedDate":"2023-01-19"},{"lineNumber":5,"author":{"gitId":"markusyeo"},"content":"","lastModifiedDate":"2023-01-19"},{"lineNumber":6,"author":{"gitId":"markusyeo"},"content":"    public Joe() {","lastModifiedDate":"2023-01-19"},{"lineNumber":7,"author":{"gitId":"markusyeo"},"content":"        taskList \u003d new TaskList();","lastModifiedDate":"2023-01-19"},{"lineNumber":8,"author":{"gitId":"markusyeo"},"content":"    }","lastModifiedDate":"2023-01-19"},{"lineNumber":9,"author":{"gitId":"markusyeo"},"content":"","lastModifiedDate":"2023-01-19"},{"lineNumber":10,"author":{"gitId":"markusyeo"},"content":"    public static void sayBye() {","lastModifiedDate":"2023-01-19"},{"lineNumber":11,"author":{"gitId":"markusyeo"},"content":"        System.out.println(\"\\tBye. Hope to see you again soon!\");","lastModifiedDate":"2023-01-19"},{"lineNumber":12,"author":{"gitId":"markusyeo"},"content":"        printNewLine();","lastModifiedDate":"2023-01-19"},{"lineNumber":13,"author":{"gitId":"markusyeo"},"content":"        System.exit(0);","lastModifiedDate":"2023-01-19"},{"lineNumber":14,"author":{"gitId":"markusyeo"},"content":"    }","lastModifiedDate":"2023-01-19"},{"lineNumber":15,"author":{"gitId":"markusyeo"},"content":"","lastModifiedDate":"2023-01-19"},{"lineNumber":16,"author":{"gitId":"markusyeo"},"content":"    public static void getResponse(Scanner sc){","lastModifiedDate":"2023-01-19"},{"lineNumber":17,"author":{"gitId":"markusyeo"},"content":"        String[] input \u003d sc.nextLine().split(\" \");","lastModifiedDate":"2023-01-19"},{"lineNumber":18,"author":{"gitId":"markusyeo"},"content":"        int inputLength \u003d input.length;","lastModifiedDate":"2023-01-19"},{"lineNumber":19,"author":{"gitId":"markusyeo"},"content":"        printNewLine();","lastModifiedDate":"2023-01-19"},{"lineNumber":20,"author":{"gitId":"markusyeo"},"content":"        if (inputLength !\u003d0 ) {","lastModifiedDate":"2023-01-19"},{"lineNumber":21,"author":{"gitId":"markusyeo"},"content":"            switch (input[0]) {","lastModifiedDate":"2023-01-19"},{"lineNumber":22,"author":{"gitId":"markusyeo"},"content":"                case (\"bye\"):","lastModifiedDate":"2023-01-19"},{"lineNumber":23,"author":{"gitId":"markusyeo"},"content":"                    sayBye();","lastModifiedDate":"2023-01-19"},{"lineNumber":24,"author":{"gitId":"markusyeo"},"content":"                case (\"list\"):","lastModifiedDate":"2023-01-19"},{"lineNumber":25,"author":{"gitId":"markusyeo"},"content":"                    taskList.returnList();","lastModifiedDate":"2023-01-19"},{"lineNumber":26,"author":{"gitId":"markusyeo"},"content":"                    break;","lastModifiedDate":"2023-01-19"},{"lineNumber":27,"author":{"gitId":"markusyeo"},"content":"                case (\"mark\"):","lastModifiedDate":"2023-01-19"},{"lineNumber":28,"author":{"gitId":"markusyeo"},"content":"                    taskList.mark(input[1]);","lastModifiedDate":"2023-01-19"},{"lineNumber":29,"author":{"gitId":"markusyeo"},"content":"                    break;","lastModifiedDate":"2023-01-19"},{"lineNumber":30,"author":{"gitId":"markusyeo"},"content":"                case (\"unmark\"):","lastModifiedDate":"2023-01-19"},{"lineNumber":31,"author":{"gitId":"markusyeo"},"content":"                    taskList.unmark(input[1]);","lastModifiedDate":"2023-01-19"},{"lineNumber":32,"author":{"gitId":"markusyeo"},"content":"                    break;","lastModifiedDate":"2023-01-19"},{"lineNumber":33,"author":{"gitId":"markusyeo"},"content":"                default:","lastModifiedDate":"2023-01-19"},{"lineNumber":34,"author":{"gitId":"markusyeo"},"content":"                    taskList.addTask(input);","lastModifiedDate":"2023-01-19"},{"lineNumber":35,"author":{"gitId":"markusyeo"},"content":"                    break;","lastModifiedDate":"2023-01-19"},{"lineNumber":36,"author":{"gitId":"markusyeo"},"content":"            }","lastModifiedDate":"2023-01-19"},{"lineNumber":37,"author":{"gitId":"markusyeo"},"content":"        } else {","lastModifiedDate":"2023-01-19"},{"lineNumber":38,"author":{"gitId":"markusyeo"},"content":"            System.out.println(\"Incorrect/unknown input\");","lastModifiedDate":"2023-01-19"},{"lineNumber":39,"author":{"gitId":"markusyeo"},"content":"        }","lastModifiedDate":"2023-01-19"},{"lineNumber":40,"author":{"gitId":"markusyeo"},"content":"    }","lastModifiedDate":"2023-01-19"},{"lineNumber":41,"author":{"gitId":"markusyeo"},"content":"    public static void printNewLine() {","lastModifiedDate":"2023-01-19"},{"lineNumber":42,"author":{"gitId":"markusyeo"},"content":"        String newline \u003d \"\\t____________________________________________________________\";","lastModifiedDate":"2023-01-19"},{"lineNumber":43,"author":{"gitId":"markusyeo"},"content":"        System.out.println(newline);","lastModifiedDate":"2023-01-19"},{"lineNumber":44,"author":{"gitId":"markusyeo"},"content":"    }","lastModifiedDate":"2023-01-19"},{"lineNumber":45,"author":{"gitId":"markusyeo"},"content":"}","lastModifiedDate":"2023-01-19"}],"authorContributionMap":{"markusyeo":45}},{"path":"src/main/java/Task.java","fileType":"java","lines":[{"lineNumber":1,"author":{"gitId":"markusyeo"},"content":"public class Task {","lastModifiedDate":"2023-01-19"},{"lineNumber":2,"author":{"gitId":"markusyeo"},"content":"    private String name;","lastModifiedDate":"2023-01-19"},{"lineNumber":3,"author":{"gitId":"markusyeo"},"content":"    private boolean done;","lastModifiedDate":"2023-01-19"},{"lineNumber":4,"author":{"gitId":"markusyeo"},"content":"    private String type;","lastModifiedDate":"2023-01-19"},{"lineNumber":5,"author":{"gitId":"markusyeo"},"content":"","lastModifiedDate":"2023-01-19"},{"lineNumber":6,"author":{"gitId":"markusyeo"},"content":"    public Task(String task) {","lastModifiedDate":"2023-01-19"},{"lineNumber":7,"author":{"gitId":"markusyeo"},"content":"        name \u003d task;","lastModifiedDate":"2023-01-19"},{"lineNumber":8,"author":{"gitId":"markusyeo"},"content":"        done \u003d false;","lastModifiedDate":"2023-01-19"},{"lineNumber":9,"author":{"gitId":"markusyeo"},"content":"        type \u003d \"None\";","lastModifiedDate":"2023-01-19"},{"lineNumber":10,"author":{"gitId":"markusyeo"},"content":"    }","lastModifiedDate":"2023-01-19"},{"lineNumber":11,"author":{"gitId":"markusyeo"},"content":"","lastModifiedDate":"2023-01-19"},{"lineNumber":12,"author":{"gitId":"markusyeo"},"content":"    void mark() {","lastModifiedDate":"2023-01-19"},{"lineNumber":13,"author":{"gitId":"markusyeo"},"content":"        done \u003d true;","lastModifiedDate":"2023-01-19"},{"lineNumber":14,"author":{"gitId":"markusyeo"},"content":"    }","lastModifiedDate":"2023-01-19"},{"lineNumber":15,"author":{"gitId":"markusyeo"},"content":"","lastModifiedDate":"2023-01-19"},{"lineNumber":16,"author":{"gitId":"markusyeo"},"content":"    void unmark() {","lastModifiedDate":"2023-01-19"},{"lineNumber":17,"author":{"gitId":"markusyeo"},"content":"        done \u003d false;","lastModifiedDate":"2023-01-19"},{"lineNumber":18,"author":{"gitId":"markusyeo"},"content":"    }","lastModifiedDate":"2023-01-19"},{"lineNumber":19,"author":{"gitId":"markusyeo"},"content":"","lastModifiedDate":"2023-01-19"},{"lineNumber":20,"author":{"gitId":"markusyeo"},"content":"    @Override","lastModifiedDate":"2023-01-19"},{"lineNumber":21,"author":{"gitId":"markusyeo"},"content":"    public String toString() {","lastModifiedDate":"2023-01-19"},{"lineNumber":22,"author":{"gitId":"markusyeo"},"content":"        String doneStatus;","lastModifiedDate":"2023-01-19"},{"lineNumber":23,"author":{"gitId":"markusyeo"},"content":"        if (done) {","lastModifiedDate":"2023-01-19"},{"lineNumber":24,"author":{"gitId":"markusyeo"},"content":"            doneStatus \u003d \"X\";","lastModifiedDate":"2023-01-19"},{"lineNumber":25,"author":{"gitId":"markusyeo"},"content":"        } else {","lastModifiedDate":"2023-01-19"},{"lineNumber":26,"author":{"gitId":"markusyeo"},"content":"            doneStatus \u003d \" \";","lastModifiedDate":"2023-01-19"},{"lineNumber":27,"author":{"gitId":"markusyeo"},"content":"        }","lastModifiedDate":"2023-01-19"},{"lineNumber":28,"author":{"gitId":"markusyeo"},"content":"        return String.format(\"[%s] %s\", doneStatus, name);","lastModifiedDate":"2023-01-19"},{"lineNumber":29,"author":{"gitId":"markusyeo"},"content":"    }","lastModifiedDate":"2023-01-19"},{"lineNumber":30,"author":{"gitId":"markusyeo"},"content":"}","lastModifiedDate":"2023-01-19"}],"authorContributionMap":{"markusyeo":30}},{"path":"src/main/java/TaskList.java","fileType":"java","lines":[{"lineNumber":1,"author":{"gitId":"markusyeo"},"content":"import java.util.ArrayList;","lastModifiedDate":"2023-01-19"},{"lineNumber":2,"author":{"gitId":"markusyeo"},"content":"","lastModifiedDate":"2023-01-19"},{"lineNumber":3,"author":{"gitId":"markusyeo"},"content":"public class TaskList {","lastModifiedDate":"2023-01-19"},{"lineNumber":4,"author":{"gitId":"markusyeo"},"content":"","lastModifiedDate":"2023-01-19"},{"lineNumber":5,"author":{"gitId":"markusyeo"},"content":"    static ArrayList\u003cTask\u003e taskList;","lastModifiedDate":"2023-01-19"},{"lineNumber":6,"author":{"gitId":"markusyeo"},"content":"","lastModifiedDate":"2023-01-19"},{"lineNumber":7,"author":{"gitId":"markusyeo"},"content":"    // Level 1","lastModifiedDate":"2023-01-19"},{"lineNumber":8,"author":{"gitId":"markusyeo"},"content":"    public TaskList() {","lastModifiedDate":"2023-01-19"},{"lineNumber":9,"author":{"gitId":"markusyeo"},"content":"        taskList \u003d new ArrayList\u003c\u003e();","lastModifiedDate":"2023-01-19"},{"lineNumber":10,"author":{"gitId":"markusyeo"},"content":"    }","lastModifiedDate":"2023-01-19"},{"lineNumber":11,"author":{"gitId":"markusyeo"},"content":"","lastModifiedDate":"2023-01-19"},{"lineNumber":12,"author":{"gitId":"markusyeo"},"content":"    static void addTask(String[] input) {","lastModifiedDate":"2023-01-19"},{"lineNumber":13,"author":{"gitId":"markusyeo"},"content":"        String task \u003d String.join(\" \", input);","lastModifiedDate":"2023-01-19"},{"lineNumber":14,"author":{"gitId":"markusyeo"},"content":"        taskList.add(new Task(task));","lastModifiedDate":"2023-01-19"},{"lineNumber":15,"author":{"gitId":"markusyeo"},"content":"        System.out.println(\"added: \" + task);","lastModifiedDate":"2023-01-19"},{"lineNumber":16,"author":{"gitId":"markusyeo"},"content":"        Joe.printNewLine();","lastModifiedDate":"2023-01-19"},{"lineNumber":17,"author":{"gitId":"markusyeo"},"content":"    }","lastModifiedDate":"2023-01-19"},{"lineNumber":18,"author":{"gitId":"markusyeo"},"content":"","lastModifiedDate":"2023-01-19"},{"lineNumber":19,"author":{"gitId":"markusyeo"},"content":"    public static void returnList() {","lastModifiedDate":"2023-01-19"},{"lineNumber":20,"author":{"gitId":"markusyeo"},"content":"        for (int i \u003d 1; i \u003c\u003d taskList.size(); i++) {","lastModifiedDate":"2023-01-19"},{"lineNumber":21,"author":{"gitId":"markusyeo"},"content":"            System.out.println(String.format(\"%d. %s\", i, taskList.get(i-1)));","lastModifiedDate":"2023-01-19"},{"lineNumber":22,"author":{"gitId":"markusyeo"},"content":"        }","lastModifiedDate":"2023-01-19"},{"lineNumber":23,"author":{"gitId":"markusyeo"},"content":"        Joe.printNewLine();","lastModifiedDate":"2023-01-19"},{"lineNumber":24,"author":{"gitId":"markusyeo"},"content":"    }","lastModifiedDate":"2023-01-19"},{"lineNumber":25,"author":{"gitId":"markusyeo"},"content":"","lastModifiedDate":"2023-01-19"},{"lineNumber":26,"author":{"gitId":"markusyeo"},"content":"    public static void mark(String index) {","lastModifiedDate":"2023-01-19"},{"lineNumber":27,"author":{"gitId":"markusyeo"},"content":"        int i \u003d Integer.parseInt(index) - 1;","lastModifiedDate":"2023-01-19"},{"lineNumber":28,"author":{"gitId":"markusyeo"},"content":"        Task tempTask \u003d taskList.get(i);","lastModifiedDate":"2023-01-19"},{"lineNumber":29,"author":{"gitId":"markusyeo"},"content":"        tempTask.mark();","lastModifiedDate":"2023-01-19"},{"lineNumber":30,"author":{"gitId":"markusyeo"},"content":"        String output \u003d  String.format(\"\\tNice! I\u0027ve marked this task as done:\\n\\t  %s\", tempTask);","lastModifiedDate":"2023-01-19"},{"lineNumber":31,"author":{"gitId":"markusyeo"},"content":"        System.out.println(output);","lastModifiedDate":"2023-01-19"},{"lineNumber":32,"author":{"gitId":"markusyeo"},"content":"    }","lastModifiedDate":"2023-01-19"},{"lineNumber":33,"author":{"gitId":"markusyeo"},"content":"","lastModifiedDate":"2023-01-19"},{"lineNumber":34,"author":{"gitId":"markusyeo"},"content":"    public static void unmark(String index) {","lastModifiedDate":"2023-01-19"},{"lineNumber":35,"author":{"gitId":"markusyeo"},"content":"        int i \u003d Integer.parseInt(index) - 1;","lastModifiedDate":"2023-01-19"},{"lineNumber":36,"author":{"gitId":"markusyeo"},"content":"        Task tempTask \u003d taskList.get(i);","lastModifiedDate":"2023-01-19"},{"lineNumber":37,"author":{"gitId":"markusyeo"},"content":"        tempTask.mark();","lastModifiedDate":"2023-01-19"},{"lineNumber":38,"author":{"gitId":"markusyeo"},"content":"        String output \u003d  String.format(\"\\tNice! I\u0027ve marked this task as not done yet:\\n\\t  %s\", tempTask);","lastModifiedDate":"2023-01-19"},{"lineNumber":39,"author":{"gitId":"markusyeo"},"content":"        System.out.println(output);","lastModifiedDate":"2023-01-19"},{"lineNumber":40,"author":{"gitId":"markusyeo"},"content":"    }","lastModifiedDate":"2023-01-19"},{"lineNumber":41,"author":{"gitId":"markusyeo"},"content":"}","lastModifiedDate":"2023-01-19"}],"authorContributionMap":{"markusyeo":41}}]
