[{"path":"README.md","fileType":"md","lines":[{"lineNumber":1,"author":{"gitId":"Saha9616"},"content":"# Duke.Duke project template","lastModifiedDate":"2023-02-23"},{"lineNumber":2,"author":{"gitId":"-"},"content":"","lastModifiedDate":"2020-05-25"},{"lineNumber":3,"author":{"gitId":"-"},"content":"This is a project template for a greenfield Java project. It\u0027s named after the Java mascot _Duke_. Given below are instructions on how to use it.","lastModifiedDate":"2020-05-25"},{"lineNumber":4,"author":{"gitId":"-"},"content":"","lastModifiedDate":"2020-05-25"},{"lineNumber":5,"author":{"gitId":"-"},"content":"## Setting up in Intellij","lastModifiedDate":"2020-05-25"},{"lineNumber":6,"author":{"gitId":"-"},"content":"","lastModifiedDate":"2020-05-25"},{"lineNumber":7,"author":{"gitId":"-"},"content":"Prerequisites: JDK 11, update Intellij to the most recent version.","lastModifiedDate":"2020-05-25"},{"lineNumber":8,"author":{"gitId":"-"},"content":"","lastModifiedDate":"2020-05-25"},{"lineNumber":9,"author":{"gitId":"-"},"content":"1. Open Intellij (if you are not in the welcome screen, click `File` \u003e `Close Project` to close the existing project first)","lastModifiedDate":"2021-01-17"},{"lineNumber":10,"author":{"gitId":"-"},"content":"1. Open the project into Intellij as follows:","lastModifiedDate":"2021-01-17"},{"lineNumber":11,"author":{"gitId":"-"},"content":"   1. Click `Open`.","lastModifiedDate":"2021-01-17"},{"lineNumber":12,"author":{"gitId":"-"},"content":"   1. Select the project directory, and click `OK`.","lastModifiedDate":"2021-01-17"},{"lineNumber":13,"author":{"gitId":"-"},"content":"   1. If there are any further prompts, accept the defaults.","lastModifiedDate":"2020-05-25"},{"lineNumber":14,"author":{"gitId":"-"},"content":"1. Configure the project to use **JDK 11** (not other versions) as explained in [here](https://www.jetbrains.com/help/idea/sdk.html#set-up-jdk).\u003cbr\u003e","lastModifiedDate":"2021-07-29"},{"lineNumber":15,"author":{"gitId":"-"},"content":"   In the same dialog, set the **Project language level** field to the `SDK default` option.","lastModifiedDate":"2021-07-29"},{"lineNumber":16,"author":{"gitId":"Saha9616"},"content":"3. After that, locate the `src/main/java/Duke.Duke.java` file, right-click it, and choose `Run Duke.Duke.main()` (if the code editor is showing compile errors, try restarting the IDE). If the setup is correct, you should see something like the below as the output:","lastModifiedDate":"2023-02-23"},{"lineNumber":17,"author":{"gitId":"-"},"content":"   ```","lastModifiedDate":"2020-05-25"},{"lineNumber":18,"author":{"gitId":"-"},"content":"   Hello from","lastModifiedDate":"2020-05-25"},{"lineNumber":19,"author":{"gitId":"-"},"content":"    ____        _        ","lastModifiedDate":"2020-05-25"},{"lineNumber":20,"author":{"gitId":"-"},"content":"   |  _ \\ _   _| | _____ ","lastModifiedDate":"2020-05-25"},{"lineNumber":21,"author":{"gitId":"-"},"content":"   | | | | | | | |/ / _ \\","lastModifiedDate":"2020-05-25"},{"lineNumber":22,"author":{"gitId":"-"},"content":"   | |_| | |_| |   \u003c  __/","lastModifiedDate":"2020-05-25"},{"lineNumber":23,"author":{"gitId":"-"},"content":"   |____/ \\__,_|_|\\_\\___|","lastModifiedDate":"2020-05-25"},{"lineNumber":24,"author":{"gitId":"-"},"content":"   ```","lastModifiedDate":"2020-05-25"}],"authorContributionMap":{"Saha9616":2,"-":22}},{"path":"build.gradle","fileType":"gradle","lines":[{"lineNumber":1,"author":{"gitId":"-"},"content":"plugins {","lastModifiedDate":"2020-05-25"},{"lineNumber":2,"author":{"gitId":"-"},"content":"    id \u0027java\u0027","lastModifiedDate":"2020-05-25"},{"lineNumber":3,"author":{"gitId":"-"},"content":"    id \u0027application\u0027","lastModifiedDate":"2020-05-25"},{"lineNumber":4,"author":{"gitId":"-"},"content":"    id \u0027com.github.johnrengelman.shadow\u0027 version \u00275.1.0\u0027","lastModifiedDate":"2020-05-25"},{"lineNumber":5,"author":{"gitId":"-"},"content":"}","lastModifiedDate":"2020-05-25"},{"lineNumber":6,"author":{"gitId":"-"},"content":"","lastModifiedDate":"2020-05-25"},{"lineNumber":7,"author":{"gitId":"-"},"content":"repositories {","lastModifiedDate":"2020-05-25"},{"lineNumber":8,"author":{"gitId":"-"},"content":"    mavenCentral()","lastModifiedDate":"2020-05-25"},{"lineNumber":9,"author":{"gitId":"-"},"content":"}","lastModifiedDate":"2020-05-25"},{"lineNumber":10,"author":{"gitId":"-"},"content":"","lastModifiedDate":"2020-05-25"},{"lineNumber":11,"author":{"gitId":"-"},"content":"dependencies {","lastModifiedDate":"2020-05-25"},{"lineNumber":12,"author":{"gitId":"-"},"content":"    testImplementation group: \u0027org.junit.jupiter\u0027, name: \u0027junit-jupiter-api\u0027, version: \u00275.5.0\u0027","lastModifiedDate":"2020-05-25"},{"lineNumber":13,"author":{"gitId":"-"},"content":"    testRuntimeOnly group: \u0027org.junit.jupiter\u0027, name: \u0027junit-jupiter-engine\u0027, version: \u00275.5.0\u0027","lastModifiedDate":"2020-05-25"},{"lineNumber":14,"author":{"gitId":"-"},"content":"}","lastModifiedDate":"2020-05-25"},{"lineNumber":15,"author":{"gitId":"-"},"content":"","lastModifiedDate":"2020-05-25"},{"lineNumber":16,"author":{"gitId":"-"},"content":"test {","lastModifiedDate":"2020-05-25"},{"lineNumber":17,"author":{"gitId":"-"},"content":"    useJUnitPlatform()","lastModifiedDate":"2020-05-25"},{"lineNumber":18,"author":{"gitId":"-"},"content":"","lastModifiedDate":"2020-05-25"},{"lineNumber":19,"author":{"gitId":"-"},"content":"    testLogging {","lastModifiedDate":"2020-05-25"},{"lineNumber":20,"author":{"gitId":"-"},"content":"        events \"passed\", \"skipped\", \"failed\"","lastModifiedDate":"2020-05-25"},{"lineNumber":21,"author":{"gitId":"-"},"content":"","lastModifiedDate":"2020-05-25"},{"lineNumber":22,"author":{"gitId":"-"},"content":"        showExceptions true","lastModifiedDate":"2020-05-25"},{"lineNumber":23,"author":{"gitId":"-"},"content":"        exceptionFormat \"full\"","lastModifiedDate":"2020-05-25"},{"lineNumber":24,"author":{"gitId":"-"},"content":"        showCauses true","lastModifiedDate":"2020-05-25"},{"lineNumber":25,"author":{"gitId":"-"},"content":"        showStackTraces true","lastModifiedDate":"2020-05-25"},{"lineNumber":26,"author":{"gitId":"-"},"content":"        showStandardStreams \u003d false","lastModifiedDate":"2020-05-25"},{"lineNumber":27,"author":{"gitId":"-"},"content":"    }","lastModifiedDate":"2020-05-25"},{"lineNumber":28,"author":{"gitId":"-"},"content":"}","lastModifiedDate":"2020-05-25"},{"lineNumber":29,"author":{"gitId":"-"},"content":"","lastModifiedDate":"2020-05-25"},{"lineNumber":30,"author":{"gitId":"-"},"content":"application {","lastModifiedDate":"2020-05-25"},{"lineNumber":31,"author":{"gitId":"Saha9616"},"content":"    mainClassName \u003d \"Duke.Duke\"","lastModifiedDate":"2023-02-26"},{"lineNumber":32,"author":{"gitId":"-"},"content":"}","lastModifiedDate":"2020-05-25"},{"lineNumber":33,"author":{"gitId":"-"},"content":"","lastModifiedDate":"2020-05-25"},{"lineNumber":34,"author":{"gitId":"-"},"content":"shadowJar {","lastModifiedDate":"2020-05-25"},{"lineNumber":35,"author":{"gitId":"-"},"content":"    archiveBaseName \u003d \"duke\"","lastModifiedDate":"2020-05-25"},{"lineNumber":36,"author":{"gitId":"-"},"content":"    archiveClassifier \u003d null","lastModifiedDate":"2020-05-25"},{"lineNumber":37,"author":{"gitId":"-"},"content":"}","lastModifiedDate":"2020-05-25"},{"lineNumber":38,"author":{"gitId":"-"},"content":"","lastModifiedDate":"2020-05-25"},{"lineNumber":39,"author":{"gitId":"-"},"content":"run{","lastModifiedDate":"2020-05-25"},{"lineNumber":40,"author":{"gitId":"-"},"content":"    standardInput \u003d System.in","lastModifiedDate":"2020-05-25"},{"lineNumber":41,"author":{"gitId":"-"},"content":"}","lastModifiedDate":"2020-05-25"}],"authorContributionMap":{"Saha9616":1,"-":40}},{"path":"src/main/java/Duke/Duke.java","fileType":"java","lines":[{"lineNumber":1,"author":{"gitId":"Saha9616"},"content":"package Duke;","lastModifiedDate":"2023-02-23"},{"lineNumber":2,"author":{"gitId":"Saha9616"},"content":"","lastModifiedDate":"2023-02-20"},{"lineNumber":3,"author":{"gitId":"-"},"content":"public class Duke {","lastModifiedDate":"2019-07-29"},{"lineNumber":4,"author":{"gitId":"Saha9616"},"content":"    /**","lastModifiedDate":"2023-02-26"},{"lineNumber":5,"author":{"gitId":"Saha9616"},"content":"     * includes all the processes to be executed in the beginning before taking input","lastModifiedDate":"2023-02-26"},{"lineNumber":6,"author":{"gitId":"Saha9616"},"content":"     */","lastModifiedDate":"2023-02-26"},{"lineNumber":7,"author":{"gitId":"Saha9616"},"content":"    public static void run() {","lastModifiedDate":"2023-02-23"},{"lineNumber":8,"author":{"gitId":"Saha9616"},"content":"        Ui.greet();","lastModifiedDate":"2023-02-23"},{"lineNumber":9,"author":{"gitId":"Saha9616"},"content":"        boolean stillOn \u003d true;","lastModifiedDate":"2023-02-23"},{"lineNumber":10,"author":{"gitId":"Saha9616"},"content":"        Storage.loadData();","lastModifiedDate":"2023-02-23"},{"lineNumber":11,"author":{"gitId":"Saha9616"},"content":"        while(stillOn) {","lastModifiedDate":"2023-02-23"},{"lineNumber":12,"author":{"gitId":"Saha9616"},"content":"            Parser.makeSense(Ui.getInput());","lastModifiedDate":"2023-02-23"},{"lineNumber":13,"author":{"gitId":"Saha9616"},"content":"            stillOn \u003d Parser.parserStatus;","lastModifiedDate":"2023-02-23"},{"lineNumber":14,"author":{"gitId":"Saha9616"},"content":"        }","lastModifiedDate":"2023-01-19"},{"lineNumber":15,"author":{"gitId":"Saha9616"},"content":"    }","lastModifiedDate":"2023-01-19"},{"lineNumber":16,"author":{"gitId":"Saha9616"},"content":"","lastModifiedDate":"2023-01-19"},{"lineNumber":17,"author":{"gitId":"-"},"content":"    public static void main(String[] args) {","lastModifiedDate":"2019-07-29"},{"lineNumber":18,"author":{"gitId":"Saha9616"},"content":"        run();","lastModifiedDate":"2023-02-23"},{"lineNumber":19,"author":{"gitId":"-"},"content":"    }","lastModifiedDate":"2019-07-29"},{"lineNumber":20,"author":{"gitId":"-"},"content":"}","lastModifiedDate":"2019-07-29"}],"authorContributionMap":{"Saha9616":16,"-":4}},{"path":"src/main/java/Duke/Exception/DukeException.java","fileType":"java","lines":[{"lineNumber":1,"author":{"gitId":"Saha9616"},"content":"package Duke.Exception;","lastModifiedDate":"2023-02-23"},{"lineNumber":2,"author":{"gitId":"Saha9616"},"content":"","lastModifiedDate":"2023-02-23"},{"lineNumber":3,"author":{"gitId":"Saha9616"},"content":"public class DukeException extends Exception {","lastModifiedDate":"2023-01-29"},{"lineNumber":4,"author":{"gitId":"Saha9616"},"content":"    private String message;","lastModifiedDate":"2023-01-29"},{"lineNumber":5,"author":{"gitId":"Saha9616"},"content":"    public DukeException() {","lastModifiedDate":"2023-01-29"},{"lineNumber":6,"author":{"gitId":"Saha9616"},"content":"        this.message \u003d \"bogus\";","lastModifiedDate":"2023-01-29"},{"lineNumber":7,"author":{"gitId":"Saha9616"},"content":"    }","lastModifiedDate":"2023-01-29"},{"lineNumber":8,"author":{"gitId":"Saha9616"},"content":"}","lastModifiedDate":"2023-01-29"}],"authorContributionMap":{"Saha9616":8}},{"path":"src/main/java/Duke/Exception/InvalidCommandException.java","fileType":"java","lines":[{"lineNumber":1,"author":{"gitId":"Saha9616"},"content":"package Duke.Exception;","lastModifiedDate":"2023-02-23"},{"lineNumber":2,"author":{"gitId":"Saha9616"},"content":"","lastModifiedDate":"2023-02-23"},{"lineNumber":3,"author":{"gitId":"Saha9616"},"content":"public class InvalidCommandException extends DukeException {","lastModifiedDate":"2023-02-23"},{"lineNumber":4,"author":{"gitId":"Saha9616"},"content":"    public InvalidCommandException() {","lastModifiedDate":"2023-02-23"},{"lineNumber":5,"author":{"gitId":"Saha9616"},"content":"        super();","lastModifiedDate":"2023-02-23"},{"lineNumber":6,"author":{"gitId":"Saha9616"},"content":"    }","lastModifiedDate":"2023-02-23"},{"lineNumber":7,"author":{"gitId":"Saha9616"},"content":"}","lastModifiedDate":"2023-02-23"}],"authorContributionMap":{"Saha9616":7}},{"path":"src/main/java/Duke/Exception/NoDescriptionException.java","fileType":"java","lines":[{"lineNumber":1,"author":{"gitId":"Saha9616"},"content":"package Duke.Exception;","lastModifiedDate":"2023-02-23"},{"lineNumber":2,"author":{"gitId":"Saha9616"},"content":"","lastModifiedDate":"2023-02-23"},{"lineNumber":3,"author":{"gitId":"Saha9616"},"content":"public class NoDescriptionException extends DukeException {","lastModifiedDate":"2023-02-23"},{"lineNumber":4,"author":{"gitId":"Saha9616"},"content":"    public NoDescriptionException() {","lastModifiedDate":"2023-02-23"},{"lineNumber":5,"author":{"gitId":"Saha9616"},"content":"        super();","lastModifiedDate":"2023-02-23"},{"lineNumber":6,"author":{"gitId":"Saha9616"},"content":"    }","lastModifiedDate":"2023-02-23"},{"lineNumber":7,"author":{"gitId":"Saha9616"},"content":"}","lastModifiedDate":"2023-02-23"}],"authorContributionMap":{"Saha9616":7}},{"path":"src/main/java/Duke/Parser.java","fileType":"java","lines":[{"lineNumber":1,"author":{"gitId":"Saha9616"},"content":"package Duke;","lastModifiedDate":"2023-02-23"},{"lineNumber":2,"author":{"gitId":"Saha9616"},"content":"","lastModifiedDate":"2023-02-23"},{"lineNumber":3,"author":{"gitId":"Saha9616"},"content":"import Duke.Exception.InvalidCommandException;","lastModifiedDate":"2023-02-23"},{"lineNumber":4,"author":{"gitId":"Saha9616"},"content":"import Duke.Exception.NoDescriptionException;","lastModifiedDate":"2023-02-23"},{"lineNumber":5,"author":{"gitId":"Saha9616"},"content":"","lastModifiedDate":"2023-02-23"},{"lineNumber":6,"author":{"gitId":"Saha9616"},"content":"public class Parser {","lastModifiedDate":"2023-02-23"},{"lineNumber":7,"author":{"gitId":"Saha9616"},"content":"","lastModifiedDate":"2023-02-23"},{"lineNumber":8,"author":{"gitId":"Saha9616"},"content":"    public static Boolean parserStatus \u003d true; //comment","lastModifiedDate":"2023-02-26"},{"lineNumber":9,"author":{"gitId":"Saha9616"},"content":"","lastModifiedDate":"2023-02-26"},{"lineNumber":10,"author":{"gitId":"Saha9616"},"content":"    /**","lastModifiedDate":"2023-02-26"},{"lineNumber":11,"author":{"gitId":"Saha9616"},"content":"     * Makes sense of the string command and takes suitable action.","lastModifiedDate":"2023-02-26"},{"lineNumber":12,"author":{"gitId":"Saha9616"},"content":"     * @param str takes in the command","lastModifiedDate":"2023-02-26"},{"lineNumber":13,"author":{"gitId":"Saha9616"},"content":"     */","lastModifiedDate":"2023-02-26"},{"lineNumber":14,"author":{"gitId":"Saha9616"},"content":"    public static void makeSense(String str) {","lastModifiedDate":"2023-02-23"},{"lineNumber":15,"author":{"gitId":"Saha9616"},"content":"        String key \u003d str.split(\" \", 2)[0];","lastModifiedDate":"2023-02-23"},{"lineNumber":16,"author":{"gitId":"Saha9616"},"content":"        switch (key) {","lastModifiedDate":"2023-02-23"},{"lineNumber":17,"author":{"gitId":"Saha9616"},"content":"            case \"bye\":","lastModifiedDate":"2023-02-23"},{"lineNumber":18,"author":{"gitId":"Saha9616"},"content":"                Ui.giveOutput(\"Bye mortal, I will get back to destroying\" +","lastModifiedDate":"2023-02-23"},{"lineNumber":19,"author":{"gitId":"Saha9616"},"content":"                        \" galaxies\");","lastModifiedDate":"2023-02-23"},{"lineNumber":20,"author":{"gitId":"Saha9616"},"content":"                parserStatus \u003d false;","lastModifiedDate":"2023-02-23"},{"lineNumber":21,"author":{"gitId":"Saha9616"},"content":"                break;","lastModifiedDate":"2023-02-23"},{"lineNumber":22,"author":{"gitId":"Saha9616"},"content":"                // need to switch off service","lastModifiedDate":"2023-02-23"},{"lineNumber":23,"author":{"gitId":"Saha9616"},"content":"            case \"mark\":","lastModifiedDate":"2023-02-23"},{"lineNumber":24,"author":{"gitId":"Saha9616"},"content":"                int num1 \u003d Integer.parseInt(str.split(\" \", 2)[1]);","lastModifiedDate":"2023-02-23"},{"lineNumber":25,"author":{"gitId":"Saha9616"},"content":"                TaskList.mark(num1); // function handles index","lastModifiedDate":"2023-02-23"},{"lineNumber":26,"author":{"gitId":"Saha9616"},"content":"                Storage.storeData();","lastModifiedDate":"2023-02-23"},{"lineNumber":27,"author":{"gitId":"Saha9616"},"content":"                break;","lastModifiedDate":"2023-02-23"},{"lineNumber":28,"author":{"gitId":"Saha9616"},"content":"            case \"unmark\":","lastModifiedDate":"2023-02-23"},{"lineNumber":29,"author":{"gitId":"Saha9616"},"content":"                int num2 \u003d Integer.parseInt(str.split(\" \", 2)[1]);","lastModifiedDate":"2023-02-23"},{"lineNumber":30,"author":{"gitId":"Saha9616"},"content":"                TaskList.unmark(num2);","lastModifiedDate":"2023-02-23"},{"lineNumber":31,"author":{"gitId":"Saha9616"},"content":"                Storage.storeData();","lastModifiedDate":"2023-02-23"},{"lineNumber":32,"author":{"gitId":"Saha9616"},"content":"                break;","lastModifiedDate":"2023-02-23"},{"lineNumber":33,"author":{"gitId":"Saha9616"},"content":"            case \"delete\":","lastModifiedDate":"2023-02-23"},{"lineNumber":34,"author":{"gitId":"Saha9616"},"content":"                int num3 \u003d Integer.parseInt(str.split(\" \", 2)[1]);","lastModifiedDate":"2023-02-23"},{"lineNumber":35,"author":{"gitId":"Saha9616"},"content":"                TaskList.delete((num3));","lastModifiedDate":"2023-02-23"},{"lineNumber":36,"author":{"gitId":"Saha9616"},"content":"                Storage.storeData();","lastModifiedDate":"2023-02-23"},{"lineNumber":37,"author":{"gitId":"Saha9616"},"content":"                break;","lastModifiedDate":"2023-02-23"},{"lineNumber":38,"author":{"gitId":"Saha9616"},"content":"            default:","lastModifiedDate":"2023-02-23"},{"lineNumber":39,"author":{"gitId":"Saha9616"},"content":"                try {","lastModifiedDate":"2023-02-23"},{"lineNumber":40,"author":{"gitId":"Saha9616"},"content":"                    TaskList.add_to_list(str);","lastModifiedDate":"2023-02-23"},{"lineNumber":41,"author":{"gitId":"Saha9616"},"content":"                    Storage.storeData();","lastModifiedDate":"2023-02-23"},{"lineNumber":42,"author":{"gitId":"Saha9616"},"content":"                }","lastModifiedDate":"2023-02-23"},{"lineNumber":43,"author":{"gitId":"Saha9616"},"content":"                catch(InvalidCommandException e) {","lastModifiedDate":"2023-02-23"},{"lineNumber":44,"author":{"gitId":"Saha9616"},"content":"                    System.out.println(\"the command is invalid\");","lastModifiedDate":"2023-02-23"},{"lineNumber":45,"author":{"gitId":"Saha9616"},"content":"                }","lastModifiedDate":"2023-02-23"},{"lineNumber":46,"author":{"gitId":"Saha9616"},"content":"                catch(NoDescriptionException e) {","lastModifiedDate":"2023-02-23"},{"lineNumber":47,"author":{"gitId":"Saha9616"},"content":"                    System.out.println(\"the task needs to have a description\");","lastModifiedDate":"2023-02-23"},{"lineNumber":48,"author":{"gitId":"Saha9616"},"content":"                }","lastModifiedDate":"2023-02-23"},{"lineNumber":49,"author":{"gitId":"Saha9616"},"content":"","lastModifiedDate":"2023-02-23"},{"lineNumber":50,"author":{"gitId":"Saha9616"},"content":"","lastModifiedDate":"2023-02-23"},{"lineNumber":51,"author":{"gitId":"Saha9616"},"content":"        }","lastModifiedDate":"2023-02-23"},{"lineNumber":52,"author":{"gitId":"Saha9616"},"content":"    }","lastModifiedDate":"2023-02-23"},{"lineNumber":53,"author":{"gitId":"Saha9616"},"content":"","lastModifiedDate":"2023-02-23"},{"lineNumber":54,"author":{"gitId":"Saha9616"},"content":"}","lastModifiedDate":"2023-02-23"}],"authorContributionMap":{"Saha9616":54}},{"path":"src/main/java/Duke/Storage.java","fileType":"java","lines":[{"lineNumber":1,"author":{"gitId":"Saha9616"},"content":"package Duke;","lastModifiedDate":"2023-02-23"},{"lineNumber":2,"author":{"gitId":"Saha9616"},"content":"","lastModifiedDate":"2023-02-23"},{"lineNumber":3,"author":{"gitId":"Saha9616"},"content":"import Duke.Exception.InvalidCommandException;","lastModifiedDate":"2023-02-23"},{"lineNumber":4,"author":{"gitId":"Saha9616"},"content":"import Duke.Exception.NoDescriptionException;","lastModifiedDate":"2023-02-23"},{"lineNumber":5,"author":{"gitId":"Saha9616"},"content":"","lastModifiedDate":"2023-02-23"},{"lineNumber":6,"author":{"gitId":"Saha9616"},"content":"import java.io.File;","lastModifiedDate":"2023-02-23"},{"lineNumber":7,"author":{"gitId":"Saha9616"},"content":"import java.io.FileWriter;","lastModifiedDate":"2023-02-23"},{"lineNumber":8,"author":{"gitId":"Saha9616"},"content":"import java.io.IOException;","lastModifiedDate":"2023-02-23"},{"lineNumber":9,"author":{"gitId":"Saha9616"},"content":"import java.util.Scanner;","lastModifiedDate":"2023-02-23"},{"lineNumber":10,"author":{"gitId":"Saha9616"},"content":"","lastModifiedDate":"2023-02-23"},{"lineNumber":11,"author":{"gitId":"Saha9616"},"content":"public class Storage {","lastModifiedDate":"2023-02-23"},{"lineNumber":12,"author":{"gitId":"Saha9616"},"content":"    public static File dataDir \u003d new File(System.getProperty(\"user.dir\") + System.getProperty(\"file.separator\") + \"lists\");","lastModifiedDate":"2023-02-23"},{"lineNumber":13,"author":{"gitId":"Saha9616"},"content":"    public static File fileAddress \u003d new File(System.getProperty(\"user.dir\") + System.getProperty(\"file.separator\")","lastModifiedDate":"2023-02-23"},{"lineNumber":14,"author":{"gitId":"Saha9616"},"content":"            + \"lists\" + System.getProperty(\"file.separator\") + \"taskList.txt\");","lastModifiedDate":"2023-02-23"},{"lineNumber":15,"author":{"gitId":"Saha9616"},"content":"","lastModifiedDate":"2023-02-23"},{"lineNumber":16,"author":{"gitId":"Saha9616"},"content":"    public static void loadData() { //initialise in the beginning","lastModifiedDate":"2023-02-23"},{"lineNumber":17,"author":{"gitId":"Saha9616"},"content":"        try {","lastModifiedDate":"2023-02-23"},{"lineNumber":18,"author":{"gitId":"Saha9616"},"content":"            if (!dataDir.exists()) {","lastModifiedDate":"2023-02-23"},{"lineNumber":19,"author":{"gitId":"Saha9616"},"content":"                dataDir.mkdir();","lastModifiedDate":"2023-02-23"},{"lineNumber":20,"author":{"gitId":"Saha9616"},"content":"            }","lastModifiedDate":"2023-02-23"},{"lineNumber":21,"author":{"gitId":"Saha9616"},"content":"            if (!fileAddress.exists()) {","lastModifiedDate":"2023-02-23"},{"lineNumber":22,"author":{"gitId":"Saha9616"},"content":"                fileAddress.createNewFile();","lastModifiedDate":"2023-02-23"},{"lineNumber":23,"author":{"gitId":"Saha9616"},"content":"            }","lastModifiedDate":"2023-02-23"},{"lineNumber":24,"author":{"gitId":"Saha9616"},"content":"        } catch(IOException e) {","lastModifiedDate":"2023-02-23"},{"lineNumber":25,"author":{"gitId":"Saha9616"},"content":"            System.out.println(\"Something is wrong with the universe\");","lastModifiedDate":"2023-02-23"},{"lineNumber":26,"author":{"gitId":"Saha9616"},"content":"        }","lastModifiedDate":"2023-02-23"},{"lineNumber":27,"author":{"gitId":"Saha9616"},"content":"","lastModifiedDate":"2023-02-23"},{"lineNumber":28,"author":{"gitId":"Saha9616"},"content":"        try {","lastModifiedDate":"2023-02-23"},{"lineNumber":29,"author":{"gitId":"Saha9616"},"content":"            Scanner sf \u003d new Scanner(fileAddress);","lastModifiedDate":"2023-02-23"},{"lineNumber":30,"author":{"gitId":"Saha9616"},"content":"            while (sf.hasNext()) {","lastModifiedDate":"2023-02-23"},{"lineNumber":31,"author":{"gitId":"Saha9616"},"content":"                TaskList.add_to_list(sf.nextLine());","lastModifiedDate":"2023-02-23"},{"lineNumber":32,"author":{"gitId":"Saha9616"},"content":"            }","lastModifiedDate":"2023-02-23"},{"lineNumber":33,"author":{"gitId":"Saha9616"},"content":"        } catch(IOException e) {","lastModifiedDate":"2023-02-23"},{"lineNumber":34,"author":{"gitId":"Saha9616"},"content":"            System.out.println(\"Something is wrong with the universe\");","lastModifiedDate":"2023-02-23"},{"lineNumber":35,"author":{"gitId":"Saha9616"},"content":"        } catch(InvalidCommandException e) {","lastModifiedDate":"2023-02-23"},{"lineNumber":36,"author":{"gitId":"Saha9616"},"content":"            System.out.println(\"Something is wrong with the universe\");","lastModifiedDate":"2023-02-23"},{"lineNumber":37,"author":{"gitId":"Saha9616"},"content":"        } catch(NoDescriptionException e) {","lastModifiedDate":"2023-02-23"},{"lineNumber":38,"author":{"gitId":"Saha9616"},"content":"            System.out.println(\"Something is wrong with the universe\");","lastModifiedDate":"2023-02-23"},{"lineNumber":39,"author":{"gitId":"Saha9616"},"content":"        }","lastModifiedDate":"2023-02-23"},{"lineNumber":40,"author":{"gitId":"Saha9616"},"content":"    }","lastModifiedDate":"2023-02-23"},{"lineNumber":41,"author":{"gitId":"Saha9616"},"content":"","lastModifiedDate":"2023-02-23"},{"lineNumber":42,"author":{"gitId":"Saha9616"},"content":"","lastModifiedDate":"2023-02-23"},{"lineNumber":43,"author":{"gitId":"Saha9616"},"content":"    public static void storeData() {","lastModifiedDate":"2023-02-23"},{"lineNumber":44,"author":{"gitId":"Saha9616"},"content":"        try {","lastModifiedDate":"2023-02-23"},{"lineNumber":45,"author":{"gitId":"Saha9616"},"content":"            FileWriter fb \u003d new FileWriter(fileAddress);","lastModifiedDate":"2023-02-23"},{"lineNumber":46,"author":{"gitId":"Saha9616"},"content":"            fb.write(\"\");","lastModifiedDate":"2023-02-23"},{"lineNumber":47,"author":{"gitId":"Saha9616"},"content":"            fb.close();","lastModifiedDate":"2023-02-23"},{"lineNumber":48,"author":{"gitId":"Saha9616"},"content":"","lastModifiedDate":"2023-02-23"},{"lineNumber":49,"author":{"gitId":"Saha9616"},"content":"            FileWriter fw \u003d new FileWriter(fileAddress, true);","lastModifiedDate":"2023-02-23"},{"lineNumber":50,"author":{"gitId":"Saha9616"},"content":"","lastModifiedDate":"2023-02-23"},{"lineNumber":51,"author":{"gitId":"Saha9616"},"content":"            for(int i \u003d 0; i \u003c TaskList.list.size(); i++) {","lastModifiedDate":"2023-02-23"},{"lineNumber":52,"author":{"gitId":"Saha9616"},"content":"                fw.write(TaskList.list.get(i).toString() + \"\\n\");","lastModifiedDate":"2023-02-23"},{"lineNumber":53,"author":{"gitId":"Saha9616"},"content":"            }","lastModifiedDate":"2023-02-23"},{"lineNumber":54,"author":{"gitId":"Saha9616"},"content":"","lastModifiedDate":"2023-02-23"},{"lineNumber":55,"author":{"gitId":"Saha9616"},"content":"            fw.close();","lastModifiedDate":"2023-02-23"},{"lineNumber":56,"author":{"gitId":"Saha9616"},"content":"        } catch(IOException e) {","lastModifiedDate":"2023-02-23"},{"lineNumber":57,"author":{"gitId":"Saha9616"},"content":"            System.out.println(\"Something is wrong with the universe\");","lastModifiedDate":"2023-02-23"},{"lineNumber":58,"author":{"gitId":"Saha9616"},"content":"        }","lastModifiedDate":"2023-02-23"},{"lineNumber":59,"author":{"gitId":"Saha9616"},"content":"","lastModifiedDate":"2023-02-23"},{"lineNumber":60,"author":{"gitId":"Saha9616"},"content":"    }","lastModifiedDate":"2023-02-23"},{"lineNumber":61,"author":{"gitId":"Saha9616"},"content":"","lastModifiedDate":"2023-02-23"},{"lineNumber":62,"author":{"gitId":"Saha9616"},"content":"","lastModifiedDate":"2023-02-23"},{"lineNumber":63,"author":{"gitId":"Saha9616"},"content":"}","lastModifiedDate":"2023-02-23"}],"authorContributionMap":{"Saha9616":63}},{"path":"src/main/java/Duke/TaskList.java","fileType":"java","lines":[{"lineNumber":1,"author":{"gitId":"Saha9616"},"content":"package Duke;","lastModifiedDate":"2023-02-23"},{"lineNumber":2,"author":{"gitId":"Saha9616"},"content":"","lastModifiedDate":"2023-02-23"},{"lineNumber":3,"author":{"gitId":"Saha9616"},"content":"import Duke.Exception.InvalidCommandException;","lastModifiedDate":"2023-02-23"},{"lineNumber":4,"author":{"gitId":"Saha9616"},"content":"import Duke.Exception.NoDescriptionException;","lastModifiedDate":"2023-02-23"},{"lineNumber":5,"author":{"gitId":"Saha9616"},"content":"import Duke.Tasks.Deadline;","lastModifiedDate":"2023-02-23"},{"lineNumber":6,"author":{"gitId":"Saha9616"},"content":"import Duke.Tasks.Event;","lastModifiedDate":"2023-02-23"},{"lineNumber":7,"author":{"gitId":"Saha9616"},"content":"import Duke.Tasks.Task;","lastModifiedDate":"2023-02-23"},{"lineNumber":8,"author":{"gitId":"Saha9616"},"content":"import Duke.Tasks.Todo;","lastModifiedDate":"2023-02-23"},{"lineNumber":9,"author":{"gitId":"Saha9616"},"content":"","lastModifiedDate":"2023-02-23"},{"lineNumber":10,"author":{"gitId":"Saha9616"},"content":"import java.util.ArrayList;","lastModifiedDate":"2023-02-23"},{"lineNumber":11,"author":{"gitId":"Saha9616"},"content":"","lastModifiedDate":"2023-02-23"},{"lineNumber":12,"author":{"gitId":"Saha9616"},"content":"public class TaskList {","lastModifiedDate":"2023-02-23"},{"lineNumber":13,"author":{"gitId":"Saha9616"},"content":"    public static ArrayList\u003cTask\u003e list \u003d new ArrayList\u003cTask\u003e();","lastModifiedDate":"2023-02-23"},{"lineNumber":14,"author":{"gitId":"Saha9616"},"content":"","lastModifiedDate":"2023-02-23"},{"lineNumber":15,"author":{"gitId":"Saha9616"},"content":"    public static void printList() {","lastModifiedDate":"2023-02-23"},{"lineNumber":16,"author":{"gitId":"Saha9616"},"content":"        for(int i \u003d 0; i \u003c list.size(); i++) {","lastModifiedDate":"2023-02-23"},{"lineNumber":17,"author":{"gitId":"Saha9616"},"content":"            System.out.println((i+1) + \". \" + list.get(i).toString());","lastModifiedDate":"2023-02-23"},{"lineNumber":18,"author":{"gitId":"Saha9616"},"content":"        }","lastModifiedDate":"2023-02-23"},{"lineNumber":19,"author":{"gitId":"Saha9616"},"content":"    }","lastModifiedDate":"2023-02-23"},{"lineNumber":20,"author":{"gitId":"Saha9616"},"content":"","lastModifiedDate":"2023-02-23"},{"lineNumber":21,"author":{"gitId":"Saha9616"},"content":"    public static int getLength() {","lastModifiedDate":"2023-02-23"},{"lineNumber":22,"author":{"gitId":"Saha9616"},"content":"        return list.size();","lastModifiedDate":"2023-02-23"},{"lineNumber":23,"author":{"gitId":"Saha9616"},"content":"    }","lastModifiedDate":"2023-02-23"},{"lineNumber":24,"author":{"gitId":"Saha9616"},"content":"","lastModifiedDate":"2023-02-23"},{"lineNumber":25,"author":{"gitId":"Saha9616"},"content":"    //Takes ith number task as argument","lastModifiedDate":"2023-02-23"},{"lineNumber":26,"author":{"gitId":"Saha9616"},"content":"    public static void mark(int num) {","lastModifiedDate":"2023-02-23"},{"lineNumber":27,"author":{"gitId":"Saha9616"},"content":"        list.get(num - 1).toggleTrue();","lastModifiedDate":"2023-02-23"},{"lineNumber":28,"author":{"gitId":"Saha9616"},"content":"        Ui.giveOutput(\"Nice! I\u0027ve marked this task as done:\");","lastModifiedDate":"2023-02-23"},{"lineNumber":29,"author":{"gitId":"Saha9616"},"content":"        Ui.giveOutput(list.get(num - 1).toString());","lastModifiedDate":"2023-02-23"},{"lineNumber":30,"author":{"gitId":"Saha9616"},"content":"    }","lastModifiedDate":"2023-02-23"},{"lineNumber":31,"author":{"gitId":"Saha9616"},"content":"","lastModifiedDate":"2023-02-23"},{"lineNumber":32,"author":{"gitId":"Saha9616"},"content":"    public static void unmark(int num) {","lastModifiedDate":"2023-02-23"},{"lineNumber":33,"author":{"gitId":"Saha9616"},"content":"        list.get(num - 1).toggleFalse();","lastModifiedDate":"2023-02-23"},{"lineNumber":34,"author":{"gitId":"Saha9616"},"content":"        Ui.giveOutput(\"OK, I\u0027ve marked this task as not done yet:\");","lastModifiedDate":"2023-02-23"},{"lineNumber":35,"author":{"gitId":"Saha9616"},"content":"        Ui.giveOutput(list.get(num - 1).toString());","lastModifiedDate":"2023-02-23"},{"lineNumber":36,"author":{"gitId":"Saha9616"},"content":"    }","lastModifiedDate":"2023-02-23"},{"lineNumber":37,"author":{"gitId":"Saha9616"},"content":"","lastModifiedDate":"2023-02-23"},{"lineNumber":38,"author":{"gitId":"Saha9616"},"content":"    public static void delete(int num) {","lastModifiedDate":"2023-02-23"},{"lineNumber":39,"author":{"gitId":"Saha9616"},"content":"        Ui.giveOutput(\"Noted. I\u0027ve removed this task:\");","lastModifiedDate":"2023-02-23"},{"lineNumber":40,"author":{"gitId":"Saha9616"},"content":"        Ui.giveOutput(\"  \" + list.get(num-1).toString());","lastModifiedDate":"2023-02-23"},{"lineNumber":41,"author":{"gitId":"Saha9616"},"content":"        list.remove(num-1);","lastModifiedDate":"2023-02-23"},{"lineNumber":42,"author":{"gitId":"Saha9616"},"content":"        Ui.giveOutput(\"Now you have \" + list.size() + \" tasks in the list.\");","lastModifiedDate":"2023-02-23"},{"lineNumber":43,"author":{"gitId":"Saha9616"},"content":"    }","lastModifiedDate":"2023-02-23"},{"lineNumber":44,"author":{"gitId":"Saha9616"},"content":"","lastModifiedDate":"2023-02-23"},{"lineNumber":45,"author":{"gitId":"Saha9616"},"content":"    public static void add_to_list(String str) throws InvalidCommandException, NoDescriptionException {","lastModifiedDate":"2023-02-23"},{"lineNumber":46,"author":{"gitId":"Saha9616"},"content":"","lastModifiedDate":"2023-02-23"},{"lineNumber":47,"author":{"gitId":"Saha9616"},"content":"        if((str.split(\" \", 2).length \u003d\u003d 1)) {","lastModifiedDate":"2023-02-23"},{"lineNumber":48,"author":{"gitId":"Saha9616"},"content":"            throw new NoDescriptionException();","lastModifiedDate":"2023-02-23"},{"lineNumber":49,"author":{"gitId":"Saha9616"},"content":"        }","lastModifiedDate":"2023-02-23"},{"lineNumber":50,"author":{"gitId":"Saha9616"},"content":"        else if((str.split(\" \", 2)[0]).equals(\"todo\")) {","lastModifiedDate":"2023-02-23"},{"lineNumber":51,"author":{"gitId":"Saha9616"},"content":"","lastModifiedDate":"2023-02-23"},{"lineNumber":52,"author":{"gitId":"Saha9616"},"content":"            list.add(new Todo(str));","lastModifiedDate":"2023-02-23"},{"lineNumber":53,"author":{"gitId":"Saha9616"},"content":"        }","lastModifiedDate":"2023-02-23"},{"lineNumber":54,"author":{"gitId":"Saha9616"},"content":"        else if((str.split(\" \", 2)[0]).equals(\"deadline\")) {","lastModifiedDate":"2023-02-23"},{"lineNumber":55,"author":{"gitId":"Saha9616"},"content":"            list.add(new Deadline(str));","lastModifiedDate":"2023-02-23"},{"lineNumber":56,"author":{"gitId":"Saha9616"},"content":"        }","lastModifiedDate":"2023-02-23"},{"lineNumber":57,"author":{"gitId":"Saha9616"},"content":"        else if((str.split(\" \", 2)[0]).equals(\"event\")) {","lastModifiedDate":"2023-02-23"},{"lineNumber":58,"author":{"gitId":"Saha9616"},"content":"            list.add(new Event(str));","lastModifiedDate":"2023-02-23"},{"lineNumber":59,"author":{"gitId":"Saha9616"},"content":"        }","lastModifiedDate":"2023-02-23"},{"lineNumber":60,"author":{"gitId":"Saha9616"},"content":"        else {","lastModifiedDate":"2023-02-23"},{"lineNumber":61,"author":{"gitId":"Saha9616"},"content":"            throw new InvalidCommandException();","lastModifiedDate":"2023-02-23"},{"lineNumber":62,"author":{"gitId":"Saha9616"},"content":"        }","lastModifiedDate":"2023-02-23"},{"lineNumber":63,"author":{"gitId":"Saha9616"},"content":"        int size \u003d list.size();","lastModifiedDate":"2023-02-23"},{"lineNumber":64,"author":{"gitId":"Saha9616"},"content":"        Ui.giveOutput(\"Got it. I\u0027ve added this task:\");","lastModifiedDate":"2023-02-23"},{"lineNumber":65,"author":{"gitId":"Saha9616"},"content":"        Ui.giveOutput(\"  \" + list.get(size-1).toString());","lastModifiedDate":"2023-02-23"},{"lineNumber":66,"author":{"gitId":"Saha9616"},"content":"        Ui.giveOutput(\"Now you have \" + size + \" tasks in the list\");","lastModifiedDate":"2023-02-23"},{"lineNumber":67,"author":{"gitId":"Saha9616"},"content":"    }","lastModifiedDate":"2023-02-23"},{"lineNumber":68,"author":{"gitId":"Saha9616"},"content":"","lastModifiedDate":"2023-02-23"},{"lineNumber":69,"author":{"gitId":"Saha9616"},"content":"","lastModifiedDate":"2023-02-23"},{"lineNumber":70,"author":{"gitId":"Saha9616"},"content":"}","lastModifiedDate":"2023-02-23"},{"lineNumber":71,"author":{"gitId":"Saha9616"},"content":"","lastModifiedDate":"2023-02-23"}],"authorContributionMap":{"Saha9616":71}},{"path":"src/main/java/Duke/Tasks/Deadline.java","fileType":"java","lines":[{"lineNumber":1,"author":{"gitId":"Saha9616"},"content":"package Duke.Tasks;","lastModifiedDate":"2023-02-23"},{"lineNumber":2,"author":{"gitId":"Saha9616"},"content":"","lastModifiedDate":"2023-02-23"},{"lineNumber":3,"author":{"gitId":"Saha9616"},"content":"import Duke.Tasks.Task;","lastModifiedDate":"2023-02-23"},{"lineNumber":4,"author":{"gitId":"Saha9616"},"content":"","lastModifiedDate":"2023-02-23"},{"lineNumber":5,"author":{"gitId":"Saha9616"},"content":"import java.time.LocalDate;","lastModifiedDate":"2023-02-20"},{"lineNumber":6,"author":{"gitId":"Saha9616"},"content":"import java.time.format.DateTimeFormatter;","lastModifiedDate":"2023-02-20"},{"lineNumber":7,"author":{"gitId":"Saha9616"},"content":"","lastModifiedDate":"2023-02-23"},{"lineNumber":8,"author":{"gitId":"Saha9616"},"content":"public class Deadline extends Task {","lastModifiedDate":"2023-01-26"},{"lineNumber":9,"author":{"gitId":"Saha9616"},"content":"","lastModifiedDate":"2023-01-26"},{"lineNumber":10,"author":{"gitId":"Saha9616"},"content":"","lastModifiedDate":"2023-01-26"},{"lineNumber":11,"author":{"gitId":"Saha9616"},"content":"    public Deadline(String str1) {","lastModifiedDate":"2023-01-26"},{"lineNumber":12,"author":{"gitId":"Saha9616"},"content":"        super(str1);","lastModifiedDate":"2023-01-26"},{"lineNumber":13,"author":{"gitId":"Saha9616"},"content":"    }","lastModifiedDate":"2023-01-26"},{"lineNumber":14,"author":{"gitId":"Saha9616"},"content":"","lastModifiedDate":"2023-01-26"},{"lineNumber":15,"author":{"gitId":"Saha9616"},"content":"    String[] mainSplit \u003d super.task_name.split(\" \", 2);","lastModifiedDate":"2023-01-26"},{"lineNumber":16,"author":{"gitId":"Saha9616"},"content":"    String name \u003d mainSplit[1]; // gives \"return book /by 2019-10-15\"","lastModifiedDate":"2023-02-20"},{"lineNumber":17,"author":{"gitId":"Saha9616"},"content":"    String[] StrList \u003d name.split(\" /by \", 2); //gives [\"return book\", \"2019-10-15\"]","lastModifiedDate":"2023-02-20"},{"lineNumber":18,"author":{"gitId":"Saha9616"},"content":"    String nameMain \u003d StrList[0]; //gives \"return book\"","lastModifiedDate":"2023-01-26"},{"lineNumber":19,"author":{"gitId":"Saha9616"},"content":"    private LocalDate byDate \u003d LocalDate.parse(StrList[1]); //gives \"2019-10-15\"","lastModifiedDate":"2023-02-20"},{"lineNumber":20,"author":{"gitId":"Saha9616"},"content":"","lastModifiedDate":"2023-01-26"},{"lineNumber":21,"author":{"gitId":"Saha9616"},"content":"","lastModifiedDate":"2023-01-26"},{"lineNumber":22,"author":{"gitId":"Saha9616"},"content":"    @Override","lastModifiedDate":"2023-01-26"},{"lineNumber":23,"author":{"gitId":"Saha9616"},"content":"    public String toString() {","lastModifiedDate":"2023-01-26"},{"lineNumber":24,"author":{"gitId":"Saha9616"},"content":"        if(super.status \u003d\u003d true) {","lastModifiedDate":"2023-01-26"},{"lineNumber":25,"author":{"gitId":"Saha9616"},"content":"            return \"[D][X] \" + nameMain + \" \" + byDate.format(DateTimeFormatter.ofPattern(\"MMM dd yyyy\"));","lastModifiedDate":"2023-02-20"},{"lineNumber":26,"author":{"gitId":"Saha9616"},"content":"        }","lastModifiedDate":"2023-01-26"},{"lineNumber":27,"author":{"gitId":"Saha9616"},"content":"        else {","lastModifiedDate":"2023-01-26"},{"lineNumber":28,"author":{"gitId":"Saha9616"},"content":"            return \"[D][ ] \" + nameMain + \" \" + byDate.format(DateTimeFormatter.ofPattern(\"MMM dd yyyy\"));","lastModifiedDate":"2023-02-20"},{"lineNumber":29,"author":{"gitId":"Saha9616"},"content":"        }","lastModifiedDate":"2023-01-26"},{"lineNumber":30,"author":{"gitId":"Saha9616"},"content":"    }","lastModifiedDate":"2023-01-26"},{"lineNumber":31,"author":{"gitId":"Saha9616"},"content":"}","lastModifiedDate":"2023-01-26"}],"authorContributionMap":{"Saha9616":31}},{"path":"src/main/java/Duke/Tasks/Event.java","fileType":"java","lines":[{"lineNumber":1,"author":{"gitId":"Saha9616"},"content":"package Duke.Tasks;","lastModifiedDate":"2023-02-23"},{"lineNumber":2,"author":{"gitId":"Saha9616"},"content":"","lastModifiedDate":"2023-02-23"},{"lineNumber":3,"author":{"gitId":"Saha9616"},"content":"import Duke.Tasks.Task;","lastModifiedDate":"2023-02-23"},{"lineNumber":4,"author":{"gitId":"Saha9616"},"content":"","lastModifiedDate":"2023-02-23"},{"lineNumber":5,"author":{"gitId":"Saha9616"},"content":"import java.time.LocalDate;","lastModifiedDate":"2023-02-20"},{"lineNumber":6,"author":{"gitId":"Saha9616"},"content":"import java.time.format.DateTimeFormatter;","lastModifiedDate":"2023-02-20"},{"lineNumber":7,"author":{"gitId":"Saha9616"},"content":"","lastModifiedDate":"2023-02-23"},{"lineNumber":8,"author":{"gitId":"Saha9616"},"content":"public class Event extends Task {","lastModifiedDate":"2023-01-26"},{"lineNumber":9,"author":{"gitId":"Saha9616"},"content":"","lastModifiedDate":"2023-01-26"},{"lineNumber":10,"author":{"gitId":"Saha9616"},"content":"    public Event(String str1) {","lastModifiedDate":"2023-01-26"},{"lineNumber":11,"author":{"gitId":"Saha9616"},"content":"        super(str1);","lastModifiedDate":"2023-01-26"},{"lineNumber":12,"author":{"gitId":"Saha9616"},"content":"    }","lastModifiedDate":"2023-01-26"},{"lineNumber":13,"author":{"gitId":"Saha9616"},"content":"","lastModifiedDate":"2023-01-26"},{"lineNumber":14,"author":{"gitId":"Saha9616"},"content":"    String[] mainSplit \u003d super.task_name.split(\" \", 2); //original : \"event project meeting /from 2019-10-15 /to 2019-10-15\"","lastModifiedDate":"2023-02-20"},{"lineNumber":15,"author":{"gitId":"Saha9616"},"content":"    String name \u003d mainSplit[1]; // gives \"project meeting /from Mon 2pm /to 4pm\"","lastModifiedDate":"2023-01-26"},{"lineNumber":16,"author":{"gitId":"Saha9616"},"content":"    String[] StrList1 \u003d name.split(\" /from \", 2); //gives [\"project meeting\",\"2019-10-15 /to 2019-10-15\"]","lastModifiedDate":"2023-02-20"},{"lineNumber":17,"author":{"gitId":"Saha9616"},"content":"    String nameMain \u003d StrList1[0]; //gives \"project meeting\"","lastModifiedDate":"2023-01-26"},{"lineNumber":18,"author":{"gitId":"Saha9616"},"content":"    String[] StrList2 \u003d StrList1[1].split(\" /to \", 2); //gives [\"2019-10-15\", \"2019-10-15\"]","lastModifiedDate":"2023-02-20"},{"lineNumber":19,"author":{"gitId":"Saha9616"},"content":"    LocalDate frm \u003d LocalDate.parse(StrList2[0]); //gives \"2019-12-01\"","lastModifiedDate":"2023-02-20"},{"lineNumber":20,"author":{"gitId":"Saha9616"},"content":"    LocalDate to \u003d LocalDate.parse(StrList2[1]); //gives \"2019-12-02\"","lastModifiedDate":"2023-02-20"},{"lineNumber":21,"author":{"gitId":"Saha9616"},"content":"    String finalTime \u003d \"from \" + frm + \" to \" + to;","lastModifiedDate":"2023-01-26"},{"lineNumber":22,"author":{"gitId":"Saha9616"},"content":"","lastModifiedDate":"2023-01-26"},{"lineNumber":23,"author":{"gitId":"Saha9616"},"content":"","lastModifiedDate":"2023-01-26"},{"lineNumber":24,"author":{"gitId":"Saha9616"},"content":"    @Override","lastModifiedDate":"2023-01-26"},{"lineNumber":25,"author":{"gitId":"Saha9616"},"content":"    public String toString() {","lastModifiedDate":"2023-01-26"},{"lineNumber":26,"author":{"gitId":"Saha9616"},"content":"        if(super.status \u003d\u003d true) {","lastModifiedDate":"2023-01-26"},{"lineNumber":27,"author":{"gitId":"Saha9616"},"content":"            return \"[E][X] \" + nameMain + \" \" + frm.format(DateTimeFormatter.ofPattern(\"MMM dd yyyy\"));","lastModifiedDate":"2023-02-20"},{"lineNumber":28,"author":{"gitId":"Saha9616"},"content":"        }","lastModifiedDate":"2023-01-26"},{"lineNumber":29,"author":{"gitId":"Saha9616"},"content":"        else {","lastModifiedDate":"2023-01-26"},{"lineNumber":30,"author":{"gitId":"Saha9616"},"content":"            return \"[E][ ] \" + nameMain + \" \" + to.format(DateTimeFormatter.ofPattern(\"MMM dd yyyy\"));","lastModifiedDate":"2023-02-20"},{"lineNumber":31,"author":{"gitId":"Saha9616"},"content":"        }","lastModifiedDate":"2023-01-26"},{"lineNumber":32,"author":{"gitId":"Saha9616"},"content":"    }","lastModifiedDate":"2023-01-26"},{"lineNumber":33,"author":{"gitId":"Saha9616"},"content":"","lastModifiedDate":"2023-01-26"},{"lineNumber":34,"author":{"gitId":"Saha9616"},"content":"}","lastModifiedDate":"2023-01-26"}],"authorContributionMap":{"Saha9616":34}},{"path":"src/main/java/Duke/Tasks/Task.java","fileType":"java","lines":[{"lineNumber":1,"author":{"gitId":"Saha9616"},"content":"package Duke.Tasks;","lastModifiedDate":"2023-02-23"},{"lineNumber":2,"author":{"gitId":"Saha9616"},"content":"","lastModifiedDate":"2023-02-23"},{"lineNumber":3,"author":{"gitId":"Saha9616"},"content":"public abstract class Task {","lastModifiedDate":"2023-01-26"},{"lineNumber":4,"author":{"gitId":"Saha9616"},"content":"","lastModifiedDate":"2023-01-26"},{"lineNumber":5,"author":{"gitId":"Saha9616"},"content":"    public String task_name;","lastModifiedDate":"2023-01-26"},{"lineNumber":6,"author":{"gitId":"Saha9616"},"content":"    public boolean status;","lastModifiedDate":"2023-01-26"},{"lineNumber":7,"author":{"gitId":"Saha9616"},"content":"    public Task(String str) {","lastModifiedDate":"2023-01-26"},{"lineNumber":8,"author":{"gitId":"Saha9616"},"content":"        task_name \u003d str;","lastModifiedDate":"2023-01-26"},{"lineNumber":9,"author":{"gitId":"Saha9616"},"content":"        status \u003d false;","lastModifiedDate":"2023-01-26"},{"lineNumber":10,"author":{"gitId":"Saha9616"},"content":"    }","lastModifiedDate":"2023-01-26"},{"lineNumber":11,"author":{"gitId":"Saha9616"},"content":"","lastModifiedDate":"2023-01-26"},{"lineNumber":12,"author":{"gitId":"Saha9616"},"content":"    public void toggleTrue() {","lastModifiedDate":"2023-01-26"},{"lineNumber":13,"author":{"gitId":"Saha9616"},"content":"        status \u003d true;","lastModifiedDate":"2023-01-26"},{"lineNumber":14,"author":{"gitId":"Saha9616"},"content":"    }","lastModifiedDate":"2023-01-26"},{"lineNumber":15,"author":{"gitId":"Saha9616"},"content":"","lastModifiedDate":"2023-01-26"},{"lineNumber":16,"author":{"gitId":"Saha9616"},"content":"    public void toggleFalse() {","lastModifiedDate":"2023-01-26"},{"lineNumber":17,"author":{"gitId":"Saha9616"},"content":"        status \u003d false;","lastModifiedDate":"2023-01-26"},{"lineNumber":18,"author":{"gitId":"Saha9616"},"content":"    }","lastModifiedDate":"2023-01-26"},{"lineNumber":19,"author":{"gitId":"Saha9616"},"content":"}","lastModifiedDate":"2023-01-26"}],"authorContributionMap":{"Saha9616":19}},{"path":"src/main/java/Duke/Tasks/Todo.java","fileType":"java","lines":[{"lineNumber":1,"author":{"gitId":"Saha9616"},"content":"package Duke.Tasks;","lastModifiedDate":"2023-02-23"},{"lineNumber":2,"author":{"gitId":"Saha9616"},"content":"","lastModifiedDate":"2023-02-23"},{"lineNumber":3,"author":{"gitId":"Saha9616"},"content":"import Duke.Tasks.Task;","lastModifiedDate":"2023-02-23"},{"lineNumber":4,"author":{"gitId":"Saha9616"},"content":"","lastModifiedDate":"2023-02-23"},{"lineNumber":5,"author":{"gitId":"Saha9616"},"content":"public class Todo extends Task {","lastModifiedDate":"2023-01-26"},{"lineNumber":6,"author":{"gitId":"Saha9616"},"content":"","lastModifiedDate":"2023-01-26"},{"lineNumber":7,"author":{"gitId":"Saha9616"},"content":"    public Todo(String str1) {","lastModifiedDate":"2023-01-26"},{"lineNumber":8,"author":{"gitId":"Saha9616"},"content":"        super(str1);","lastModifiedDate":"2023-01-26"},{"lineNumber":9,"author":{"gitId":"Saha9616"},"content":"    }","lastModifiedDate":"2023-01-26"},{"lineNumber":10,"author":{"gitId":"Saha9616"},"content":"    String[] mainSplit \u003d super.task_name.split(\" \", 2);","lastModifiedDate":"2023-01-26"},{"lineNumber":11,"author":{"gitId":"Saha9616"},"content":"    String name \u003d mainSplit[1];","lastModifiedDate":"2023-01-26"},{"lineNumber":12,"author":{"gitId":"Saha9616"},"content":"","lastModifiedDate":"2023-01-26"},{"lineNumber":13,"author":{"gitId":"Saha9616"},"content":"","lastModifiedDate":"2023-01-26"},{"lineNumber":14,"author":{"gitId":"Saha9616"},"content":"    @Override","lastModifiedDate":"2023-01-26"},{"lineNumber":15,"author":{"gitId":"Saha9616"},"content":"    public String toString() {","lastModifiedDate":"2023-01-26"},{"lineNumber":16,"author":{"gitId":"Saha9616"},"content":"        if(super.status \u003d\u003d true) {","lastModifiedDate":"2023-01-26"},{"lineNumber":17,"author":{"gitId":"Saha9616"},"content":"            return \"[T][X] \" + name;","lastModifiedDate":"2023-01-26"},{"lineNumber":18,"author":{"gitId":"Saha9616"},"content":"        }","lastModifiedDate":"2023-01-26"},{"lineNumber":19,"author":{"gitId":"Saha9616"},"content":"        else {","lastModifiedDate":"2023-01-26"},{"lineNumber":20,"author":{"gitId":"Saha9616"},"content":"            return \"[T][ ] \" + name;","lastModifiedDate":"2023-01-26"},{"lineNumber":21,"author":{"gitId":"Saha9616"},"content":"        }","lastModifiedDate":"2023-01-26"},{"lineNumber":22,"author":{"gitId":"Saha9616"},"content":"    }","lastModifiedDate":"2023-01-26"},{"lineNumber":23,"author":{"gitId":"Saha9616"},"content":"","lastModifiedDate":"2023-01-26"},{"lineNumber":24,"author":{"gitId":"Saha9616"},"content":"","lastModifiedDate":"2023-01-26"},{"lineNumber":25,"author":{"gitId":"Saha9616"},"content":"}","lastModifiedDate":"2023-01-26"}],"authorContributionMap":{"Saha9616":25}},{"path":"src/main/java/Duke/Ui.java","fileType":"java","lines":[{"lineNumber":1,"author":{"gitId":"Saha9616"},"content":"package Duke;","lastModifiedDate":"2023-02-23"},{"lineNumber":2,"author":{"gitId":"Saha9616"},"content":"","lastModifiedDate":"2023-02-23"},{"lineNumber":3,"author":{"gitId":"Saha9616"},"content":"import java.util.Scanner;","lastModifiedDate":"2023-02-23"},{"lineNumber":4,"author":{"gitId":"Saha9616"},"content":"","lastModifiedDate":"2023-02-23"},{"lineNumber":5,"author":{"gitId":"Saha9616"},"content":"public class Ui {","lastModifiedDate":"2023-02-23"},{"lineNumber":6,"author":{"gitId":"Saha9616"},"content":"","lastModifiedDate":"2023-02-23"},{"lineNumber":7,"author":{"gitId":"Saha9616"},"content":"    private static Scanner sc \u003d new Scanner(System.in);","lastModifiedDate":"2023-02-23"},{"lineNumber":8,"author":{"gitId":"Saha9616"},"content":"","lastModifiedDate":"2023-02-23"},{"lineNumber":9,"author":{"gitId":"Saha9616"},"content":"    /**","lastModifiedDate":"2023-02-26"},{"lineNumber":10,"author":{"gitId":"Saha9616"},"content":"     * greets with welcome message when the program starts","lastModifiedDate":"2023-02-26"},{"lineNumber":11,"author":{"gitId":"Saha9616"},"content":"     */","lastModifiedDate":"2023-02-26"},{"lineNumber":12,"author":{"gitId":"Saha9616"},"content":"    public static void greet() {","lastModifiedDate":"2023-02-23"},{"lineNumber":13,"author":{"gitId":"Saha9616"},"content":"        System.out.println(\"Hello my name is Thanos, my hobbies are helping people maintain their schedule and \" +","lastModifiedDate":"2023-02-23"},{"lineNumber":14,"author":{"gitId":"Saha9616"},"content":"                            \"destroying galaxies.\");","lastModifiedDate":"2023-02-23"},{"lineNumber":15,"author":{"gitId":"Saha9616"},"content":"    }","lastModifiedDate":"2023-02-23"},{"lineNumber":16,"author":{"gitId":"Saha9616"},"content":"","lastModifiedDate":"2023-02-23"},{"lineNumber":17,"author":{"gitId":"Saha9616"},"content":"    /**","lastModifiedDate":"2023-02-26"},{"lineNumber":18,"author":{"gitId":"Saha9616"},"content":"     * takes in string and gives output.","lastModifiedDate":"2023-02-26"},{"lineNumber":19,"author":{"gitId":"Saha9616"},"content":"     * @param str string to be printed","lastModifiedDate":"2023-02-26"},{"lineNumber":20,"author":{"gitId":"Saha9616"},"content":"     */","lastModifiedDate":"2023-02-26"},{"lineNumber":21,"author":{"gitId":"Saha9616"},"content":"    public static void giveOutput(String str) {","lastModifiedDate":"2023-02-23"},{"lineNumber":22,"author":{"gitId":"Saha9616"},"content":"        System.out.println(str);","lastModifiedDate":"2023-02-23"},{"lineNumber":23,"author":{"gitId":"Saha9616"},"content":"    }","lastModifiedDate":"2023-02-23"},{"lineNumber":24,"author":{"gitId":"Saha9616"},"content":"","lastModifiedDate":"2023-02-23"},{"lineNumber":25,"author":{"gitId":"Saha9616"},"content":"    /**","lastModifiedDate":"2023-02-26"},{"lineNumber":26,"author":{"gitId":"Saha9616"},"content":"     * scans for input","lastModifiedDate":"2023-02-26"},{"lineNumber":27,"author":{"gitId":"Saha9616"},"content":"     * @return returns input string","lastModifiedDate":"2023-02-26"},{"lineNumber":28,"author":{"gitId":"Saha9616"},"content":"     */","lastModifiedDate":"2023-02-26"},{"lineNumber":29,"author":{"gitId":"Saha9616"},"content":"    public static String getInput() {","lastModifiedDate":"2023-02-23"},{"lineNumber":30,"author":{"gitId":"Saha9616"},"content":"       return sc.nextLine();","lastModifiedDate":"2023-02-23"},{"lineNumber":31,"author":{"gitId":"Saha9616"},"content":"    }","lastModifiedDate":"2023-02-23"},{"lineNumber":32,"author":{"gitId":"Saha9616"},"content":"","lastModifiedDate":"2023-02-23"},{"lineNumber":33,"author":{"gitId":"Saha9616"},"content":"","lastModifiedDate":"2023-02-23"},{"lineNumber":34,"author":{"gitId":"Saha9616"},"content":"","lastModifiedDate":"2023-02-23"},{"lineNumber":35,"author":{"gitId":"Saha9616"},"content":"}","lastModifiedDate":"2023-02-23"}],"authorContributionMap":{"Saha9616":35}},{"path":"src/test/java/duke/ParserTest.java","fileType":"java","lines":[{"lineNumber":1,"author":{"gitId":"Saha9616"},"content":"package duke;","lastModifiedDate":"2023-02-26"},{"lineNumber":2,"author":{"gitId":"Saha9616"},"content":"","lastModifiedDate":"2023-02-26"},{"lineNumber":3,"author":{"gitId":"Saha9616"},"content":"import Duke.Exception.InvalidCommandException;","lastModifiedDate":"2023-02-26"},{"lineNumber":4,"author":{"gitId":"Saha9616"},"content":"import Duke.Exception.NoDescriptionException;","lastModifiedDate":"2023-02-26"},{"lineNumber":5,"author":{"gitId":"Saha9616"},"content":"import org.junit.jupiter.api.Test;","lastModifiedDate":"2023-02-26"},{"lineNumber":6,"author":{"gitId":"Saha9616"},"content":"import Duke.Parser;","lastModifiedDate":"2023-02-26"},{"lineNumber":7,"author":{"gitId":"Saha9616"},"content":"import static org.junit.jupiter.api.Assertions.assertEquals;","lastModifiedDate":"2023-02-26"},{"lineNumber":8,"author":{"gitId":"Saha9616"},"content":"","lastModifiedDate":"2023-02-26"},{"lineNumber":9,"author":{"gitId":"Saha9616"},"content":"public class ParserTest {","lastModifiedDate":"2023-02-26"},{"lineNumber":10,"author":{"gitId":"Saha9616"},"content":"    @Test","lastModifiedDate":"2023-02-26"},{"lineNumber":11,"author":{"gitId":"Saha9616"},"content":"    public void Test2(){","lastModifiedDate":"2023-02-26"},{"lineNumber":12,"author":{"gitId":"Saha9616"},"content":"        Parser.makeSense(\"bye\");","lastModifiedDate":"2023-02-26"},{"lineNumber":13,"author":{"gitId":"Saha9616"},"content":"        assertEquals(false, Parser.parserStatus);","lastModifiedDate":"2023-02-26"},{"lineNumber":14,"author":{"gitId":"Saha9616"},"content":"    }","lastModifiedDate":"2023-02-26"},{"lineNumber":15,"author":{"gitId":"Saha9616"},"content":"","lastModifiedDate":"2023-02-26"},{"lineNumber":16,"author":{"gitId":"Saha9616"},"content":"}","lastModifiedDate":"2023-02-26"}],"authorContributionMap":{"Saha9616":16}},{"path":"src/test/java/duke/TaskListTest.java","fileType":"java","lines":[{"lineNumber":1,"author":{"gitId":"Saha9616"},"content":"package duke;","lastModifiedDate":"2023-02-26"},{"lineNumber":2,"author":{"gitId":"Saha9616"},"content":"","lastModifiedDate":"2023-02-26"},{"lineNumber":3,"author":{"gitId":"Saha9616"},"content":"import Duke.Exception.InvalidCommandException;","lastModifiedDate":"2023-02-26"},{"lineNumber":4,"author":{"gitId":"Saha9616"},"content":"import Duke.Exception.NoDescriptionException;","lastModifiedDate":"2023-02-26"},{"lineNumber":5,"author":{"gitId":"Saha9616"},"content":"import org.junit.jupiter.api.Test;","lastModifiedDate":"2023-02-26"},{"lineNumber":6,"author":{"gitId":"Saha9616"},"content":"import Duke.TaskList;","lastModifiedDate":"2023-02-26"},{"lineNumber":7,"author":{"gitId":"Saha9616"},"content":"import static org.junit.jupiter.api.Assertions.assertEquals;","lastModifiedDate":"2023-02-26"},{"lineNumber":8,"author":{"gitId":"Saha9616"},"content":"","lastModifiedDate":"2023-02-26"},{"lineNumber":9,"author":{"gitId":"Saha9616"},"content":"public class TaskListTest {","lastModifiedDate":"2023-02-26"},{"lineNumber":10,"author":{"gitId":"Saha9616"},"content":"","lastModifiedDate":"2023-02-26"},{"lineNumber":11,"author":{"gitId":"Saha9616"},"content":"    @Test","lastModifiedDate":"2023-02-26"},{"lineNumber":12,"author":{"gitId":"Saha9616"},"content":"    public void Test1(){","lastModifiedDate":"2023-02-26"},{"lineNumber":13,"author":{"gitId":"Saha9616"},"content":"","lastModifiedDate":"2023-02-26"},{"lineNumber":14,"author":{"gitId":"Saha9616"},"content":"        try {","lastModifiedDate":"2023-02-26"},{"lineNumber":15,"author":{"gitId":"Saha9616"},"content":"            TaskList.add_to_list(\"todo borrow book\");","lastModifiedDate":"2023-02-26"},{"lineNumber":16,"author":{"gitId":"Saha9616"},"content":"        }","lastModifiedDate":"2023-02-26"},{"lineNumber":17,"author":{"gitId":"Saha9616"},"content":"        catch(InvalidCommandException e) {","lastModifiedDate":"2023-02-26"},{"lineNumber":18,"author":{"gitId":"Saha9616"},"content":"            System.out.println(\"the command is invalid\");","lastModifiedDate":"2023-02-26"},{"lineNumber":19,"author":{"gitId":"Saha9616"},"content":"        }","lastModifiedDate":"2023-02-26"},{"lineNumber":20,"author":{"gitId":"Saha9616"},"content":"        catch(NoDescriptionException e) {","lastModifiedDate":"2023-02-26"},{"lineNumber":21,"author":{"gitId":"Saha9616"},"content":"            System.out.println(\"the task needs to have a description\");","lastModifiedDate":"2023-02-26"},{"lineNumber":22,"author":{"gitId":"Saha9616"},"content":"        }","lastModifiedDate":"2023-02-26"},{"lineNumber":23,"author":{"gitId":"Saha9616"},"content":"","lastModifiedDate":"2023-02-26"},{"lineNumber":24,"author":{"gitId":"Saha9616"},"content":"        assertEquals(1, TaskList.list.size());","lastModifiedDate":"2023-02-26"},{"lineNumber":25,"author":{"gitId":"Saha9616"},"content":"    }","lastModifiedDate":"2023-02-26"},{"lineNumber":26,"author":{"gitId":"Saha9616"},"content":"","lastModifiedDate":"2023-02-26"},{"lineNumber":27,"author":{"gitId":"Saha9616"},"content":"}","lastModifiedDate":"2023-02-26"}],"authorContributionMap":{"Saha9616":27}},{"path":"text-ui-test/input.txt","fileType":"txt","lines":[{"lineNumber":1,"author":{"gitId":"Saha9616"},"content":"todo borrow book","lastModifiedDate":"2023-01-28"},{"lineNumber":2,"author":{"gitId":"Saha9616"},"content":"deadline cry about my cap /by Sunday","lastModifiedDate":"2023-01-28"},{"lineNumber":3,"author":{"gitId":"Saha9616"},"content":"event project meeting /from Mon 2pm /to 4pm\\","lastModifiedDate":"2023-01-28"},{"lineNumber":4,"author":{"gitId":"Saha9616"},"content":"mark 2","lastModifiedDate":"2023-01-28"},{"lineNumber":5,"author":{"gitId":"Saha9616"},"content":"mark 1","lastModifiedDate":"2023-01-28"},{"lineNumber":6,"author":{"gitId":"Saha9616"},"content":"todo eat popcorn","lastModifiedDate":"2023-01-28"},{"lineNumber":7,"author":{"gitId":"Saha9616"},"content":"list","lastModifiedDate":"2023-01-28"},{"lineNumber":8,"author":{"gitId":"Saha9616"},"content":"unmark 1","lastModifiedDate":"2023-01-28"},{"lineNumber":9,"author":{"gitId":"Saha9616"},"content":"bye","lastModifiedDate":"2023-01-28"}],"authorContributionMap":{"Saha9616":9}}]
