{"authorDailyContributionsMap":{"Saha9616":[{"date":"2023-01-19","commitResults":[{"hash":"4f0dba89c8a3ed75cb287f675778f692052e54a9","messageTitle":"did the level 1 task","messageBody":"","tags":["Level-1"],"fileTypesAndContributionMap":{"java":{"insertions":19,"deletions":6}}}]},{"date":"2023-01-20","commitResults":[{"hash":"81316d4b0ceb895518e7c13904071bfc75df9f50","messageTitle":"did the level 2 task","messageBody":"","tags":["Level-2"],"fileTypesAndContributionMap":{"java":{"insertions":18,"deletions":5}}}]},{"date":"2023-01-21","commitResults":[{"hash":"ca436b5d5bbd00570921dc9692c2be9d5791df58","messageTitle":"did the level 3 task","messageBody":"","tags":["Level-3"],"fileTypesAndContributionMap":{"java":{"insertions":40,"deletions":4}}}]},{"date":"2023-01-26","commitResults":[{"hash":"4afa0d05b3ec79e17b6c63a8e5e4579d7c773200","messageTitle":"did the level 4 task","messageBody":"","tags":["Level-4"],"fileTypesAndContributionMap":{"java":{"insertions":115,"deletions":24}}}]},{"date":"2023-01-28","commitResults":[{"hash":"23ceeaf2411e3cbb77dcddcad9679b1f1d570e0a","messageTitle":"did automated text ui testing","messageBody":"","tags":["A-TextUiTesting"],"fileTypesAndContributionMap":{"txt":{"insertions":9,"deletions":0}}}]},{"date":"2023-01-29","commitResults":[{"hash":"8b745726189461ead15dc80d7b2bd743931fb0ba","messageTitle":"did error handling","messageBody":"","tags":["Level-5"],"fileTypesAndContributionMap":{"java":{"insertions":32,"deletions":4}}},{"hash":"280dd89d1d69df4f554c8dbabb7e4e6599de1c7f","messageTitle":"added feature to delete","messageBody":"","tags":["Level-6"],"fileTypesAndContributionMap":{"java":{"insertions":7,"deletions":0}}}]},{"date":"2023-02-20","commitResults":[{"hash":"347743dedd7f4ef70abb898b6cc2c109c27ca636","messageTitle":"added way to store data","messageBody":"","fileTypesAndContributionMap":{"java":{"insertions":66,"deletions":2}}},{"hash":"a23db4d4b58d9f5324f9cdf1f8d0764198bb170b","messageTitle":"improved storage","messageBody":"","fileTypesAndContributionMap":{"java":{"insertions":1,"deletions":1}}},{"hash":"a387450c06cffb36dc80edfb3169c6f3297b027a","messageTitle":"made changes to the accepted format of time","messageBody":"","fileTypesAndContributionMap":{"java":{"insertions":22,"deletions":12}}}]},{"date":"2023-02-23","commitResults":[{"hash":"ea355bbef373d82fa514e2e8239d0ef3a18fb78c","messageTitle":"worked on OOP principles","messageBody":"","fileTypesAndContributionMap":{"java":{"insertions":196,"deletions":152}}}]}]},"authorFileTypeContributionMap":{"Saha9616":{"java":312,"md":0,"fxml":0,"sh":0,"bat":0,"gradle":0,"txt":9}},"authorContributionVariance":{"Saha9616":3414.25},"authorDisplayNameMap":{"Saha9616":"CS2103T-W15-1 SAHA..ASIJ"}}
