{"authorDailyContributionsMap":{"bofeng1999":[{"date":"2023-01-17","commitResults":[{"hash":"60d90302a0ffec397afee3548683a98cfdceb8ff","messageTitle":"Implement level 1","messageBody":"","tags":["Level-1"],"fileTypesAndContributionMap":{"java":{"insertions":24,"deletions":1}}},{"hash":"841dc6a57b6e5d12e00e9bb4b1e2df17bdafa685","messageTitle":"Implement level 2","messageBody":"","tags":["Level-2"],"fileTypesAndContributionMap":{"java":{"insertions":27,"deletions":5}}},{"hash":"ec26aadf08e01ab9876ba58c7e46215536ef9183","messageTitle":"Implement Level 3","messageBody":"","tags":["Level-3"],"fileTypesAndContributionMap":{"java":{"insertions":43,"deletions":11}}},{"hash":"e8aad4011e27899cbe1fde8bfcf5b0902e338be6","messageTitle":"Implement Level 4","messageBody":"","tags":["Level-4"],"fileTypesAndContributionMap":{"java":{"insertions":61,"deletions":3}}},{"hash":"12e26d8bcaf3fb0d638b097658449c6fa94897e9","messageTitle":"Implement A-TextUiTesting","messageBody":"","fileTypesAndContributionMap":{"txt":{"insertions":2,"deletions":0},"java":{"insertions":6,"deletions":5},"sh":{"insertions":0,"deletions":0}}},{"hash":"323ca51e5a75ee7f61b378db0af53f4ebd75ca3e","messageTitle":"Implement Handle Errors","messageBody":"","tags":["Level-5"],"fileTypesAndContributionMap":{"java":{"insertions":70,"deletions":35}}},{"hash":"85617c6e8217b8c494d7c29fa42fad52e83df86c","messageTitle":"Implement Delete","messageBody":"","tags":["Level-6","Delete"],"fileTypesAndContributionMap":{"java":{"insertions":15,"deletions":1}}}]},{"date":"2023-01-19","commitResults":[{"hash":"90c46bac21f19f26abb534c95b0512ca43fdcca6","messageTitle":"Fix A-TextUiTesting","messageBody":"","tags":["A-TextUiTesting"],"fileTypesAndContributionMap":{"java":{"insertions":1,"deletions":1}}}]},{"date":"2023-01-25","commitResults":[{"hash":"f59ac23f566dc740924cf612dce699ce405c44bb","messageTitle":"Implement saving and loading data","messageBody":"","fileTypesAndContributionMap":{"java":{"insertions":83,"deletions":4}}},{"hash":"729dc342d91aff35b1306793b0d6636849197348","messageTitle":"Save done/undone","messageBody":"","fileTypesAndContributionMap":{"java":{"insertions":6,"deletions":2}}},{"hash":"c5fc6fb167ad19f18c7d62c6dca67199b2645976","messageTitle":"Implement date time","messageBody":"","fileTypesAndContributionMap":{"java":{"insertions":32,"deletions":10}}},{"hash":"ff0c5adfbca991e3a2566fe238ef9cfa8794bbe1","messageTitle":"Save date time properly","messageBody":"","tags":["Level-8","Level-7"],"fileTypesAndContributionMap":{"java":{"insertions":7,"deletions":2}}},{"hash":"fbea681e067bb9ef92d81538612620a09b9064a5","messageTitle":"Extract out Storage class","messageBody":"","fileTypesAndContributionMap":{"java":{"insertions":91,"deletions":74}}},{"hash":"48c1bc0820c842d88a458d95839ca0afbf48b7ad","messageTitle":"Extract out TaskList","messageBody":"","fileTypesAndContributionMap":{"java":{"insertions":71,"deletions":44}}}]}]},"authorFileTypeContributionMap":{"bofeng1999":{"java":345,"md":0,"fxml":0,"sh":0,"bat":0,"gradle":0,"txt":2}},"authorContributionVariance":{"bofeng1999":18090.674},"authorDisplayNameMap":{"bofeng1999":"CS2103T-W14-4 LI B..FENG"}}
