{"authorDailyContributionsMap":{"gmengqi":[{"date":"2023-01-15","commitResults":[{"hash":"5b4f5a8149b079adbd00b0462524229b633da8f7","messageTitle":"added type of tasks","messageBody":"","tags":["Level-4"],"fileTypesAndContributionMap":{"java":{"insertions":99,"deletions":21}}}]},{"date":"2023-01-16","commitResults":[{"hash":"94b80eb00f9f452444c5e9dcce5f8f75e735d000","messageTitle":"semi-automated testing of Duke","messageBody":"","tags":["A-TextUiTesting"],"fileTypesAndContributionMap":{"txt":{"insertions":4,"deletions":0},"java":{"insertions":4,"deletions":4},"sh":{"insertions":0,"deletions":0}}},{"hash":"3437d66f56a93461e5808b708421b7bdfe854f68","messageTitle":"catch exceptions","messageBody":"","tags":["Level-5"],"fileTypesAndContributionMap":{"java":{"insertions":48,"deletions":16}}},{"hash":"856630a29f19b5a4f3eb0fe8ddd2c4201c3e8aea","messageTitle":"implemented delete command","messageBody":"","tags":["Level-6"],"fileTypesAndContributionMap":{"java":{"insertions":8,"deletions":1}}}]},{"date":"2023-01-20","commitResults":[{"hash":"7cbb6a333b22a811cd307569397b774443b1d526","messageTitle":"save task list in hard disk automatically","messageBody":"","tags":["Level-7"],"fileTypesAndContributionMap":{"java":{"insertions":53,"deletions":5}}}]},{"date":"2023-01-21","commitResults":[{"hash":"a30b294644ca19a8ac5afea2deaa353e2b11ee14","messageTitle":"change deadline dates as LOCALDATETIME","messageBody":"","fileTypesAndContributionMap":{"java":{"insertions":23,"deletions":7}}}]},{"date":"2023-01-28","commitResults":[{"hash":"362a52de5d619f31cdcbaf70f0f8d7238fb7f4db","messageTitle":"use more OOP","messageBody":"","tags":["A-MoreOOP"],"fileTypesAndContributionMap":{"txt":{"insertions":2,"deletions":0},"java":{"insertions":421,"deletions":143}}}]}]},"authorFileTypeContributionMap":{"gmengqi":{"java":507,"md":0,"fxml":0,"sh":0,"bat":0,"gradle":0,"txt":6}},"authorContributionVariance":{"gmengqi":18757.965},"authorDisplayNameMap":{"gmengqi":"CS2103T-T09-2 GAO ..NGQI"}}
