{"authorDailyContributionsMap":{"gmengqi":[{"date":"2023-01-15","commitResults":[{"hash":"5b4f5a8149b079adbd00b0462524229b633da8f7","messageTitle":"added type of tasks","messageBody":"","tags":["Level-4"],"fileTypesAndContributionMap":{"java":{"insertions":99,"deletions":21}}}]},{"date":"2023-01-16","commitResults":[{"hash":"94b80eb00f9f452444c5e9dcce5f8f75e735d000","messageTitle":"semi-automated testing of Duke","messageBody":"","tags":["A-TextUiTesting"],"fileTypesAndContributionMap":{"txt":{"insertions":4,"deletions":0},"java":{"insertions":4,"deletions":4},"sh":{"insertions":0,"deletions":0}}},{"hash":"3437d66f56a93461e5808b708421b7bdfe854f68","messageTitle":"catch exceptions","messageBody":"","tags":["Level-5"],"fileTypesAndContributionMap":{"java":{"insertions":48,"deletions":16}}},{"hash":"856630a29f19b5a4f3eb0fe8ddd2c4201c3e8aea","messageTitle":"implemented delete command","messageBody":"","tags":["Level-6"],"fileTypesAndContributionMap":{"java":{"insertions":8,"deletions":1}}}]},{"date":"2023-01-20","commitResults":[{"hash":"7cbb6a333b22a811cd307569397b774443b1d526","messageTitle":"save task list in hard disk automatically","messageBody":"","tags":["Level-7"],"fileTypesAndContributionMap":{"java":{"insertions":53,"deletions":5}}}]},{"date":"2023-01-21","commitResults":[{"hash":"a30b294644ca19a8ac5afea2deaa353e2b11ee14","messageTitle":"change deadline dates as LOCALDATETIME","messageBody":"","fileTypesAndContributionMap":{"java":{"insertions":23,"deletions":7}}}]},{"date":"2023-01-28","commitResults":[{"hash":"362a52de5d619f31cdcbaf70f0f8d7238fb7f4db","messageTitle":"use more OOP","messageBody":"","tags":["A-MoreOOP"],"fileTypesAndContributionMap":{"txt":{"insertions":2,"deletions":0},"java":{"insertions":421,"deletions":143}}},{"hash":"21dca9741ef3ac484f2fb408d5d4e0a976109892","messageTitle":"organise into packages","messageBody":"","tags":["A-Packages"],"fileTypesAndContributionMap":{"txt":{"insertions":7,"deletions":1},"java":{"insertions":100,"deletions":15},"bat":{"insertions":1,"deletions":1},"md":{"insertions":2,"deletions":2}}},{"hash":"cee432d933a44d6b44f4b2ac9ab79b0c48b283a2","messageTitle":"fix datetime issue in deadline","messageBody":"","fileTypesAndContributionMap":{"txt":{"insertions":3,"deletions":5},"java":{"insertions":30,"deletions":19}}}]},{"date":"2023-01-29","commitResults":[{"hash":"23c987270d0a7b017a395baf16f96b2b61f8b836","messageTitle":"add Junit Tests for Parser and TaskList class","messageBody":"","tags":["A-JUnit"],"fileTypesAndContributionMap":{"gradle":{"insertions":6,"deletions":0},"txt":{"insertions":1,"deletions":0},"java":{"insertions":106,"deletions":21}}},{"hash":"dced22fa01cfd8ac306ee865461efdc8e8e725e0","messageTitle":"create JAR file","messageBody":"","tags":["A-Jar"],"fileTypesAndContributionMap":{"txt":{"insertions":1,"deletions":3},"java":{"insertions":5,"deletions":8}}},{"hash":"103c4185663e13cef5518cbb219460cc2e151b51","messageTitle":"fornatted the code","messageBody":"","fileTypesAndContributionMap":{"java":{"insertions":56,"deletions":19}}},{"hash":"63f8c17183de626b431c16ece035ca4602a981e8","messageTitle":"formatted the code","messageBody":"","fileTypesAndContributionMap":{"java":{"insertions":4,"deletions":35}}},{"hash":"e135746793c783cef17aea61f1cda0bf1becaf51","messageTitle":"add JavaDoc","messageBody":"","fileTypesAndContributionMap":{"java":{"insertions":453,"deletions":22}}},{"hash":"745ab60d683c67fac9d49b192b9537b2ca09c404","messageTitle":"edit code to fit coding standard","messageBody":"","fileTypesAndContributionMap":{"java":{"insertions":143,"deletions":116}}},{"hash":"55bc42833de5db6d5d5489d69840e652db92d0f7","messageTitle":"find tasks by searching keyword","messageBody":"","fileTypesAndContributionMap":{"java":{"insertions":48,"deletions":0}}}]},{"date":"2023-02-01","commitResults":[{"hash":"a128d06c9b3e135673f66d49a1c23617530c7d64","messageTitle":"fix storage issue where deleted task not updated in txt file","messageBody":"","fileTypesAndContributionMap":{"txt":{"insertions":3,"deletions":4},"java":{"insertions":39,"deletions":3}}}]}]},"authorFileTypeContributionMap":{"gmengqi":{"java":1258,"md":2,"fxml":0,"sh":0,"bat":1,"gradle":11,"txt":8}},"authorContributionVariance":{"gmengqi":73040.45},"authorDisplayNameMap":{"gmengqi":"CS2103T-T09-2 GAO ..NGQI"}}
