{"authorDailyContributionsMap":{"gmengqi":[{"date":"2023-01-15","commitResults":[{"hash":"5b4f5a8149b079adbd00b0462524229b633da8f7","messageTitle":"added type of tasks","messageBody":"","tags":["Level-4"],"fileTypesAndContributionMap":{"java":{"insertions":99,"deletions":21}}}]},{"date":"2023-01-16","commitResults":[{"hash":"94b80eb00f9f452444c5e9dcce5f8f75e735d000","messageTitle":"semi-automated testing of Duke","messageBody":"","tags":["A-TextUiTesting"],"fileTypesAndContributionMap":{"txt":{"insertions":4,"deletions":0},"java":{"insertions":4,"deletions":4},"sh":{"insertions":0,"deletions":0}}},{"hash":"3437d66f56a93461e5808b708421b7bdfe854f68","messageTitle":"catch exceptions","messageBody":"","tags":["Level-5"],"fileTypesAndContributionMap":{"java":{"insertions":48,"deletions":16}}},{"hash":"856630a29f19b5a4f3eb0fe8ddd2c4201c3e8aea","messageTitle":"implemented delete command","messageBody":"","tags":["Level-6"],"fileTypesAndContributionMap":{"java":{"insertions":8,"deletions":1}}}]}]},"authorFileTypeContributionMap":{"gmengqi":{"java":134,"md":0,"fxml":0,"sh":0,"bat":0,"gradle":0,"txt":4}},"authorContributionVariance":{"gmengqi":2779.6875},"authorDisplayNameMap":{"gmengqi":"GAO ..NGQI"}}
