{"authorDailyContributionsMap":{"swx0":[{"date":"2023-01-14","commitResults":[{"hash":"079bcbbd84027bbd8317a98b6377dc39e620c99b","messageTitle":"Add greet, echo, exit","messageBody":"","tags":["Level-1"],"fileTypesAndContributionMap":{"java":{"insertions":61,"deletions":6}}}]},{"date":"2023-01-15","commitResults":[{"hash":"a8c1e4ec63c34018560860a522cfe39b44b410aa","messageTitle":"added Task, TaskList, statuses for message responses","messageBody":"","tags":["Level-2","A-Enums","A-Classes"],"fileTypesAndContributionMap":{"java":{"insertions":92,"deletions":7}}},{"hash":"101075523a6445d629251e4588fbc18b07a72f3c","messageTitle":"Add marking task as done or undone","messageBody":"","tags":["Level-3"],"fileTypesAndContributionMap":{"java":{"insertions":65,"deletions":12}}},{"hash":"cf91abb0f05fcb506de50d32a52f323eb5ce6410","messageTitle":"Add ToDos, Events, Deadlines tasks","messageBody":"","tags":["Level-4","A-Inheritance"],"fileTypesAndContributionMap":{"java":{"insertions":78,"deletions":8}}},{"hash":"ae3fd22d5e86b75992bd05bdb37e530e55146709","messageTitle":"Added header and end message lines for task messages","messageBody":"","fileTypesAndContributionMap":{"java":{"insertions":8,"deletions":1}}},{"hash":"79b6ac3085889d5e4960a8765cb71abd4334dfb3","messageTitle":"Added testing of text UI","messageBody":"","tags":["A-TextUiTesting"],"fileTypesAndContributionMap":{"txt":{"insertions":10,"deletions":0}}},{"hash":"2209a11946402d1cfb57e772f963fb4cd60c0e6d","messageTitle":"Added InvalidInputException for unknown user input","messageBody":"","fileTypesAndContributionMap":{"java":{"insertions":2,"deletions":0}}},{"hash":"ac1d84aa7d3e26ddec6f209d134f5dd7bb92ff55","messageTitle":"Added InvalidInputException for unknown user input","messageBody":"","tags":["A-Exceptions"],"fileTypesAndContributionMap":{"java":{"insertions":27,"deletions":8}}},{"hash":"b5aad393219071a1f83aec7f023866ca91f288b4","messageTitle":"Added InvalidDeadlineException, InvalidEventException and InvalidTodoException to handle errors for task inputs","messageBody":"","tags":["Level-5"],"fileTypesAndContributionMap":{"java":{"insertions":64,"deletions":11}}},{"hash":"78cc997ad2eec64e4e63f8cd0665afde715ac6d5","messageTitle":"Fixed formatting of Event toString method","messageBody":"","fileTypesAndContributionMap":{"java":{"insertions":1,"deletions":1}}},{"hash":"8b36e90360d61381d47e7ff783d3c2836256ca0e","messageTitle":"Updated TestUITesting for testing handling of errors","messageBody":"","fileTypesAndContributionMap":{"txt":{"insertions":2,"deletions":0}}}]},{"date":"2023-01-16","commitResults":[{"hash":"82ddc9a1138062b8c30f39fd3243eb42bc6c27fb","messageTitle":"Added delete tasks","messageBody":"","tags":["Level-6","A-Collections"],"fileTypesAndContributionMap":{"java":{"insertions":39,"deletions":9}}},{"hash":"a4791bf2f3751b304718a5019fed1d7b65f4d5e2","messageTitle":"Refactor generateMessage functions","messageBody":"","fileTypesAndContributionMap":{"java":{"insertions":27,"deletions":22}}}]},{"date":"2023-01-23","commitResults":[{"hash":"bae568b7d03b6d67c2eb399704d0e459323bbd3d","messageTitle":"Add saving and loading of tasks in disk","messageBody":"","tags":["Level-7"],"fileTypesAndContributionMap":{"txt":{"insertions":4,"deletions":0},"java":{"insertions":134,"deletions":5}}},{"hash":"0e795ff98fbc66b94da952ca8e5f4920fce6255e","messageTitle":"Change stored date and time from String to LocalDateTime objects","messageBody":"","tags":["Level-8"],"fileTypesAndContributionMap":{"txt":{"insertions":2,"deletions":2},"java":{"insertions":24,"deletions":9}}},{"hash":"ce4b97ca0cf7ad4e1a70a24bf5f2d728e68b15cb","messageTitle":"Refactor MessageProcessor to MessageGenerator and Parser objects","messageBody":"","tags":["A-MoreOOP"],"fileTypesAndContributionMap":{"txt":{"insertions":1,"deletions":4},"java":{"insertions":77,"deletions":51}}},{"hash":"6b9cc7289b35313e41b597d4cfc13ef4f4029b77","messageTitle":"Add packages","messageBody":"","tags":["A-Packages"],"fileTypesAndContributionMap":{"txt":{"insertions":3,"deletions":0},"java":{"insertions":58,"deletions":10}}},{"hash":"99a76954c9543f253ef3a408876e70b051a0438c","messageTitle":"removed text file from data folder","messageBody":"","fileTypesAndContributionMap":{"txt":{"insertions":0,"deletions":3}}}]}]},"authorFileTypeContributionMap":{"swx0":{"java":604,"md":0,"fxml":0,"sh":0,"bat":0,"gradle":0,"txt":13}},"authorContributionVariance":{"swx0":21779.604},"authorDisplayNameMap":{"swx0":"CS2103T-T17-1 SEE .. XUN"}}
