{"authorDailyContributionsMap":{"swx0":[{"date":"2023-01-14","commitResults":[{"hash":"079bcbbd84027bbd8317a98b6377dc39e620c99b","messageTitle":"Add greet, echo, exit","messageBody":"","tags":["Level-1"],"fileTypesAndContributionMap":{"java":{"insertions":61,"deletions":6}}}]},{"date":"2023-01-15","commitResults":[{"hash":"a8c1e4ec63c34018560860a522cfe39b44b410aa","messageTitle":"added Task, TaskList, statuses for message responses","messageBody":"","tags":["Level-2","A-Enums","A-Classes"],"fileTypesAndContributionMap":{"java":{"insertions":92,"deletions":7}}},{"hash":"101075523a6445d629251e4588fbc18b07a72f3c","messageTitle":"Add marking task as done or undone","messageBody":"","tags":["Level-3"],"fileTypesAndContributionMap":{"java":{"insertions":65,"deletions":12}}},{"hash":"cf91abb0f05fcb506de50d32a52f323eb5ce6410","messageTitle":"Add ToDos, Events, Deadlines tasks","messageBody":"","tags":["Level-4","A-Inheritance"],"fileTypesAndContributionMap":{"java":{"insertions":78,"deletions":8}}},{"hash":"ae3fd22d5e86b75992bd05bdb37e530e55146709","messageTitle":"Added header and end message lines for task messages","messageBody":"","fileTypesAndContributionMap":{"java":{"insertions":8,"deletions":1}}},{"hash":"79b6ac3085889d5e4960a8765cb71abd4334dfb3","messageTitle":"Added testing of text UI","messageBody":"","tags":["A-TextUiTesting"],"fileTypesAndContributionMap":{"txt":{"insertions":10,"deletions":0}}},{"hash":"2209a11946402d1cfb57e772f963fb4cd60c0e6d","messageTitle":"Added InvalidInputException for unknown user input","messageBody":"","fileTypesAndContributionMap":{"java":{"insertions":2,"deletions":0}}},{"hash":"ac1d84aa7d3e26ddec6f209d134f5dd7bb92ff55","messageTitle":"Added InvalidInputException for unknown user input","messageBody":"","tags":["A-Exceptions"],"fileTypesAndContributionMap":{"java":{"insertions":27,"deletions":8}}},{"hash":"b5aad393219071a1f83aec7f023866ca91f288b4","messageTitle":"Added InvalidDeadlineException, InvalidEventException and InvalidTodoException to handle errors for task inputs","messageBody":"","tags":["Level-5"],"fileTypesAndContributionMap":{"java":{"insertions":64,"deletions":11}}},{"hash":"78cc997ad2eec64e4e63f8cd0665afde715ac6d5","messageTitle":"Fixed formatting of Event toString method","messageBody":"","fileTypesAndContributionMap":{"java":{"insertions":1,"deletions":1}}},{"hash":"8b36e90360d61381d47e7ff783d3c2836256ca0e","messageTitle":"Updated TestUITesting for testing handling of errors","messageBody":"","fileTypesAndContributionMap":{"txt":{"insertions":2,"deletions":0}}}]},{"date":"2023-01-16","commitResults":[{"hash":"82ddc9a1138062b8c30f39fd3243eb42bc6c27fb","messageTitle":"Added delete tasks","messageBody":"","tags":["Level-6","A-Collections"],"fileTypesAndContributionMap":{"java":{"insertions":39,"deletions":9}}},{"hash":"a4791bf2f3751b304718a5019fed1d7b65f4d5e2","messageTitle":"Refactor generateMessage functions","messageBody":"","fileTypesAndContributionMap":{"java":{"insertions":27,"deletions":22}}}]},{"date":"2023-01-23","commitResults":[{"hash":"bae568b7d03b6d67c2eb399704d0e459323bbd3d","messageTitle":"Add saving and loading of tasks in disk","messageBody":"","tags":["Level-7"],"fileTypesAndContributionMap":{"txt":{"insertions":4,"deletions":0},"java":{"insertions":134,"deletions":5}}},{"hash":"0e795ff98fbc66b94da952ca8e5f4920fce6255e","messageTitle":"Change stored date and time from String to LocalDateTime objects","messageBody":"","tags":["Level-8"],"fileTypesAndContributionMap":{"txt":{"insertions":2,"deletions":2},"java":{"insertions":24,"deletions":9}}},{"hash":"ce4b97ca0cf7ad4e1a70a24bf5f2d728e68b15cb","messageTitle":"Refactor MessageProcessor to MessageGenerator and Parser objects","messageBody":"","tags":["A-MoreOOP"],"fileTypesAndContributionMap":{"txt":{"insertions":1,"deletions":4},"java":{"insertions":77,"deletions":51}}},{"hash":"6b9cc7289b35313e41b597d4cfc13ef4f4029b77","messageTitle":"Add packages","messageBody":"","tags":["A-Packages"],"fileTypesAndContributionMap":{"txt":{"insertions":3,"deletions":0},"java":{"insertions":58,"deletions":10}}},{"hash":"99a76954c9543f253ef3a408876e70b051a0438c","messageTitle":"removed text file from data folder","messageBody":"","fileTypesAndContributionMap":{"txt":{"insertions":0,"deletions":3}}}]},{"date":"2023-01-24","commitResults":[{"hash":"4255face0055d7c3a513beab1023cb3806b11c53","messageTitle":"Merge add-gradle-support branch","messageBody":"","tags":["A-Gradle"],"fileTypesAndContributionMap":{"gradle":{"insertions":1,"deletions":1},"txt":{"insertions":2,"deletions":1}}},{"hash":"28e4d0effe0caaa9886c3a4c764e388e7e17e010","messageTitle":"Add duke package","messageBody":"","fileTypesAndContributionMap":{"gradle":{"insertions":1,"deletions":1},"txt":{"insertions":5,"deletions":2},"java":{"insertions":37,"deletions":35},"bat":{"insertions":5,"deletions":2}}},{"hash":"36d9a3cf6ccbdbf18027b5c711be70af83cba078","messageTitle":"Add JUnit tests","messageBody":"","tags":["A-JUnit"],"fileTypesAndContributionMap":{"java":{"insertions":48,"deletions":3}}},{"hash":"9f4c3f63e6361ac5d8d590505a2e85d6e5a2af6c","messageTitle":"Delete extra imports from JUnit test","messageBody":"","tags":["A-Jar"],"fileTypesAndContributionMap":{"java":{"insertions":0,"deletions":3}}},{"hash":"94a8965b91639984b196deab9aa07376a5659235","messageTitle":"Reformat code","messageBody":"","tags":["A-CodingStandard"],"fileTypesAndContributionMap":{"java":{"insertions":47,"deletions":40}}}]},{"date":"2023-01-25","commitResults":[{"hash":"a54ebdaf8b3ec55e6361fcadfff9d33eda53d826","messageTitle":"Add JavaDoc for classes and methods","messageBody":"","tags":["A-JavaDoc"],"fileTypesAndContributionMap":{"java":{"insertions":164,"deletions":42}}},{"hash":"39bac4fac89cf1d0ed064cebae1d4a329e29d13e","messageTitle":"Add finding tasks by keyword","messageBody":"","tags":["Level-9"],"fileTypesAndContributionMap":{"txt":{"insertions":3,"deletions":0},"java":{"insertions":75,"deletions":32}}},{"hash":"67b0d50cdba562fa238deaee5c29fb1d3361c7ee","messageTitle":"Fix switch indentations","messageBody":"","fileTypesAndContributionMap":{"java":{"insertions":60,"deletions":60}}}]},{"date":"2023-01-30","commitResults":[{"hash":"3a8d95655f80fe7b82b75a45db3fb6afb658aa87","messageTitle":"Add GUI","messageBody":"","tags":["Level-10"],"fileTypesAndContributionMap":{"gradle":{"insertions":15,"deletions":0},"txt":{"insertions":2,"deletions":0},"fxml":{"insertions":35,"deletions":0},"java":{"insertions":178,"deletions":25}}}]},{"date":"2023-02-08","commitResults":[{"hash":"adff283dacc94006b1bcc7914bbd806002253c33","messageTitle":"change mainClassName in build.gradle for JavaFX","messageBody":"","fileTypesAndContributionMap":{"gradle":{"insertions":1,"deletions":1}}},{"hash":"188d9552d82ff487c49ace9a38b7bbae6bc05aee","messageTitle":"Add assertions To check if assumptions hold Ensure the correctness of the program. If assertion fails, program will terminate","messageBody":"","tags":["A-FullCommitMessage","A-Assertions"],"fileTypesAndContributionMap":{"java":{"insertions":2,"deletions":0}}},{"hash":"ba365469a0bbfae9d7012437e28c33de1f605e58","messageTitle":"Refactor code To improve readability and simplify logic","messageBody":"","tags":["A-CodeQuality"],"fileTypesAndContributionMap":{"java":{"insertions":16,"deletions":17}}},{"hash":"2f26ab236f8f9e7a69bf3411ae753ad4904abb7e","messageTitle":"Add sorting tasks by start date","messageBody":"","tags":["C-Sort","BCD-Extension"],"fileTypesAndContributionMap":{"txt":{"insertions":1,"deletions":6},"java":{"insertions":47,"deletions":2}}},{"hash":"e583afde7336a8cd50bedda65389c8911671f2a5","messageTitle":"Update gitignore","messageBody":"","fileTypesAndContributionMap":{"txt":{"insertions":1,"deletions":0}}},{"hash":"a27cb0ffe18606973364119b732af90222783db5","messageTitle":"Delete tasklist.txt","messageBody":"","fileTypesAndContributionMap":{"txt":{"insertions":0,"deletions":3}}}]},{"date":"2023-02-13","commitResults":[{"hash":"db07eb5383e475395755a266837d3900323f8643","messageTitle":"Update readme","messageBody":"","tags":["A-UserGuide","A-Release"],"fileTypesAndContributionMap":{"md":{"insertions":150,"deletions":10}}},{"hash":"6e208b214ed87950682492238a2000873f624990","messageTitle":"Update readme","messageBody":"","fileTypesAndContributionMap":{"md":{"insertions":1,"deletions":1}}}]}]},"authorFileTypeContributionMap":{"swx0":{"java":1011,"md":142,"fxml":35,"sh":0,"bat":5,"gradle":16,"txt":15}},"authorContributionVariance":{"swx0":16398.787},"authorDisplayNameMap":{"swx0":"CS2103T-T17-1 SEE .. XUN"}}
