{"authorDailyContributionsMap":{"minosx31":[{"date":"2023-01-20","commitResults":[{"hash":"20f5511e85c020c5fe99842aa5fc5d1918b13304","messageTitle":"Increment Level-1","messageBody":"","tags":["Level-1"],"fileTypesAndContributionMap":{"java":{"insertions":15,"deletions":1}}},{"hash":"a8bfb6eb446338e300f0437ddf5341cffa880cb1","messageTitle":"Increment Level-2","messageBody":"","tags":["Level-2"],"fileTypesAndContributionMap":{"java":{"insertions":29,"deletions":1}}}]},{"date":"2023-01-21","commitResults":[{"hash":"692ba50d623f4e3e6b22381bee886b6e2e7ab169","messageTitle":"Increment Level-3","messageBody":"","tags":["Level-3"],"fileTypesAndContributionMap":{"java":{"insertions":50,"deletions":2}}}]},{"date":"2023-01-29","commitResults":[{"hash":"ba532a79f026dcdaea26c7136596d7db791781fe","messageTitle":"Increment Level-4","messageBody":"","tags":["Level-4"],"fileTypesAndContributionMap":{"java":{"insertions":102,"deletions":10}}},{"hash":"5c83cd4290f9c9add6a449d9fb24fc6bb26e9fa8","messageTitle":"Increment A-TextUiTesting","messageBody":"","tags":["A-TextUiTesting"],"fileTypesAndContributionMap":{"txt":{"insertions":1,"deletions":0},"java":{"insertions":0,"deletions":1}}}]},{"date":"2023-01-30","commitResults":[{"hash":"6e2313a00a009003d58ebc8ef4206a16ce638e16","messageTitle":"Increment Level-5","messageBody":"","tags":["Level-5"],"fileTypesAndContributionMap":{"java":{"insertions":74,"deletions":47}}},{"hash":"39b9f2b380ff6515662a584529e01a6f0d654dc5","messageTitle":"Increment Level-6","messageBody":"","tags":["Level-6"],"fileTypesAndContributionMap":{"java":{"insertions":9,"deletions":1}}}]},{"date":"2023-02-01","commitResults":[{"hash":"2d78f9f881a0339add1e17150889c2e774e562e8","messageTitle":"Increment A-Enums","messageBody":"","tags":["A-Enums"],"fileTypesAndContributionMap":{"java":{"insertions":77,"deletions":111}}}]},{"date":"2023-02-03","commitResults":[{"hash":"6624acd0c2b1de76e08dd0c55b8fe0b73e7e58ac","messageTitle":"Increment Level-7","messageBody":"","tags":["Level-7"],"fileTypesAndContributionMap":{"java":{"insertions":109,"deletions":11}}}]},{"date":"2023-02-04","commitResults":[{"hash":"d3fcbc3b408994c2a0adc189005ce0c63b902412","messageTitle":"Increment Level-8","messageBody":"","tags":["Level-8"],"fileTypesAndContributionMap":{"java":{"insertions":22,"deletions":3}}},{"hash":"798798cc06aa6de72b5858e68843c69129b95818","messageTitle":"Merge branch-Level-7 and branch-Level-8","messageBody":"","fileTypesAndContributionMap":{"java":{"insertions":0,"deletions":2}}}]},{"date":"2023-02-06","commitResults":[{"hash":"1516c2501ca755282dd6905f47d3627319ecccd2","messageTitle":"Increment A-MoreOOP","messageBody":"","tags":["A-MoreOOP"],"fileTypesAndContributionMap":{"java":{"insertions":285,"deletions":138}}},{"hash":"7015af7c2a25dfd37581f7658600e03af10dd43a","messageTitle":"Increment A-Packages","messageBody":"","tags":["A-Packages"],"fileTypesAndContributionMap":{"java":{"insertions":1,"deletions":1}}},{"hash":"b4df4e1b1d52652533b34240c99729b6f09bcdf1","messageTitle":"Increment A-Gradle","messageBody":"","tags":["A-Gradle"],"fileTypesAndContributionMap":{"gradle":{"insertions":2,"deletions":2},"txt":{"insertions":0,"deletions":0},"bat":{"insertions":1,"deletions":1},"md":{"insertions":2,"deletions":2}}},{"hash":"f41c3a1dc2dc9b1d9743f23751e83a9959657c46","messageTitle":"Increment A-JUnit","messageBody":"","tags":["A-JUnit"],"fileTypesAndContributionMap":{"java":{"insertions":72,"deletions":2}}}]},{"date":"2023-02-07","commitResults":[{"hash":"2d45c18679569ba9ee7589e6f2b15c5d65af5f84","messageTitle":"Increment A-Jar","messageBody":"","tags":["A-Jar"],"fileTypesAndContributionMap":{"gradle":{"insertions":15,"deletions":0},"java":{"insertions":1,"deletions":1}}}]},{"date":"2023-02-08","commitResults":[{"hash":"9549064659106479b68ff5c885aa1012d5636b2e","messageTitle":"Added JavaDoc comments","messageBody":"","tags":["A-JavaDoc"],"fileTypesAndContributionMap":{"java":{"insertions":130,"deletions":1}}},{"hash":"ab80dc6dd9fb16899860c05233da77333f152d70","messageTitle":"Follow coding standard","messageBody":"","tags":["A-CodingStandard"],"fileTypesAndContributionMap":{"java":{"insertions":8,"deletions":7}}},{"hash":"f66d524c94bc94fe226cd4ca7b505cc2b48a9d72","messageTitle":"Increment Level-9","messageBody":"","tags":["Level-9"],"fileTypesAndContributionMap":{"java":{"insertions":32,"deletions":0}}}]},{"date":"2023-02-11","commitResults":[{"hash":"9a591e7c501a12333071130074c3d3318c88cdef","messageTitle":"Increment A-CheckStyle","messageBody":"","tags":["A-CheckStyle"],"fileTypesAndContributionMap":{"gradle":{"insertions":5,"deletions":1},"java":{"insertions":60,"deletions":24},"md":{"insertions":2,"deletions":2}}}]},{"date":"2023-02-14","commitResults":[{"hash":"54d9c9bee5f02bd805fdc6515ae3fa07888689eb","messageTitle":"Increment Level-10","messageBody":"","tags":["Level-10"],"fileTypesAndContributionMap":{"gradle":{"insertions":1,"deletions":1},"fxml":{"insertions":35,"deletions":0},"java":{"insertions":498,"deletions":97}}}]}]},"authorFileTypeContributionMap":{"minosx31":{"java":1127,"md":0,"fxml":35,"sh":0,"bat":1,"gradle":21,"txt":1}},"authorContributionVariance":{"minosx31":19700.227},"authorDisplayNameMap":{"minosx31":"CS2103T-W10-3 NEO .. HAO"}}
