{"authorDailyContributionsMap":{"wendy0107":[{"date":"2023-01-18","commitResults":[{"hash":"4e211d9f920332f33ba1b70ea3d1cf5cf41814b3","messageTitle":"Implemented Level 1: Greet, Echo, Exit","messageBody":"","tags":["Level-1"],"fileTypesAndContributionMap":{"java":{"insertions":37,"deletions":3}}},{"hash":"44ee60b31bb2fb34647cb7ec477d23d47960715c","messageTitle":"Implemented Add and List","messageBody":"","tags":["Level-2"],"fileTypesAndContributionMap":{"java":{"insertions":38,"deletions":9}}},{"hash":"ced270c5018fbab6c347dea06c8d669f4bfbac16","messageTitle":"Implemented Level 3: Mark as Done","messageBody":"","tags":["Level-3"],"fileTypesAndContributionMap":{"java":{"insertions":74,"deletions":5}}}]},{"date":"2023-01-19","commitResults":[{"hash":"4e9fb8dcbcad6da0c8a8db478959cbf502f30227","messageTitle":"Implemented Level 4: Todo, Event, Deadline","messageBody":"","tags":["Level-4"],"fileTypesAndContributionMap":{"java":{"insertions":180,"deletions":16}}},{"hash":"17cfea36ec27baf561cdeb18097f26e5cd238441","messageTitle":"Added A-TextUiTesting","messageBody":"","tags":["A-TextUiTesting"],"fileTypesAndContributionMap":{"txt":{"insertions":11,"deletions":0}}},{"hash":"e01b7abecc1f2454370ccb66af99bf80014348b4","messageTitle":"Created some exceptions","messageBody":"","fileTypesAndContributionMap":{"java":{"insertions":28,"deletions":0}}},{"hash":"8960db8c976d5eba080d8e8b7c1ec541541343bf","messageTitle":"Fixed typos","messageBody":"","fileTypesAndContributionMap":{"txt":{"insertions":0,"deletions":1}}},{"hash":"57a6728aa4b642b8e101cbb6b7254ac6e5c1b606","messageTitle":"Modified classes to handle exceptions and fixed minor typos","messageBody":"","tags":["Level-5"],"fileTypesAndContributionMap":{"java":{"insertions":146,"deletions":118}}},{"hash":"ea6588e32d6d7a9b1e1967561ab56b3444bb9725","messageTitle":"Implemented Delete","messageBody":"","fileTypesAndContributionMap":{"java":{"insertions":26,"deletions":11}}},{"hash":"57f0cffe1d448fb7281e5263e3fb78ca28bd43f7","messageTitle":"Updated to handle delete exceptions","messageBody":"","tags":["Level-6"],"fileTypesAndContributionMap":{"java":{"insertions":2,"deletions":2}}}]}]},"authorFileTypeContributionMap":{"wendy0107":{"java":370,"md":0,"fxml":0,"sh":0,"bat":0,"gradle":0,"txt":10}},"authorContributionVariance":{"wendy0107":35547.145},"authorDisplayNameMap":{"wendy0107":"CS2103T-W12-2 NG W..N LI"}}
