{"authorDailyContributionsMap":{"nramapurath":[{"date":"2023-01-19","commitResults":[{"hash":"46f2d49ad51626db981a234ca02b41e41e84b312","messageTitle":"Implement basic echo functionality","messageBody":"","tags":["Level-1"],"fileTypesAndContributionMap":{"java":{"insertions":29,"deletions":1}}},{"hash":"a79cc149b3d81958405d4bb6c0540ff14671f376","messageTitle":"Implement adding and listing tasks","messageBody":"","tags":["Level-2"],"fileTypesAndContributionMap":{"java":{"insertions":12,"deletions":1}}},{"hash":"f5cbbad20cb2f21e301b83d57e06030ca8c67e8a","messageTitle":"Add javadocs in Duke.java","messageBody":"","fileTypesAndContributionMap":{"java":{"insertions":16,"deletions":1}}},{"hash":"889c432f273869eb62b8ef689fe156dd3478587a","messageTitle":"Add class to represent tasks","messageBody":"","tags":["A-Classes"],"fileTypesAndContributionMap":{"java":{"insertions":30,"deletions":0}}},{"hash":"2f43e0604eeb9efedcc22d34e7db0d40252b8697","messageTitle":"Implement marking tasks","messageBody":"","tags":["Level-3"],"fileTypesAndContributionMap":{"java":{"insertions":32,"deletions":4}}}]},{"date":"2023-01-20","commitResults":[{"hash":"2ea39e249cf4db8ac3df4a409d7f4f0fac2f617c","messageTitle":"Add support for task types","messageBody":"","tags":["Level-4"],"fileTypesAndContributionMap":{"java":{"insertions":113,"deletions":15}}},{"hash":"a1d689b2be90458aa8fe961cc31798de2f3825a8","messageTitle":"Add basic tests for Duke","messageBody":"","tags":["A-TextUiTesting"],"fileTypesAndContributionMap":{"txt":{"insertions":7,"deletions":0}}},{"hash":"94d5dc076df30c8e876c5544c4037ee41e777f60","messageTitle":"Modify print indentations","messageBody":"","fileTypesAndContributionMap":{"java":{"insertions":12,"deletions":12}}},{"hash":"b784fd0785cbabbb06f74891a91bb984ac923ed4","messageTitle":"Refactor task creation into separate functions","messageBody":"","fileTypesAndContributionMap":{"java":{"insertions":72,"deletions":52}}},{"hash":"8998d839e50da4920719269ca95c29ce51f9dc62","messageTitle":"Create DukeException","messageBody":"","fileTypesAndContributionMap":{"java":{"insertions":14,"deletions":0}}},{"hash":"13e869a4f2c407d996eaca646470c17629fbfd07","messageTitle":"Error handling for empty todo and invalid input","messageBody":"","tags":["Level-5"],"fileTypesAndContributionMap":{"java":{"insertions":60,"deletions":20}}},{"hash":"2a695155848e3200620408c35e56e4850eee87d3","messageTitle":"Correct test case to match new error message","messageBody":"","fileTypesAndContributionMap":{"txt":{"insertions":2,"deletions":0}}},{"hash":"2624de7d7ecb7d41acfed510f8de700c5908feb4","messageTitle":"Add support for deleting tasks","messageBody":"","tags":["Level-6"],"fileTypesAndContributionMap":{"java":{"insertions":23,"deletions":2}}},{"hash":"b930a0ae6c163d9b8b1fa538e00ad1bfb076e68d","messageTitle":"Add test for deleting tasks","messageBody":"","fileTypesAndContributionMap":{"txt":{"insertions":2,"deletions":0}}},{"hash":"7d08d9da8431e087e799ce7e1cc675a02e51369b","messageTitle":"Fix indentation in switch statement","messageBody":"","fileTypesAndContributionMap":{"java":{"insertions":20,"deletions":20}}}]},{"date":"2023-01-30","commitResults":[{"hash":"455ef5c6f10dd792b0d837606bb8e5a2fd8aad97","messageTitle":"Add save functionality","messageBody":"","tags":["Level-7"],"fileTypesAndContributionMap":{"java":{"insertions":203,"deletions":19}}}]},{"date":"2023-01-31","commitResults":[{"hash":"318b60752e93f748c11492c8a50e0e9fd7bc5d73","messageTitle":"Add date time support","messageBody":"","tags":["Level-8"],"fileTypesAndContributionMap":{"java":{"insertions":22,"deletions":8}}},{"hash":"9f89804cc56ea9c344147fd2e9e775f9bfe4eda4","messageTitle":"Fix datetime storage format","messageBody":"","fileTypesAndContributionMap":{"java":{"insertions":5,"deletions":7}}},{"hash":"7a6ef01f0f643ffffb3021cc15a479e5fadf852b","messageTitle":"Refactor most interactions to Ui class","messageBody":"","fileTypesAndContributionMap":{"java":{"insertions":225,"deletions":186}}}]},{"date":"2023-02-01","commitResults":[{"hash":"5a6ab359f22e726fa8e70bf8aab0e23f36c699bc","messageTitle":"Refactor user command parsing to Parser class","messageBody":"","tags":["A-MoreOOP"],"fileTypesAndContributionMap":{"java":{"insertions":124,"deletions":52}}},{"hash":"3bc350fa1bd757397604383c54e9a2595f39d861","messageTitle":"Edit test files","messageBody":"","fileTypesAndContributionMap":{"txt":{"insertions":5,"deletions":2}}},{"hash":"52776f0f6f44ddcf19340d5cc4df1a070d308cce","messageTitle":"Divide classes into packages","messageBody":"","tags":["A-Packages"],"fileTypesAndContributionMap":{"java":{"insertions":62,"deletions":61},"bat":{"insertions":1,"deletions":1},"md":{"insertions":2,"deletions":2}}},{"hash":"448e8cfdac5cafde1fe0e28203361ef0bcc5872d","messageTitle":"Change application main class name to match directory structure","messageBody":"","fileTypesAndContributionMap":{"gradle":{"insertions":1,"deletions":1}}},{"hash":"cb31b891c0b998db793e66b64f03b369b02785e8","messageTitle":"Add JUnit Tests for Tasks and TaskList","messageBody":"","tags":["A-JUnit"],"fileTypesAndContributionMap":{"java":{"insertions":85,"deletions":0}}}]},{"date":"2023-02-02","commitResults":[{"hash":"fe5b0a48c4e7a26a00abb4787d404fac2ede5d02","messageTitle":"Add JavaDoc comments","messageBody":"","tags":["A-JavaDoc"],"fileTypesAndContributionMap":{"java":{"insertions":203,"deletions":22}}},{"hash":"49aedae225d47b5b428fc06593f4c74d480436f4","messageTitle":"Edit to comply with coding standard","messageBody":"","tags":["A-CodingStandard"],"fileTypesAndContributionMap":{"java":{"insertions":50,"deletions":32}}},{"hash":"5ab84b71ccc612b6a97c4b82f58b5face924b3b9","messageTitle":"Implement find task functionality","messageBody":"","fileTypesAndContributionMap":{"java":{"insertions":36,"deletions":2}}}]},{"date":"2023-02-06","commitResults":[{"hash":"2440559a8f64ffbd028e13219107e91172e6902b","messageTitle":"Use CheckStyle","messageBody":"","tags":["A-CheckStyle"],"fileTypesAndContributionMap":{"gradle":{"insertions":5,"deletions":0},"java":{"insertions":68,"deletions":39}}}]},{"date":"2023-02-09","commitResults":[{"hash":"2d9a7ae3bc7ee69ea18d69d0b3087e426778d180","messageTitle":"Add JavaFX and GUI (in sample echo code)","messageBody":"","fileTypesAndContributionMap":{"gradle":{"insertions":15,"deletions":0},"fxml":{"insertions":35,"deletions":0},"java":{"insertions":283,"deletions":1}}}]},{"date":"2023-02-10","commitResults":[{"hash":"49e35d18fb6083e918747057ca21e87f9370e25b","messageTitle":"Implement Duke through GUI","messageBody":"","fileTypesAndContributionMap":{"java":{"insertions":113,"deletions":54}}},{"hash":"593220b1a9a73f748e82e627d1519010bbc87e1d","messageTitle":"Make minor visual tweaks","messageBody":"","fileTypesAndContributionMap":{"java":{"insertions":13,"deletions":8}}}]},{"date":"2023-02-13","commitResults":[{"hash":"255f5f27bb79dfdaa6152dc2972945fb3f478284","messageTitle":"Add assertions","messageBody":"","fileTypesAndContributionMap":{"java":{"insertions":8,"deletions":0}}},{"hash":"47341f6484b5fce1c7514e2b6efdba81f14000f4","messageTitle":"Improve code quality","messageBody":"","fileTypesAndContributionMap":{"java":{"insertions":29,"deletions":17}}}]},{"date":"2023-02-15","commitResults":[{"hash":"585b8a0a2ce7be666832c926042d25ad7db93f71","messageTitle":"Edit build.gradle to fix jar","messageBody":"","tags":["v0.3","A-FullCommitMessage"],"fileTypesAndContributionMap":{"gradle":{"insertions":1,"deletions":1},"java":{"insertions":0,"deletions":10}}}]}]},"authorFileTypeContributionMap":{"nramapurath":{"java":1324,"md":2,"fxml":35,"sh":0,"bat":1,"gradle":21,"txt":14}},"authorContributionVariance":{"nramapurath":20500.887},"authorDisplayNameMap":{"nramapurath":"CS2103T-T12-2 NAVA..RATH"}}
