{"authorDailyContributionsMap":{"jinbesan":[{"date":"2023-01-20","commitResults":[{"hash":"9dda6008276fa894b5c3aca6ee3ddb5918493112","messageTitle":"Added Greet, Echo, Exit","messageBody":"","fileTypesAndContributionMap":{"java":{"insertions":21,"deletions":0}}},{"hash":"95867dd45ac05f9998f1fecd8f027926624914fe","messageTitle":"Fixed bugs under Level-1","messageBody":"","tags":["Level-1"],"fileTypesAndContributionMap":{"java":{"insertions":1,"deletions":1}}},{"hash":"4e5f6088bcab5df3f3b3ea75c4b33885d8519ab6","messageTitle":"Added add item to list, and list","messageBody":"","tags":["Level-2"],"fileTypesAndContributionMap":{"java":{"insertions":16,"deletions":3}}},{"hash":"77e95903f58a92a876aa62804c6499fe86a80126","messageTitle":"Added Task class as abstraction for Task (Task.java) Added mark and unmark functions for list","messageBody":"","tags":["Level-3"],"fileTypesAndContributionMap":{"java":{"insertions":46,"deletions":2}}},{"hash":"59a4d3f894c1d6e0296adba739d99975852d8d2f","messageTitle":"Added subclasses of Task: Todo, Deadline, Event. User can now list whether the Task is Todo, Deadline, or Event and specify a time for the latter two.","messageBody":"","tags":["Level-4"],"fileTypesAndContributionMap":{"java":{"insertions":67,"deletions":3}}}]},{"date":"2023-01-21","commitResults":[{"hash":"5f8a3185794d2cf6a4ffb07bf808a8c12a3097fe","messageTitle":"Duke.java: Reformatted code to make it neater and streamlined.","messageBody":"Added DukeException.java:\nprovide Duke-specific exception handling\n","tags":["Level-5","A-Exceptions","A-Collections"],"fileTypesAndContributionMap":{"java":{"insertions":100,"deletions":62}}},{"hash":"81eaa404398fa6da501e91c68df3065b3dfd8c9a","messageTitle":"Duke.java: Added \"remove\" command Added additional exceptions where time was not specified for Deadline or Event","messageBody":"","tags":["Level-6"],"fileTypesAndContributionMap":{"java":{"insertions":33,"deletions":0}}},{"hash":"0f0e0e71268233ce71268f2f245fd3f0cb027c51","messageTitle":"Added text-ui testing","messageBody":"","tags":["A-TextUiTesting"],"fileTypesAndContributionMap":{"txt":{"insertions":21,"deletions":0}}}]},{"date":"2023-01-27","commitResults":[{"hash":"3a50320f2e277fa7042a6d39840838ef12beb56a","messageTitle":"Restructured Duke.java into more classes to implement OOP classes gitignore data folder added storage function (save and load) (Storage.java)","messageBody":"","tags":["Level-7","A-MoreOOP"],"fileTypesAndContributionMap":{"java":{"insertions":472,"deletions":147}}},{"hash":"d5387bdb9ec23c14d95a7c5a1cb0f3eceb15b452","messageTitle":"Organized classes into packages","messageBody":"","tags":["A-Packages"],"fileTypesAndContributionMap":{"java":{"insertions":64,"deletions":3}}},{"hash":"6dcc6dc0df063283e031e45c7cd4457d11822a3f","messageTitle":"Changed Deadline to only accept valid dates","messageBody":"","tags":["Level-8"],"fileTypesAndContributionMap":{"java":{"insertions":23,"deletions":6}}}]},{"date":"2023-01-30","commitResults":[{"hash":"5f2b1d4c83ddedbbf66443ebe3435117b982fe1f","messageTitle":"Added ParserTest.java to test Parser.parse UiTest.java to test ui.showDeleteTask","messageBody":"","tags":["A-JUnit"],"fileTypesAndContributionMap":{"gradle":{"insertions":1,"deletions":0},"java":{"insertions":91,"deletions":0}}}]},{"date":"2023-01-31","commitResults":[{"hash":"613f112e47648cb1ab4c309e2500f25aafdbecf1","messageTitle":"Edited build.gradle to create the correct jar file","messageBody":"","tags":["A-Jar"],"fileTypesAndContributionMap":{"gradle":{"insertions":1,"deletions":1}}},{"hash":"21d669d0012bc26e16aaf83311cc1036483dda23","messageTitle":"Added Javadocs","messageBody":"","fileTypesAndContributionMap":{"java":{"insertions":204,"deletions":6}}},{"hash":"162d05fccdf71c845ba5faebdce4e796df4f8478","messageTitle":"Revert \"Added Javadocs\"","messageBody":"This reverts commit 21d669d0012bc26e16aaf83311cc1036483dda23.\n","fileTypesAndContributionMap":{"java":{"insertions":6,"deletions":204}}},{"hash":"1a668895e0dd7a7502224f843781a6e138b633fa","messageTitle":"Revert \"Revert \"Added Javadocs\"\"","messageBody":"This reverts commit 162d05fccdf71c845ba5faebdce4e796df4f8478.\n","tags":["A-JavaDoc"],"fileTypesAndContributionMap":{"java":{"insertions":204,"deletions":6}}},{"hash":"266d3af37989066b24a6ac77a52d1129a8e62a89","messageTitle":"Changed code to adhere to Coding Standards","messageBody":"","tags":["A-CodingStandard"],"fileTypesAndContributionMap":{"java":{"insertions":2,"deletions":9}}},{"hash":"e4aef5858229fe9f171905ce6adb112262f59798","messageTitle":"Added a Find function to find tasks which description contains a specified keyword.","messageBody":"","tags":["Level-9"],"fileTypesAndContributionMap":{"java":{"insertions":65,"deletions":0}}},{"hash":"b425799a832eed9541ae6b544d73d0c682cb0a53","messageTitle":"Added CheckStyle plugin to IntelliJ","messageBody":"","tags":["A-CheckStyle"],"fileTypesAndContributionMap":{"gradle":{"insertions":9,"deletions":0},"java":{"insertions":6,"deletions":0}}}]},{"date":"2023-02-03","commitResults":[{"hash":"4d82f8cd5ada1fd45a5e201eec2a03b03389d491","messageTitle":"Added javafx UI to application, main application in Duke and launched from Launcher. void print commands in Ui are now replaced to return strings.","messageBody":"","tags":["Level-10"],"fileTypesAndContributionMap":{"gradle":{"insertions":21,"deletions":0},"java":{"insertions":255,"deletions":87}}}]},{"date":"2023-02-07","commitResults":[{"hash":"30994c7f968260b617e3ae3980cb5728e3ae571f","messageTitle":"no message","messageBody":"","fileTypesAndContributionMap":{"gradle":{"insertions":2,"deletions":6}}},{"hash":"cc357fea00f2d4d087dfb220fe497e8f9292d34e","messageTitle":"Add Java asserts","messageBody":"No use of assert statements in program code\n\nInsufficient testing for bugs caused by the programmer in the code.\n\nLet\u0027s add Java asserts to define assumptions in the program code, like\nmaking sure the Command is not null.\n\nUsing Java asserts allows the runtime to verify these assumptions and\nhelp find bugs in the code.\n","tags":["A-Assertions"],"fileTypesAndContributionMap":{"java":{"insertions":62,"deletions":70}}}]},{"date":"2023-02-08","commitResults":[{"hash":"16b6bfc13f09fe91594f00e5ec7da4cd790cd14f","messageTitle":"Improve code quality","messageBody":"","tags":["A-CodeQuality"],"fileTypesAndContributionMap":{"java":{"insertions":4,"deletions":8}}}]},{"date":"2023-02-09","commitResults":[{"hash":"5aa5e2fb3258c168f6f19019de68870b7c0d87ed","messageTitle":"Add specific help command for different commands","messageBody":"Help message only displayed when app starts, and all of the information\nis in that 1 message.\n\nThere is a need to scroll all the way to the beginning if the user\nforgets how to use a command. It is also very cluttered with\ninformation on how to use the commands.\n\nLet\u0027s add specific help commands like help [command], and change\nhelp prompt on app start to something more concise.\n\nKeeping the starting help prompt tidy will allow users to quickly\nnavigate to what they want, and help requests for specific commands\nwill allow more detailed explanations and examples on how to use\nthe command.\n","tags":["C-Help","BCD-Extension","A-FullCommitMessage","A-Enums"],"fileTypesAndContributionMap":{"java":{"insertions":362,"deletions":44}}}]},{"date":"2023-02-18","commitResults":[{"hash":"555a96ce57feb65946fff9b901f1864ad39bf796","messageTitle":"Changed UI to become wider and taller for better visibility Added App Icon Changed App personality","messageBody":"","tags":["A-Personality","A-BetterGui"],"fileTypesAndContributionMap":{"java":{"insertions":24,"deletions":16}}},{"hash":"89f8b2867f313b086513d84c867c09388e5e9ef3","messageTitle":"Updated user guide, added product screenshot","messageBody":"","tags":["A-UserGuide"],"fileTypesAndContributionMap":{"md":{"insertions":150,"deletions":11}}},{"hash":"85b0fe849964bc8c7d543245a8eced72ca286aec","messageTitle":"no message","messageBody":"","tags":["A-Release"],"fileTypesAndContributionMap":{"java":{"insertions":1,"deletions":8}}}]}]},"authorFileTypeContributionMap":{"jinbesan":{"java":1452,"md":143,"fxml":0,"sh":0,"bat":0,"gradle":30,"txt":21}},"authorContributionVariance":{"jinbesan":33130.88},"authorDisplayNameMap":{"jinbesan":"CS2103T-W09-2 SHI ..HONG"}}
