{"authorDailyContributionsMap":{"bokung":[{"date":"2023-01-16","commitResults":[{"hash":"4c26ffd114f0de4f1615a1d20c92e48a569f0549","messageTitle":"Level 1 done","messageBody":"","tags":["Level-1"],"fileTypesAndContributionMap":{"java":{"insertions":11,"deletions":0}}},{"hash":"25cd7308d44a8e3c7f0450d14ad12e3160741112","messageTitle":"close scanner","messageBody":"","fileTypesAndContributionMap":{"java":{"insertions":1,"deletions":0}}},{"hash":"4f3f08454a4f2f8f68fbf737bcb418347d0c41c1","messageTitle":"add decorations","messageBody":"","fileTypesAndContributionMap":{"java":{"insertions":11,"deletions":2}}},{"hash":"660dde179f527a821d03c609e3979cfdeb99a16e","messageTitle":"group stuff","messageBody":"","fileTypesAndContributionMap":{"java":{"insertions":16,"deletions":6}}},{"hash":"192f5a55b8a21644b01f288b033bb86521b4f591","messageTitle":"Level 2","messageBody":"","tags":["Level-2"],"fileTypesAndContributionMap":{"java":{"insertions":26,"deletions":6}}}]},{"date":"2023-01-17","commitResults":[{"hash":"5b3f8f8cdf7916a51f787482498f4f50874114c5","messageTitle":"Create Task.java","messageBody":"","fileTypesAndContributionMap":{"java":{"insertions":25,"deletions":0}}},{"hash":"e5b9357b0257df8f0a91d035fbce1fc1a1f67419","messageTitle":"add regex to detect mark and unmark","messageBody":"","fileTypesAndContributionMap":{"java":{"insertions":10,"deletions":4}}},{"hash":"03eef649d21b6f9e5bafe1edc89f521275da2391","messageTitle":"Update Duke.java","messageBody":"","fileTypesAndContributionMap":{"java":{"insertions":22,"deletions":4}}},{"hash":"b13f97fd4674d642ba7c803eb4e0052cea338e59","messageTitle":"Level 3","messageBody":"","tags":["Level-3"],"fileTypesAndContributionMap":{"java":{"insertions":34,"deletions":19}}},{"hash":"5772d7d13728a601364ae458ecff3ed7a1149381","messageTitle":"add task children classes","messageBody":"","tags":["A-Classes"],"fileTypesAndContributionMap":{"java":{"insertions":36,"deletions":15}}},{"hash":"003461ec5bc232884206b52c57664a9002c652ae","messageTitle":"refactor","messageBody":"","fileTypesAndContributionMap":{"java":{"insertions":21,"deletions":16}}},{"hash":"cf32828ad5ec339d7c152f96ce61b7b2e2e38943","messageTitle":"Create Command.java","messageBody":"","tags":["A-Enums"],"fileTypesAndContributionMap":{"java":{"insertions":3,"deletions":0}}},{"hash":"dd59c4e88e76e7eaf7caf05d2de0ca5e65bd88ff","messageTitle":"command checker","messageBody":"","fileTypesAndContributionMap":{"java":{"insertions":35,"deletions":3}}},{"hash":"463cc4d02de2b109d2a960dd7e7b5177ca97ce52","messageTitle":"refactor again","messageBody":"","fileTypesAndContributionMap":{"java":{"insertions":38,"deletions":20}}}]},{"date":"2023-01-18","commitResults":[{"hash":"0a6da09bdb2c097739c0801fbdd9547f9d30d905","messageTitle":"add input parser","messageBody":"","fileTypesAndContributionMap":{"java":{"insertions":29,"deletions":0}}},{"hash":"fe21ff79add20947e5c61819fc5a9307ad652b2a","messageTitle":"Level 4","messageBody":"","tags":["Level-4","A-Inheritance"],"fileTypesAndContributionMap":{"java":{"insertions":61,"deletions":34}}},{"hash":"cd3feebac253cedf0e8daa7597fd04035f64758c","messageTitle":"move command to right place","messageBody":"","fileTypesAndContributionMap":{"java":{"insertions":0,"deletions":0}}}]},{"date":"2023-01-19","commitResults":[{"hash":"52d9ea939ff74e01e7efa9e7bf4f6ffdb1811fe6","messageTitle":"refactor, remove original add","messageBody":"","fileTypesAndContributionMap":{"java":{"insertions":70,"deletions":66}}},{"hash":"9917e5f0f72229914dc424c6ec14abbf4e18533c","messageTitle":"add tests","messageBody":"","tags":["A-TextUiTesting"],"fileTypesAndContributionMap":{"txt":{"insertions":38,"deletions":0},"java":{"insertions":30,"deletions":5}}},{"hash":"0ad8d979fe20f34073ee175e8d610b83df57b3c8","messageTitle":"handle errors","messageBody":"","tags":["Level-5"],"fileTypesAndContributionMap":{"java":{"insertions":135,"deletions":67}}},{"hash":"36279eb2f4eca2128b1e4acce2f84baa93cb2011","messageTitle":"refactor to use arraylist","messageBody":"","fileTypesAndContributionMap":{"txt":{"insertions":2,"deletions":1},"java":{"insertions":40,"deletions":28}}},{"hash":"35f7828efcf3219ede61e20de99e134f7fbb3839","messageTitle":"add delete","messageBody":"","tags":["Level-6","A-Collections"],"fileTypesAndContributionMap":{"java":{"insertions":36,"deletions":7}}},{"hash":"3915bd56efde6c155560b4c85a8810133e9543f8","messageTitle":"forgot to print delete message","messageBody":"","fileTypesAndContributionMap":{"java":{"insertions":2,"deletions":1}}},{"hash":"0c7185e42a9cff70c3cdcf13b520aae74ab89581","messageTitle":"enhanced duke\u0027s name","messageBody":"","fileTypesAndContributionMap":{"java":{"insertions":20,"deletions":4},"bat":{"insertions":1,"deletions":1}}}]},{"date":"2023-01-28","commitResults":[{"hash":"4fa8d75b23fd93d1b13a15c8aafcb586bf07f949","messageTitle":"Move DukeException to output package","messageBody":"","fileTypesAndContributionMap":{"java":{"insertions":2,"deletions":2}}},{"hash":"08c93a8d27e5c63db6abb2c2e42648e7e2e143f3","messageTitle":"Add ability to save tasks between runs","messageBody":"","tags":["Level-7"],"fileTypesAndContributionMap":{"java":{"insertions":196,"deletions":61}}}]},{"date":"2023-01-29","commitResults":[{"hash":"a4f2bc0d220cfaa5bc9b681e75e5d0146ab2a425","messageTitle":"Treat deadlines as dates","messageBody":"","fileTypesAndContributionMap":{"java":{"insertions":22,"deletions":3}}},{"hash":"25c10395a9f8d0d091774787afeae5d1bdf5f774","messageTitle":"Update build.gradle","messageBody":"","tags":["A-Gradle"],"fileTypesAndContributionMap":{"gradle":{"insertions":1,"deletions":1}}},{"hash":"0ea00cae2de466562f490922d24acbad83261219","messageTitle":"Create TaskList.java","messageBody":"","fileTypesAndContributionMap":{"java":{"insertions":86,"deletions":0}}},{"hash":"eeff10763901310cae4ea66287bc96839ef18c63","messageTitle":"Clean up main","messageBody":"","tags":["A-MoreOOP"],"fileTypesAndContributionMap":{"java":{"insertions":29,"deletions":62}}},{"hash":"217f0a2c2cb2eb8241b9642d14b05bae2411dec4","messageTitle":"Move everything to one package","messageBody":"","tags":["A-Packages"],"fileTypesAndContributionMap":{"java":{"insertions":31,"deletions":37}}},{"hash":"c8948584210b74d363edcdd5ccd4d616cb0c6e6c","messageTitle":"Add basic tests","messageBody":"","tags":["A-Jar","A-JUnit"],"fileTypesAndContributionMap":{"gradle":{"insertions":1,"deletions":1},"java":{"insertions":29,"deletions":0}}},{"hash":"f364ac9d785c9848a7a2d72fa554e54a1c5c25f3","messageTitle":"Add some documentation","messageBody":"","tags":["A-JavaDoc"],"fileTypesAndContributionMap":{"java":{"insertions":116,"deletions":5}}},{"hash":"1f6d75731c9ad96b1e5964d5c231172b68b0c2c2","messageTitle":"Capitalize constants","messageBody":"","fileTypesAndContributionMap":{"java":{"insertions":6,"deletions":6}}},{"hash":"bc70e8388bb0a6ec303f114885b152a06df94719","messageTitle":"Add find","messageBody":"","fileTypesAndContributionMap":{"java":{"insertions":53,"deletions":2}}},{"hash":"57dc5b941e6b628d54b52fe021d5c07e3e6f1fc5","messageTitle":"Fix long line","messageBody":"","fileTypesAndContributionMap":{"java":{"insertions":2,"deletions":1}}},{"hash":"9c015360903617ce84361e42065381e8a92d5ae6","messageTitle":"Fix indentation","messageBody":"","fileTypesAndContributionMap":{"java":{"insertions":1,"deletions":1}}}]},{"date":"2023-01-31","commitResults":[{"hash":"4575c05b8affe8eeb251137a3d5e721acbfe7feb","messageTitle":"Clean up main a bit","messageBody":"","fileTypesAndContributionMap":{"java":{"insertions":36,"deletions":26}}}]}]},"authorFileTypeContributionMap":{"bokung":{"java":816,"md":0,"fxml":0,"sh":0,"bat":1,"gradle":1,"txt":39}},"authorContributionVariance":{"bokung":29122.105},"authorDisplayNameMap":{"bokung":"CS2103T-W12-3 GUO ..OKUN"}}
