{"authorDailyContributionsMap":{"antonlee59":[{"date":"2023-01-22","commitResults":[{"hash":"6efd03c915da83d1c85b0fdb12be3ed850d939bd","isMergeCommit":false,"messageTitle":"Level 1. Greet, Echo, Exit","messageBody":"","tags":["Level-1"],"fileTypesAndContributionMap":{"java":{"insertions":17,"deletions":6}}},{"hash":"cba2cd7751ba6a316c12effd72fe8a8ee16fdb9c","isMergeCommit":false,"messageTitle":"Level 2. Add, List","messageBody":"","tags":["Level-2"],"fileTypesAndContributionMap":{"java":{"insertions":12,"deletions":3}}}]},{"date":"2023-01-23","commitResults":[{"hash":"b4bf51837a8c5a361301055c60c569bee676a48a","isMergeCommit":false,"messageTitle":"Level 3. Mark as Done","messageBody":"","tags":["Level-3"],"fileTypesAndContributionMap":{"java":{"insertions":52,"deletions":6}}},{"hash":"b0a980f372540c2af0a0d556d6cdc1b2604f5ea5","isMergeCommit":false,"messageTitle":"Level 4. ToDos, Events, Deadlines","messageBody":"","tags":["Level-4"],"fileTypesAndContributionMap":{"java":{"insertions":137,"deletions":26}}},{"hash":"84aa19cb4b0c44ee94a8a682df127b0982d8cd99","isMergeCommit":false,"messageTitle":"Level 5. Handle Errors","messageBody":"","tags":["Level-5"],"fileTypesAndContributionMap":{"java":{"insertions":57,"deletions":31}}},{"hash":"db1c750c7c8b2412ff00f9cb6c08cbf1447dae68","isMergeCommit":false,"messageTitle":"Level 6. Delete","messageBody":"","tags":["Level-6"],"fileTypesAndContributionMap":{"java":{"insertions":13,"deletions":0}}}]},{"date":"2023-02-02","commitResults":[{"hash":"fa56248a2ac8c5bbea92e1bbb79977f6ea7d9680","isMergeCommit":false,"messageTitle":"Level-7. Save","messageBody":"","fileTypesAndContributionMap":{"txt":{"insertions":5,"deletions":0},"java":{"insertions":107,"deletions":4}}},{"hash":"ced2bae2dcedeb3265e95cd5d91660d9cd6a7da5","isMergeCommit":false,"messageTitle":"Level 8. Dates and Times","messageBody":"","fileTypesAndContributionMap":{"java":{"insertions":32,"deletions":10}}},{"hash":"0afa1b93c1fe301087335771a48e42dc3dcee5e5","isMergeCommit":true,"messageTitle":"Resolve Merge Conflicts","messageBody":"","tags":["Level-8","Level-7"],"fileTypesAndContributionMap":{}},{"hash":"a321014b2fbc4c4be0dc568b650012d28d38ac54","isMergeCommit":true,"messageTitle":"Merge remote-tracking branch \u0027upstream/add-gradle-support\u0027","messageBody":"Merging remote branch upstream/add-gradle-support\n","tags":["A-Packages","A-MoreOOP"],"fileTypesAndContributionMap":{}}]},{"date":"2023-02-03","commitResults":[{"hash":"e4fc93ffd52a96ad8767b24ab29fc9bb61a4a75a","isMergeCommit":false,"messageTitle":"Created Ui, Storage, Parser, TaskList classes","messageBody":"","tags":["Level-9","A-TextUiTesting","A-JavaDoc","A-Jar","A-JUnit","A-Gradle","A-CodingStandard"],"fileTypesAndContributionMap":{"txt":{"insertions":1,"deletions":1},"java":{"insertions":493,"deletions":233}}},{"hash":"ee34d5b9f247baaa45bb4f198ad0cc6da80de7fc","isMergeCommit":false,"messageTitle":"Added FindCommand to search with a keyword","messageBody":"","fileTypesAndContributionMap":{"txt":{"insertions":2,"deletions":0},"java":{"insertions":56,"deletions":0}}},{"hash":"cae5e9bf11413d3449116cbc870a1d750dbfa4cf","isMergeCommit":false,"messageTitle":"Added JavaDocs to most of the non-trivial methods.","messageBody":"","fileTypesAndContributionMap":{"java":{"insertions":43,"deletions":0}}},{"hash":"ae807632a28784ff10f42cf2b6d10b7528cba376","isMergeCommit":false,"messageTitle":"Tweaked the code to comply with a coding standard","messageBody":"","fileTypesAndContributionMap":{"java":{"insertions":17,"deletions":10}}},{"hash":"36b70368a6d154936055d7c053c902611c8eba5b","isMergeCommit":true,"messageTitle":"Merge branch \u0027branch-Level-9\u0027","messageBody":"Merging to add the FindCommand\n","fileTypesAndContributionMap":{}},{"hash":"6418b9ab57c97e0cef6fb0c41bae7ec8cf639a37","isMergeCommit":true,"messageTitle":"Resolved merge conflict between master and branch-A-JavaDoc","messageBody":"","tags":["Level-10","A-Varargs","A-CheckStyle"],"fileTypesAndContributionMap":{}}]},{"date":"2023-02-12","commitResults":[{"hash":"46948c7c1fd629483975c1f9cef51f852b749652","isMergeCommit":false,"messageTitle":"Refactor code to suit the implementation of GUI using JavaFX","messageBody":"","fileTypesAndContributionMap":{"gradle":{"insertions":26,"deletions":0},"fxml":{"insertions":35,"deletions":0},"txt":{"insertions":2,"deletions":2},"java":{"insertions":524,"deletions":333}}},{"hash":"cb06f71c6a63702d8eab271efe7838922af97aba","isMergeCommit":false,"messageTitle":"Add assertion statements to various part of the code base","messageBody":"Add assert statements to the file and path fileds to ensure that they are not null before the file is being scanned\n\nAdd assert statements to the various images to ensure that they are not null or referencing a wrong image\n","tags":["A-FullCommitMessage"],"fileTypesAndContributionMap":{"java":{"insertions":12,"deletions":8}}},{"hash":"36dda172053d5db33c27a7dd12f34b115ec917a9","isMergeCommit":true,"messageTitle":"Merge pull request #2 from antonlee59/branch-A-Assertions","messageBody":"Add assertion statements to various part of the code base","tags":["A-Assertions"],"fileTypesAndContributionMap":{}},{"hash":"9494e73c12bd90bccc37e4e917b9de6d408d8b16","isMergeCommit":false,"messageTitle":"A-CodeQuality","messageBody":"Change code to comply with the code Quality\n\nChange code in multiple areas to comply with the Single Level of Abstraction Principle (SLAP)\n","fileTypesAndContributionMap":{"java":{"insertions":48,"deletions":36}}},{"hash":"16fbd6697633eb0a48703d6058e9cb5a348bd07c","isMergeCommit":true,"messageTitle":"Merge pull request #3 from antonlee59/branch-A-CodeQuality","messageBody":"A-CodeQuality","tags":["A-CodeQuality"],"fileTypesAndContributionMap":{}},{"hash":"3417907a9549662c534bd3e6965d0969a4dab966","isMergeCommit":false,"messageTitle":"C-FriendlierSyntax","messageBody":"","tags":["BCD-Extension"],"fileTypesAndContributionMap":{"java":{"insertions":14,"deletions":0}}},{"hash":"261124bfde9f7b5a0d42c3d94f0ffbf12e27c9a6","isMergeCommit":false,"messageTitle":"Add title to the GUI","messageBody":"","fileTypesAndContributionMap":{"java":{"insertions":1,"deletions":0}}},{"hash":"f19f424571b57fee8d39631c7644308a4225fc10","isMergeCommit":false,"messageTitle":"Update README.md","messageBody":"","fileTypesAndContributionMap":{"md":{"insertions":27,"deletions":7}}}]},{"date":"2023-02-13","commitResults":[{"hash":"ce2386b1b37f768edd44dd35dbaae48af6e20fb6","isMergeCommit":false,"messageTitle":"A-Release","messageBody":"","tags":["A-UserGuide","A-Release"],"fileTypesAndContributionMap":{"gradle":{"insertions":1,"deletions":1},"java":{"insertions":1,"deletions":1}}}]},{"date":"2023-03-19","commitResults":[{"hash":"d804bedd743ebe42cbb966e2e6a890227df20252","isMergeCommit":false,"messageTitle":"Update user guide","messageBody":"","fileTypesAndContributionMap":{"md":{"insertions":125,"deletions":3}}}]}]},"authorFileTypeContributionMap":{"antonlee59":{"java":947,"md":145,"fxml":35,"sh":0,"bat":0,"gradle":27,"txt":7}},"authorContributionVariance":{"antonlee59":29301.807},"authorDisplayNameMap":{"antonlee59":"CS2103T-F12-4 ANTO.. JIE"}}
