{"authorDailyContributionsMap":{"TimothyLawSongEn":[{"date":"2023-01-18","commitResults":[{"hash":"cce670a412017a03ac1e7b98f2ec87b884c18320","messageTitle":"Level-1. Added a skeletal version of Duke that starts by greeting user, echos commands, and exits on \u0027bye\u0027","messageBody":"","tags":["Level-1"],"fileTypesAndContributionMap":{"java":{"insertions":14,"deletions":6}}}]},{"date":"2023-01-19","commitResults":[{"hash":"c7e76c2f7750acf1aff98b16398007fe5d7433ac","messageTitle":"Added the ability to store tasks entered by the user and display a task list when requested.","messageBody":"","tags":["Level-2"],"fileTypesAndContributionMap":{"java":{"insertions":9,"deletions":1}}},{"hash":"bb450420a063860d856e95a7896c6c4cd2c7b6d7","messageTitle":"Created a Task class. Added the ability to mark tasks as done / undone.","messageBody":"","tags":["Level-3"],"fileTypesAndContributionMap":{"java":{"insertions":41,"deletions":4}}},{"hash":"b778521aac353b9fef87cde6e0f42118ad0a88c2","messageTitle":"Added different subclasses of Task (ToDo, Deadline, Event).","messageBody":"","fileTypesAndContributionMap":{"java":{"insertions":45,"deletions":1}}},{"hash":"8db722f70bed17ff1a776768b0956df98a0f252a","messageTitle":"Added support for tracking three types of tasks.","messageBody":"","tags":["Level-4"],"fileTypesAndContributionMap":{"java":{"insertions":16,"deletions":5}}}]},{"date":"2023-01-20","commitResults":[{"hash":"1a64398a94a3de29e0fb8294d7fe8a92585f0067","messageTitle":"Shifted files into Tasks package.","messageBody":"","fileTypesAndContributionMap":{"java":{"insertions":0,"deletions":0}}},{"hash":"5bd534c33a9f6a491e264acdf9a027e100ccc4f4","messageTitle":"Edited input.txt and EXPECTED.txt for testing.","messageBody":"","fileTypesAndContributionMap":{"txt":{"insertions":10,"deletions":0}}},{"hash":"e6f1845d7da087f2278d65d8ce4bc2e4f34bfabe","messageTitle":"Revert \"Edited input.txt and EXPECTED.txt for testing.\"","messageBody":"This reverts commit 5bd534c33a9f6a491e264acdf9a027e100ccc4f4.\n","fileTypesAndContributionMap":{"txt":{"insertions":0,"deletions":10}}},{"hash":"d034099e5dd984bb4706184eace6eef58e903dd6","messageTitle":"Revert \"Revert \"Edited input.txt and EXPECTED.txt for testing.\"\"","messageBody":"This reverts commit e6f1845d7da087f2278d65d8ce4bc2e4f34bfabe.\n","fileTypesAndContributionMap":{"txt":{"insertions":10,"deletions":0}}},{"hash":"e3ca7298fcbe2b4e0099d4e571ce38ba4ea59707","messageTitle":"Added files to Tasks package.","messageBody":"","fileTypesAndContributionMap":{"java":{"insertions":8,"deletions":0}}},{"hash":"65caab06f75097c2ad38683181714246077a6dad","messageTitle":"Added to Exceptions package.","messageBody":"","fileTypesAndContributionMap":{"java":{"insertions":27,"deletions":0}}},{"hash":"b938415e9e0268314966a8ba3cf211f49653b4b0","messageTitle":"Added Exception handling in Duke to deal with errors such as incorrect inputs.","messageBody":"","tags":["Level-5"],"fileTypesAndContributionMap":{"java":{"insertions":19,"deletions":3}}}]},{"date":"2023-01-23","commitResults":[{"hash":"9c442cc1a1283b5221560998a7c104516948e66f","messageTitle":"Update test files.","messageBody":"","fileTypesAndContributionMap":{"txt":{"insertions":5,"deletions":6}}},{"hash":"7a9aa2ab2f4efde743a6474b56b5967833c2ade4","messageTitle":"Add deleting of tasks from list.","messageBody":"","tags":["Level-6"],"fileTypesAndContributionMap":{"java":{"insertions":26,"deletions":17}}}]},{"date":"2023-01-24","commitResults":[{"hash":"a37f34e51d049f251f57a807ae67bc50d4dc2502","messageTitle":"Add a saveFormat() method that specifies format of Tasks to be saved in file. Add isDone argument in constructor.","messageBody":"","fileTypesAndContributionMap":{"java":{"insertions":26,"deletions":8}}},{"hash":"679ecdc1b0af0c748da148c8eabc56ecf6b3dd1e","messageTitle":"Add support for saving Tasks in file (duke.txt).","messageBody":"","tags":["Level-7"],"fileTypesAndContributionMap":{"java":{"insertions":75,"deletions":7}}},{"hash":"25ac0bc0c585c8c126b54bd939066f52b2d001a1","messageTitle":"Update Duke\u0027s Deadline class to use dates instead of string.","messageBody":"","fileTypesAndContributionMap":{"java":{"insertions":8,"deletions":4}}},{"hash":"48b7d67ed70d8e5728ad2349ca5711c3c8147c04","messageTitle":"Update test files to test for Deadline\u0027s date.","messageBody":"","fileTypesAndContributionMap":{"txt":{"insertions":1,"deletions":1}}}]},{"date":"2023-01-25","commitResults":[{"hash":"18085ed38704b38f4d533086a78c912c98d4d11b","messageTitle":"Improve OOP by abstracting out more classes. (half done)","messageBody":"","fileTypesAndContributionMap":{"java":{"insertions":317,"deletions":0}}},{"hash":"aa3ea556f9a4fd7c0409d7e0a4b7443533483cda","messageTitle":"Improve OOP by abstracting out more classes.","messageBody":"","tags":["A-MoreOOP"],"fileTypesAndContributionMap":{"txt":{"insertions":1,"deletions":0},"java":{"insertions":364,"deletions":291}}},{"hash":"bc21de77efbde625fd33db4899cab2ffac11c06b","messageTitle":"Change file path of Duke in test file. [In Progress]","messageBody":"","fileTypesAndContributionMap":{"bat":{"insertions":1,"deletions":1},"sh":{"insertions":1,"deletions":1}}}]},{"date":"2023-01-30","commitResults":[{"hash":"7fb03f89f1c4b54f2168a7d0cc1167d0ccf6c829","messageTitle":"Add Gradle support.","messageBody":"","tags":["A-Gradle"],"fileTypesAndContributionMap":{"gradle":{"insertions":2,"deletions":2},"java":{"insertions":11,"deletions":0}}},{"hash":"ffe1e215f5c333330aba5d1a93620c8abc7f46d8","messageTitle":"Add Test methods to Todo and Event.","messageBody":"","tags":["v0.1","A-JUnit"],"fileTypesAndContributionMap":{"java":{"insertions":34,"deletions":0}}}]},{"date":"2023-01-31","commitResults":[{"hash":"b51467f692568ede32ffd877939b0764ccd18a81","messageTitle":"Correct Coding Standards.","messageBody":"","tags":["A-CodingStandard"],"fileTypesAndContributionMap":{"java":{"insertions":172,"deletions":303},"bat":{"insertions":1,"deletions":1}}},{"hash":"562a2c656bf7b3c56a67d804d555e81d1451e3c8","messageTitle":"Add JavaDoc to public methods.","messageBody":"","tags":["A-JavaDoc"],"fileTypesAndContributionMap":{"java":{"insertions":30,"deletions":0}}},{"hash":"fad7b9a9adb5e8773050b05094291b06a10e83d6","messageTitle":"Give users a way to find a task by searching for a keyword.","messageBody":"","fileTypesAndContributionMap":{"txt":{"insertions":1,"deletions":0},"java":{"insertions":43,"deletions":2}}}]},{"date":"2023-02-01","commitResults":[{"hash":"749d2a968d159ce41f6696cac02760b70d2ef0af","messageTitle":"Add GUI into Duke.","messageBody":"","tags":["Level-10"],"fileTypesAndContributionMap":{"gradle":{"insertions":20,"deletions":0},"txt":{"insertions":2,"deletions":0},"java":{"insertions":234,"deletions":66}}}]},{"date":"2023-02-06","commitResults":[{"hash":"270ff388fbe4cf22913b30caade9fd142f0931f7","messageTitle":"Improve Code Quality","messageBody":"","fileTypesAndContributionMap":{"txt":{"insertions":1,"deletions":4},"java":{"insertions":84,"deletions":79}}},{"hash":"14208167b8079963e29097f4ddfcab2b75e47a97","messageTitle":"Add asserts into Parser class","messageBody":"Parser code runs on certain assumptions which includes the fullCommand splitting into at most 2 sections, and switch-case will never enter default block.\n\nAssuming the above is dangerous and might cause the program to have unexpected behaviours.\n\nAs such, asserts for the above assumptions have been added so that programmers will be instantly notified once these assumptions break.\n","tags":["A-FullCommitMessage"],"fileTypesAndContributionMap":{"java":{"insertions":4,"deletions":0}}}]},{"date":"2023-02-07","commitResults":[{"hash":"937e575514fa3daef5cd6d8048f678d6a1aa0ae4","messageTitle":"Add JavaDocs to more methods","messageBody":"","fileTypesAndContributionMap":{"java":{"insertions":61,"deletions":4}}},{"hash":"d50a0d78e479996d926e11356fa0bc3d8ef7e0e4","messageTitle":"Delete unused import statements","messageBody":"","fileTypesAndContributionMap":{"java":{"insertions":0,"deletions":2}}}]}]},"authorFileTypeContributionMap":{"TimothyLawSongEn":{"java":873,"md":0,"fxml":0,"sh":1,"bat":1,"gradle":22,"txt":10}},"authorContributionVariance":{"TimothyLawSongEn":45864.625},"authorDisplayNameMap":{"TimothyLawSongEn":"CS2103T-T17-4 LAW ..OTHY"}}
