{"authorDailyContributionsMap":{"ARPspoofing":[{"date":"2023-01-17","commitResults":[{"hash":"d46cc148ab7b63ea991d7ef47fc6a989cf2735eb","messageTitle":"Add error handle for unrecognised commands","messageBody":"Duke error terminates the whole program instead of displaying a message\n\nThis does not achieve the desired outcome (the program needs to\ncontinuously run until the user types exit)\n\nThe error is catched and a statement is being printed out instead\n\nLet\u0027s handle the error in a try-catch block in a function for\nencapsulation\n","fileTypesAndContributionMap":{"java":{"insertions":30,"deletions":10}}},{"hash":"ec95175b24584c8a59e9227e31267621b4327e2f","messageTitle":"Add delete functionality","messageBody":"","tags":["level-6"],"fileTypesAndContributionMap":{"java":{"insertions":41,"deletions":6}}},{"hash":"f2f722b54ba7cef841ac7b75ba0ab0f749db6d43","messageTitle":"Add custom character messages","messageBody":"","fileTypesAndContributionMap":{"java":{"insertions":11,"deletions":4}}},{"hash":"8fb447f2fccc9f5b21a37d37f1eb59ab95891502","messageTitle":"Add save class to store list into hardisk","messageBody":"The user will have an empty startup everytime after terminating the\nprogram\n\nThe user\u0027s list can be stored into a text file\n\nLet\u0027s create a Save class and check if the user has the text file in a\nspecific directory on all OS. If not, create the file and read / write\ninto the file everytime the user startups and changes the list\n","fileTypesAndContributionMap":{"java":{"insertions":264,"deletions":4}}},{"hash":"66d1cf34d1a53ec528d8c7a83a6a00b193da6f1b","messageTitle":"Add reference text file for storage","messageBody":"","tags":["Level-7"],"fileTypesAndContributionMap":{"txt":{"insertions":1,"deletions":0}}},{"hash":"9197ef1fd9495a44ef7f2842751edf217d62753e","messageTitle":"Add localDate parser","messageBody":"","tags":["Level-8"],"fileTypesAndContributionMap":{"java":{"insertions":7,"deletions":10}}}]},{"date":"2023-01-19","commitResults":[{"hash":"40f4e751fb6655e1a18dd3cc957344ebb45b1246","messageTitle":"Add abstracted classes","messageBody":"Functionalities of parsing user argument and dealing with user arguments\nis done by Duke class.\n\nFunctionalities can be abstracted to other classes to satsify SOLID\nprinciples\n\nLet\u0027s create Ui, Parser, Storage and TaskList classes\n","fileTypesAndContributionMap":{"java":{"insertions":405,"deletions":11}}},{"hash":"d4695fafaca2187a5dc5ce4e76369802a77588d5","messageTitle":"Modify dukeList textfile","messageBody":"","tags":["A-MoreOOP"],"fileTypesAndContributionMap":{"txt":{"insertions":1,"deletions":1}}},{"hash":"1e4e9164d187c485f671dbd3268a37f96db6eac1","messageTitle":"Fixed storage error","messageBody":"","tags":["A-Packages"],"fileTypesAndContributionMap":{"java":{"insertions":25,"deletions":12}}},{"hash":"ea9db6807c53bb5ddcdb0e305f0a0aa667eb23f6","messageTitle":"Modify dukeList text file","messageBody":"","fileTypesAndContributionMap":{"txt":{"insertions":1,"deletions":1}}},{"hash":"82d77286128dc21cb82d9b21a4114aabaf3eaa01","messageTitle":"Add gradle support","messageBody":"","tags":["A-JUnit","A-Gradle"],"fileTypesAndContributionMap":{"gradle":{"insertions":1,"deletions":1},"txt":{"insertions":1,"deletions":0}}}]},{"date":"2023-01-20","commitResults":[{"hash":"bfd7c7112ebda17428cea0b8648df1dcffd5b980","messageTitle":"Add unit test cases","messageBody":"No unit test case leads to difficulty to deduce the correctness of the\nclasses\n\nUnit test cases ensure the return output are all intended\n\nLet\u0027s create JUnit test cases in test folder and build it with gradle to\ncheck if the unit test cases pass or fails\n","tags":["A-JavaDoc","A-Jar"],"fileTypesAndContributionMap":{"gradle":{"insertions":1,"deletions":0},"txt":{"insertions":2,"deletions":2},"java":{"insertions":130,"deletions":59}}},{"hash":"ecc41ccb0e072c0346f6f13dab3d486f7a7c281d","messageTitle":"Add javadoc","messageBody":"","tags":["A-CodingStandard"],"fileTypesAndContributionMap":{"java":{"insertions":793,"deletions":45}}},{"hash":"a0751c4989cb042acc070c0af784eec68644f086","messageTitle":"Modify basic Task","messageBody":"","fileTypesAndContributionMap":{"java":{"insertions":39,"deletions":194}}},{"hash":"91000247959fede27dfc45dcdf67bb1d24c4db22","messageTitle":"Add find functionality","messageBody":"","tags":["Level-9"],"fileTypesAndContributionMap":{"txt":{"insertions":1,"deletions":1},"java":{"insertions":39,"deletions":18}}}]},{"date":"2023-01-21","commitResults":[{"hash":"cc32bd45ad3454c703f1da7576566ad66acb13b4","messageTitle":"Remove comments","messageBody":"","fileTypesAndContributionMap":{"java":{"insertions":0,"deletions":71}}},{"hash":"a1e38d0677ab791650980ac4940af17d65b9ea1d","messageTitle":"Add javadoc comments","messageBody":"","fileTypesAndContributionMap":{"java":{"insertions":0,"deletions":1}}},{"hash":"397fe5aacfd8c203feac752d8be991be2fe29b01","messageTitle":"Add coding standard for javadoc no space","messageBody":"","fileTypesAndContributionMap":{"java":{"insertions":2,"deletions":0}}},{"hash":"4cea465adc582cce8b605e31569fc233c37d36db","messageTitle":"Remove static find","messageBody":"","fileTypesAndContributionMap":{"java":{"insertions":0,"deletions":8}}},{"hash":"4ce6cb2216c08b27969f402053cdadc5b7a39c66","messageTitle":"Modify find comment","messageBody":"","fileTypesAndContributionMap":{"java":{"insertions":1,"deletions":1}}}]},{"date":"2023-01-22","commitResults":[{"hash":"7977fbfa4e7e9ceb7f41b31fe684316748bc36f5","messageTitle":"Add basic javafx","messageBody":"","tags":["Level-10"],"fileTypesAndContributionMap":{"java":{"insertions":63,"deletions":3}}},{"hash":"073277d011ca8ec477723d8f303ea425b2583ac3","messageTitle":"Add javafx basic template in launcher","messageBody":"No graphical user interface is present for the application\n\nGraphical user interface enhances the user\u0027s experience\n\nLet\u0027s add javafx dependencies in build.gradle and import the relevant\nmodules in Launcher and Duke\n","fileTypesAndContributionMap":{"gradle":{"insertions":16,"deletions":1},"txt":{"insertions":1,"deletions":1},"java":{"insertions":48,"deletions":37}}},{"hash":"85961488ad17dc5cd1af2550a85b90be7be7341c","messageTitle":"Modify stage dimensions","messageBody":"","fileTypesAndContributionMap":{"java":{"insertions":61,"deletions":6}}},{"hash":"f7964036c4d74f06c9b3897eae0fac4237964e5c","messageTitle":"Add iteration 1 echo user command javafx","messageBody":"","fileTypesAndContributionMap":{"java":{"insertions":56,"deletions":6}}}]},{"date":"2023-01-23","commitResults":[{"hash":"2952be91b4adce03c7529e03b1add813a9f8c9cf","messageTitle":"Modify javafx to return custom response","messageBody":"","fileTypesAndContributionMap":{"txt":{"insertions":1,"deletions":1},"java":{"insertions":167,"deletions":15}}},{"hash":"041ea84ad101aab79e8e13281c46f38a02d5800e","messageTitle":"Add javafx custom response without images","messageBody":"","fileTypesAndContributionMap":{"java":{"insertions":21,"deletions":12}}},{"hash":"fbd27be9b8717d5b5d055531348d5e111db08193","messageTitle":"Add image for user and bot","messageBody":"No image is present for both user and bot.\n\nUser exeperience is reduced with no images.\n\nLet\u0027s add resource stream for each image relative to resource folder\nwhen run from gradle.\n","fileTypesAndContributionMap":{"java":{"insertions":23,"deletions":14}}},{"hash":"a90b948284417d16650b7755eab9b034922eaf9e","messageTitle":"Add rounded profile photo","messageBody":"","fileTypesAndContributionMap":{"java":{"insertions":40,"deletions":4}}},{"hash":"6e3a17fcbec01411173a450ad4ebbbd3c13fb138","messageTitle":"Add css file","messageBody":"","fileTypesAndContributionMap":{"java":{"insertions":3,"deletions":0}}},{"hash":"26f03c298977c0ca263ed5a0f328513397a10bf3","messageTitle":"Add custom bubble for user and duke","messageBody":"","fileTypesAndContributionMap":{"java":{"insertions":8,"deletions":2}}},{"hash":"dd9ccbb010abdc6423bf454862f52d87e295343a","messageTitle":"Fix trail end with no whitespace bug","messageBody":"","fileTypesAndContributionMap":{"java":{"insertions":3,"deletions":0}}}]},{"date":"2023-01-24","commitResults":[{"hash":"27ccd4d61e575e22737c7102c4b677b1daa6e2a0","messageTitle":"Fix xml basic template","messageBody":"","fileTypesAndContributionMap":{"fxml":{"insertions":35,"deletions":0},"java":{"insertions":148,"deletions":12}}},{"hash":"20db7d8d87917257a025e1f00116a0b7a29467f5","messageTitle":"Add basic implementation of iteration 4 without code cleanup","messageBody":"","fileTypesAndContributionMap":{"fxml":{"insertions":1,"deletions":1},"java":{"insertions":141,"deletions":139}}},{"hash":"11672885677b28e869b7b244aba421a9e455d2de","messageTitle":"Add insets padding for dialog box","messageBody":"","fileTypesAndContributionMap":{"fxml":{"insertions":25,"deletions":5},"java":{"insertions":40,"deletions":0}}},{"hash":"ef6f3e70c39dc92e2c1db56cd358c181566187d5","messageTitle":"Fix profile box issue","messageBody":"","fileTypesAndContributionMap":{"fxml":{"insertions":9,"deletions":14}}},{"hash":"c77e880e7084567b8c811ddabf2a8710e6de05d6","messageTitle":"Modify detached head 20bd7d8 padding to be the latest","messageBody":"","fileTypesAndContributionMap":{"fxml":{"insertions":5,"deletions":5},"java":{"insertions":8,"deletions":1}}},{"hash":"59caec8f57d9f9eb4ca65e9bd1bbfe9ccec4951f","messageTitle":"Add background image","messageBody":"","fileTypesAndContributionMap":{"fxml":{"insertions":7,"deletions":2}}},{"hash":"9578397d7661ae3722ed31c75043f8f9b2b93a27","messageTitle":"Remove redundant commented code","messageBody":"","fileTypesAndContributionMap":{"java":{"insertions":6,"deletions":205}}},{"hash":"e4e22583181f9004420a1432d6af9190c43e28d6","messageTitle":"Add checkstyle","messageBody":"","fileTypesAndContributionMap":{"gradle":{"insertions":5,"deletions":0},"java":{"insertions":58,"deletions":87}}},{"hash":"fdbdf3c430beefc03175075ceb7f163aa8847fe7","messageTitle":"Add checkstyle compatability","messageBody":"","fileTypesAndContributionMap":{"java":{"insertions":42,"deletions":63}}}]},{"date":"2023-01-27","commitResults":[{"hash":"03c147d87eb366e7e9087dad5b78840c3b90ead1","messageTitle":"Add variable argumentto get multiple tasks and remove multiple tasks","messageBody":"","tags":["A-Varargs"],"fileTypesAndContributionMap":{"java":{"insertions":165,"deletions":177}}},{"hash":"65fb93676b8b8f5f360fd64f143fe91e3439eb69","messageTitle":"Add save to javafx","messageBody":"","fileTypesAndContributionMap":{"txt":{"insertions":2,"deletions":2},"java":{"insertions":39,"deletions":32}}},{"hash":"10ae8a124c05623d6dae2ac8ffa6b2468af839f8","messageTitle":"Add save with new xml file settings","messageBody":"","fileTypesAndContributionMap":{"gradle":{"insertions":3,"deletions":1},"txt":{"insertions":1,"deletions":1},"fxml":{"insertions":2,"deletions":2},"java":{"insertions":44,"deletions":1}}}]},{"date":"2023-01-29","commitResults":[{"hash":"a7928688e8cf3384f80e5139d64f80540b3ce2a9","messageTitle":"Fix region box dynamic height bug","messageBody":"","fileTypesAndContributionMap":{"txt":{"insertions":1,"deletions":1},"fxml":{"insertions":3,"deletions":6},"java":{"insertions":30,"deletions":78}}}]},{"date":"2023-01-30","commitResults":[{"hash":"0e287c84a8934b76cb967bc68f3e31793c7ce71f","messageTitle":"Modify dukeList text","messageBody":"","fileTypesAndContributionMap":{"txt":{"insertions":1,"deletions":1}}}]},{"date":"2023-02-01","commitResults":[{"hash":"597b8dec07fc0c67805c2e3a5395e711a6f1eb71","messageTitle":"Modify dukeList","messageBody":"","fileTypesAndContributionMap":{"txt":{"insertions":1,"deletions":1}}},{"hash":"9674079864d94436025e99027e5660c2738fa60e","messageTitle":"Remove magic string and numbers from Storage","messageBody":"","fileTypesAndContributionMap":{"txt":{"insertions":1,"deletions":1},"java":{"insertions":19,"deletions":9}}},{"hash":"08828b65d0c7b35696e518a0d62d3fc57222eb73","messageTitle":"Modify gitignore file","messageBody":"","fileTypesAndContributionMap":{"txt":{"insertions":1,"deletions":1}}},{"hash":"e79d8ad9d45d1cef3ee6f4b3f94d944171926889","messageTitle":"Modify gitignore","messageBody":"","fileTypesAndContributionMap":{"txt":{"insertions":0,"deletions":2}}},{"hash":"6882f129a1fffef0caee52edd7d7974d7f9ced71","messageTitle":"Remove all usued methods in Duke","messageBody":"Methods from previous iterations exist, all the way from week 1\n\nDuke file is very long and messy\n\nRemove all unused methods, and retrieve it from previous commits if\nrequired\n","fileTypesAndContributionMap":{"java":{"insertions":0,"deletions":320}}},{"hash":"92ac01a9a6a9482c28f2741ee9e916954ca4db49","messageTitle":"Remove Printable, Save and Tasks classes","messageBody":"Printable, Save and Tasks class still exists\n\nIt is no longer in use, making the file cluttered\n\nLet\u0027s delete the files, and retrieve them from previous commits if\nrequired\n","fileTypesAndContributionMap":{"java":{"insertions":0,"deletions":316}}},{"hash":"b2f2082e458b0ec545c56b57c1df64d46ff5e4eb","messageTitle":"Remove variable depending on Tasks class","messageBody":"","fileTypesAndContributionMap":{"java":{"insertions":0,"deletions":1}}},{"hash":"a8bc01990dec30c0ccb513c78efbe289e0b9bed4","messageTitle":"Add code quality for background image of dialogbox","messageBody":"Background image is hardcoded from url in fxml file\n\nUrl is long and makes the fxml file messy\n\nLet\u0027s save the image in resources/images and use the dynamic filepath to\ncreate a background image\n","fileTypesAndContributionMap":{"fxml":{"insertions":1,"deletions":1},"java":{"insertions":16,"deletions":2}}},{"hash":"39dc98d6d7b41473c0e83e4b480ae6e600ecbb06","messageTitle":"Add task scheduler with mock timing data","messageBody":"No reminder functionality\n\nUser will thus have to manually sieve through which is the upcoming task\n\nLet\u0027s use ExecutorService and PriorityBlockingQueue to remind the user\nof the next upcoming event\n","tags":["B-RecurringTasks"],"fileTypesAndContributionMap":{"java":{"insertions":128,"deletions":2}}}]},{"date":"2023-02-03","commitResults":[{"hash":"e730bd837f6409942e340f41c53417235e516dc7","messageTitle":"Provide minor styling for labels","messageBody":"","fileTypesAndContributionMap":{"java":{"insertions":1,"deletions":0}}},{"hash":"a1c27294be10f4a26ac84b375e0e98e88c80addb","messageTitle":"Fix bug where custom bot command not shown on Gui","messageBody":"","fileTypesAndContributionMap":{"java":{"insertions":7,"deletions":6}}},{"hash":"584a3ebae697d87e5533e71fc67b8b6d5fa92a6c","messageTitle":"Add multipage navigation","messageBody":"Single page application\n\nUser will be unaware of what the application does\n\nLet\u0027s add a new scene that explains the app and a button to navigate to\nthe chat application\n","fileTypesAndContributionMap":{"java":{"insertions":13,"deletions":1}}},{"hash":"99c06db07ee94475c1532f80381d1883b3d6197c","messageTitle":"Add multipage","messageBody":"","fileTypesAndContributionMap":{"fxml":{"insertions":23,"deletions":0},"java":{"insertions":90,"deletions":7}}},{"hash":"2f24e95073df9033d52ed98e428152ebbe642ad6","messageTitle":"Add welcome page","messageBody":"No welcome page.\n\nUser experience is reduced.\n\nLet\u0027s add a login page with username and password.\n","fileTypesAndContributionMap":{"fxml":{"insertions":12,"deletions":2},"java":{"insertions":34,"deletions":40}}},{"hash":"bf89f4058a35d4572e72802ab72fdbaaa4600a69","messageTitle":"Provide main method in duke to pass ci","messageBody":"","fileTypesAndContributionMap":{"java":{"insertions":45,"deletions":0}}},{"hash":"b204aeab8d576d9e3be3f39366ef98f9f159c755","messageTitle":"Modify runtest script","messageBody":"","fileTypesAndContributionMap":{"java":{"insertions":1,"deletions":1},"sh":{"insertions":3,"deletions":0}}},{"hash":"f43f4f1dac3bac04056ba6389c93e05b35805e97","messageTitle":"Modify runtest script","messageBody":"","fileTypesAndContributionMap":{"sh":{"insertions":1,"deletions":2}}},{"hash":"660acbd4c394d8912e8ef45a6ada744cc6565e8a","messageTitle":"Modify runtest script","messageBody":"","fileTypesAndContributionMap":{"sh":{"insertions":1,"deletions":1}}},{"hash":"5fd78868ccc537239a3f960e401002f68dddd42c","messageTitle":"Modify build script","messageBody":"","tags":["A-FullCommitMessage"],"fileTypesAndContributionMap":{"sh":{"insertions":0,"deletions":2}}}]},{"date":"2023-02-04","commitResults":[{"hash":"7c62aa5c6e33f3d77c63d60f429cfe3b4529f227","messageTitle":"Provide correct actual and expected text files","messageBody":"Runtest script comparing wrong version of expected file.\n\nA correct expected text file is necessary for ci to be successful.\n\nLet\u0027s,\n* add the correct actual txt file\n* remove old expected txt file\n","tags":["A-CodeQuality"],"fileTypesAndContributionMap":{"java":{"insertions":10,"deletions":0}}},{"hash":"e3680210bfe724dadacb082d7a1e26d4e53abc19","messageTitle":"Modify runtest bat and Remove redundant code","messageBody":"","fileTypesAndContributionMap":{"java":{"insertions":1,"deletions":27},"bat":{"insertions":2,"deletions":2}}}]},{"date":"2023-02-08","commitResults":[{"hash":"b0764e91bf3f733b1f08fbcef5f6bc15e3107cb9","messageTitle":"Add recur priority queue","messageBody":"","fileTypesAndContributionMap":{"java":{"insertions":27,"deletions":28}}},{"hash":"d056acf7898a88d059d7e75a10ce0afca87c9c4c","messageTitle":"Add recur task as a subclass of events","messageBody":"There is no recur task\n\nThe user will always have to key in recurring task\n\nLet\u0027s:\n    * Add ExecutorService for multi threading\n    * Add PriorityBlockedQueue\n    * Add new Recur class\n","tags":["BCD-Extension"],"fileTypesAndContributionMap":{"java":{"insertions":42,"deletions":1}}}]},{"date":"2023-02-09","commitResults":[{"hash":"b973f0a742d1c7ef8b8bd93a40fe2d08de5e79c9","messageTitle":"Fix recurring bug, trailing white space bug and add assert","messageBody":"","tags":["A-Assertions"],"fileTypesAndContributionMap":{"java":{"insertions":24,"deletions":13}}}]},{"date":"2023-02-10","commitResults":[{"hash":"6cba2dfa894a3b9f5ccda3cff59477b668e77af2","messageTitle":"Add recur event to GUI","messageBody":"Recur event is only displayed on terminal on a separate thread\n\nThe GUI only uses a specific thread.\n\nLet\u0027s:\n    * Remove using executorService for recur events\n    * Use timeline instead on the dialog container\n    * Comment out the executor service in Task Scheduler\n    * Add Timeline in Task Scheduler\n","fileTypesAndContributionMap":{"java":{"insertions":108,"deletions":3}}},{"hash":"547266dcf7731035d0a1ba1b163535600111a05e","messageTitle":"Remove redudant code","messageBody":"","fileTypesAndContributionMap":{"java":{"insertions":0,"deletions":30}}},{"hash":"78c6e1cf9594ee21302c023e39c652e1dd28603a","messageTitle":"Recur bug fixed","messageBody":"","fileTypesAndContributionMap":{"java":{"insertions":27,"deletions":17}}},{"hash":"6c2bbdd799aebfc40cef4c0ee2980b27b591c09e","messageTitle":"Add recur touchup and remove redundant code","messageBody":"","fileTypesAndContributionMap":{"java":{"insertions":44,"deletions":26}}}]},{"date":"2023-02-12","commitResults":[{"hash":"57af608b404313340087192efbc7005d30d4ade3","messageTitle":"Remove redundant code fromparser","messageBody":"","fileTypesAndContributionMap":{"java":{"insertions":0,"deletions":47}}},{"hash":"12ac960efbebcdd81544ffd447c11dae4eb69e5d","messageTitle":"Remove unnecessary code from Duke","messageBody":"","fileTypesAndContributionMap":{"java":{"insertions":1,"deletions":61}}},{"hash":"5d7529f96c6f19cf064d1875fb4fdb97e1d50f44","messageTitle":"Remove unnecessary code from Duke and InitialWindow","messageBody":"","fileTypesAndContributionMap":{"java":{"insertions":1,"deletions":32}}},{"hash":"58cdf16639b1b386b6f0c89808e1f58da4ddc16c","messageTitle":"Remove unnecessary code from Main","messageBody":"","fileTypesAndContributionMap":{"java":{"insertions":1,"deletions":24}}},{"hash":"505f627c5e8cf6ef33d621d5ebdfbfd77baad9c0","messageTitle":"Remove unnecessary code from Ui","messageBody":"","fileTypesAndContributionMap":{"java":{"insertions":1,"deletions":30}}},{"hash":"32b22f2292c6bf61aca32d47900d5b22b9b46bec","messageTitle":"Remove unnecessary code from Ui","messageBody":"","fileTypesAndContributionMap":{"java":{"insertions":0,"deletions":5}}},{"hash":"7d6535d49bd83a7361865782913061236f87ed50","messageTitle":"Provide abstraction methods for get response","messageBody":"All the functionality is in the same method\n\nReviewers might find it difficult to understand\n\nLet\u0027s provide method abstraction with method names stating the\nabstracted process\n","fileTypesAndContributionMap":{"java":{"insertions":24,"deletions":11}}},{"hash":"007a95370712bfc2bcdbdd95a1c6d20e9c72805c","messageTitle":"Provide abstraction for styling","messageBody":"Styling is in the constructor\n\nAbstracting the styling is better for redeability\n\nLet\u0027s move the styling into another method, and call it in the\nconstructor\n","fileTypesAndContributionMap":{"java":{"insertions":3,"deletions":0}}},{"hash":"d0ad2543ae0ff6adf21e7fcd6ec0ab63b158b244","messageTitle":"Remove redundant code","messageBody":"","fileTypesAndContributionMap":{"java":{"insertions":37,"deletions":25}}},{"hash":"267b4dd7cdada772475c1cbee2db4a8195cf353e","messageTitle":"Fix recur bug","messageBody":"","fileTypesAndContributionMap":{"java":{"insertions":30,"deletions":31}}},{"hash":"c3da473568947896035da6643def5e02fa69d845","messageTitle":"Provide JUnit test cases","messageBody":"","fileTypesAndContributionMap":{"java":{"insertions":114,"deletions":8}}},{"hash":"0905ef87153c9168698a0328e1038e979b49e135","messageTitle":"Provide task scheduler JUnit test","messageBody":"","fileTypesAndContributionMap":{"java":{"insertions":0,"deletions":0}}},{"hash":"bb0e96f9ac8c6a18312d806aee11a04be35271e9","messageTitle":"Provide task scheduler test","messageBody":"","fileTypesAndContributionMap":{"java":{"insertions":93,"deletions":7}}},{"hash":"0ee56290ed570c00f302d25c2ae2034c6f6793f2","messageTitle":"Provide ui junit test cases","messageBody":"","fileTypesAndContributionMap":{"java":{"insertions":60,"deletions":0}}},{"hash":"125cb047478ed7c35493d6886b785077131dca36","messageTitle":"Provide test cases for Storage","messageBody":"","fileTypesAndContributionMap":{"java":{"insertions":70,"deletions":2}}},{"hash":"3f1d758e0d2068866b4d7de64432734f63281dd0","messageTitle":"Provide test cases for Parser class","messageBody":"","fileTypesAndContributionMap":{"java":{"insertions":219,"deletions":0}}},{"hash":"c44dff2f231a19bf006f3c0dbb1ecb83a7902168","messageTitle":"Provide test cases for Parser class","messageBody":"","fileTypesAndContributionMap":{"java":{"insertions":3,"deletions":19}}},{"hash":"7727d81b49966be7d71017b9dee548eba2550aef","messageTitle":"Provide JUnit for DialogBox","messageBody":"","fileTypesAndContributionMap":{"java":{"insertions":64,"deletions":0}}},{"hash":"4f3a2b8273f87075aa5e616e198334df2ad53e96","messageTitle":"Provide test cases for Main","messageBody":"","fileTypesAndContributionMap":{"java":{"insertions":24,"deletions":2}}},{"hash":"222adcf6bdfe9d32470257bbf87b46c8d2143c3c","messageTitle":"Remove unnecessary commented out code in test case files","messageBody":"","fileTypesAndContributionMap":{"java":{"insertions":0,"deletions":19}}}]},{"date":"2023-02-14","commitResults":[{"hash":"c684289ca20f75816e84119030cc6ef22dc58ae4","messageTitle":"Add javadoc for deadline class","messageBody":"","fileTypesAndContributionMap":{"java":{"insertions":40,"deletions":7}}},{"hash":"cd68d6cffb87017193fd6aafe06e49bf73761bed","messageTitle":"Add javadoc comments for dialogbox class","messageBody":"","fileTypesAndContributionMap":{"java":{"insertions":39,"deletions":3}}},{"hash":"54932b0be035313c190fd87f55319d94f894167d","messageTitle":"Add javadoc comments for duke class","messageBody":"","fileTypesAndContributionMap":{"java":{"insertions":23,"deletions":5}}},{"hash":"42d3995bb65be1372cd3cae68ee5a68eb40db1a3","messageTitle":"Provide javadoc comments for event class","messageBody":"","fileTypesAndContributionMap":{"java":{"insertions":40,"deletions":49}}},{"hash":"83ef708fbb27a862a79af61710beff453f5171dc","messageTitle":"Provide javadoc comments for initial window class","messageBody":"","fileTypesAndContributionMap":{"java":{"insertions":13,"deletions":2}}},{"hash":"4d3f9d6f767a61b5abe7e612ce132f4034d34a4e","messageTitle":"Provide javadoc for launcher and mainwindow","messageBody":"","fileTypesAndContributionMap":{"java":{"insertions":62,"deletions":35}}},{"hash":"451f3ec11531345098920e13bddcbff42195b716","messageTitle":"Provide javadoc for recur class","messageBody":"","fileTypesAndContributionMap":{"java":{"insertions":31,"deletions":3}}},{"hash":"53080c0b1dfbef961521b2c2ffb21f5a6b0fe8ba","messageTitle":"Provide javadoc comments for Storage class","messageBody":"","fileTypesAndContributionMap":{"java":{"insertions":12,"deletions":16}}},{"hash":"8a0f120b1afd6a417c0d7e9eac807bdb843b1452","messageTitle":"Remove executorservice from taskscheduler. Retrieve from here if needed again","messageBody":"","fileTypesAndContributionMap":{"java":{"insertions":0,"deletions":33}}},{"hash":"11c8c7e2b7c349be3beecdf94c805c22680277aa","messageTitle":"Provide javadoc comments for task scheduler","messageBody":"","fileTypesAndContributionMap":{"java":{"insertions":25,"deletions":6}}},{"hash":"76f69faa7bb47a07ae94f630f330a19b3b6d2eba","messageTitle":"Remove unnecessary things from ui class","messageBody":"","fileTypesAndContributionMap":{"java":{"insertions":5,"deletions":7}}},{"hash":"652d74363baf80c7882897b9fad378a03893d41b","messageTitle":"Provide javadoc comments for todo class","messageBody":"","fileTypesAndContributionMap":{"java":{"insertions":34,"deletions":2}}},{"hash":"317a6edf02b7ff9b162108c23344bf958d0d1fa7","messageTitle":"Provide assymetric styling for user dialog background","messageBody":"","tags":["A-Personality","A-MoreTesting","A-BetterGui"],"fileTypesAndContributionMap":{"java":{"insertions":4,"deletions":1}}},{"hash":"54bc7b7cef132f536c694d4e3b7769661c462e8e","messageTitle":"Provide readme","messageBody":"","tags":["v0.2","A-UserGuide","A-Release"],"fileTypesAndContributionMap":{"md":{"insertions":27,"deletions":24}}}]},{"date":"2023-02-16","commitResults":[{"hash":"8e8fdcfa2e012a86f33873332e6f02a4313644e3","messageTitle":"Provide comprehensivereadme in user guide format","messageBody":"","fileTypesAndContributionMap":{"md":{"insertions":162,"deletions":16}}},{"hash":"6a579c15dbbc5bc0fd654daf7d562b98280defe7","messageTitle":"Provide comprehensive readme","messageBody":"","fileTypesAndContributionMap":{"md":{"insertions":180,"deletions":8}}},{"hash":"d7e43e588b52e64a0afd638fa3660f570e72e8dc","messageTitle":"Modify image path in user guide","messageBody":"","fileTypesAndContributionMap":{"md":{"insertions":1,"deletions":2}}},{"hash":"025c241f9bedb4aaafcbee9ea93bcf4b50ddadd9","messageTitle":"Remove verbose in readme main page","messageBody":"","fileTypesAndContributionMap":{"md":{"insertions":0,"deletions":180}}},{"hash":"6cd1698c90cd3305ee536109dbd1d59b40f67cb3","messageTitle":"Remove verbose in readme main page","messageBody":"","fileTypesAndContributionMap":{"md":{"insertions":1,"deletions":5}}},{"hash":"23a3876dd740aa349f3eab4313e60c66b1bae11d","messageTitle":"Remove yaml error in user guide","messageBody":"","fileTypesAndContributionMap":{"md":{"insertions":1,"deletions":3}}},{"hash":"55db5590469293d309a04c3fe8e3bc18d800b61d","messageTitle":"Modify all files to abide by checkstyle","messageBody":"","fileTypesAndContributionMap":{"gradle":{"insertions":1,"deletions":3},"java":{"insertions":116,"deletions":147}}},{"hash":"7f25bb43695b52a6f0516e1455520171060605fc","messageTitle":"Make ci pipeline pass","messageBody":"","fileTypesAndContributionMap":{"txt":{"insertions":5,"deletions":1}}},{"hash":"070173393b9a3cb85ad56b8e5e776e08d0742bca","messageTitle":"Make ci pipeline pass","messageBody":"","fileTypesAndContributionMap":{"java":{"insertions":0,"deletions":1}}},{"hash":"f6717709c6a27552357edba4b390cd0f370daecb","messageTitle":"Make ci pipeline pass","messageBody":"","fileTypesAndContributionMap":{"java":{"insertions":0,"deletions":1}}}]},{"date":"2023-02-21","commitResults":[{"hash":"da536e981e2c1933767a3a044015f17bfdbc2271","messageTitle":"Update readme to tell user that any username and password is valid","messageBody":"","fileTypesAndContributionMap":{"md":{"insertions":1,"deletions":1}}}]}]},"authorFileTypeContributionMap":{"ARPspoofing":{"java":2296,"md":157,"fxml":71,"sh":0,"bat":2,"gradle":22,"txt":5}},"authorContributionVariance":{"ARPspoofing":120983.25},"authorDisplayNameMap":{"ARPspoofing":"CS2103-F11-1 MUHA..HEER"}}
