[{"path":"src/main/java/Data.java","fileType":"java","lines":[{"lineNumber":1,"author":{"gitId":"EksdeeeX"},"content":"import java.io.FileWriter;","lastModifiedDate":"2023-01-29"},{"lineNumber":2,"author":{"gitId":"EksdeeeX"},"content":"import java.io.File;","lastModifiedDate":"2023-01-29"},{"lineNumber":3,"author":{"gitId":"EksdeeeX"},"content":"import java.io.FileNotFoundException;","lastModifiedDate":"2023-01-29"},{"lineNumber":4,"author":{"gitId":"EksdeeeX"},"content":"import java.io.IOException;","lastModifiedDate":"2023-01-29"},{"lineNumber":5,"author":{"gitId":"EksdeeeX"},"content":"import java.util.ArrayList;","lastModifiedDate":"2023-01-29"},{"lineNumber":6,"author":{"gitId":"EksdeeeX"},"content":"import java.util.Scanner;","lastModifiedDate":"2023-01-29"},{"lineNumber":7,"author":{"gitId":"EksdeeeX"},"content":"import java.time.format.DateTimeFormatter;","lastModifiedDate":"2023-01-31"},{"lineNumber":8,"author":{"gitId":"EksdeeeX"},"content":"import java.time.LocalDateTime;","lastModifiedDate":"2023-01-31"},{"lineNumber":9,"author":{"gitId":"EksdeeeX"},"content":"","lastModifiedDate":"2023-01-29"},{"lineNumber":10,"author":{"gitId":"EksdeeeX"},"content":"public class Data {","lastModifiedDate":"2023-01-29"},{"lineNumber":11,"author":{"gitId":"EksdeeeX"},"content":"    private DateTimeFormatter savedFormat \u003d DateTimeFormatter.ofPattern(\"dd/MMM/yyyy HHmm\");","lastModifiedDate":"2023-01-31"},{"lineNumber":12,"author":{"gitId":"EksdeeeX"},"content":"    private DateTimeFormatter loadFormat \u003d DateTimeFormatter.ofPattern(\"yyyy/MM/dd HHmm\");","lastModifiedDate":"2023-01-31"},{"lineNumber":13,"author":{"gitId":"EksdeeeX"},"content":"    private boolean exist;","lastModifiedDate":"2023-01-29"},{"lineNumber":14,"author":{"gitId":"EksdeeeX"},"content":"    private File saved;","lastModifiedDate":"2023-01-29"},{"lineNumber":15,"author":{"gitId":"EksdeeeX"},"content":"    private String path;","lastModifiedDate":"2023-01-29"},{"lineNumber":16,"author":{"gitId":"EksdeeeX"},"content":"","lastModifiedDate":"2023-01-29"},{"lineNumber":17,"author":{"gitId":"EksdeeeX"},"content":"    public Data(String path) throws IOException {","lastModifiedDate":"2023-01-29"},{"lineNumber":18,"author":{"gitId":"EksdeeeX"},"content":"        this.path \u003d path;","lastModifiedDate":"2023-01-29"},{"lineNumber":19,"author":{"gitId":"EksdeeeX"},"content":"        this.saved \u003d new File(path);","lastModifiedDate":"2023-01-29"},{"lineNumber":20,"author":{"gitId":"EksdeeeX"},"content":"        if(this.saved.createNewFile()) {","lastModifiedDate":"2023-01-29"},{"lineNumber":21,"author":{"gitId":"EksdeeeX"},"content":"            this.exist \u003d false;","lastModifiedDate":"2023-01-29"},{"lineNumber":22,"author":{"gitId":"EksdeeeX"},"content":"        } else {","lastModifiedDate":"2023-01-29"},{"lineNumber":23,"author":{"gitId":"EksdeeeX"},"content":"            this.exist \u003d true;","lastModifiedDate":"2023-01-29"},{"lineNumber":24,"author":{"gitId":"EksdeeeX"},"content":"        }","lastModifiedDate":"2023-01-29"},{"lineNumber":25,"author":{"gitId":"EksdeeeX"},"content":"    }","lastModifiedDate":"2023-01-29"},{"lineNumber":26,"author":{"gitId":"EksdeeeX"},"content":"","lastModifiedDate":"2023-01-29"},{"lineNumber":27,"author":{"gitId":"EksdeeeX"},"content":"    public boolean isSaved() {","lastModifiedDate":"2023-01-29"},{"lineNumber":28,"author":{"gitId":"EksdeeeX"},"content":"        return this.exist;","lastModifiedDate":"2023-01-29"},{"lineNumber":29,"author":{"gitId":"EksdeeeX"},"content":"    }","lastModifiedDate":"2023-01-29"},{"lineNumber":30,"author":{"gitId":"EksdeeeX"},"content":"","lastModifiedDate":"2023-01-29"},{"lineNumber":31,"author":{"gitId":"EksdeeeX"},"content":"    public void save(ArrayList\u003cTask\u003e list) throws IOException {","lastModifiedDate":"2023-01-29"},{"lineNumber":32,"author":{"gitId":"EksdeeeX"},"content":"        FileWriter fw \u003d new FileWriter(path, false);","lastModifiedDate":"2023-01-29"},{"lineNumber":33,"author":{"gitId":"EksdeeeX"},"content":"        for (int i \u003d 0; i \u003c list.size(); i++) {","lastModifiedDate":"2023-01-29"},{"lineNumber":34,"author":{"gitId":"EksdeeeX"},"content":"            Task curr \u003d list.get(i);","lastModifiedDate":"2023-01-29"},{"lineNumber":35,"author":{"gitId":"EksdeeeX"},"content":"            boolean currMarked \u003d curr.isMarked();","lastModifiedDate":"2023-01-29"},{"lineNumber":36,"author":{"gitId":"EksdeeeX"},"content":"","lastModifiedDate":"2023-01-29"},{"lineNumber":37,"author":{"gitId":"EksdeeeX"},"content":"            if (curr instanceof Deadline) {","lastModifiedDate":"2023-01-29"},{"lineNumber":38,"author":{"gitId":"EksdeeeX"},"content":"                Deadline newCurr \u003d (Deadline) curr;","lastModifiedDate":"2023-01-29"},{"lineNumber":39,"author":{"gitId":"EksdeeeX"},"content":"                if (currMarked) {","lastModifiedDate":"2023-01-29"},{"lineNumber":40,"author":{"gitId":"EksdeeeX"},"content":"                    fw.write(\"D\" + \"|\" + \"1\" + \"|\" + newCurr.getTask() + \"|\" + newCurr.getDeadline() ","lastModifiedDate":"2023-01-29"},{"lineNumber":41,"author":{"gitId":"EksdeeeX"},"content":"                        + System.lineSeparator());","lastModifiedDate":"2023-01-29"},{"lineNumber":42,"author":{"gitId":"EksdeeeX"},"content":"                } else {","lastModifiedDate":"2023-01-29"},{"lineNumber":43,"author":{"gitId":"EksdeeeX"},"content":"                    fw.write(\"D\" + \"|\" + \"0\" + \"|\" + newCurr.getTask() + \"|\" + newCurr.getDeadline()","lastModifiedDate":"2023-01-29"},{"lineNumber":44,"author":{"gitId":"EksdeeeX"},"content":"                        + System.lineSeparator());","lastModifiedDate":"2023-01-29"},{"lineNumber":45,"author":{"gitId":"EksdeeeX"},"content":"                }","lastModifiedDate":"2023-01-29"},{"lineNumber":46,"author":{"gitId":"EksdeeeX"},"content":"            } else if (curr instanceof Event) {","lastModifiedDate":"2023-01-29"},{"lineNumber":47,"author":{"gitId":"EksdeeeX"},"content":"                Event newCurr \u003d (Event) curr;","lastModifiedDate":"2023-01-29"},{"lineNumber":48,"author":{"gitId":"EksdeeeX"},"content":"                if (currMarked) {","lastModifiedDate":"2023-01-29"},{"lineNumber":49,"author":{"gitId":"EksdeeeX"},"content":"                    fw.write(\"E\" + \"|\" + \"1\"  + \"|\" + newCurr.getTask() + \"|\" + ","lastModifiedDate":"2023-01-29"},{"lineNumber":50,"author":{"gitId":"EksdeeeX"},"content":"                            newCurr.getStart() + \"|\" + newCurr.getEnd() + System.lineSeparator());","lastModifiedDate":"2023-01-29"},{"lineNumber":51,"author":{"gitId":"EksdeeeX"},"content":"                } else {","lastModifiedDate":"2023-01-29"},{"lineNumber":52,"author":{"gitId":"EksdeeeX"},"content":"                    fw.write(\"E\" + \"|\" + \"0\"  + \"|\" + newCurr.getTask() + \"|\" + ","lastModifiedDate":"2023-01-29"},{"lineNumber":53,"author":{"gitId":"EksdeeeX"},"content":"                            newCurr.getStart() + \"|\" + newCurr.getEnd() + System.lineSeparator());","lastModifiedDate":"2023-01-29"},{"lineNumber":54,"author":{"gitId":"EksdeeeX"},"content":"                }","lastModifiedDate":"2023-01-29"},{"lineNumber":55,"author":{"gitId":"EksdeeeX"},"content":"            } else if (curr instanceof ToDo) {","lastModifiedDate":"2023-01-29"},{"lineNumber":56,"author":{"gitId":"EksdeeeX"},"content":"                ToDo newCurr \u003d (ToDo) curr;","lastModifiedDate":"2023-01-29"},{"lineNumber":57,"author":{"gitId":"EksdeeeX"},"content":"                    if (currMarked) {","lastModifiedDate":"2023-01-29"},{"lineNumber":58,"author":{"gitId":"EksdeeeX"},"content":"                        fw.write(\"T\" + \"|\" + \"1\" + \"|\" + newCurr.getTask() + System.lineSeparator());","lastModifiedDate":"2023-01-29"},{"lineNumber":59,"author":{"gitId":"EksdeeeX"},"content":"                    } else {","lastModifiedDate":"2023-01-29"},{"lineNumber":60,"author":{"gitId":"EksdeeeX"},"content":"                        fw.write(\"T\" + \"|\" + \"0\" + \"|\" + newCurr.getTask() + System.lineSeparator());","lastModifiedDate":"2023-01-29"},{"lineNumber":61,"author":{"gitId":"EksdeeeX"},"content":"                    }","lastModifiedDate":"2023-01-29"},{"lineNumber":62,"author":{"gitId":"EksdeeeX"},"content":"            }","lastModifiedDate":"2023-01-29"},{"lineNumber":63,"author":{"gitId":"EksdeeeX"},"content":"        }","lastModifiedDate":"2023-01-29"},{"lineNumber":64,"author":{"gitId":"EksdeeeX"},"content":"        fw.close();","lastModifiedDate":"2023-01-29"},{"lineNumber":65,"author":{"gitId":"EksdeeeX"},"content":"    }","lastModifiedDate":"2023-01-29"},{"lineNumber":66,"author":{"gitId":"EksdeeeX"},"content":"","lastModifiedDate":"2023-01-29"},{"lineNumber":67,"author":{"gitId":"EksdeeeX"},"content":"    public ArrayList\u003cTask\u003e load() throws FileNotFoundException {","lastModifiedDate":"2023-01-29"},{"lineNumber":68,"author":{"gitId":"EksdeeeX"},"content":"        Scanner sc \u003d new Scanner(this.saved);","lastModifiedDate":"2023-01-29"},{"lineNumber":69,"author":{"gitId":"EksdeeeX"},"content":"        ArrayList\u003cTask\u003e list \u003d new ArrayList\u003c\u003e();","lastModifiedDate":"2023-01-29"},{"lineNumber":70,"author":{"gitId":"EksdeeeX"},"content":"","lastModifiedDate":"2023-01-29"},{"lineNumber":71,"author":{"gitId":"EksdeeeX"},"content":"        while (sc.hasNext()) {","lastModifiedDate":"2023-01-29"},{"lineNumber":72,"author":{"gitId":"EksdeeeX"},"content":"            String curr \u003d sc.nextLine();","lastModifiedDate":"2023-01-29"},{"lineNumber":73,"author":{"gitId":"EksdeeeX"},"content":"            String[] parsed \u003d curr.split(\"\\\\|\");","lastModifiedDate":"2023-01-29"},{"lineNumber":74,"author":{"gitId":"EksdeeeX"},"content":"            String type \u003d parsed[0];","lastModifiedDate":"2023-01-29"},{"lineNumber":75,"author":{"gitId":"EksdeeeX"},"content":"            boolean isMarked \u003d parsed[1].equals(\"1\");","lastModifiedDate":"2023-01-29"},{"lineNumber":76,"author":{"gitId":"EksdeeeX"},"content":"","lastModifiedDate":"2023-01-29"},{"lineNumber":77,"author":{"gitId":"EksdeeeX"},"content":"            if (type.equals(\"D\")) {","lastModifiedDate":"2023-01-29"},{"lineNumber":78,"author":{"gitId":"EksdeeeX"},"content":"                LocalDateTime savedDateTime \u003d LocalDateTime.parse(parsed[3], savedFormat);","lastModifiedDate":"2023-01-31"},{"lineNumber":79,"author":{"gitId":"EksdeeeX"},"content":"                LocalDateTime loadDateTime \u003d LocalDateTime.parse(savedDateTime.format(loadFormat), loadFormat);","lastModifiedDate":"2023-01-31"},{"lineNumber":80,"author":{"gitId":"EksdeeeX"},"content":"                Deadline temp \u003d new Deadline(parsed[2], loadDateTime.format(loadFormat));","lastModifiedDate":"2023-01-31"},{"lineNumber":81,"author":{"gitId":"EksdeeeX"},"content":"                if (isMarked) {","lastModifiedDate":"2023-01-29"},{"lineNumber":82,"author":{"gitId":"EksdeeeX"},"content":"                    temp.mark();","lastModifiedDate":"2023-01-29"},{"lineNumber":83,"author":{"gitId":"EksdeeeX"},"content":"                }","lastModifiedDate":"2023-01-29"},{"lineNumber":84,"author":{"gitId":"EksdeeeX"},"content":"                list.add(temp);","lastModifiedDate":"2023-01-29"},{"lineNumber":85,"author":{"gitId":"EksdeeeX"},"content":"            } else if (type.equals(\"E\")) {","lastModifiedDate":"2023-01-29"},{"lineNumber":86,"author":{"gitId":"EksdeeeX"},"content":"                LocalDateTime savedStartTime \u003d LocalDateTime.parse(parsed[3], savedFormat);","lastModifiedDate":"2023-01-31"},{"lineNumber":87,"author":{"gitId":"EksdeeeX"},"content":"                LocalDateTime loadStartTime \u003d LocalDateTime.parse(savedStartTime.format(loadFormat), loadFormat);","lastModifiedDate":"2023-01-31"},{"lineNumber":88,"author":{"gitId":"EksdeeeX"},"content":"                LocalDateTime savedEndTime \u003d LocalDateTime.parse(parsed[4], savedFormat);","lastModifiedDate":"2023-01-31"},{"lineNumber":89,"author":{"gitId":"EksdeeeX"},"content":"                LocalDateTime loadEndTime \u003d LocalDateTime.parse(savedEndTime.format(loadFormat), loadFormat);","lastModifiedDate":"2023-01-31"},{"lineNumber":90,"author":{"gitId":"EksdeeeX"},"content":"                Event temp \u003d new Event(parsed[2], ","lastModifiedDate":"2023-01-31"},{"lineNumber":91,"author":{"gitId":"EksdeeeX"},"content":"                    loadStartTime.format(loadFormat),","lastModifiedDate":"2023-01-31"},{"lineNumber":92,"author":{"gitId":"EksdeeeX"},"content":"                    loadEndTime.format(loadFormat));","lastModifiedDate":"2023-01-31"},{"lineNumber":93,"author":{"gitId":"EksdeeeX"},"content":"                if (isMarked) {","lastModifiedDate":"2023-01-29"},{"lineNumber":94,"author":{"gitId":"EksdeeeX"},"content":"                    temp.mark();","lastModifiedDate":"2023-01-29"},{"lineNumber":95,"author":{"gitId":"EksdeeeX"},"content":"                } ","lastModifiedDate":"2023-01-29"},{"lineNumber":96,"author":{"gitId":"EksdeeeX"},"content":"                list.add(temp);","lastModifiedDate":"2023-01-29"},{"lineNumber":97,"author":{"gitId":"EksdeeeX"},"content":"            } else if (type.equals(\"T\")) {","lastModifiedDate":"2023-01-29"},{"lineNumber":98,"author":{"gitId":"EksdeeeX"},"content":"                ToDo temp \u003d new ToDo(parsed[2]);","lastModifiedDate":"2023-01-29"},{"lineNumber":99,"author":{"gitId":"EksdeeeX"},"content":"                if (isMarked) {","lastModifiedDate":"2023-01-29"},{"lineNumber":100,"author":{"gitId":"EksdeeeX"},"content":"                    temp.mark();","lastModifiedDate":"2023-01-29"},{"lineNumber":101,"author":{"gitId":"EksdeeeX"},"content":"                }","lastModifiedDate":"2023-01-29"},{"lineNumber":102,"author":{"gitId":"EksdeeeX"},"content":"                list.add(temp);","lastModifiedDate":"2023-01-29"},{"lineNumber":103,"author":{"gitId":"EksdeeeX"},"content":"            }","lastModifiedDate":"2023-01-29"},{"lineNumber":104,"author":{"gitId":"EksdeeeX"},"content":"        }","lastModifiedDate":"2023-01-29"},{"lineNumber":105,"author":{"gitId":"EksdeeeX"},"content":"        sc.close();","lastModifiedDate":"2023-01-29"},{"lineNumber":106,"author":{"gitId":"EksdeeeX"},"content":"        return list;","lastModifiedDate":"2023-01-29"},{"lineNumber":107,"author":{"gitId":"EksdeeeX"},"content":"    }","lastModifiedDate":"2023-01-29"},{"lineNumber":108,"author":{"gitId":"EksdeeeX"},"content":"}","lastModifiedDate":"2023-01-29"}],"authorContributionMap":{"EksdeeeX":108}},{"path":"src/main/java/Deadline.java","fileType":"java","lines":[{"lineNumber":1,"author":{"gitId":"EksdeeeX"},"content":"import java.time.LocalDateTime;","lastModifiedDate":"2023-01-31"},{"lineNumber":2,"author":{"gitId":"EksdeeeX"},"content":"import java.time.format.DateTimeFormatter;","lastModifiedDate":"2023-01-31"},{"lineNumber":3,"author":{"gitId":"EksdeeeX"},"content":"import java.time.format.DateTimeParseException;","lastModifiedDate":"2023-01-31"},{"lineNumber":4,"author":{"gitId":"EksdeeeX"},"content":"","lastModifiedDate":"2023-01-31"},{"lineNumber":5,"author":{"gitId":"EksdeeeX"},"content":"public class Deadline extends Task {","lastModifiedDate":"2023-01-20"},{"lineNumber":6,"author":{"gitId":"EksdeeeX"},"content":"    private String task;","lastModifiedDate":"2023-01-29"},{"lineNumber":7,"author":{"gitId":"EksdeeeX"},"content":"    private LocalDateTime deadline; ","lastModifiedDate":"2023-01-31"},{"lineNumber":8,"author":{"gitId":"EksdeeeX"},"content":"    private DateTimeFormatter acceptingFormat \u003d DateTimeFormatter.ofPattern(\"yyyy/MM/dd HHmm\");","lastModifiedDate":"2023-01-31"},{"lineNumber":9,"author":{"gitId":"EksdeeeX"},"content":"    private DateTimeFormatter displayFormat \u003d DateTimeFormatter.ofPattern(\"dd/MMM/yyyy HHmm\");","lastModifiedDate":"2023-01-31"},{"lineNumber":10,"author":{"gitId":"EksdeeeX"},"content":"","lastModifiedDate":"2023-01-20"},{"lineNumber":11,"author":{"gitId":"EksdeeeX"},"content":"    public Deadline(String task, String deadline) {","lastModifiedDate":"2023-01-20"},{"lineNumber":12,"author":{"gitId":"EksdeeeX"},"content":"        super(task);","lastModifiedDate":"2023-01-20"},{"lineNumber":13,"author":{"gitId":"EksdeeeX"},"content":"        try {","lastModifiedDate":"2023-01-31"},{"lineNumber":14,"author":{"gitId":"EksdeeeX"},"content":"            LocalDateTime temp \u003d LocalDateTime.parse(deadline, acceptingFormat);","lastModifiedDate":"2023-01-31"},{"lineNumber":15,"author":{"gitId":"EksdeeeX"},"content":"            this.deadline \u003d LocalDateTime.parse(temp.format(displayFormat), displayFormat);","lastModifiedDate":"2023-01-31"},{"lineNumber":16,"author":{"gitId":"EksdeeeX"},"content":"            this.task \u003d task;","lastModifiedDate":"2023-01-29"},{"lineNumber":17,"author":{"gitId":"EksdeeeX"},"content":"        } catch (DateTimeParseException e) {","lastModifiedDate":"2023-01-31"},{"lineNumber":18,"author":{"gitId":"EksdeeeX"},"content":"            throw new DateTimeParseException(deadline, deadline, 0);","lastModifiedDate":"2023-01-31"},{"lineNumber":19,"author":{"gitId":"EksdeeeX"},"content":"        }","lastModifiedDate":"2023-01-31"},{"lineNumber":20,"author":{"gitId":"EksdeeeX"},"content":"    }","lastModifiedDate":"2023-01-20"},{"lineNumber":21,"author":{"gitId":"EksdeeeX"},"content":"","lastModifiedDate":"2023-01-20"},{"lineNumber":22,"author":{"gitId":"EksdeeeX"},"content":"    @Override","lastModifiedDate":"2023-01-29"},{"lineNumber":23,"author":{"gitId":"EksdeeeX"},"content":"    public String getTask() {","lastModifiedDate":"2023-01-29"},{"lineNumber":24,"author":{"gitId":"EksdeeeX"},"content":"        return this.task;","lastModifiedDate":"2023-01-29"},{"lineNumber":25,"author":{"gitId":"EksdeeeX"},"content":"    }","lastModifiedDate":"2023-01-29"},{"lineNumber":26,"author":{"gitId":"EksdeeeX"},"content":"","lastModifiedDate":"2023-01-29"},{"lineNumber":27,"author":{"gitId":"EksdeeeX"},"content":"    public String getDeadline() {","lastModifiedDate":"2023-01-29"},{"lineNumber":28,"author":{"gitId":"EksdeeeX"},"content":"        return this.deadline.format(displayFormat);","lastModifiedDate":"2023-01-31"},{"lineNumber":29,"author":{"gitId":"EksdeeeX"},"content":"    }","lastModifiedDate":"2023-01-29"},{"lineNumber":30,"author":{"gitId":"EksdeeeX"},"content":"    ","lastModifiedDate":"2023-01-29"},{"lineNumber":31,"author":{"gitId":"EksdeeeX"},"content":"    @Override ","lastModifiedDate":"2023-01-20"},{"lineNumber":32,"author":{"gitId":"EksdeeeX"},"content":"    public String toString() {","lastModifiedDate":"2023-01-20"},{"lineNumber":33,"author":{"gitId":"EksdeeeX"},"content":"        return \"[D] \" + super.toString() + \" (by: \" + this.deadline.format(displayFormat) + \"Hrs\" + \")\";","lastModifiedDate":"2023-01-31"},{"lineNumber":34,"author":{"gitId":"EksdeeeX"},"content":"    }","lastModifiedDate":"2023-01-20"},{"lineNumber":35,"author":{"gitId":"EksdeeeX"},"content":"}","lastModifiedDate":"2023-01-20"}],"authorContributionMap":{"EksdeeeX":35}},{"path":"src/main/java/Duke.java","fileType":"java","lines":[{"lineNumber":1,"author":{"gitId":"EksdeeeX"},"content":"import java.util.ArrayList;","lastModifiedDate":"2023-01-19"},{"lineNumber":2,"author":{"gitId":"EksdeeeX"},"content":"import java.util.Scanner;","lastModifiedDate":"2023-01-19"},{"lineNumber":3,"author":{"gitId":"EksdeeeX"},"content":"import java.lang.StringBuilder;","lastModifiedDate":"2023-01-20"},{"lineNumber":4,"author":{"gitId":"EksdeeeX"},"content":"import java.time.format.DateTimeParseException;","lastModifiedDate":"2023-01-31"},{"lineNumber":5,"author":{"gitId":"EksdeeeX"},"content":"import java.io.IOException;","lastModifiedDate":"2023-01-29"},{"lineNumber":6,"author":{"gitId":"EksdeeeX"},"content":"","lastModifiedDate":"2023-01-19"},{"lineNumber":7,"author":{"gitId":"-"},"content":"public class Duke {","lastModifiedDate":"2023-01-19"},{"lineNumber":8,"author":{"gitId":"EksdeeeX"},"content":"    private static final String intro \u003d \"Hi! I\u0027m Duke! :)\\nHow may I help?\";","lastModifiedDate":"2023-01-19"},{"lineNumber":9,"author":{"gitId":"EksdeeeX"},"content":"    private static final String outro \u003d \"Goodbye!\";","lastModifiedDate":"2023-01-19"},{"lineNumber":10,"author":{"gitId":"EksdeeeX"},"content":"    private static ArrayList\u003cTask\u003e list \u003d new ArrayList\u003c\u003e();","lastModifiedDate":"2023-01-19"},{"lineNumber":11,"author":{"gitId":"EksdeeeX"},"content":"","lastModifiedDate":"2023-01-19"},{"lineNumber":12,"author":{"gitId":"EksdeeeX"},"content":"    private static void reset() {","lastModifiedDate":"2023-01-20"},{"lineNumber":13,"author":{"gitId":"EksdeeeX"},"content":"        System.out.println();","lastModifiedDate":"2023-01-20"},{"lineNumber":14,"author":{"gitId":"EksdeeeX"},"content":"        System.out.print(\"User: \");","lastModifiedDate":"2023-01-20"},{"lineNumber":15,"author":{"gitId":"-"},"content":"    }","lastModifiedDate":"2023-01-20"},{"lineNumber":16,"author":{"gitId":"EksdeeeX"},"content":"    ","lastModifiedDate":"2023-01-20"},{"lineNumber":17,"author":{"gitId":"EksdeeeX"},"content":"    private static void addToList(Task t) {","lastModifiedDate":"2023-01-19"},{"lineNumber":18,"author":{"gitId":"EksdeeeX"},"content":"        list.add(t);","lastModifiedDate":"2023-01-19"},{"lineNumber":19,"author":{"gitId":"EksdeeeX"},"content":"        System.out.print(\"Duke: \");","lastModifiedDate":"2023-01-20"},{"lineNumber":20,"author":{"gitId":"EksdeeeX"},"content":"        System.out.println(\"added \" + t.getTask() + \"!\");","lastModifiedDate":"2023-01-29"},{"lineNumber":21,"author":{"gitId":"EksdeeeX"},"content":"        System.out.println(\"Now you have \" + list.size() + \" tasks in the list.\");","lastModifiedDate":"2023-01-20"},{"lineNumber":22,"author":{"gitId":"EksdeeeX"},"content":"    }","lastModifiedDate":"2023-01-19"},{"lineNumber":23,"author":{"gitId":"EksdeeeX"},"content":"","lastModifiedDate":"2023-01-19"},{"lineNumber":24,"author":{"gitId":"EksdeeeX"},"content":"    private static void emptyErr() {","lastModifiedDate":"2023-01-19"},{"lineNumber":25,"author":{"gitId":"EksdeeeX"},"content":"        System.out.println(\"Duke: Error!! List empty! Try again.\");","lastModifiedDate":"2023-01-20"},{"lineNumber":26,"author":{"gitId":"EksdeeeX"},"content":"        reset();","lastModifiedDate":"2023-01-20"},{"lineNumber":27,"author":{"gitId":"EksdeeeX"},"content":"    }","lastModifiedDate":"2023-01-20"},{"lineNumber":28,"author":{"gitId":"EksdeeeX"},"content":"","lastModifiedDate":"2023-01-20"},{"lineNumber":29,"author":{"gitId":"EksdeeeX"},"content":"    private static void viewList() {","lastModifiedDate":"2023-01-20"},{"lineNumber":30,"author":{"gitId":"EksdeeeX"},"content":"        System.out.println(\"Here\u0027s your list of tasks:\");","lastModifiedDate":"2023-01-20"},{"lineNumber":31,"author":{"gitId":"EksdeeeX"},"content":"        System.out.println();","lastModifiedDate":"2023-01-19"},{"lineNumber":32,"author":{"gitId":"EksdeeeX"},"content":"        for(int i  \u003d 0; i \u003c list.size(); i++) {","lastModifiedDate":"2023-01-20"},{"lineNumber":33,"author":{"gitId":"EksdeeeX"},"content":"        System.out.println(i+1 + \". \" + list.get(i));","lastModifiedDate":"2023-01-20"},{"lineNumber":34,"author":{"gitId":"EksdeeeX"},"content":"        }","lastModifiedDate":"2023-01-20"},{"lineNumber":35,"author":{"gitId":"EksdeeeX"},"content":"    }","lastModifiedDate":"2023-01-20"},{"lineNumber":36,"author":{"gitId":"EksdeeeX"},"content":"","lastModifiedDate":"2023-01-20"},{"lineNumber":37,"author":{"gitId":"EksdeeeX"},"content":"    private static void markTask(int num) {","lastModifiedDate":"2023-01-20"},{"lineNumber":38,"author":{"gitId":"EksdeeeX"},"content":"        if(num \u003e\u003d list.size()) {","lastModifiedDate":"2023-01-20"},{"lineNumber":39,"author":{"gitId":"EksdeeeX"},"content":"            System.out.println(\"Duke: Task no.\" + (num+1) + \" not found. Try again.\");","lastModifiedDate":"2023-01-20"},{"lineNumber":40,"author":{"gitId":"EksdeeeX"},"content":"        } else {","lastModifiedDate":"2023-01-20"},{"lineNumber":41,"author":{"gitId":"EksdeeeX"},"content":"            list.get(num).mark();","lastModifiedDate":"2023-01-20"},{"lineNumber":42,"author":{"gitId":"EksdeeeX"},"content":"            System.out.println(\"Duke: Nice It\u0027s marked!\");","lastModifiedDate":"2023-01-20"},{"lineNumber":43,"author":{"gitId":"EksdeeeX"},"content":"            System.out.println(list.get(num));","lastModifiedDate":"2023-01-20"},{"lineNumber":44,"author":{"gitId":"EksdeeeX"},"content":"        }","lastModifiedDate":"2023-01-20"},{"lineNumber":45,"author":{"gitId":"EksdeeeX"},"content":"    }","lastModifiedDate":"2023-01-20"},{"lineNumber":46,"author":{"gitId":"EksdeeeX"},"content":"","lastModifiedDate":"2023-01-20"},{"lineNumber":47,"author":{"gitId":"EksdeeeX"},"content":"    private static void unmarkTask(int num) {","lastModifiedDate":"2023-01-20"},{"lineNumber":48,"author":{"gitId":"EksdeeeX"},"content":"        if(num \u003e\u003d list.size()) {","lastModifiedDate":"2023-01-20"},{"lineNumber":49,"author":{"gitId":"EksdeeeX"},"content":"            System.out.println(\"Duke: Task no.\" + (num+1) + \" not found. Try again.\");","lastModifiedDate":"2023-01-20"},{"lineNumber":50,"author":{"gitId":"EksdeeeX"},"content":"        } else {","lastModifiedDate":"2023-01-20"},{"lineNumber":51,"author":{"gitId":"EksdeeeX"},"content":"            list.get(num).unmark();","lastModifiedDate":"2023-01-20"},{"lineNumber":52,"author":{"gitId":"EksdeeeX"},"content":"            System.out.println(\"Duke: Ok! It\u0027s unmarked!\");","lastModifiedDate":"2023-01-20"},{"lineNumber":53,"author":{"gitId":"EksdeeeX"},"content":"            System.out.println(list.get(num));","lastModifiedDate":"2023-01-20"},{"lineNumber":54,"author":{"gitId":"EksdeeeX"},"content":"        }","lastModifiedDate":"2023-01-20"},{"lineNumber":55,"author":{"gitId":"EksdeeeX"},"content":"    }","lastModifiedDate":"2023-01-20"},{"lineNumber":56,"author":{"gitId":"EksdeeeX"},"content":"","lastModifiedDate":"2023-01-20"},{"lineNumber":57,"author":{"gitId":"EksdeeeX"},"content":"    private static ToDo makeToDo(String[] task) {","lastModifiedDate":"2023-01-20"},{"lineNumber":58,"author":{"gitId":"EksdeeeX"},"content":"        StringBuilder sb \u003d new StringBuilder();","lastModifiedDate":"2023-01-20"},{"lineNumber":59,"author":{"gitId":"EksdeeeX"},"content":"        for(int i \u003d 1; i \u003c task.length; i++) {","lastModifiedDate":"2023-01-20"},{"lineNumber":60,"author":{"gitId":"EksdeeeX"},"content":"            sb.append(task[i] + \" \");","lastModifiedDate":"2023-01-20"},{"lineNumber":61,"author":{"gitId":"EksdeeeX"},"content":"        }","lastModifiedDate":"2023-01-20"},{"lineNumber":62,"author":{"gitId":"EksdeeeX"},"content":"        return new ToDo(sb.toString());","lastModifiedDate":"2023-01-20"},{"lineNumber":63,"author":{"gitId":"EksdeeeX"},"content":"    }","lastModifiedDate":"2023-01-20"},{"lineNumber":64,"author":{"gitId":"EksdeeeX"},"content":"","lastModifiedDate":"2023-01-20"},{"lineNumber":65,"author":{"gitId":"EksdeeeX"},"content":"    private static Event makeEvent(String[] task) throws DateTimeParseException {","lastModifiedDate":"2023-01-31"},{"lineNumber":66,"author":{"gitId":"EksdeeeX"},"content":"        StringBuilder start \u003d new StringBuilder();","lastModifiedDate":"2023-01-20"},{"lineNumber":67,"author":{"gitId":"EksdeeeX"},"content":"        StringBuilder end \u003d new StringBuilder();","lastModifiedDate":"2023-01-20"},{"lineNumber":68,"author":{"gitId":"EksdeeeX"},"content":"        StringBuilder desc \u003d new StringBuilder();","lastModifiedDate":"2023-01-20"},{"lineNumber":69,"author":{"gitId":"EksdeeeX"},"content":"        boolean isDescripton \u003d true;","lastModifiedDate":"2023-01-20"},{"lineNumber":70,"author":{"gitId":"EksdeeeX"},"content":"        boolean first \u003d false;","lastModifiedDate":"2023-01-20"},{"lineNumber":71,"author":{"gitId":"EksdeeeX"},"content":"        boolean second \u003d false;","lastModifiedDate":"2023-01-20"},{"lineNumber":72,"author":{"gitId":"EksdeeeX"},"content":"","lastModifiedDate":"2023-01-20"},{"lineNumber":73,"author":{"gitId":"EksdeeeX"},"content":"        for(int i \u003d 1; i \u003c task.length; i++) {","lastModifiedDate":"2023-01-20"},{"lineNumber":74,"author":{"gitId":"EksdeeeX"},"content":"            if(task[i].equalsIgnoreCase(\"/from\")) {","lastModifiedDate":"2023-01-31"},{"lineNumber":75,"author":{"gitId":"EksdeeeX"},"content":"                first \u003d true;","lastModifiedDate":"2023-01-20"},{"lineNumber":76,"author":{"gitId":"EksdeeeX"},"content":"                isDescripton \u003d false;","lastModifiedDate":"2023-01-20"},{"lineNumber":77,"author":{"gitId":"EksdeeeX"},"content":"                continue;","lastModifiedDate":"2023-01-20"},{"lineNumber":78,"author":{"gitId":"EksdeeeX"},"content":"            }","lastModifiedDate":"2023-01-20"},{"lineNumber":79,"author":{"gitId":"EksdeeeX"},"content":"            if(task[i].equalsIgnoreCase(\"/to\")) {","lastModifiedDate":"2023-01-31"},{"lineNumber":80,"author":{"gitId":"EksdeeeX"},"content":"                second \u003d true;","lastModifiedDate":"2023-01-20"},{"lineNumber":81,"author":{"gitId":"EksdeeeX"},"content":"                first \u003d false;","lastModifiedDate":"2023-01-20"},{"lineNumber":82,"author":{"gitId":"EksdeeeX"},"content":"                continue;","lastModifiedDate":"2023-01-20"},{"lineNumber":83,"author":{"gitId":"EksdeeeX"},"content":"            }","lastModifiedDate":"2023-01-19"},{"lineNumber":84,"author":{"gitId":"EksdeeeX"},"content":"            if(first) {","lastModifiedDate":"2023-01-20"},{"lineNumber":85,"author":{"gitId":"EksdeeeX"},"content":"                start.append(task[i] + \" \");","lastModifiedDate":"2023-01-20"},{"lineNumber":86,"author":{"gitId":"EksdeeeX"},"content":"            }","lastModifiedDate":"2023-01-20"},{"lineNumber":87,"author":{"gitId":"EksdeeeX"},"content":"            if(second) {","lastModifiedDate":"2023-01-20"},{"lineNumber":88,"author":{"gitId":"EksdeeeX"},"content":"                end.append(task[i] + \" \");","lastModifiedDate":"2023-01-20"},{"lineNumber":89,"author":{"gitId":"EksdeeeX"},"content":"            }","lastModifiedDate":"2023-01-20"},{"lineNumber":90,"author":{"gitId":"EksdeeeX"},"content":"            if(isDescripton) {","lastModifiedDate":"2023-01-20"},{"lineNumber":91,"author":{"gitId":"EksdeeeX"},"content":"                desc.append(task[i] + \" \");","lastModifiedDate":"2023-01-20"},{"lineNumber":92,"author":{"gitId":"EksdeeeX"},"content":"            }","lastModifiedDate":"2023-01-20"},{"lineNumber":93,"author":{"gitId":"EksdeeeX"},"content":"        }","lastModifiedDate":"2023-01-20"},{"lineNumber":94,"author":{"gitId":"EksdeeeX"},"content":"        return new Event(desc.toString(), start.toString(), end.toString());","lastModifiedDate":"2023-01-20"},{"lineNumber":95,"author":{"gitId":"EksdeeeX"},"content":"    }","lastModifiedDate":"2023-01-20"},{"lineNumber":96,"author":{"gitId":"EksdeeeX"},"content":"","lastModifiedDate":"2023-01-20"},{"lineNumber":97,"author":{"gitId":"EksdeeeX"},"content":"    private static Deadline makeDeadline(String[] task) throws DateTimeParseException {","lastModifiedDate":"2023-01-31"},{"lineNumber":98,"author":{"gitId":"EksdeeeX"},"content":"        StringBuilder desc \u003d new StringBuilder();","lastModifiedDate":"2023-01-20"},{"lineNumber":99,"author":{"gitId":"EksdeeeX"},"content":"        StringBuilder by \u003d new StringBuilder();","lastModifiedDate":"2023-01-20"},{"lineNumber":100,"author":{"gitId":"EksdeeeX"},"content":"        boolean isDesc \u003d true;","lastModifiedDate":"2023-01-20"},{"lineNumber":101,"author":{"gitId":"EksdeeeX"},"content":"","lastModifiedDate":"2023-01-20"},{"lineNumber":102,"author":{"gitId":"EksdeeeX"},"content":"        for(int i \u003d 1; i \u003c task.length; i++) {","lastModifiedDate":"2023-01-20"},{"lineNumber":103,"author":{"gitId":"EksdeeeX"},"content":"            if(task[i].equalsIgnoreCase(\"/by\")) {","lastModifiedDate":"2023-01-31"},{"lineNumber":104,"author":{"gitId":"EksdeeeX"},"content":"                isDesc \u003d false;","lastModifiedDate":"2023-01-20"},{"lineNumber":105,"author":{"gitId":"EksdeeeX"},"content":"                continue;","lastModifiedDate":"2023-01-20"},{"lineNumber":106,"author":{"gitId":"EksdeeeX"},"content":"            }","lastModifiedDate":"2023-01-20"},{"lineNumber":107,"author":{"gitId":"EksdeeeX"},"content":"            if(isDesc) {","lastModifiedDate":"2023-01-20"},{"lineNumber":108,"author":{"gitId":"EksdeeeX"},"content":"                desc.append(task[i] + \" \");","lastModifiedDate":"2023-01-20"},{"lineNumber":109,"author":{"gitId":"EksdeeeX"},"content":"            } else {","lastModifiedDate":"2023-01-20"},{"lineNumber":110,"author":{"gitId":"EksdeeeX"},"content":"                by.append(task[i]);","lastModifiedDate":"2023-01-31"},{"lineNumber":111,"author":{"gitId":"EksdeeeX"},"content":"                if (i !\u003d task.length - 1) {","lastModifiedDate":"2023-01-31"},{"lineNumber":112,"author":{"gitId":"EksdeeeX"},"content":"                    by.append(\" \");","lastModifiedDate":"2023-01-31"},{"lineNumber":113,"author":{"gitId":"EksdeeeX"},"content":"                }","lastModifiedDate":"2023-01-31"},{"lineNumber":114,"author":{"gitId":"EksdeeeX"},"content":"            }","lastModifiedDate":"2023-01-20"},{"lineNumber":115,"author":{"gitId":"EksdeeeX"},"content":"        }","lastModifiedDate":"2023-01-20"},{"lineNumber":116,"author":{"gitId":"EksdeeeX"},"content":"        return new Deadline(desc.toString(), by.toString());","lastModifiedDate":"2023-01-20"},{"lineNumber":117,"author":{"gitId":"EksdeeeX"},"content":"    }","lastModifiedDate":"2023-01-20"},{"lineNumber":118,"author":{"gitId":"EksdeeeX"},"content":"","lastModifiedDate":"2023-01-20"},{"lineNumber":119,"author":{"gitId":"EksdeeeX"},"content":"    private static void delete(int num) {","lastModifiedDate":"2023-01-20"},{"lineNumber":120,"author":{"gitId":"EksdeeeX"},"content":"        if(num \u003e\u003d list.size()) {","lastModifiedDate":"2023-01-20"},{"lineNumber":121,"author":{"gitId":"EksdeeeX"},"content":"            System.out.println(\"Duke: Task no.\" + (num+1) + \" not found. Try again.\");","lastModifiedDate":"2023-01-20"},{"lineNumber":122,"author":{"gitId":"EksdeeeX"},"content":"        } else {","lastModifiedDate":"2023-01-20"},{"lineNumber":123,"author":{"gitId":"EksdeeeX"},"content":"            System.out.println(\"Duke: Ok! Following task is removed: \");","lastModifiedDate":"2023-01-20"},{"lineNumber":124,"author":{"gitId":"EksdeeeX"},"content":"            System.out.println(list.get(num));","lastModifiedDate":"2023-01-20"},{"lineNumber":125,"author":{"gitId":"EksdeeeX"},"content":"            list.remove(num);","lastModifiedDate":"2023-01-20"},{"lineNumber":126,"author":{"gitId":"EksdeeeX"},"content":"        }","lastModifiedDate":"2023-01-20"},{"lineNumber":127,"author":{"gitId":"EksdeeeX"},"content":"    }","lastModifiedDate":"2023-01-20"},{"lineNumber":128,"author":{"gitId":"EksdeeeX"},"content":"","lastModifiedDate":"2023-01-20"},{"lineNumber":129,"author":{"gitId":"EksdeeeX"},"content":"    public static void main(String[] args) throws IOException{","lastModifiedDate":"2023-01-29"},{"lineNumber":130,"author":{"gitId":"EksdeeeX"},"content":"        Scanner sc \u003d new Scanner(System.in);","lastModifiedDate":"2023-01-19"},{"lineNumber":131,"author":{"gitId":"EksdeeeX"},"content":"        System.out.println(intro);","lastModifiedDate":"2023-01-19"},{"lineNumber":132,"author":{"gitId":"EksdeeeX"},"content":"        System.out.println();","lastModifiedDate":"2023-01-19"},{"lineNumber":133,"author":{"gitId":"EksdeeeX"},"content":"        Data saved \u003d new Data(\"./dukeSaved.txt\");","lastModifiedDate":"2023-01-29"},{"lineNumber":134,"author":{"gitId":"EksdeeeX"},"content":"        if(saved.isSaved()) {","lastModifiedDate":"2023-01-29"},{"lineNumber":135,"author":{"gitId":"EksdeeeX"},"content":"            list \u003d saved.load();","lastModifiedDate":"2023-01-29"},{"lineNumber":136,"author":{"gitId":"EksdeeeX"},"content":"            if(list.size() \u003e 0) {","lastModifiedDate":"2023-01-31"},{"lineNumber":137,"author":{"gitId":"EksdeeeX"},"content":"                System.out.println(\"Duke: Previously saved list available!\");","lastModifiedDate":"2023-01-31"},{"lineNumber":138,"author":{"gitId":"EksdeeeX"},"content":"            } else {","lastModifiedDate":"2023-01-31"},{"lineNumber":139,"author":{"gitId":"EksdeeeX"},"content":"                System.out.println(\"Duke: No previously saved list found.\");","lastModifiedDate":"2023-01-31"},{"lineNumber":140,"author":{"gitId":"EksdeeeX"},"content":"            }","lastModifiedDate":"2023-01-31"},{"lineNumber":141,"author":{"gitId":"EksdeeeX"},"content":"        } else {","lastModifiedDate":"2023-01-29"},{"lineNumber":142,"author":{"gitId":"EksdeeeX"},"content":"            System.out.println(\"Duke: No previously saved list found.\");","lastModifiedDate":"2023-01-29"},{"lineNumber":143,"author":{"gitId":"EksdeeeX"},"content":"        }","lastModifiedDate":"2023-01-29"},{"lineNumber":144,"author":{"gitId":"EksdeeeX"},"content":"        System.out.print(\"User: \");","lastModifiedDate":"2023-01-19"},{"lineNumber":145,"author":{"gitId":"EksdeeeX"},"content":"        String[] raw \u003d sc.nextLine().split(\" \");","lastModifiedDate":"2023-01-19"},{"lineNumber":146,"author":{"gitId":"EksdeeeX"},"content":"        String input \u003d raw[0];","lastModifiedDate":"2023-01-19"},{"lineNumber":147,"author":{"gitId":"EksdeeeX"},"content":"        ","lastModifiedDate":"2023-01-19"},{"lineNumber":148,"author":{"gitId":"EksdeeeX"},"content":"        while(!input.equalsIgnoreCase(\"bye\")) {","lastModifiedDate":"2023-01-31"},{"lineNumber":149,"author":{"gitId":"EksdeeeX"},"content":"            if (input.equalsIgnoreCase(\"list\")) {","lastModifiedDate":"2023-01-31"},{"lineNumber":150,"author":{"gitId":"EksdeeeX"},"content":"                if(list.isEmpty()) {","lastModifiedDate":"2023-01-19"},{"lineNumber":151,"author":{"gitId":"EksdeeeX"},"content":"                    emptyErr();","lastModifiedDate":"2023-01-19"},{"lineNumber":152,"author":{"gitId":"EksdeeeX"},"content":"                } else {","lastModifiedDate":"2023-01-19"},{"lineNumber":153,"author":{"gitId":"EksdeeeX"},"content":"                    viewList();","lastModifiedDate":"2023-01-20"},{"lineNumber":154,"author":{"gitId":"EksdeeeX"},"content":"                    reset();","lastModifiedDate":"2023-01-20"},{"lineNumber":155,"author":{"gitId":"EksdeeeX"},"content":"                }","lastModifiedDate":"2023-01-19"},{"lineNumber":156,"author":{"gitId":"EksdeeeX"},"content":"            } else if (input.equalsIgnoreCase(\"mark\")) {","lastModifiedDate":"2023-01-31"},{"lineNumber":157,"author":{"gitId":"EksdeeeX"},"content":"                if(list.isEmpty()) {","lastModifiedDate":"2023-01-19"},{"lineNumber":158,"author":{"gitId":"EksdeeeX"},"content":"                    emptyErr();","lastModifiedDate":"2023-01-19"},{"lineNumber":159,"author":{"gitId":"EksdeeeX"},"content":"                } else {","lastModifiedDate":"2023-01-19"},{"lineNumber":160,"author":{"gitId":"EksdeeeX"},"content":"                    int num \u003d (Integer.parseInt(raw[1]) - 1);","lastModifiedDate":"2023-01-19"},{"lineNumber":161,"author":{"gitId":"EksdeeeX"},"content":"                    markTask(num);","lastModifiedDate":"2023-01-20"},{"lineNumber":162,"author":{"gitId":"EksdeeeX"},"content":"                    reset();","lastModifiedDate":"2023-01-20"},{"lineNumber":163,"author":{"gitId":"EksdeeeX"},"content":"                }","lastModifiedDate":"2023-01-19"},{"lineNumber":164,"author":{"gitId":"EksdeeeX"},"content":"            } else if (input.equalsIgnoreCase(\"unmark\")) {","lastModifiedDate":"2023-01-31"},{"lineNumber":165,"author":{"gitId":"EksdeeeX"},"content":"                if(list.isEmpty()) {","lastModifiedDate":"2023-01-19"},{"lineNumber":166,"author":{"gitId":"EksdeeeX"},"content":"                    emptyErr();","lastModifiedDate":"2023-01-19"},{"lineNumber":167,"author":{"gitId":"EksdeeeX"},"content":"                } else {","lastModifiedDate":"2023-01-19"},{"lineNumber":168,"author":{"gitId":"EksdeeeX"},"content":"                    int num \u003d (Integer.parseInt(raw[1]) - 1);","lastModifiedDate":"2023-01-19"},{"lineNumber":169,"author":{"gitId":"EksdeeeX"},"content":"                    unmarkTask(num);","lastModifiedDate":"2023-01-20"},{"lineNumber":170,"author":{"gitId":"EksdeeeX"},"content":"                    reset();","lastModifiedDate":"2023-01-20"},{"lineNumber":171,"author":{"gitId":"EksdeeeX"},"content":"                }","lastModifiedDate":"2023-01-19"},{"lineNumber":172,"author":{"gitId":"EksdeeeX"},"content":"            } else if (input.equalsIgnoreCase(\"todo\")) {","lastModifiedDate":"2023-01-31"},{"lineNumber":173,"author":{"gitId":"EksdeeeX"},"content":"                ToDo temp \u003d makeToDo(raw);","lastModifiedDate":"2023-01-20"},{"lineNumber":174,"author":{"gitId":"EksdeeeX"},"content":"                addToList(temp);","lastModifiedDate":"2023-01-20"},{"lineNumber":175,"author":{"gitId":"EksdeeeX"},"content":"                reset();","lastModifiedDate":"2023-01-20"},{"lineNumber":176,"author":{"gitId":"EksdeeeX"},"content":"            } else if (input.equalsIgnoreCase(\"event\")) {","lastModifiedDate":"2023-01-31"},{"lineNumber":177,"author":{"gitId":"EksdeeeX"},"content":"                try {","lastModifiedDate":"2023-01-31"},{"lineNumber":178,"author":{"gitId":"EksdeeeX"},"content":"                    Event temp \u003d makeEvent(raw);","lastModifiedDate":"2023-01-20"},{"lineNumber":179,"author":{"gitId":"EksdeeeX"},"content":"                    addToList(temp);","lastModifiedDate":"2023-01-20"},{"lineNumber":180,"author":{"gitId":"EksdeeeX"},"content":"                    reset();","lastModifiedDate":"2023-01-20"},{"lineNumber":181,"author":{"gitId":"EksdeeeX"},"content":"                } catch (DateTimeParseException e) {","lastModifiedDate":"2023-01-31"},{"lineNumber":182,"author":{"gitId":"EksdeeeX"},"content":"                    System.out.println(\"Duke: Wrong date/time format!\");","lastModifiedDate":"2023-01-31"},{"lineNumber":183,"author":{"gitId":"EksdeeeX"},"content":"                    System.out.println(\"     Please enter correct format (yyyy/MM/dd HHmm)!\");","lastModifiedDate":"2023-01-31"},{"lineNumber":184,"author":{"gitId":"EksdeeeX"},"content":"                    reset();","lastModifiedDate":"2023-01-31"},{"lineNumber":185,"author":{"gitId":"EksdeeeX"},"content":"                }","lastModifiedDate":"2023-01-31"},{"lineNumber":186,"author":{"gitId":"EksdeeeX"},"content":"            } else if (input.equalsIgnoreCase(\"deadline\")) {","lastModifiedDate":"2023-01-31"},{"lineNumber":187,"author":{"gitId":"EksdeeeX"},"content":"                try {","lastModifiedDate":"2023-01-31"},{"lineNumber":188,"author":{"gitId":"EksdeeeX"},"content":"                    Deadline temp \u003d makeDeadline(raw);","lastModifiedDate":"2023-01-20"},{"lineNumber":189,"author":{"gitId":"EksdeeeX"},"content":"                    addToList(temp);","lastModifiedDate":"2023-01-20"},{"lineNumber":190,"author":{"gitId":"EksdeeeX"},"content":"                    reset();","lastModifiedDate":"2023-01-20"},{"lineNumber":191,"author":{"gitId":"EksdeeeX"},"content":"                } catch (DateTimeParseException e) {","lastModifiedDate":"2023-01-31"},{"lineNumber":192,"author":{"gitId":"EksdeeeX"},"content":"                    System.out.println(\"Duke: Wrong date/time format!\");","lastModifiedDate":"2023-01-31"},{"lineNumber":193,"author":{"gitId":"EksdeeeX"},"content":"                    System.out.println(\"      Please enter correct format (yyyy/MM/dd HHmm)!\");","lastModifiedDate":"2023-01-31"},{"lineNumber":194,"author":{"gitId":"EksdeeeX"},"content":"                    reset();","lastModifiedDate":"2023-01-31"},{"lineNumber":195,"author":{"gitId":"EksdeeeX"},"content":"                }","lastModifiedDate":"2023-01-31"},{"lineNumber":196,"author":{"gitId":"EksdeeeX"},"content":"            } else if (input.equalsIgnoreCase(\"delete\")) {","lastModifiedDate":"2023-01-31"},{"lineNumber":197,"author":{"gitId":"EksdeeeX"},"content":"                if(list.isEmpty()) {","lastModifiedDate":"2023-01-20"},{"lineNumber":198,"author":{"gitId":"EksdeeeX"},"content":"                    emptyErr();","lastModifiedDate":"2023-01-20"},{"lineNumber":199,"author":{"gitId":"EksdeeeX"},"content":"                } else {","lastModifiedDate":"2023-01-20"},{"lineNumber":200,"author":{"gitId":"EksdeeeX"},"content":"                    int num \u003d (Integer.parseInt(raw[1]) - 1);","lastModifiedDate":"2023-01-20"},{"lineNumber":201,"author":{"gitId":"EksdeeeX"},"content":"                    delete(num);","lastModifiedDate":"2023-01-20"},{"lineNumber":202,"author":{"gitId":"EksdeeeX"},"content":"                    reset();","lastModifiedDate":"2023-01-20"},{"lineNumber":203,"author":{"gitId":"EksdeeeX"},"content":"                }","lastModifiedDate":"2023-01-20"},{"lineNumber":204,"author":{"gitId":"EksdeeeX"},"content":"            } else {","lastModifiedDate":"2023-01-19"},{"lineNumber":205,"author":{"gitId":"EksdeeeX"},"content":"                System.out.println(\"Duke; Sorry I don\u0027t recognise that command :( Please try again.\");","lastModifiedDate":"2023-01-20"},{"lineNumber":206,"author":{"gitId":"EksdeeeX"},"content":"                reset();","lastModifiedDate":"2023-01-20"},{"lineNumber":207,"author":{"gitId":"EksdeeeX"},"content":"            }","lastModifiedDate":"2023-01-19"},{"lineNumber":208,"author":{"gitId":"EksdeeeX"},"content":"            raw \u003d sc.nextLine().split(\" \");","lastModifiedDate":"2023-01-19"},{"lineNumber":209,"author":{"gitId":"EksdeeeX"},"content":"            input \u003d raw[0];","lastModifiedDate":"2023-01-19"},{"lineNumber":210,"author":{"gitId":"EksdeeeX"},"content":"        }","lastModifiedDate":"2023-01-19"},{"lineNumber":211,"author":{"gitId":"EksdeeeX"},"content":"        saved.save(list);","lastModifiedDate":"2023-01-29"},{"lineNumber":212,"author":{"gitId":"EksdeeeX"},"content":"        sc.close();","lastModifiedDate":"2023-01-19"},{"lineNumber":213,"author":{"gitId":"EksdeeeX"},"content":"        System.out.print(\"Duke: \");","lastModifiedDate":"2023-01-19"},{"lineNumber":214,"author":{"gitId":"EksdeeeX"},"content":"        System.out.println(outro);","lastModifiedDate":"2023-01-19"},{"lineNumber":215,"author":{"gitId":"-"},"content":"    }","lastModifiedDate":"2019-07-29"},{"lineNumber":216,"author":{"gitId":"EksdeeeX"},"content":"","lastModifiedDate":"2023-01-19"},{"lineNumber":217,"author":{"gitId":"-"},"content":"}","lastModifiedDate":"2019-07-29"}],"authorContributionMap":{"EksdeeeX":213,"-":4}},{"path":"src/main/java/Event.java","fileType":"java","lines":[{"lineNumber":1,"author":{"gitId":"EksdeeeX"},"content":"import java.time.LocalDateTime;","lastModifiedDate":"2023-01-31"},{"lineNumber":2,"author":{"gitId":"EksdeeeX"},"content":"import java.time.format.DateTimeFormatter;","lastModifiedDate":"2023-01-31"},{"lineNumber":3,"author":{"gitId":"EksdeeeX"},"content":"import java.time.format.DateTimeParseException;","lastModifiedDate":"2023-01-31"},{"lineNumber":4,"author":{"gitId":"EksdeeeX"},"content":"","lastModifiedDate":"2023-01-31"},{"lineNumber":5,"author":{"gitId":"EksdeeeX"},"content":"public class Event extends Task {","lastModifiedDate":"2023-01-20"},{"lineNumber":6,"author":{"gitId":"EksdeeeX"},"content":"    private String task;","lastModifiedDate":"2023-01-29"},{"lineNumber":7,"author":{"gitId":"EksdeeeX"},"content":"    private LocalDateTime start;","lastModifiedDate":"2023-01-31"},{"lineNumber":8,"author":{"gitId":"EksdeeeX"},"content":"    private LocalDateTime end;","lastModifiedDate":"2023-01-31"},{"lineNumber":9,"author":{"gitId":"EksdeeeX"},"content":"    private DateTimeFormatter acceptingFormat \u003d DateTimeFormatter.ofPattern(\"yyyy/MM/dd HHmm\");","lastModifiedDate":"2023-01-31"},{"lineNumber":10,"author":{"gitId":"EksdeeeX"},"content":"    private DateTimeFormatter displayFormat \u003d DateTimeFormatter.ofPattern(\"dd/MMM/yyyy HHmm\");","lastModifiedDate":"2023-01-31"},{"lineNumber":11,"author":{"gitId":"EksdeeeX"},"content":"","lastModifiedDate":"2023-01-20"},{"lineNumber":12,"author":{"gitId":"EksdeeeX"},"content":"    public Event(String task, String start, String end) {","lastModifiedDate":"2023-01-20"},{"lineNumber":13,"author":{"gitId":"EksdeeeX"},"content":"        super(task);","lastModifiedDate":"2023-01-20"},{"lineNumber":14,"author":{"gitId":"EksdeeeX"},"content":"        try {","lastModifiedDate":"2023-01-31"},{"lineNumber":15,"author":{"gitId":"EksdeeeX"},"content":"            LocalDateTime temp \u003d LocalDateTime.parse(start, acceptingFormat);","lastModifiedDate":"2023-01-31"},{"lineNumber":16,"author":{"gitId":"EksdeeeX"},"content":"            this.start \u003d LocalDateTime.parse(temp.format(displayFormat), displayFormat);","lastModifiedDate":"2023-01-31"},{"lineNumber":17,"author":{"gitId":"EksdeeeX"},"content":"            this.task \u003d task;","lastModifiedDate":"2023-01-29"},{"lineNumber":18,"author":{"gitId":"EksdeeeX"},"content":"        } catch (DateTimeParseException e) {","lastModifiedDate":"2023-01-31"},{"lineNumber":19,"author":{"gitId":"EksdeeeX"},"content":"            throw new DateTimeParseException(end, end, 0);","lastModifiedDate":"2023-01-31"},{"lineNumber":20,"author":{"gitId":"EksdeeeX"},"content":"            } try {","lastModifiedDate":"2023-01-31"},{"lineNumber":21,"author":{"gitId":"EksdeeeX"},"content":"                LocalDateTime temp \u003d LocalDateTime.parse(end, acceptingFormat);","lastModifiedDate":"2023-01-31"},{"lineNumber":22,"author":{"gitId":"EksdeeeX"},"content":"                this.end \u003d LocalDateTime.parse(temp.format(displayFormat), displayFormat);","lastModifiedDate":"2023-01-31"},{"lineNumber":23,"author":{"gitId":"EksdeeeX"},"content":"        } catch (DateTimeParseException e) {","lastModifiedDate":"2023-01-31"},{"lineNumber":24,"author":{"gitId":"EksdeeeX"},"content":"            throw new DateTimeParseException(end, end, 0);","lastModifiedDate":"2023-01-31"},{"lineNumber":25,"author":{"gitId":"EksdeeeX"},"content":"        }","lastModifiedDate":"2023-01-31"},{"lineNumber":26,"author":{"gitId":"EksdeeeX"},"content":"            ","lastModifiedDate":"2023-01-31"},{"lineNumber":27,"author":{"gitId":"EksdeeeX"},"content":"    }","lastModifiedDate":"2023-01-20"},{"lineNumber":28,"author":{"gitId":"EksdeeeX"},"content":"","lastModifiedDate":"2023-01-20"},{"lineNumber":29,"author":{"gitId":"EksdeeeX"},"content":"    @Override","lastModifiedDate":"2023-01-29"},{"lineNumber":30,"author":{"gitId":"EksdeeeX"},"content":"    public String getTask() {","lastModifiedDate":"2023-01-29"},{"lineNumber":31,"author":{"gitId":"EksdeeeX"},"content":"        return this.task;","lastModifiedDate":"2023-01-29"},{"lineNumber":32,"author":{"gitId":"EksdeeeX"},"content":"    }","lastModifiedDate":"2023-01-29"},{"lineNumber":33,"author":{"gitId":"EksdeeeX"},"content":"","lastModifiedDate":"2023-01-29"},{"lineNumber":34,"author":{"gitId":"EksdeeeX"},"content":"    public String getStart() {","lastModifiedDate":"2023-01-29"},{"lineNumber":35,"author":{"gitId":"EksdeeeX"},"content":"        return this.start.format(displayFormat);","lastModifiedDate":"2023-01-31"},{"lineNumber":36,"author":{"gitId":"EksdeeeX"},"content":"    }","lastModifiedDate":"2023-01-29"},{"lineNumber":37,"author":{"gitId":"EksdeeeX"},"content":"","lastModifiedDate":"2023-01-29"},{"lineNumber":38,"author":{"gitId":"EksdeeeX"},"content":"    public String getEnd() {","lastModifiedDate":"2023-01-29"},{"lineNumber":39,"author":{"gitId":"EksdeeeX"},"content":"        return this.end.format(displayFormat);","lastModifiedDate":"2023-01-31"},{"lineNumber":40,"author":{"gitId":"EksdeeeX"},"content":"    }","lastModifiedDate":"2023-01-29"},{"lineNumber":41,"author":{"gitId":"EksdeeeX"},"content":"","lastModifiedDate":"2023-01-29"},{"lineNumber":42,"author":{"gitId":"EksdeeeX"},"content":"    @Override","lastModifiedDate":"2023-01-20"},{"lineNumber":43,"author":{"gitId":"EksdeeeX"},"content":"    public String toString() {","lastModifiedDate":"2023-01-20"},{"lineNumber":44,"author":{"gitId":"EksdeeeX"},"content":"        return \"[E] \" + super.toString() + \" (from: \" + this.start.format(displayFormat) + ","lastModifiedDate":"2023-01-31"},{"lineNumber":45,"author":{"gitId":"EksdeeeX"},"content":"            \" to: \" + this.end.format(displayFormat) + \"Hrs\" + \")\";","lastModifiedDate":"2023-01-31"},{"lineNumber":46,"author":{"gitId":"EksdeeeX"},"content":"    }","lastModifiedDate":"2023-01-20"},{"lineNumber":47,"author":{"gitId":"EksdeeeX"},"content":"}","lastModifiedDate":"2023-01-20"}],"authorContributionMap":{"EksdeeeX":47}},{"path":"src/main/java/Task.java","fileType":"java","lines":[{"lineNumber":1,"author":{"gitId":"EksdeeeX"},"content":"public class Task {","lastModifiedDate":"2023-01-19"},{"lineNumber":2,"author":{"gitId":"EksdeeeX"},"content":"    private String name;","lastModifiedDate":"2023-01-19"},{"lineNumber":3,"author":{"gitId":"EksdeeeX"},"content":"    private boolean done;","lastModifiedDate":"2023-01-19"},{"lineNumber":4,"author":{"gitId":"EksdeeeX"},"content":"","lastModifiedDate":"2023-01-19"},{"lineNumber":5,"author":{"gitId":"EksdeeeX"},"content":"    public Task(String name) {","lastModifiedDate":"2023-01-19"},{"lineNumber":6,"author":{"gitId":"EksdeeeX"},"content":"        this.name \u003d name;","lastModifiedDate":"2023-01-19"},{"lineNumber":7,"author":{"gitId":"EksdeeeX"},"content":"        this.done \u003d false;","lastModifiedDate":"2023-01-19"},{"lineNumber":8,"author":{"gitId":"EksdeeeX"},"content":"    }","lastModifiedDate":"2023-01-19"},{"lineNumber":9,"author":{"gitId":"EksdeeeX"},"content":"","lastModifiedDate":"2023-01-19"},{"lineNumber":10,"author":{"gitId":"EksdeeeX"},"content":"    public String getTask() {","lastModifiedDate":"2023-01-29"},{"lineNumber":11,"author":{"gitId":"EksdeeeX"},"content":"        return this.name;","lastModifiedDate":"2023-01-19"},{"lineNumber":12,"author":{"gitId":"EksdeeeX"},"content":"    }","lastModifiedDate":"2023-01-19"},{"lineNumber":13,"author":{"gitId":"EksdeeeX"},"content":"","lastModifiedDate":"2023-01-19"},{"lineNumber":14,"author":{"gitId":"EksdeeeX"},"content":"    public void mark() {","lastModifiedDate":"2023-01-19"},{"lineNumber":15,"author":{"gitId":"EksdeeeX"},"content":"        this.done \u003d true;","lastModifiedDate":"2023-01-19"},{"lineNumber":16,"author":{"gitId":"EksdeeeX"},"content":"    }","lastModifiedDate":"2023-01-19"},{"lineNumber":17,"author":{"gitId":"EksdeeeX"},"content":"","lastModifiedDate":"2023-01-19"},{"lineNumber":18,"author":{"gitId":"EksdeeeX"},"content":"    public void unmark() {","lastModifiedDate":"2023-01-19"},{"lineNumber":19,"author":{"gitId":"EksdeeeX"},"content":"        this.done \u003d false;","lastModifiedDate":"2023-01-19"},{"lineNumber":20,"author":{"gitId":"EksdeeeX"},"content":"    }","lastModifiedDate":"2023-01-19"},{"lineNumber":21,"author":{"gitId":"EksdeeeX"},"content":"","lastModifiedDate":"2023-01-19"},{"lineNumber":22,"author":{"gitId":"EksdeeeX"},"content":"    public boolean isMarked() {","lastModifiedDate":"2023-01-29"},{"lineNumber":23,"author":{"gitId":"EksdeeeX"},"content":"        return this.done;","lastModifiedDate":"2023-01-29"},{"lineNumber":24,"author":{"gitId":"EksdeeeX"},"content":"    }","lastModifiedDate":"2023-01-29"},{"lineNumber":25,"author":{"gitId":"EksdeeeX"},"content":"","lastModifiedDate":"2023-01-29"},{"lineNumber":26,"author":{"gitId":"EksdeeeX"},"content":"    @Override","lastModifiedDate":"2023-01-19"},{"lineNumber":27,"author":{"gitId":"EksdeeeX"},"content":"    public String toString() {","lastModifiedDate":"2023-01-19"},{"lineNumber":28,"author":{"gitId":"EksdeeeX"},"content":"        return this.done ? \"[X] \" + this.name : \"[ ] \" + this.name; ","lastModifiedDate":"2023-01-19"},{"lineNumber":29,"author":{"gitId":"EksdeeeX"},"content":"    }","lastModifiedDate":"2023-01-19"},{"lineNumber":30,"author":{"gitId":"EksdeeeX"},"content":"","lastModifiedDate":"2023-01-31"},{"lineNumber":31,"author":{"gitId":"EksdeeeX"},"content":"    public String getName() {","lastModifiedDate":"2023-01-31"},{"lineNumber":32,"author":{"gitId":"EksdeeeX"},"content":"        return null;","lastModifiedDate":"2023-01-31"},{"lineNumber":33,"author":{"gitId":"EksdeeeX"},"content":"    }","lastModifiedDate":"2023-01-31"},{"lineNumber":34,"author":{"gitId":"EksdeeeX"},"content":"}","lastModifiedDate":"2023-01-19"}],"authorContributionMap":{"EksdeeeX":34}},{"path":"src/main/java/ToDo.java","fileType":"java","lines":[{"lineNumber":1,"author":{"gitId":"EksdeeeX"},"content":"public class ToDo extends Task {","lastModifiedDate":"2023-01-20"},{"lineNumber":2,"author":{"gitId":"EksdeeeX"},"content":"    private String task;","lastModifiedDate":"2023-01-29"},{"lineNumber":3,"author":{"gitId":"EksdeeeX"},"content":"","lastModifiedDate":"2023-01-20"},{"lineNumber":4,"author":{"gitId":"EksdeeeX"},"content":"    public ToDo(String task) {","lastModifiedDate":"2023-01-20"},{"lineNumber":5,"author":{"gitId":"EksdeeeX"},"content":"        super(task);","lastModifiedDate":"2023-01-20"},{"lineNumber":6,"author":{"gitId":"EksdeeeX"},"content":"        this.task \u003d task;","lastModifiedDate":"2023-01-29"},{"lineNumber":7,"author":{"gitId":"EksdeeeX"},"content":"    }","lastModifiedDate":"2023-01-29"},{"lineNumber":8,"author":{"gitId":"EksdeeeX"},"content":"","lastModifiedDate":"2023-01-29"},{"lineNumber":9,"author":{"gitId":"EksdeeeX"},"content":"    @Override","lastModifiedDate":"2023-01-29"},{"lineNumber":10,"author":{"gitId":"EksdeeeX"},"content":"    public String getTask() {","lastModifiedDate":"2023-01-29"},{"lineNumber":11,"author":{"gitId":"EksdeeeX"},"content":"        return this.task;","lastModifiedDate":"2023-01-29"},{"lineNumber":12,"author":{"gitId":"EksdeeeX"},"content":"    }","lastModifiedDate":"2023-01-20"},{"lineNumber":13,"author":{"gitId":"EksdeeeX"},"content":"    ","lastModifiedDate":"2023-01-20"},{"lineNumber":14,"author":{"gitId":"EksdeeeX"},"content":"    @Override","lastModifiedDate":"2023-01-20"},{"lineNumber":15,"author":{"gitId":"EksdeeeX"},"content":"    public String toString() {","lastModifiedDate":"2023-01-20"},{"lineNumber":16,"author":{"gitId":"EksdeeeX"},"content":"        return \"[T] \" + super.toString();","lastModifiedDate":"2023-01-20"},{"lineNumber":17,"author":{"gitId":"EksdeeeX"},"content":"    }","lastModifiedDate":"2023-01-20"},{"lineNumber":18,"author":{"gitId":"EksdeeeX"},"content":"}","lastModifiedDate":"2023-01-20"}],"authorContributionMap":{"EksdeeeX":18}},{"path":"text-ui-test/input.txt","fileType":"txt","lines":[{"lineNumber":1,"author":{"gitId":"EksdeeeX"},"content":"todo borrow book","lastModifiedDate":"2023-01-27"},{"lineNumber":2,"author":{"gitId":"EksdeeeX"},"content":"deadline return book /by Sunday","lastModifiedDate":"2023-01-27"},{"lineNumber":3,"author":{"gitId":"EksdeeeX"},"content":"list","lastModifiedDate":"2023-01-27"}],"authorContributionMap":{"EksdeeeX":3}}]
