{"authorDailyContributionsMap":{"EksdeeeX":[{"date":"2023-01-19","commitResults":[{"hash":"20ed60c13e2907a3c641d1ef26898073df527989","messageTitle":"no message","messageBody":"","fileTypesAndContributionMap":{"java":{"insertions":10,"deletions":6}}},{"hash":"4e58fe1f272866904a9ee1c771bf12230467338b","messageTitle":"no message","messageBody":"","fileTypesAndContributionMap":{"java":{"insertions":1,"deletions":8}}},{"hash":"ca1958de9ac0d0e049219707c2b91e80cccbd4df","messageTitle":"no message","messageBody":"","fileTypesAndContributionMap":{"java":{"insertions":20,"deletions":3}}},{"hash":"840e538472d8d92a5fa077368de64c1f22c21d51","messageTitle":"no message","messageBody":"","tags":["Level-1"],"fileTypesAndContributionMap":{"java":{"insertions":1,"deletions":0}}},{"hash":"397a5db620d41db41e3e264c617e4198bfaea6e6","messageTitle":"no message","messageBody":"","tags":["Level-2"],"fileTypesAndContributionMap":{"java":{"insertions":27,"deletions":6}}},{"hash":"42cabfe25dee9fd864f3bc7cdc574a7424643d2e","messageTitle":"no message","messageBody":"","tags":["Level-3"],"fileTypesAndContributionMap":{"java":{"insertions":68,"deletions":11}}}]},{"date":"2023-01-20","commitResults":[{"hash":"cb411fc632a1f2c2c6869ecdef11d88ab01465d6","messageTitle":"no message","messageBody":"","tags":["Level-5","Level-4"],"fileTypesAndContributionMap":{"java":{"insertions":155,"deletions":24}}},{"hash":"5b636676509d71b5e1473b3e113817431e84b65b","messageTitle":"no message","messageBody":"","tags":["Level-6"],"fileTypesAndContributionMap":{"java":{"insertions":19,"deletions":1}}},{"hash":"a42b2deedad692d22dcf92090bd9fbde4a38696a","messageTitle":"no message","messageBody":"","fileTypesAndContributionMap":{"java":{"insertions":1,"deletions":0}}}]},{"date":"2023-01-27","commitResults":[{"hash":"40b7a7d81e7da4ed23bdf6fcd60d5a5a5082e39e","messageTitle":"no message","messageBody":"","tags":["A-TextUiTesting"],"fileTypesAndContributionMap":{"txt":{"insertions":3,"deletions":0},"sh":{"insertions":1,"deletions":1}}},{"hash":"fda305a7fd9d8d8e396eb0ae0bc335def88e1489","messageTitle":"no message","messageBody":"","fileTypesAndContributionMap":{"java":{"insertions":1,"deletions":0}}}]},{"date":"2023-01-29","commitResults":[{"hash":"42744bdf3c431dd67110cd1b274634f85a235e37","messageTitle":"no message","messageBody":"","tags":["Level-7"],"fileTypesAndContributionMap":{"java":{"insertions":145,"deletions":4}}}]},{"date":"2023-01-31","commitResults":[{"hash":"43fa407060b2b85ec517b4a3a132b5bca3083123","messageTitle":"added date time recognition","messageBody":"","tags":["Level-8"],"fileTypesAndContributionMap":{"java":{"insertions":72,"deletions":28}}},{"hash":"7e48a7f04dd58af0d64f932e34452061b4ee92cc","messageTitle":"no message","messageBody":"","fileTypesAndContributionMap":{"java":{"insertions":2,"deletions":2}}},{"hash":"0fc2a1b51fe1013859c8a777762a1dedfbfda022","messageTitle":"fix bug","messageBody":"","fileTypesAndContributionMap":{"java":{"insertions":22,"deletions":6}}}]},{"date":"2023-02-04","commitResults":[{"hash":"2e248e3c2fc3fa48837a6fd98c69e2dd7f896f1d","messageTitle":"added more oop features","messageBody":"","tags":["A-MoreOOP"],"fileTypesAndContributionMap":{"java":{"insertions":286,"deletions":188}}},{"hash":"fd7eabf58912c97a6b87d5ee68fb646b49918a0a","messageTitle":"made into duke package","messageBody":"","tags":["A-Packages"],"fileTypesAndContributionMap":{"java":{"insertions":18,"deletions":0}}}]}]},"authorFileTypeContributionMap":{"EksdeeeX":{"java":573,"md":0,"fxml":0,"sh":0,"bat":0,"gradle":0,"txt":3}},"authorContributionVariance":{"EksdeeeX":12658.333},"authorDisplayNameMap":{"EksdeeeX":"CS2103T-T11-3 BRYA..KANG"}}
