{"authorDailyContributionsMap":{"swxk19":[{"date":"2023-01-16","commitResults":[{"hash":"2084f34b596676c4ef244bdf5ccca5066b354e73","messageTitle":"Greet user, echo user commands \u0026 exit","messageBody":"","tags":["Level-1"],"fileTypesAndContributionMap":{"java":{"insertions":23,"deletions":1}}},{"hash":"032ca4e56431492b333f23de90b51865f6150604","messageTitle":"Close Scanner object after exit command","messageBody":"","fileTypesAndContributionMap":{"java":{"insertions":1,"deletions":0}}},{"hash":"736a3c0ece9f2d24a869956f49547110f994ebf7","messageTitle":"Add feature to add items to list, and enumerate them on command","messageBody":"","tags":["Level-2"],"fileTypesAndContributionMap":{"java":{"insertions":19,"deletions":2}}},{"hash":"c8ec8ed606679eac4fae3cd95b7f3d9129c2019c","messageTitle":"Add feature to mark tasks as done or not done","messageBody":"","tags":["Level-3"],"fileTypesAndContributionMap":{"java":{"insertions":37,"deletions":4}}},{"hash":"0fa5d25e93dd1c66983c0d74bbef652fa679f2f6","messageTitle":"Fix output indentations to match the given examples","messageBody":"","fileTypesAndContributionMap":{"java":{"insertions":12,"deletions":2}}},{"hash":"4289a56a2da92eab58f2677ed4919c002b87a7b0","messageTitle":"Add support for 3 types of tasks: ToDo, Event, Deadline","messageBody":"","tags":["Level-4"],"fileTypesAndContributionMap":{"java":{"insertions":85,"deletions":6}}}]},{"date":"2023-01-17","commitResults":[{"hash":"e2743beb56eea3e7584fa76a7fdc469d9e8be803","messageTitle":"Error handling for incorrect initialization input of tasks","messageBody":"","fileTypesAndContributionMap":{"java":{"insertions":87,"deletions":24}}},{"hash":"35ac42fdede81d873df890312eade80a6f21862a","messageTitle":"Handle edge case for error handling in \u0027Deadline\u0027 initialization","messageBody":"","tags":["Level-5"],"fileTypesAndContributionMap":{"java":{"insertions":16,"deletions":6}}},{"hash":"22733e0fc4c43df7d8c8d18ac93049f9cee28ab5","messageTitle":"Add feature to remove tasks","messageBody":"","tags":["Level-6"],"fileTypesAndContributionMap":{"java":{"insertions":15,"deletions":6}}},{"hash":"5ae6b0fbe9d628b08ff5127b11e177d2f8a2a112","messageTitle":"Implement enums to check valid user commands","messageBody":"","tags":["A-Enums"],"fileTypesAndContributionMap":{"java":{"insertions":61,"deletions":34}}}]},{"date":"2023-01-20","commitResults":[{"hash":"5eb9c2d03aff972535e9a733ba6230a711032a60","messageTitle":"Add automated text ui testing","messageBody":"","tags":["A-TextUiTesting"],"fileTypesAndContributionMap":{"txt":{"insertions":13,"deletions":0}}},{"hash":"4a5767462a72a717454d54b5828ca8646b124162","messageTitle":"Remove trailing white space in task names of deadlines and events","messageBody":"","fileTypesAndContributionMap":{"java":{"insertions":2,"deletions":2}}}]},{"date":"2023-01-22","commitResults":[{"hash":"7de43e77b7d926f627f8b1675c806d4e7da78389","messageTitle":"Remove unused variable \u0027taskCreationCommands\u0027 (replaced to used enums)","messageBody":"","fileTypesAndContributionMap":{"java":{"insertions":0,"deletions":1}}},{"hash":"23e2cac76080ef2bfbcc89c9eb47db45229c0f56","messageTitle":"Split all inner classes into their own files","messageBody":"","fileTypesAndContributionMap":{"java":{"insertions":286,"deletions":0}}},{"hash":"637c80ec75e3524a9d2f2def395b765cd6a34370","messageTitle":"Change all classes to public","messageBody":"","fileTypesAndContributionMap":{"java":{"insertions":11,"deletions":401}}},{"hash":"6dad44d49b44a5acebf70628b4f2c1a0fc3258d1","messageTitle":"Duke class: Change if-else statements for to switch-case","messageBody":"","fileTypesAndContributionMap":{"java":{"insertions":112,"deletions":0}}},{"hash":"10844cda86c01aadb3917e10d809906f923db155","messageTitle":"Fix issue of not reading next command from user","messageBody":"","fileTypesAndContributionMap":{"java":{"insertions":13,"deletions":21}}}]},{"date":"2023-01-23","commitResults":[{"hash":"2552b963aa4e9762f4f37e83ada90db97be300b0","messageTitle":"Move checking of recognizable commands to \u0027Command\u0027 class","messageBody":"","fileTypesAndContributionMap":{"java":{"insertions":279,"deletions":0}}},{"hash":"733b62211317d9c0475abc808295a8c5f2f09c9e","messageTitle":"Fix missing new line before new user input","messageBody":"","fileTypesAndContributionMap":{"java":{"insertions":1,"deletions":0}}},{"hash":"18a0fcfffb45665361f093428d8ed2151816d680","messageTitle":"Abstract out task list into \u0027TaskList\u0027 class","messageBody":"","fileTypesAndContributionMap":{"java":{"insertions":39,"deletions":311}}},{"hash":"a60dbc91ff7d829366007c44049c72696ce753a0","messageTitle":"Fix file paths for test scripts","messageBody":"","fileTypesAndContributionMap":{"bat":{"insertions":2,"deletions":2},"sh":{"insertions":3,"deletions":3}}},{"hash":"d9559aa968e2e0ec6f0ba90c40bdc9b360dfdd35","messageTitle":"Abstract out methods for displaying output into \u0027Ui\u0027 class","messageBody":"","fileTypesAndContributionMap":{"java":{"insertions":35,"deletions":29}}},{"hash":"74d40952d410294f24d37e51d7a87b6ed4a0fbe0","messageTitle":"Rename \u0027Command\u0027 class to \u0027CommandInput\u0027","messageBody":"","fileTypesAndContributionMap":{"java":{"insertions":28,"deletions":2}}},{"hash":"6762b5bbc9f4719c6916fed4266c26665b83ee0d","messageTitle":"Abstract out command executions as a class \u0027Command\u0027","messageBody":"","fileTypesAndContributionMap":{"java":{"insertions":25,"deletions":23}}},{"hash":"eb923393209915e3a6e19d2b7de657b448b2c117","messageTitle":"Abstract \u0027Mark\u0027 command as \u0027MarkCmd\u0027 class","messageBody":"","fileTypesAndContributionMap":{"java":{"insertions":25,"deletions":3}}},{"hash":"d8aa9a272df240bdb044ee8c8871f4386d694310","messageTitle":"Abstract out \u0027Unmark\u0027 command \u0026 fix wrong index being marked/unmarked","messageBody":"","fileTypesAndContributionMap":{"java":{"insertions":22,"deletions":10}}},{"hash":"188502fbf74592c72c4f36ec5953d1e29af5a4fe","messageTitle":"Abstract out \u0027todo\u0027 command to \u0027ToDo\u0027 class","messageBody":"","fileTypesAndContributionMap":{"java":{"insertions":24,"deletions":0}}},{"hash":"7a9ce3b5201e0112326b72bcbfab13f7e65c3fa3","messageTitle":"Abstract out \u0027event\u0027 and \u0027deadline\u0027 commands","messageBody":"","fileTypesAndContributionMap":{"java":{"insertions":48,"deletions":0}}},{"hash":"6749bf46939a49c563beb72fd54b1aa4b3606733","messageTitle":"Integrate abstracted task commands into main","messageBody":"","fileTypesAndContributionMap":{"java":{"insertions":2,"deletions":6}}},{"hash":"d121d79b9dc68854b7f7ea60e6602f7680b21a56","messageTitle":"Abstract out parsing of command inputs into their own methods for task creation","messageBody":"","fileTypesAndContributionMap":{"java":{"insertions":46,"deletions":21}}},{"hash":"6ca34609dd7350edee8cabf080221e12e3dd96d0","messageTitle":"Fix incorrect task name \u0026 white spacing for task creation","messageBody":"","fileTypesAndContributionMap":{"java":{"insertions":5,"deletions":4}}},{"hash":"15bfa11e925203dfcc8f244a32bd6ae4f05c23ca","messageTitle":"Integrate abstract command classes for \u0027todo\u0027, \u0027event\u0027, \u0027deadline\u0027 into main","messageBody":"","fileTypesAndContributionMap":{"java":{"insertions":7,"deletions":17}}},{"hash":"0bd080aeb32cc26869b5de70c3bf0ff5cbbe38c8","messageTitle":"Remove unused class file","messageBody":"","fileTypesAndContributionMap":{"java":{"insertions":0,"deletions":0}}},{"hash":"7b7d9d98ee787cc0ceee591688979862bdd45464","messageTitle":"Add feature to save task list data on exit","messageBody":"","fileTypesAndContributionMap":{"java":{"insertions":27,"deletions":3}}},{"hash":"c80ae0b356728e8c3c4761d56b27cd5e7d68cc3d","messageTitle":"Implements loading tasks from file as string","messageBody":"","fileTypesAndContributionMap":{"java":{"insertions":17,"deletions":6}}},{"hash":"9817906da9912ede19f21424a1635d7dd357c362","messageTitle":"Add feature to load save tasks from file","messageBody":"","tags":["Level-7"],"fileTypesAndContributionMap":{"java":{"insertions":36,"deletions":9}}},{"hash":"fe4c98b0aeb9eed56734a2dcdd85e39d3bf037c8","messageTitle":"Allow \u0027deadline\u0027 tasks to recognize dates/times","messageBody":"","fileTypesAndContributionMap":{"java":{"insertions":25,"deletions":1}}},{"hash":"a73f4b87a00cde7a344e311036ec06e69edceea3","messageTitle":"Allow \u0027event\u0027 tasks to recognize dates/times","messageBody":"","fileTypesAndContributionMap":{"java":{"insertions":7,"deletions":0}}},{"hash":"df7ce24811ba90a367b58f3850056579aa69c9e6","messageTitle":"Change date format output for \u0027event\u0027","messageBody":"","tags":["Level-8"],"fileTypesAndContributionMap":{"java":{"insertions":4,"deletions":1}}},{"hash":"3c2f991b3c8806d019b708ae66ed02283ad0cc2d","messageTitle":"Fix crashing if loading task list from empty data file","messageBody":"","fileTypesAndContributionMap":{"txt":{"insertions":1,"deletions":0},"java":{"insertions":1,"deletions":0}}}]},{"date":"2023-01-24","commitResults":[{"hash":"d7128e7d198e86fc9777aec6625909783dffd2e9","messageTitle":"Abstract out methods that load/save tasks from file into the class \u0027Storage\u0027","messageBody":"","fileTypesAndContributionMap":{"java":{"insertions":59,"deletions":56}}},{"hash":"1b23541c0800fb479c4425223338721339de33b7","messageTitle":"Fix incorrect output \u0027toDate\u0027 for \u0027event\u0027 tasks","messageBody":"","fileTypesAndContributionMap":{"java":{"insertions":34,"deletions":29}}},{"hash":"5cf913f700b62961ee43969fc24fa98f11c17856","messageTitle":"Abstract out \u0027delete\u0027 command into its own class (Closes Issue #5)","messageBody":"","fileTypesAndContributionMap":{"java":{"insertions":21,"deletions":3}}},{"hash":"27fee55218a2ce9a3b8fed5f53acb59f64f94687","messageTitle":"Move parsing for \u0027mark\u0027 command into \u0027Parser\u0027 class","messageBody":"","fileTypesAndContributionMap":{"java":{"insertions":11,"deletions":6}}},{"hash":"8053d01e36dfb6e1bdb593a482cafdb2a491929e","messageTitle":"Move parsing for \u0027unmark\u0027 command into \u0027Parser\u0027 class","messageBody":"","fileTypesAndContributionMap":{"java":{"insertions":4,"deletions":5}}},{"hash":"fb55b19102a1adc12775cc1b4f73d90bff107941","messageTitle":"Move parsing for \u0027delete\u0027 command into \u0027Parser\u0027 class","messageBody":"","fileTypesAndContributionMap":{"java":{"insertions":4,"deletions":5}}},{"hash":"3a53cb22638b70e680ec8ad5600a2d209cfc9f8c","messageTitle":"Change behaviour of \u0027Command\u0027 constructor to take lineInput","messageBody":"","fileTypesAndContributionMap":{"java":{"insertions":6,"deletions":9}}},{"hash":"9c5e458c2ab88a397610d39924054cc17c6fddef","messageTitle":"Abstract out UI actions into \u0027Ui\u0027 class","messageBody":"","fileTypesAndContributionMap":{"java":{"insertions":54,"deletions":44}}},{"hash":"b1073a481c71503f2440de228abae9d500dba64c","messageTitle":"Create method \u0027displayNumTask\u0027 in \u0027Ui\u0027 class to display number of tasks in lists","messageBody":"","fileTypesAndContributionMap":{"java":{"insertions":17,"deletions":5}}},{"hash":"b35f5f29d3b19ba183877e1a6a6b74ffb32ff8a1","messageTitle":"Move parsing for \u0027deadline\u0027 command to \u0027Parser\u0027 class","messageBody":"","fileTypesAndContributionMap":{"java":{"insertions":27,"deletions":29}}},{"hash":"5d3ce9359d52154a462c56f1858ee9ade3d970f1","messageTitle":"Move parsing for \u0027event\u0027 command to \u0027Parser\u0027 class","messageBody":"","fileTypesAndContributionMap":{"java":{"insertions":40,"deletions":35}}},{"hash":"38713796d8c349483faec0dbd61cc35b11a856a5","messageTitle":"Move parsing for \u0027todo\u0027 command to \u0027Parser\u0027 class","messageBody":"","fileTypesAndContributionMap":{"java":{"insertions":6,"deletions":6}}},{"hash":"da8d14f679746ff2eb67056d7549c4fc4165a557","messageTitle":"Move parsing in \u0027Storage\u0027 to \u0027Parser\u0027 class","messageBody":"","fileTypesAndContributionMap":{"java":{"insertions":56,"deletions":15}}},{"hash":"36ca64fec1ed8e754c8ed3d78552090a92555b73","messageTitle":"Fix \u0027todo\u0027 not showing proper reply message","messageBody":"","fileTypesAndContributionMap":{"java":{"insertions":4,"deletions":2}}},{"hash":"e6c23f9625747e3c96d97b4b4d138417e8074300","messageTitle":"Fix needing to type \u0027bye\u0027 twice to exit","messageBody":"","fileTypesAndContributionMap":{"java":{"insertions":1,"deletions":1}}},{"hash":"7668c5cdfa9bc6a61b14797fb3c13d78fa5de1a5","messageTitle":"Fix extra closing paranthesis being added during task loading","messageBody":"","fileTypesAndContributionMap":{"java":{"insertions":2,"deletions":2}}},{"hash":"1955f5858a476ca8388ba4fdf67d3928527c19a0","messageTitle":"Fix extra border wrapping when displaying number of tasks in list","messageBody":"","tags":["A-MoreOOP"],"fileTypesAndContributionMap":{"java":{"insertions":10,"deletions":14}}},{"hash":"2df38adb2e9154c3d104ecae3fec49cba173b489","messageTitle":"Package files according to category","messageBody":"","tags":["A-Packages"],"fileTypesAndContributionMap":{"java":{"insertions":109,"deletions":0}}},{"hash":"cd40c0c8b8c577354967b936e90753754709b197","messageTitle":"Set all fields in classes of /commands to private/protected","messageBody":"","fileTypesAndContributionMap":{"java":{"insertions":9,"deletions":10}}},{"hash":"2cbeadecbc4fb4a638be47a01ba2dad626f49cae","messageTitle":"Set all fields in classes of /tasks to private/protected","messageBody":"","fileTypesAndContributionMap":{"java":{"insertions":19,"deletions":20}}},{"hash":"688fdf6c97463dda44166c4c08dbd32ce07b9e86","messageTitle":"Add newline after \u0027package\u0027 statement in /exception files","messageBody":"","fileTypesAndContributionMap":{"java":{"insertions":4,"deletions":0}}},{"hash":"1c9e66a1048f650bdbbf869a7a773d4b5e528928","messageTitle":"Set file path as static variable in \u0027Storage\u0027 class","messageBody":"","fileTypesAndContributionMap":{"java":{"insertions":8,"deletions":5}}},{"hash":"f522cdf82045b72b1dee6c9a97909a55b2af875d","messageTitle":"Move parsing of CommandInput type to \u0027Parser\u0027 class","messageBody":"","fileTypesAndContributionMap":{"java":{"insertions":5,"deletions":0}}},{"hash":"46d2c892d96025e09940c66159a3fd2dc79317d5","messageTitle":"Add JavaDoc for all /commands files","messageBody":"","fileTypesAndContributionMap":{"java":{"insertions":122,"deletions":4}}},{"hash":"73cc2af89578fd9f18ccd35785b3bf863e9864ad","messageTitle":"Add JavaDoc for all /exception files","messageBody":"","fileTypesAndContributionMap":{"java":{"insertions":24,"deletions":0}}},{"hash":"c3cd3d946693ce7889d6187c79377ae091bd832b","messageTitle":"Reduce verbosity of JavaDoc in /command files","messageBody":"","fileTypesAndContributionMap":{"java":{"insertions":20,"deletions":20}}},{"hash":"aef84386f83b6e9aa17a8cf19cda0e2be1f8c4a8","messageTitle":"Add JavaDoc for /duke files","messageBody":"","fileTypesAndContributionMap":{"java":{"insertions":95,"deletions":7}}},{"hash":"7c707c6a4a99f7dac3005e3ee96be9e000b7ac4e","messageTitle":"Add JavaDoc for all /tasks files","messageBody":"","fileTypesAndContributionMap":{"java":{"insertions":108,"deletions":6}}},{"hash":"d5cb6fb8b298de639be86c952af9892deb047f22","messageTitle":"Change name of outputList() method to toString()","messageBody":"","tags":["A-JavaDoc"],"fileTypesAndContributionMap":{"java":{"insertions":2,"deletions":2}}},{"hash":"72b78a5f156a5ac1aefc0c494092ef4024203516","messageTitle":"Modify file paths for runtest.sh","messageBody":"","fileTypesAndContributionMap":{"sh":{"insertions":2,"deletions":2}}},{"hash":"d1811599adcdd791a960314b64cdfe0e84090468","messageTitle":"Fix handling for EOF without exit command","messageBody":"","fileTypesAndContributionMap":{"java":{"insertions":6,"deletions":2}}},{"hash":"b31dccfac5f3a7b7f9e3b44f8ddfceb63878b983","messageTitle":"Setup gradle","messageBody":"","tags":["A-Gradle"],"fileTypesAndContributionMap":{"gradle":{"insertions":1,"deletions":1},"java":{"insertions":5,"deletions":1}}},{"hash":"d4a6328d85441dc232c955fba5a8c7a06e46a2c0","messageTitle":"Enforce proper line wrapping for line lengths \u003e 120","messageBody":"","fileTypesAndContributionMap":{"java":{"insertions":18,"deletions":15}}},{"hash":"8f0d2c7f09a63cbb344ddaafe707049c7ce82956","messageTitle":"Add curly brackets to single line conditionals","messageBody":"","fileTypesAndContributionMap":{"java":{"insertions":6,"deletions":2}}},{"hash":"fb1516675847705269d4c1da7212788e378bb4e1","messageTitle":"Add line wrap for long line in \u0027Deadline\u0027 class","messageBody":"","tags":["A-CodingStandard"],"fileTypesAndContributionMap":{"java":{"insertions":2,"deletions":2}}}]},{"date":"2023-01-25","commitResults":[{"hash":"20342db64531de8f80c8fac663b5578ecec4f330","messageTitle":"Add feature to search for tasks containing a specified keyword","messageBody":"","tags":["Level-9"],"fileTypesAndContributionMap":{"java":{"insertions":56,"deletions":3}}},{"hash":"e555d0d1f95c7904de91109e839db13c403d5175","messageTitle":"Change use of deprecated function \u0027outputList\u0027 to \u0027toString\u0027 in \u0027FindCmd\u0027 class","messageBody":"","fileTypesAndContributionMap":{"java":{"insertions":1,"deletions":1}}},{"hash":"6a66d9321dd4f15daabd9829e1844d74192f7d60","messageTitle":"Remove debugging print statements in \u0027TaskList\u0027","messageBody":"","fileTypesAndContributionMap":{"java":{"insertions":0,"deletions":1}}},{"hash":"387b8eaca89322b32bd398ce018199ebb495e7b6","messageTitle":"Fix runtime error if missing info in user input (Closes Issues #2 \u0026 #10)","messageBody":"","fileTypesAndContributionMap":{"java":{"insertions":162,"deletions":110}}}]},{"date":"2023-01-26","commitResults":[{"hash":"adc6a41507901af3ad5c13d471aa37bc5fcac788","messageTitle":"Add JUnit tests for \u0027TaskList\u0027, \u0027ToDo\u0027, \u0027Event\u0027, \u0027Deadline\u0027 classes","messageBody":"","tags":["v0.1","A-Jar","A-JUnit"],"fileTypesAndContributionMap":{"java":{"insertions":106,"deletions":0}}}]},{"date":"2023-02-01","commitResults":[{"hash":"a228d03ec5d02b3d59555b81c3ebd9adf104a2da","messageTitle":"Refactor Duke class to follow Week 3\u0027s example (Closes Issue #13)","messageBody":"","fileTypesAndContributionMap":{"java":{"insertions":30,"deletions":14}}},{"hash":"7b187ea7309b55ee80111b7fca664cf97a96f9d1","messageTitle":"Move command switch-case from Duke::main to CommandInput::getCommandFromInput","messageBody":"","fileTypesAndContributionMap":{"java":{"insertions":84,"deletions":50}}},{"hash":"01e0769a8406f895b4e8438bcbbcbe80e185993c","messageTitle":"Add checkstyle configurations","messageBody":"","fileTypesAndContributionMap":{"gradle":{"insertions":6,"deletions":1}}},{"hash":"c58c730ca8f32d2604915a5dee6393c4ad7dbbac","messageTitle":"Fix checkstyle errors in \u0027CommandInput\u0027","messageBody":"","fileTypesAndContributionMap":{"txt":{"insertions":2,"deletions":1},"java":{"insertions":25,"deletions":26},"sh":{"insertions":0,"deletions":0}}},{"hash":"e94d020aa421542826d158f0b41413cc53a1f091","messageTitle":"Fix checkstyle for \u0027Parser\u0027","messageBody":"","fileTypesAndContributionMap":{"java":{"insertions":38,"deletions":18}}},{"hash":"c765cfe935c08f8afa37ebe63a3c5c48236173ae","messageTitle":"Fix checkstyle errors for \u0027Storage\u0027","messageBody":"","fileTypesAndContributionMap":{"java":{"insertions":10,"deletions":6}}},{"hash":"40ae487771965d24c35602c1e2fe8fbda56ba7ee","messageTitle":"Fix checkstyle errors for \u0027Ui\u0027","messageBody":"","fileTypesAndContributionMap":{"java":{"insertions":26,"deletions":18}}},{"hash":"4a0d1593d9e3f1b7399aa17f868858d602a5e12c","messageTitle":"Fix checkstyle errors for \u0027Deadline\u0027","messageBody":"","fileTypesAndContributionMap":{"java":{"insertions":13,"deletions":14}}},{"hash":"645d9cc96ef104936887feab1887eec6e09a1d6c","messageTitle":"Fix checkstyle errors for \u0027Event\u0027","messageBody":"","fileTypesAndContributionMap":{"java":{"insertions":15,"deletions":16}}},{"hash":"5697762355e0128d0cc57f23dff3d1a03414efce","messageTitle":"Fix checkstyle errors for \u0027Task\u0027","messageBody":"","fileTypesAndContributionMap":{"java":{"insertions":4,"deletions":4}}},{"hash":"1b63c0df194948211abfd107cb41048e36610d7a","messageTitle":"Fix checkstyle errors for \u0027Storage\u0027","messageBody":"","fileTypesAndContributionMap":{"java":{"insertions":2,"deletions":2}}},{"hash":"7d842fcfac637dc8f88e29ac7ac2ded01e695913","messageTitle":"Fix checkstyle errors for \u0027ByeCmd\u0027","messageBody":"","fileTypesAndContributionMap":{"java":{"insertions":2,"deletions":2}}},{"hash":"fc8c2f8109f4f82102cae8bbb1e0cf9cfdd1322e","messageTitle":"Fix checkstyle errors for \u0027DeadlineCmd\u0027","messageBody":"","fileTypesAndContributionMap":{"java":{"insertions":3,"deletions":3}}},{"hash":"4909659828492e2700c02bfe21b5e650127e666e","messageTitle":"Fix checkstyle errors for \u0027FindCmd\u0027","messageBody":"","fileTypesAndContributionMap":{"java":{"insertions":6,"deletions":3}}},{"hash":"ed071c2d1f80c7e81c3826b178f5d6e99674d525","messageTitle":"Fix checkstyle errors in all files","messageBody":"","tags":["A-CheckStyle"],"fileTypesAndContributionMap":{"java":{"insertions":52,"deletions":51}}}]},{"date":"2023-02-03","commitResults":[{"hash":"c6b17265db9fa23f2baa39941828ab2115fa786e","messageTitle":"Init JavaFX according to tutorial","messageBody":"","fileTypesAndContributionMap":{"gradle":{"insertions":17,"deletions":1},"java":{"insertions":170,"deletions":14}}},{"hash":"e5c435632c857851a0685b4a74a96e1b78fef4ef","messageTitle":"Implement base working model of GUI","messageBody":"","tags":["Level-10"],"fileTypesAndContributionMap":{"gradle":{"insertions":1,"deletions":1},"java":{"insertions":70,"deletions":124}}},{"hash":"bf0c9c7028d7cbae3ca13353a26d8d5a36ebdf8d","messageTitle":"Implement TaskList::find to use varargs","messageBody":"","tags":["A-Varargs"],"fileTypesAndContributionMap":{"java":{"insertions":9,"deletions":7}}},{"hash":"0bd5882d45f07a3e5f3bd06c599c1cf58c3b9fa8","messageTitle":"Refactor where Duke::sendResponse is called to be in Duke","messageBody":"","fileTypesAndContributionMap":{"java":{"insertions":34,"deletions":39}}},{"hash":"81de3455f1cf8fbda8bf0ad16bcfa11204bd0b0b","messageTitle":"Fix Duke not greeting user on start","messageBody":"","fileTypesAndContributionMap":{"java":{"insertions":4,"deletions":0}}},{"hash":"366679a35d5eccd5a39e4bb97433fce72b2b6d80","messageTitle":"Move stage actions into \u0027StageHandler\u0027 class","messageBody":"","fileTypesAndContributionMap":{"java":{"insertions":134,"deletions":122}}}]},{"date":"2023-02-06","commitResults":[{"hash":"83814542ad4285449c07b6652e627c927e8b1777","messageTitle":"Fix checkstyles","messageBody":"","tags":["v0.2","A-Streams"],"fileTypesAndContributionMap":{"java":{"insertions":23,"deletions":24}}},{"hash":"b24a4ef1a321dd1d72107d0fb2f4d17be52fc274","messageTitle":"Add assertions to check that commands are properly executed","messageBody":"Ensures that the size of the list should grow/shrink if tasks are\nadded/deleted.\n\nEnsures that tasks completion status are modified when mark/unmark\nis called.\n","tags":["A-FullCommitMessage"],"fileTypesAndContributionMap":{"java":{"insertions":19,"deletions":13}}}]},{"date":"2023-02-07","commitResults":[{"hash":"be55bb6602ee6df5cf164f0ffb6f35ab9009a60e","messageTitle":"Use String.format() to construct duke responses","messageBody":"","fileTypesAndContributionMap":{"java":{"insertions":19,"deletions":17}}},{"hash":"c92840a208b2d22abd47fa7c55e43a20b18b5883","messageTitle":"Use String.format() for duke responses in duke.tasks","messageBody":"Closes Issue #15\n\nPreviously, \u0027+\u0027 operator was used to join strings to construct a\nduke response, this may be difficult to read. Using String.format()\nhas better readability.\n","fileTypesAndContributionMap":{"java":{"insertions":3,"deletions":3}}},{"hash":"abfbc734cd9a787d908643a164d64a8f8a0c6d09","messageTitle":"Abstract \u0027ParsedLoadedTask\u0027 into its own file","messageBody":"Move and renamed \u0027ParsedLoadedTask\u0027 to its own file \u0027ParsedTask\u0027,\nwhich stores the relevant information of a task before its actual creation.\nCurrently, it is only used by \u0027Storage\u0027 when loading tasks from a saved file,\nbut should be later generalised to parse user commands as well.\n(as opposed to current method of storing parsed info in an array)\n","fileTypesAndContributionMap":{"java":{"insertions":88,"deletions":86}}}]},{"date":"2023-02-08","commitResults":[{"hash":"b8b96775165e4876a9cf32abaaa446ef8ea7d5d9","messageTitle":"Change duke response to return from Command::execute()","messageBody":"","fileTypesAndContributionMap":{"java":{"insertions":24,"deletions":29}}},{"hash":"0a0eb889f383212fc8114807e2dc84a1cc8634d2","messageTitle":"Modify TaskList::find to use streams instead of nested for-loop","messageBody":"","fileTypesAndContributionMap":{"java":{"insertions":4,"deletions":5}}},{"hash":"7723ef4e7b8fdac3265e8d364fa506b0f8b7c2e6","messageTitle":"Abstract init of gui specifications into its own file","messageBody":"","fileTypesAndContributionMap":{"java":{"insertions":61,"deletions":52}}},{"hash":"bc3ab970c7bb8b51910c8d48e065ac594560debb","messageTitle":"Split initialization of components into their own methods","messageBody":"","fileTypesAndContributionMap":{"java":{"insertions":29,"deletions":14}}},{"hash":"7450f1911cff2261f741b5d61d522efc9b96837d","messageTitle":"Fix typo in Event::stringFields","messageBody":"","tags":["A-CodeQuality"],"fileTypesAndContributionMap":{"java":{"insertions":1,"deletions":1}}}]},{"date":"2023-02-10","commitResults":[{"hash":"725c81b552d361d22de259788bbf63d1808ed4de","messageTitle":"Add feature to view ongoing tasks for a specified date","messageBody":"","tags":["BCD-Extension"],"fileTypesAndContributionMap":{"java":{"insertions":79,"deletions":5}}},{"hash":"b3f1f3f3a85aaff80678f1905c69cc3296e0b25e","messageTitle":"Fix file paths for loading/saving from file","messageBody":"","fileTypesAndContributionMap":{"java":{"insertions":2,"deletions":2}}}]},{"date":"2023-02-11","commitResults":[{"hash":"6436fb2813d93fce556c110c1ebe87f91022cf98","messageTitle":"Refactor loading of tasks in Storage::loadFromFile","messageBody":"","fileTypesAndContributionMap":{"txt":{"insertions":1,"deletions":1},"java":{"insertions":35,"deletions":101}}}]},{"date":"2023-02-14","commitResults":[{"hash":"ae388a5e7faafee63c896052fddeccce3b9176ae","messageTitle":"Remove dead code","messageBody":"","fileTypesAndContributionMap":{"java":{"insertions":1,"deletions":1}}},{"hash":"9d5369e676fec6eb72e1ca35a5a3c3559b0f47df","messageTitle":"Add newline after method descriptor in all JavaDoc headers","messageBody":"","fileTypesAndContributionMap":{"java":{"insertions":40,"deletions":11}}},{"hash":"2ba698c72218ec09d17eebe56e6efe9ee18d5354","messageTitle":"Refactor to follow JavaFX tutorial part 4","messageBody":"","fileTypesAndContributionMap":{"fxml":{"insertions":50,"deletions":0},"java":{"insertions":161,"deletions":174}}},{"hash":"5ac1bc3133fb193988499fca64491d4a1641584b","messageTitle":"Complete exercises for JavaFX tutorial part 4 (Closes #Issue 21)","messageBody":"","fileTypesAndContributionMap":{"fxml":{"insertions":3,"deletions":6},"java":{"insertions":32,"deletions":15}}},{"hash":"50796394f30426015f43eec6e8055c3b8186888f","messageTitle":"Add custom colors for Duke response","messageBody":"","fileTypesAndContributionMap":{"fxml":{"insertions":11,"deletions":10},"java":{"insertions":18,"deletions":15}}},{"hash":"7f30dcfa48bf7131b69e271a6bb67174c8312932","messageTitle":"Add border radius to Duke response","messageBody":"","fileTypesAndContributionMap":{"fxml":{"insertions":2,"deletions":1},"java":{"insertions":5,"deletions":2}}},{"hash":"ff6eedec8a48d886379f88bad9a14f88def26956","messageTitle":"Add invalid command error highlighting","messageBody":"","fileTypesAndContributionMap":{"java":{"insertions":26,"deletions":17}}},{"hash":"05e151675c1335318bc564d6e0438d0eb13a5ebe","messageTitle":"Allow DialogBox to have flexible height, if message is long","messageBody":"","fileTypesAndContributionMap":{"txt":{"insertions":5,"deletions":0},"fxml":{"insertions":1,"deletions":1}}}]},{"date":"2023-02-15","commitResults":[{"hash":"47cff7c66bb73e9d146198ad72996e32678218ec","messageTitle":"Add more colors","messageBody":"","fileTypesAndContributionMap":{"fxml":{"insertions":2,"deletions":2},"java":{"insertions":1,"deletions":0}}},{"hash":"84e2155ce729439caaa5507845e02f54342324ef","messageTitle":"Remove background of profile images","messageBody":"","tags":["A-BetterGui"],"fileTypesAndContributionMap":{"fxml":{"insertions":1,"deletions":1}}},{"hash":"e5aa93692c10e763e2d01c46ccb4c54be2078dce","messageTitle":"Add owl personality to duke","messageBody":"","tags":["A-Personality"],"fileTypesAndContributionMap":{"txt":{"insertions":6,"deletions":6},"java":{"insertions":14,"deletions":14}}},{"hash":"ffd446def05f9d62829d6ea93db6c4a4819db1b5","messageTitle":"Changes \u0027bye\u0027 command execution to also close application","messageBody":"","fileTypesAndContributionMap":{"txt":{"insertions":1,"deletions":1},"java":{"insertions":19,"deletions":12}}},{"hash":"6af2b670cfdd4174bd3767e0e5bd266334b5e2d3","messageTitle":"Add User Guide","messageBody":"","tags":["A-UserGuide"],"fileTypesAndContributionMap":{"md":{"insertions":167,"deletions":10}}},{"hash":"2af09567bd5368deb295aeb65d2314901f12eebc","messageTitle":"Change Owlly response for \u0027view\u0027 command","messageBody":"","fileTypesAndContributionMap":{"java":{"insertions":1,"deletions":1}}},{"hash":"22b6f571d351220a548d557650819319e6934615","messageTitle":"Add padding for dialog text","messageBody":"","fileTypesAndContributionMap":{"fxml":{"insertions":4,"deletions":1}}},{"hash":"28ecf4a4d299c4053d59f3617ef59776a4d041be","messageTitle":"Disable resizing","messageBody":"","fileTypesAndContributionMap":{"java":{"insertions":1,"deletions":0}}},{"hash":"85de0158215538498cacf1a26312cb611af2d392","messageTitle":"Fix checkstyle","messageBody":"","fileTypesAndContributionMap":{"java":{"insertions":36,"deletions":36}}},{"hash":"2a4ee6aa5b0db67d8339932a4e9a3b92a3c7b290","messageTitle":"Fix crash for deleting tasks out of range","messageBody":"Closes Issue #6\n","fileTypesAndContributionMap":{"java":{"insertions":23,"deletions":4}}}]},{"date":"2023-02-16","commitResults":[{"hash":"f87236397e2e4a46438ea65857169185b86d0807","messageTitle":"Rename var DialogBox:dialogBoxStyle","messageBody":"","fileTypesAndContributionMap":{"java":{"insertions":4,"deletions":4}}},{"hash":"ed6c66d96c6376cd67cf42801b3808dbc33abfb5","messageTitle":"Change catch exception type in TaskList::removeTask","messageBody":"","fileTypesAndContributionMap":{"txt":{"insertions":6,"deletions":6},"java":{"insertions":2,"deletions":1}}},{"hash":"1004673ced6895c30b00110fa8e9034dcf12d342","messageTitle":"Allow saving on list modification","messageBody":"","fileTypesAndContributionMap":{"txt":{"insertions":1,"deletions":6},"java":{"insertions":19,"deletions":4}}},{"hash":"884ff56b1253de3dfbb7c51b500f0b8af73b4bf4","messageTitle":"Change TaskList::toString() output","messageBody":"","fileTypesAndContributionMap":{"txt":{"insertions":2,"deletions":1},"java":{"insertions":2,"deletions":1}}}]},{"date":"2023-02-17","commitResults":[{"hash":"aca13e35b92562495821ec2679e6fbe9783efad1","messageTitle":"Allow resizing of window","messageBody":"","fileTypesAndContributionMap":{"fxml":{"insertions":9,"deletions":11},"java":{"insertions":12,"deletions":24}}},{"hash":"9975dafceb2ebe6d809138dccacb0d7a9709d550","messageTitle":"Fix newlines being added to data file","messageBody":"","tags":["v1.0"],"fileTypesAndContributionMap":{"java":{"insertions":6,"deletions":4}}},{"hash":"40e10b6e80970adbe022896b1fe49891a025e70e","messageTitle":"Rename Ui class to MessageFormat","messageBody":"","fileTypesAndContributionMap":{"java":{"insertions":61,"deletions":8}}},{"hash":"87c2d7c4165ce02ba3696fef6f329637241c1457","messageTitle":"Add and fix JavaDoc for all methods \u0026 classes","messageBody":"","fileTypesAndContributionMap":{"txt":{"insertions":1,"deletions":1},"java":{"insertions":147,"deletions":148}}},{"hash":"3b6708cf20cdbed1e4dda1176e3f458f11b2566e","messageTitle":"Add response for if list is empty for list command","messageBody":"Closes Issue #1\n","fileTypesAndContributionMap":{"java":{"insertions":18,"deletions":1}}},{"hash":"66f28838b321d2fe9e1e87bf999860dd4d822bc2","messageTitle":"Fix JavaDocs","messageBody":"","fileTypesAndContributionMap":{"java":{"insertions":4,"deletions":0}}},{"hash":"d716b40512d8e02efef4de293ae588cadae9cdba","messageTitle":"Add message to inform user if tasks were loaded from a saved file","messageBody":"Closes Issue #14\n","fileTypesAndContributionMap":{"java":{"insertions":18,"deletions":20}}},{"hash":"2ad38adeee9350ee1e1b5a890997ff35c7509d87","messageTitle":"Add error handling for missing date in view command","messageBody":"","fileTypesAndContributionMap":{"java":{"insertions":11,"deletions":4}}},{"hash":"0efecf475c8dc5721c07784f8af518915dc04de7","messageTitle":"Fix \u0027view\u0027 command crashing","messageBody":"","fileTypesAndContributionMap":{"java":{"insertions":85,"deletions":38}}},{"hash":"08638eefe24f8cfb86b1d21af425e708eb962a65","messageTitle":"Fix incorrect behaviour of \u0027unmark\u0027","messageBody":"","fileTypesAndContributionMap":{"txt":{"insertions":3,"deletions":1},"java":{"insertions":3,"deletions":2}}},{"hash":"d72d8bce0bfd16b828b4659434e30c71778b3f5e","messageTitle":"Change response for \u0027view\u0027 command","messageBody":"","tags":["v1.1","A-Release"],"fileTypesAndContributionMap":{"txt":{"insertions":2,"deletions":4},"fxml":{"insertions":0,"deletions":5},"java":{"insertions":1,"deletions":1}}},{"hash":"bbc273a2834158f4968b8860b18bcfe6df124e0b","messageTitle":"Fix checkstyle","messageBody":"","fileTypesAndContributionMap":{"java":{"insertions":22,"deletions":7}}}]}]},"authorFileTypeContributionMap":{"swxk19":{"java":1757,"md":166,"fxml":45,"sh":4,"bat":1,"gradle":22,"txt":16}},"authorContributionVariance":{"swxk19":115042.984},"authorDisplayNameMap":{"swxk19":"CS2103T-T15-4 SEOW..LVIN"}}
