{"authorDailyContributionsMap":{"swxk19":[{"date":"2023-01-16","commitResults":[{"hash":"2084f34b596676c4ef244bdf5ccca5066b354e73","messageTitle":"Greet user, echo user commands \u0026 exit","messageBody":"","fileTypesAndContributionMap":{"java":{"insertions":23,"deletions":1}}},{"hash":"032ca4e56431492b333f23de90b51865f6150604","messageTitle":"Close Scanner object after exit command","messageBody":"","fileTypesAndContributionMap":{"java":{"insertions":1,"deletions":0}}},{"hash":"736a3c0ece9f2d24a869956f49547110f994ebf7","messageTitle":"Add feature to add items to list, and enumerate them on command","messageBody":"","fileTypesAndContributionMap":{"java":{"insertions":19,"deletions":2}}},{"hash":"c8ec8ed606679eac4fae3cd95b7f3d9129c2019c","messageTitle":"Add feature to mark tasks as done or not done","messageBody":"","fileTypesAndContributionMap":{"java":{"insertions":37,"deletions":4}}},{"hash":"0fa5d25e93dd1c66983c0d74bbef652fa679f2f6","messageTitle":"Fix output indentations to match the given examples","messageBody":"","fileTypesAndContributionMap":{"java":{"insertions":12,"deletions":2}}},{"hash":"4289a56a2da92eab58f2677ed4919c002b87a7b0","messageTitle":"Add support for 3 types of tasks: ToDo, Event, Deadline","messageBody":"","fileTypesAndContributionMap":{"java":{"insertions":85,"deletions":6}}}]},{"date":"2023-01-17","commitResults":[{"hash":"e2743beb56eea3e7584fa76a7fdc469d9e8be803","messageTitle":"Error handling for incorrect initialization input of tasks","messageBody":"","fileTypesAndContributionMap":{"java":{"insertions":87,"deletions":24}}},{"hash":"35ac42fdede81d873df890312eade80a6f21862a","messageTitle":"Handle edge case for error handling in \u0027Deadline\u0027 initialization","messageBody":"","fileTypesAndContributionMap":{"java":{"insertions":16,"deletions":6}}},{"hash":"22733e0fc4c43df7d8c8d18ac93049f9cee28ab5","messageTitle":"Add feature to remove tasks","messageBody":"","fileTypesAndContributionMap":{"java":{"insertions":15,"deletions":6}}},{"hash":"5ae6b0fbe9d628b08ff5127b11e177d2f8a2a112","messageTitle":"Implement enums to check valid user commands","messageBody":"","fileTypesAndContributionMap":{"java":{"insertions":61,"deletions":34}}}]},{"date":"2023-01-20","commitResults":[{"hash":"5eb9c2d03aff972535e9a733ba6230a711032a60","messageTitle":"Add automated text ui testing","messageBody":"","fileTypesAndContributionMap":{"txt":{"insertions":13,"deletions":0}}},{"hash":"4a5767462a72a717454d54b5828ca8646b124162","messageTitle":"Remove trailing white space in task names of deadlines and events","messageBody":"","fileTypesAndContributionMap":{"java":{"insertions":2,"deletions":2}}}]}]},"authorFileTypeContributionMap":{"swxk19":{"java":270,"md":0,"fxml":0,"sh":0,"bat":0,"gradle":0,"txt":13}},"authorContributionVariance":{"swxk19":9116.6875},"authorDisplayNameMap":{"swxk19":"SEOW..LVIN"}}
