{"authorDailyContributionsMap":{"XylusChen":[{"date":"2023-01-17","commitResults":[{"hash":"f58dd0063d2c46e58423c54017c66b73563e1de8","messageTitle":"changed greeting message","messageBody":"","fileTypesAndContributionMap":{"java":{"insertions":6,"deletions":0}}},{"hash":"830718017450d61341768bb2ffcb549e4df29694","messageTitle":"XyDuke now echos user commands, exit when \"bye\"","messageBody":"","tags":["Level-1"],"fileTypesAndContributionMap":{"java":{"insertions":17,"deletions":1}}},{"hash":"76b031ebb4a686758400dd7bd3a18780b48033de","messageTitle":"stores text entered by user, lists tasks when requested","messageBody":"","tags":["Level-2"],"fileTypesAndContributionMap":{"java":{"insertions":33,"deletions":3}}},{"hash":"293cf1b1724686b1cabcf46666f3cd9c388a1226","messageTitle":"added task class, can now mark or unmark tasks as done","messageBody":"","tags":["Level-3","A-Classes"],"fileTypesAndContributionMap":{"java":{"insertions":51,"deletions":7}}},{"hash":"08e95071cf0657578554e4e7d0d19d1900425b28","messageTitle":"added support for multiple task types using inheritance","messageBody":"","tags":["Level-4","A-Inheritance"],"fileTypesAndContributionMap":{"java":{"insertions":78,"deletions":3}}},{"hash":"c8e897cb0cb4a66d0e3ccf23226db9eed569aa8c","messageTitle":"i/o redirection technique to semi-automate testing of Duke","messageBody":"","tags":["A-TextUiTesting"],"fileTypesAndContributionMap":{"txt":{"insertions":12,"deletions":0},"java":{"insertions":1,"deletions":1}}},{"hash":"e0a7506642fa1766e6d23bd6089d69db9147b85b","messageTitle":"handle errors using exceptions: invalid commands, incomplete commands","messageBody":"","tags":["Level-5","A-Exceptions"],"fileTypesAndContributionMap":{"java":{"insertions":21,"deletions":2}}},{"hash":"0b8a794953cad404991ee2b4e176bd4a2851176f","messageTitle":"added support for deleting tasks, fixed bug where task descriptions cannot contain commands","messageBody":"","tags":["Level-6","A-Collections"],"fileTypesAndContributionMap":{"java":{"insertions":81,"deletions":38}}}]},{"date":"2023-01-18","commitResults":[{"hash":"35d84d84ea5bc5c25cd5891b355d8e17ed39fe7b","messageTitle":"updated automated testing to test delete and error handling","messageBody":"","fileTypesAndContributionMap":{"txt":{"insertions":15,"deletions":1}}},{"hash":"106868b0e691d5426214c5d1504902934030beb7","messageTitle":"fixed bug where inputs of the form \u003ccommand\u003e + \u003cstring\u003e where string does not begin with a whitespace is not recognized as invalid","messageBody":"","fileTypesAndContributionMap":{"java":{"insertions":81,"deletions":83}}}]}]},"authorFileTypeContributionMap":{"XylusChen":{"java":237,"md":0,"fxml":0,"sh":0,"bat":0,"gradle":0,"txt":26}},"authorContributionVariance":{"XylusChen":18453.473},"authorDisplayNameMap":{"XylusChen":"CHEN..YANG"}}
