{"authorDailyContributionsMap":{"daitenshionyan":[{"date":"2023-01-16","commitResults":[{"hash":"47378d2858ca49f0869c0eda8ba9549060a38f41","messageTitle":"Create level 1 skeleton","messageBody":"","tags":["Level-1"],"fileTypesAndContributionMap":{"java":{"insertions":145,"deletions":0}}}]},{"date":"2023-01-17","commitResults":[{"hash":"5c2d723a4a168161a17d651cc708d455a509dd10","messageTitle":"Rename package","messageBody":"","fileTypesAndContributionMap":{"java":{"insertions":76,"deletions":2}}},{"hash":"db6e1d25caa6eb4e4f2c9d97f15251e10e9b21d0","messageTitle":"Rename package","messageBody":"","fileTypesAndContributionMap":{"java":{"insertions":0,"deletions":74}}},{"hash":"59c7aeafc371fa5e4a1a1c084be36dd6e3725262","messageTitle":"Add MainManager","messageBody":"CommandInput does not support the passing of application data to command\nfunctions.\n\nLet\u0027s make a MainManager class, that stores the application\u0027s state, and\nrequire the creation of CommandInput a MainManager.\n\nPassing the whole application instance will lead to cyclic dependencies\nwhich is undesirable over the proposed method.\n","fileTypesAndContributionMap":{"java":{"insertions":40,"deletions":7}}},{"hash":"f62e1d1b8ff8220b4e00681e592fe49951161fc3","messageTitle":"Create Task class","messageBody":"","fileTypesAndContributionMap":{"java":{"insertions":18,"deletions":0}}},{"hash":"4dcf4bc9ac4193e5966fc30366da794f1fff45d8","messageTitle":"Add TaskManager class","messageBody":"","fileTypesAndContributionMap":{"java":{"insertions":29,"deletions":0}}},{"hash":"7ae50496d185a03e7871246ca5660f867a12f641","messageTitle":"Add AddTaskFunc class","messageBody":"","fileTypesAndContributionMap":{"java":{"insertions":17,"deletions":0}}},{"hash":"3b9ebd54a329a8a78083c910933ded45860c89a0","messageTitle":"Create ListTaskFunc class","messageBody":"","fileTypesAndContributionMap":{"java":{"insertions":10,"deletions":0}}},{"hash":"ab7bc082685712568a88994d7771ef4183b8d976","messageTitle":"Command class: add ADD and LIST commands","messageBody":"","fileTypesAndContributionMap":{"java":{"insertions":2,"deletions":0}}},{"hash":"b57c2dc8f965b90cf0e166edc00cf37fa891de85","messageTitle":"Command enum: change ADD to ADD_TASK","messageBody":"","fileTypesAndContributionMap":{"java":{"insertions":1,"deletions":1}}},{"hash":"04fc09d6be0685daa545c5d4b6f9cfc02eec5963","messageTitle":"Duke class: change default command to ADD_TASK","messageBody":"","fileTypesAndContributionMap":{"java":{"insertions":1,"deletions":1}}},{"hash":"958bbe5b8cb19e7759c3a764a298286cc42ee15f","messageTitle":"Duke class: fix messages showing on single line","messageBody":"","fileTypesAndContributionMap":{"java":{"insertions":2,"deletions":2}}},{"hash":"b8d4d9bd9981b8cba3fa5900f21a7626b616ce0f","messageTitle":"Duke class: fix input parsing","messageBody":"","tags":["Level-2"],"fileTypesAndContributionMap":{"java":{"insertions":20,"deletions":22}}},{"hash":"f6784673edc885800924a5691b0dcd7658faa1f0","messageTitle":"Task class: add mark functionalities","messageBody":"","fileTypesAndContributionMap":{"java":{"insertions":27,"deletions":1}}},{"hash":"81ab372b89c5bcf029b1876246fa25f90606df74","messageTitle":"Fix formatting","messageBody":"","fileTypesAndContributionMap":{"java":{"insertions":2,"deletions":2}}},{"hash":"6934031f9e1b47b599bf68aa8d1476a45070ed2d","messageTitle":"TaskManager class: add mark functionalities","messageBody":"","fileTypesAndContributionMap":{"java":{"insertions":4,"deletions":0}}},{"hash":"18418e8c889ee9a0a9a040eba308e34d2d8e6be7","messageTitle":"TaskManager: make mark() return changed task","messageBody":"","fileTypesAndContributionMap":{"java":{"insertions":2,"deletions":1}}},{"hash":"1b8f0fd6510672768efba9295b51c702a6bdeb0c","messageTitle":"Duke class: fix input string parsing","messageBody":"","fileTypesAndContributionMap":{"java":{"insertions":1,"deletions":1}}},{"hash":"dd614afbca3fe57958ab8a1e1e5880502fa24cfd","messageTitle":"Add mark functionalities","messageBody":"","fileTypesAndContributionMap":{"java":{"insertions":26,"deletions":0}}},{"hash":"7ddb074be6c299ada1250bc94c446fd3c73c224f","messageTitle":"Duke class: remove unused imports","messageBody":"","fileTypesAndContributionMap":{"java":{"insertions":0,"deletions":1}}},{"hash":"950513182a0bbad3e05be0fceae48cf5c81dcc2f","messageTitle":"Add UNMARK command","messageBody":"","fileTypesAndContributionMap":{"java":{"insertions":22,"deletions":5}}},{"hash":"b6022472ccb0090c8eda79d0bbd985b6f850edf9","messageTitle":"ListTaskFunc class: Add speach","messageBody":"","fileTypesAndContributionMap":{"java":{"insertions":3,"deletions":1}}},{"hash":"4ef05e483af28ace039427106293c0bc8d7cc9e3","messageTitle":"Duke class: add indentation in message","messageBody":"","tags":["Level-3","A-Classes"],"fileTypesAndContributionMap":{"java":{"insertions":1,"deletions":1}}},{"hash":"5df969439485d56a0d7e714397a546b48016414f","messageTitle":"ToDo class: Create ToDo class","messageBody":"","fileTypesAndContributionMap":{"java":{"insertions":15,"deletions":0}}},{"hash":"7515f5d238b2df84a588074272fdcafcca7e2066","messageTitle":"Change to use TaskCreator to create tasks","messageBody":"","fileTypesAndContributionMap":{"java":{"insertions":27,"deletions":6}}},{"hash":"964e503e439f63a3fb6a5329f1b9ad80f191b4a4","messageTitle":"Task class: add constructor Task(Task)","messageBody":"","fileTypesAndContributionMap":{"java":{"insertions":4,"deletions":0}}},{"hash":"e9fc22a39972dc8f4ff5a588b2ed9d68703fe24d","messageTitle":"ToDo class: Fix mark() returning Task","messageBody":"","fileTypesAndContributionMap":{"java":{"insertions":10,"deletions":0}}}]},{"date":"2023-01-18","commitResults":[{"hash":"18cc9edbe79d557681cb50f2d5f2c99f62a86b5d","messageTitle":"AddTaskFunc class: make taskCreator generic","messageBody":"","fileTypesAndContributionMap":{"java":{"insertions":2,"deletions":2}}},{"hash":"15f0d0c0a9db75f3882a14c8f63df9299f069e5d","messageTitle":"ToDoTaskCreator class: make it return ToDo","messageBody":"","fileTypesAndContributionMap":{"java":{"insertions":1,"deletions":2}}},{"hash":"0e15d121c45094d48f22afe9d537884656afe858","messageTitle":"Add deadlines","messageBody":"","fileTypesAndContributionMap":{"java":{"insertions":46,"deletions":0}}},{"hash":"f91853708d317ff311c11f5db6af5344d417c218","messageTitle":"CommandInput class: fix parsing including whitespace","messageBody":"","tags":["A-Inheritance"],"fileTypesAndContributionMap":{"java":{"insertions":4,"deletions":4}}},{"hash":"aa7ecd6df24b9a62a14a3743229b4fe3274d4568","messageTitle":"Add events","messageBody":"","tags":["Level-4"],"fileTypesAndContributionMap":{"java":{"insertions":55,"deletions":0}}},{"hash":"6b9e542e9fc5f6dda94a2beab89f87f6b7149c4d","messageTitle":"TaskManager class: add size() method","messageBody":"","fileTypesAndContributionMap":{"java":{"insertions":5,"deletions":0}}},{"hash":"8cfea531f6dbfca5112810a8dfc575e459008c9a","messageTitle":"AddTaskFunc class: change feedback format","messageBody":"","fileTypesAndContributionMap":{"java":{"insertions":7,"deletions":1}}},{"hash":"0c4cb2740804ee90e0c4a731123f90c52937f50a","messageTitle":"Event class: fix task type representation","messageBody":"","fileTypesAndContributionMap":{"java":{"insertions":1,"deletions":1}}},{"hash":"2f4cd4b01c9d4e11ae8afef18538a4ed03f87515","messageTitle":"CommandInput class: fix parsing","messageBody":"","fileTypesAndContributionMap":{"java":{"insertions":5,"deletions":2}}},{"hash":"dc1bbb01bb08bf838035abc827c8db95c3a01a63","messageTitle":"CommandInput: fix parsing exception handling","messageBody":"","fileTypesAndContributionMap":{"java":{"insertions":8,"deletions":9}}},{"hash":"e5d3da4913f49717da24100bd83ecc11745ffb4b","messageTitle":"AddTaskFunc class: add blank name prevention","messageBody":"","fileTypesAndContributionMap":{"java":{"insertions":3,"deletions":0}}},{"hash":"6338a156eb1274a820b462416ad387b64149b253","messageTitle":"Duke class: add error handling","messageBody":"","tags":["Level-5"],"fileTypesAndContributionMap":{"java":{"insertions":21,"deletions":12}}},{"hash":"48d377b9ef1a5365d6f2f319668af85cff3ff1f5","messageTitle":"TaskManager class: add delete(int) method","messageBody":"","fileTypesAndContributionMap":{"java":{"insertions":5,"deletions":0}}},{"hash":"982e7bb6b07e8ec42d977072758dffb95002e1ba","messageTitle":"Add DELETE command","messageBody":"","tags":["Level-6","A-Enums","A-Collections"],"fileTypesAndContributionMap":{"java":{"insertions":29,"deletions":0}}},{"hash":"4c7bc078232e310d3b60d9db0006a9db1a11674c","messageTitle":"Add testing","messageBody":"","tags":["A-TextUiTesting"],"fileTypesAndContributionMap":{"txt":{"insertions":53,"deletions":0}}},{"hash":"41bd0bb73c21408b81d7008a7fc7c96deaff72d0","messageTitle":"Replace IllgalArgumentException with DukeIllegalArgumentException","messageBody":"","tags":["A-Exceptions"],"fileTypesAndContributionMap":{"java":{"insertions":91,"deletions":54}}}]},{"date":"2023-01-20","commitResults":[{"hash":"a43b0f3551109937e23a11b5dc02abf56892f7f6","messageTitle":"FileUtils class: create FileUtils","messageBody":"","fileTypesAndContributionMap":{"java":{"insertions":83,"deletions":0}}}]},{"date":"2023-01-21","commitResults":[{"hash":"2d42ac4b3792375dffc4dd6317ef2ced22ece990","messageTitle":"Package classes","messageBody":"","fileTypesAndContributionMap":{"java":{"insertions":18,"deletions":19}}},{"hash":"ffb5a8840622f113285c92f469c20d8635509c9d","messageTitle":"ArgumentMap class: create class","messageBody":"","fileTypesAndContributionMap":{"java":{"insertions":26,"deletions":0}}},{"hash":"a72666bacf0768560db000fb8d0dc21f8419c9a5","messageTitle":"Command class: create class","messageBody":"","fileTypesAndContributionMap":{"java":{"insertions":5,"deletions":0}}},{"hash":"68529db255d71e35834349990c7867b66c138737","messageTitle":"Rename MainManager to AppManager","messageBody":"","fileTypesAndContributionMap":{"java":{"insertions":10,"deletions":10}}},{"hash":"ef789d463c5ed4a0e0cfe1d2e56ff9b36974eb51","messageTitle":"CommandLineInput: create class","messageBody":"","fileTypesAndContributionMap":{"java":{"insertions":24,"deletions":0}}},{"hash":"179d7304ec7402cc6427138db1037f17f436cf4b","messageTitle":"IllegalSyntaxException: rename class","messageBody":"","fileTypesAndContributionMap":{"java":{"insertions":59,"deletions":59}}},{"hash":"23ba71a5e8e81c1fe876be2951d02dfecf8a6b4d","messageTitle":"ProcedureExecutionException: create class","messageBody":"","fileTypesAndContributionMap":{"java":{"insertions":17,"deletions":0}}},{"hash":"5203013e75c9bfb4c05fc081dea55e375dcbfd54","messageTitle":"ExecutionTask: create class","messageBody":"","fileTypesAndContributionMap":{"java":{"insertions":29,"deletions":0}}},{"hash":"100f445ee35b331fda8d1f63d6f695953e5006d1","messageTitle":"ProcedureExecutor: create class","messageBody":"","fileTypesAndContributionMap":{"java":{"insertions":11,"deletions":0}}},{"hash":"0d19e479f57dac57741a0885583f2138bca77265","messageTitle":"ExecutionDispatcher: create class","messageBody":"","fileTypesAndContributionMap":{"java":{"insertions":54,"deletions":0}}},{"hash":"c37a1062336ae9db02eddadd34bb4dbb49b2a263","messageTitle":"ExecutionTask: change method visibility","messageBody":"","fileTypesAndContributionMap":{"java":{"insertions":2,"deletions":2}}},{"hash":"638efb7b2ab390be8c26c4b76ae2dd564f8e509b","messageTitle":"Add command logic","messageBody":"","fileTypesAndContributionMap":{"java":{"insertions":29,"deletions":1}}},{"hash":"f0d181d6a9eda3dbb35282eaba9fab1e712a52c5","messageTitle":"Parser: create interface","messageBody":"","fileTypesAndContributionMap":{"java":{"insertions":9,"deletions":0}}},{"hash":"99bb8bbe8c42ae7debcd6d341eedd07f7c3f947a","messageTitle":"ArgumentParser: create class","messageBody":"","fileTypesAndContributionMap":{"java":{"insertions":52,"deletions":0}}},{"hash":"54c06d3a5b4a0df4c5efec190072e434b7fb2b4b","messageTitle":"CommandLineInputParser: create class","messageBody":"","fileTypesAndContributionMap":{"java":{"insertions":39,"deletions":0}}},{"hash":"336c45db6a580a5ebb60e0bb48a706f9092f58be","messageTitle":"Create aqua task classes","messageBody":"","fileTypesAndContributionMap":{"java":{"insertions":146,"deletions":0}}},{"hash":"a3639ad4ea03f92ef1dee11f2d90be1560f1cbb2","messageTitle":"TaskManager: change to use AquaTask","messageBody":"","fileTypesAndContributionMap":{"java":{"insertions":7,"deletions":6}}},{"hash":"118ca375787b8ebda93f73bf7e27ca197199a904","messageTitle":"Delete old commands","messageBody":"","fileTypesAndContributionMap":{"java":{"insertions":0,"deletions":272}}},{"hash":"e54bdd11b5e2f3dade80ecd9ca2428a80f547e3c","messageTitle":"Delete old tasks","messageBody":"","fileTypesAndContributionMap":{"java":{"insertions":0,"deletions":135}}},{"hash":"0a33a70ef6a973af5687ba90acc416ef44a261e9","messageTitle":"Delete duke","messageBody":"","fileTypesAndContributionMap":{"java":{"insertions":0,"deletions":98}}},{"hash":"404879296f80cb1a5c1ddfaf1ee656aa49dc227f","messageTitle":"AddTaskCommand: create class","messageBody":"","fileTypesAndContributionMap":{"java":{"insertions":40,"deletions":0}}},{"hash":"fb2ec38aa10fc33e6f7e633ef44826db7500d6c0","messageTitle":"AddToDoCommand: create class","messageBody":"","fileTypesAndContributionMap":{"java":{"insertions":16,"deletions":0}}},{"hash":"3674097ff48e8fba587bad0b4cb65d9770b9f5f3","messageTitle":"AppManager: add close detection","messageBody":"","fileTypesAndContributionMap":{"java":{"insertions":12,"deletions":0}}},{"hash":"dd3c124e10e1caa048646464788dd61935815320","messageTitle":"AppManager: add input parser","messageBody":"","fileTypesAndContributionMap":{"java":{"insertions":7,"deletions":3}}},{"hash":"40b968b30f239ee4f43bb9ea34560d16218087d9","messageTitle":"CommandLineInput: add dispatcher creation method","messageBody":"","fileTypesAndContributionMap":{"java":{"insertions":10,"deletions":4}}},{"hash":"ce55e9181fa9c39d9881ad036c950809f41892c5","messageTitle":"Add ReplyFormatManager","messageBody":"","fileTypesAndContributionMap":{"java":{"insertions":41,"deletions":0}}},{"hash":"537718345f2044ef003d1c685515b71849a9dc28","messageTitle":"Add TODO command","messageBody":"","fileTypesAndContributionMap":{"java":{"insertions":1,"deletions":1}}},{"hash":"560fe46b042ebe27af2597e58cab08c80216461e","messageTitle":"Aqua: create main app logic","messageBody":"","fileTypesAndContributionMap":{"java":{"insertions":75,"deletions":0}}},{"hash":"28365ba0b4c06af70b6fb97b53cc710cc785ae0d","messageTitle":"Add DEADLINE command","messageBody":"","fileTypesAndContributionMap":{"java":{"insertions":20,"deletions":1}}},{"hash":"0e081e7f6acb794c00628b25784fb08520bc7c12","messageTitle":"Add EVENT command","messageBody":"","fileTypesAndContributionMap":{"java":{"insertions":21,"deletions":1}}},{"hash":"50b685f231f9c6b99d9ac63e06eba5b83846f57e","messageTitle":"Add BYE command","messageBody":"","fileTypesAndContributionMap":{"java":{"insertions":27,"deletions":1}}},{"hash":"8392e36d19ea0ad7a1ee8032e0348641d7aec6f8","messageTitle":"Command: add DELETE","messageBody":"","fileTypesAndContributionMap":{"java":{"insertions":58,"deletions":0}}},{"hash":"1b383463ddee27d221de9252ddf008c955ef0bc8","messageTitle":"Command: add LIST","messageBody":"","fileTypesAndContributionMap":{"java":{"insertions":38,"deletions":0}}},{"hash":"76855881b6fa96917974344067ddc1037537e85e","messageTitle":"DeleteCommand: format code","messageBody":"","fileTypesAndContributionMap":{"java":{"insertions":1,"deletions":1}}},{"hash":"6ce538af2284d62826f9c69eab965ea0f8168673","messageTitle":"Fix marking","messageBody":"","fileTypesAndContributionMap":{"java":{"insertions":2,"deletions":2}}},{"hash":"be41c9b7d8b9f34390bed8883fe34e1a29a11761","messageTitle":"Add MARK/UNMARK command","messageBody":"","fileTypesAndContributionMap":{"java":{"insertions":60,"deletions":0}}},{"hash":"d36436cb8650cafbfd86a46d918793fb6d9380b2","messageTitle":"Change way of getting command","messageBody":"","fileTypesAndContributionMap":{"java":{"insertions":44,"deletions":43}}},{"hash":"f885f950697e0cc188fac1b4b2bc128b43b7d96a","messageTitle":"Add greeting","messageBody":"","fileTypesAndContributionMap":{"java":{"insertions":8,"deletions":0}}},{"hash":"a80266da338108646299c921e1a0edf3759055ed","messageTitle":"Remove kaomoji","messageBody":"","fileTypesAndContributionMap":{"java":{"insertions":12,"deletions":13}}},{"hash":"33d8cd0c184e3d58b02d27b1e801da075ed75ffd","messageTitle":"Fix testing","messageBody":"","fileTypesAndContributionMap":{"txt":{"insertions":2,"deletions":1},"bat":{"insertions":2,"deletions":2},"sh":{"insertions":2,"deletions":2}}},{"hash":"d5f0553f36a9b42e98d52246962f3c0658304af4","messageTitle":"Reloadable: create interface","messageBody":"","fileTypesAndContributionMap":{"java":{"insertions":5,"deletions":0}}},{"hash":"92210462296b0ff62be0359ca45181612142dfce","messageTitle":"AddTaskCommand: add completed tag","messageBody":"","fileTypesAndContributionMap":{"java":{"insertions":15,"deletions":6}}},{"hash":"4288d8249c80daced149179c503f5feb2a702ddd","messageTitle":"Make tags static constants","messageBody":"","fileTypesAndContributionMap":{"java":{"insertions":13,"deletions":6}}},{"hash":"f533f9955b7c5619690519f09740c114a065ad57","messageTitle":"AquaTask: implement Reloadable","messageBody":"","fileTypesAndContributionMap":{"java":{"insertions":35,"deletions":1}}},{"hash":"274a1d053bdc23cf329ac54bfd59880210a44957","messageTitle":"TaskManager: implement Reloadable","messageBody":"","fileTypesAndContributionMap":{"java":{"insertions":13,"deletions":1}}},{"hash":"04a22f3729da08c503acb5198c6628aaa1e4a94d","messageTitle":"TaskManager: add save capabilities","messageBody":"","fileTypesAndContributionMap":{"java":{"insertions":16,"deletions":0}}},{"hash":"693c848422abdcd94862433445feef0504c9bd59","messageTitle":"WriteTaskCommand: create class","messageBody":"","fileTypesAndContributionMap":{"java":{"insertions":39,"deletions":0}}},{"hash":"87bcfa34d353f733a113fe8611545f361be53eb8","messageTitle":"Implement save to state changing commands","messageBody":"","fileTypesAndContributionMap":{"java":{"insertions":3,"deletions":3}}},{"hash":"715e51cec3c0242e01fa6bc561563cdc71b85e53","messageTitle":"Fix spelling","messageBody":"","fileTypesAndContributionMap":{"java":{"insertions":1,"deletions":1}}},{"hash":"e2bdf49dc122531e05cd3a7ac23d1ac4f5d4c914","messageTitle":"AppManager remove static modifier","messageBody":"","fileTypesAndContributionMap":{"java":{"insertions":1,"deletions":1}}},{"hash":"dd6a037de4809ac30009f2c8a5dd0ab62d570986","messageTitle":"FileUtils: add getInputStream method","messageBody":"","fileTypesAndContributionMap":{"java":{"insertions":6,"deletions":1}}},{"hash":"6751431b33c806996e68df4104db7a486d24a364","messageTitle":"LoadException: create exception","messageBody":"","fileTypesAndContributionMap":{"java":{"insertions":17,"deletions":0}}},{"hash":"1756a65b4b53981eb44f405daf3be33a97d98f68","messageTitle":"Loader: create class","messageBody":"","fileTypesAndContributionMap":{"java":{"insertions":36,"deletions":0}}},{"hash":"5e9013bb9d4c879e3a8b4186d607785ea1dd9e6f","messageTitle":"ReplyFormatManager: add format for LoadException","messageBody":"","fileTypesAndContributionMap":{"java":{"insertions":9,"deletions":1}}},{"hash":"8950dc87ac503fc3b8f7a51407fb2f3ce4535d17","messageTitle":"TaskManager: add getSavePath method","messageBody":"","fileTypesAndContributionMap":{"java":{"insertions":5,"deletions":0}}},{"hash":"8923d2ccdd783800cfde927a961f1951af47ecdd","messageTitle":"Aqua: add load functionalities","messageBody":"","fileTypesAndContributionMap":{"java":{"insertions":10,"deletions":0}}},{"hash":"24a64696b8721717e9acb7973f763bef26fed37d","messageTitle":"Edit test to remove save directory","messageBody":"","fileTypesAndContributionMap":{"bat":{"insertions":1,"deletions":0},"sh":{"insertions":5,"deletions":0}}},{"hash":"86d9bd3bb02d86be8c7f49b2c35a241559b3790d","messageTitle":"Aqua: fix follow up executing on failure","messageBody":"","fileTypesAndContributionMap":{"java":{"insertions":1,"deletions":0}}}]},{"date":"2023-01-22","commitResults":[{"hash":"5afceebc03d2dd3a538a2515b0862e1cc22918d8","messageTitle":"Understand dates and times","messageBody":"","fileTypesAndContributionMap":{"java":{"insertions":77,"deletions":13}}},{"hash":"16ea520e938f3b82184e17a40ac396b695e36e73","messageTitle":"Add custom date time parser","messageBody":"","fileTypesAndContributionMap":{"java":{"insertions":43,"deletions":26}}},{"hash":"9570ca728ece39f76529e9c8c39e7adb1467f045","messageTitle":"AquaTask: format printed dates","messageBody":"","fileTypesAndContributionMap":{"java":{"insertions":16,"deletions":2}}},{"hash":"7f1b6f12084ca85786462f61df99a5700368f028","messageTitle":"DateUtils: fix time parsing","messageBody":"","fileTypesAndContributionMap":{"java":{"insertions":2,"deletions":2}}},{"hash":"65e804336b7f1262339010129d3891629aa33155","messageTitle":"AquaTask: print ongoing state","messageBody":"","fileTypesAndContributionMap":{"java":{"insertions":26,"deletions":2}}}]},{"date":"2023-01-23","commitResults":[{"hash":"f6bb21346a555b8ccedb6c613b218a4f68cf37f5","messageTitle":"AquaTask: fix started check","messageBody":"","fileTypesAndContributionMap":{"java":{"insertions":1,"deletions":1}}},{"hash":"21f261be626128d40f0e76992cf7675034c31209","messageTitle":"Testing: fix tesing","messageBody":"","fileTypesAndContributionMap":{"txt":{"insertions":7,"deletions":5}}},{"hash":"f0fb5a0b27c0aa821f26e0222049183667e31070","messageTitle":"Merge remote-tracking branch \u0027origin/master\u0027 into branch-Level-8","messageBody":"","tags":["Level-8"],"fileTypesAndContributionMap":{"java":{"insertions":218,"deletions":15},"bat":{"insertions":1,"deletions":0},"sh":{"insertions":5,"deletions":0}}},{"hash":"9e5289984cc9791f1fc07a6392f67db9d079f3ff","messageTitle":"Abstract output","messageBody":"","fileTypesAndContributionMap":{"java":{"insertions":53,"deletions":35}}},{"hash":"f5dccbb57cbbf1af35c6811965e196c1f8a81248","messageTitle":"Abstract user input","messageBody":"","tags":["A-Packages","A-MoreOOP"],"fileTypesAndContributionMap":{"java":{"insertions":29,"deletions":4}}},{"hash":"380800fe6b28c48d470705f1ca5e4929ee7df9cc","messageTitle":"Gradle: set main class","messageBody":"","tags":["A-Gradle"],"fileTypesAndContributionMap":{"gradle":{"insertions":1,"deletions":1}}},{"hash":"541826f256a8d498bb77c3974d0bb0336ab9ea13","messageTitle":"Remove useless code","messageBody":"","fileTypesAndContributionMap":{"java":{"insertions":1,"deletions":3}}},{"hash":"c685e8baac939b9ba26f6c454b9ef31adafcca3c","messageTitle":"Testing: add parse unit test","messageBody":"","fileTypesAndContributionMap":{"java":{"insertions":69,"deletions":0}}},{"hash":"b612d65f7e72d722c27e0c622a878888c0a27cd3","messageTitle":"TaskManager: fix toString extra new line","messageBody":"","fileTypesAndContributionMap":{"java":{"insertions":1,"deletions":1}}},{"hash":"9632e343b6f86ba1c916b759f47b4e59370c65f4","messageTitle":"Testing: add TaskManager unit tests","messageBody":"","tags":["A-Jar","A-JUnit"],"fileTypesAndContributionMap":{"java":{"insertions":157,"deletions":0}}},{"hash":"a33f830b1e953ed0bc5ca6867b8916d758eb3143","messageTitle":"Fix jar naming","messageBody":"","fileTypesAndContributionMap":{"gradle":{"insertions":1,"deletions":1}}}]},{"date":"2023-01-24","commitResults":[{"hash":"0e2d4f21a9a2ce725d8ffb8f2f1411e33492a3fb","messageTitle":"TaskManager: add filter function","messageBody":"","fileTypesAndContributionMap":{"java":{"insertions":12,"deletions":0}}},{"hash":"88ceef6f9944151e4c2070ac99d8aef1c08de944","messageTitle":"TaskManager: add filter test","messageBody":"","fileTypesAndContributionMap":{"java":{"insertions":44,"deletions":0}}},{"hash":"c6cfe8106de3b0ec22f63349af13b79bb23e0662","messageTitle":"Command: add FIND","messageBody":"","fileTypesAndContributionMap":{"java":{"insertions":43,"deletions":0}}},{"hash":"16e568b380c982fb75bf525c573b4b0c41e5a981","messageTitle":"Testing: add filter output tests","messageBody":"","fileTypesAndContributionMap":{"txt":{"insertions":8,"deletions":0}}},{"hash":"907bf6b263b65d81fa898e69c2f629deb5c3ba0b","messageTitle":"ProcedureExecutor: delete","messageBody":"","fileTypesAndContributionMap":{"java":{"insertions":0,"deletions":11}}},{"hash":"bd5fc0b088a5cdbb19b60808801a4ebb31d1db31","messageTitle":"Follow coding standards","messageBody":"","fileTypesAndContributionMap":{"java":{"insertions":290,"deletions":208}}}]},{"date":"2023-01-25","commitResults":[{"hash":"e7a8eb1925956da5db2acd6ec6303356537661b4","messageTitle":"Add documentation","messageBody":"","fileTypesAndContributionMap":{"java":{"insertions":409,"deletions":0}}},{"hash":"c53361b664305b879111e4af19812cfcdaf7edc8","messageTitle":"TaskManager: fix naming","messageBody":"","fileTypesAndContributionMap":{"java":{"insertions":2,"deletions":2}}},{"hash":"d5771d7b60cd70ee8ba5b2733a53e605bdc8455f","messageTitle":"Relodable: add documentation","messageBody":"","fileTypesAndContributionMap":{"java":{"insertions":10,"deletions":0}}},{"hash":"860c3c0aabf4ae313e6e7440f8375a9943356728","messageTitle":"FileUtils: add documentation","messageBody":"","fileTypesAndContributionMap":{"java":{"insertions":7,"deletions":0}}},{"hash":"dc06d5f62f848aae1ab87b799113396cc177254c","messageTitle":"UiManager: add documentation","messageBody":"","fileTypesAndContributionMap":{"java":{"insertions":37,"deletions":0}}},{"hash":"3c898abfe784a12b9f716a5d02f45e572ac4f0e3","messageTitle":"UiManager: refactor code","messageBody":"","fileTypesAndContributionMap":{"java":{"insertions":4,"deletions":14}}}]},{"date":"2023-01-26","commitResults":[{"hash":"f19654342a1c947931a4eb68419db528270aa75c","messageTitle":"DateUtils: add documentation","messageBody":"","fileTypesAndContributionMap":{"java":{"insertions":18,"deletions":0}}},{"hash":"cbfbf727fd4da87bffd8519d1c9abdc020cf2aad","messageTitle":"TaskManager: add documentation","messageBody":"","fileTypesAndContributionMap":{"java":{"insertions":50,"deletions":0}}},{"hash":"59d92e5bec6ddf63ffee5a285d2851539400bb22","messageTitle":"Follow coding standard","messageBody":"","fileTypesAndContributionMap":{"java":{"insertions":2,"deletions":2}}},{"hash":"ff0b415d2642d358512e71912c0911768944bee5","messageTitle":"AddEventCommand: use constant variable","messageBody":"","fileTypesAndContributionMap":{"java":{"insertions":2,"deletions":2}}}]},{"date":"2023-01-27","commitResults":[{"hash":"b596d5e33ea0f485a36ee46b82cc0247fd56f5c2","messageTitle":"build.gradle: add javafx support","messageBody":"","fileTypesAndContributionMap":{"gradle":{"insertions":19,"deletions":0}}},{"hash":"b1dcf406a9a3183f8341365ec075dc2989b2a209","messageTitle":"FileUtils: add getResourceUrl method","messageBody":"","fileTypesAndContributionMap":{"java":{"insertions":20,"deletions":0}}},{"hash":"2fe5ef87d1a4fafcb0a8e3c3829f4320c4017f81","messageTitle":"UiComponent: create class","messageBody":"","fileTypesAndContributionMap":{"java":{"insertions":63,"deletions":0}}},{"hash":"144834d89262126b3e991ed4be480809135bed2b","messageTitle":"Refactor code to use service and task","messageBody":"","fileTypesAndContributionMap":{"java":{"insertions":51,"deletions":41}}},{"hash":"31fee293e5edcc2b32e0aa959fca21a84a1bd16c","messageTitle":"Aqua: delete class","messageBody":"","fileTypesAndContributionMap":{"java":{"insertions":0,"deletions":68}}},{"hash":"58b80f5847fc5c277e30fac35ae6da44b4f47f73","messageTitle":"UiManager: Refactor to be more customizable","messageBody":"","fileTypesAndContributionMap":{"java":{"insertions":23,"deletions":27}}},{"hash":"af4fa8a2b66eddcd803e99c523fd357f3d4cfc44","messageTitle":"Executor: create class","messageBody":"","fileTypesAndContributionMap":{"java":{"insertions":46,"deletions":0}}}]},{"date":"2023-01-28","commitResults":[{"hash":"4e9bca439526b0bc4d39109ca585be331dbe0e84","messageTitle":"Manager: split logic and IO","messageBody":"","fileTypesAndContributionMap":{"java":{"insertions":68,"deletions":69}}},{"hash":"24fb1965a411b4a6737c055ad1d7efc610db4df8","messageTitle":"MainWindow: create class","messageBody":"","fileTypesAndContributionMap":{"fxml":{"insertions":30,"deletions":0},"java":{"insertions":65,"deletions":0}}},{"hash":"bbc180a2ef35a54700ad091ca6c1182966b815d4","messageTitle":"Create starter class","messageBody":"","fileTypesAndContributionMap":{"java":{"insertions":28,"deletions":0}}},{"hash":"57224a86310459f94099b6b97e6f7cf380b3d2d3","messageTitle":"MainWindow: add speech bubble","messageBody":"","fileTypesAndContributionMap":{"fxml":{"insertions":50,"deletions":0},"java":{"insertions":58,"deletions":1}}},{"hash":"507a42b0bccfecdc9987c4a02f36ed237c8ed8c0","messageTitle":"IoManager: remove formatting","messageBody":"","fileTypesAndContributionMap":{"java":{"insertions":1,"deletions":19}}},{"hash":"d17714919c1fc71c398ade49499cbb50141020a3","messageTitle":"IoManager: remove unused import","messageBody":"","fileTypesAndContributionMap":{"java":{"insertions":0,"deletions":1}}},{"hash":"36294a8d6de800db618d3042ba09cd7e885fbfe2","messageTitle":"Rename App to Aqua","messageBody":"","fileTypesAndContributionMap":{"java":{"insertions":1,"deletions":1}}},{"hash":"8309734e4549ac3fb01804c684b7884faf6a3e4b","messageTitle":"Reply: add kaomoji","messageBody":"","fileTypesAndContributionMap":{"java":{"insertions":13,"deletions":13}}},{"hash":"c1923e06cba896f41587308f813887772fbd2f1c","messageTitle":"Loading: refactor loading","messageBody":"","fileTypesAndContributionMap":{"java":{"insertions":34,"deletions":36}}},{"hash":"67888575f3610ee3a04bc053f6bb7d498921a2c5","messageTitle":"Add greeting","messageBody":"","fileTypesAndContributionMap":{"java":{"insertions":26,"deletions":10}}},{"hash":"8f32ba4287446993e792428c7bf487cdcacc44a6","messageTitle":"Command: add isLoading parameter","messageBody":"","fileTypesAndContributionMap":{"java":{"insertions":25,"deletions":18}}},{"hash":"dc66b520d0d38d3c01836733bd8cbfb1abcc7029","messageTitle":"Rename dispatcher to service","messageBody":"","fileTypesAndContributionMap":{"java":{"insertions":17,"deletions":17}}},{"hash":"62dfc93c50b601770a578cf321b82f88f431b013","messageTitle":"Loading: refactor code","messageBody":"","fileTypesAndContributionMap":{"java":{"insertions":16,"deletions":5}}},{"hash":"85f6e99badc24052299dd722255b48a72ccbe99d","messageTitle":"Executor: add loading message","messageBody":"","fileTypesAndContributionMap":{"java":{"insertions":4,"deletions":1}}},{"hash":"7b0d19721d54c2dd4c5f7a00aeadf43403ba129f","messageTitle":"MainWindow: add auto scroll","messageBody":"","fileTypesAndContributionMap":{"java":{"insertions":5,"deletions":0}}},{"hash":"cb2cf7ec96df1924a2cdab3cc13a9b35546e97c8","messageTitle":"Add checkstyle","messageBody":"","tags":["A-CheckStyle"],"fileTypesAndContributionMap":{"gradle":{"insertions":5,"deletions":0}}},{"hash":"f1491e32e9b2ce1fac081f8b832e06221d2c2b0e","messageTitle":"Style: use substructure","messageBody":"","fileTypesAndContributionMap":{"fxml":{"insertions":6,"deletions":24}}}]},{"date":"2023-01-29","commitResults":[{"hash":"583d07256ee3411c5a0d8bf9f2aa651ad3f90eab","messageTitle":"CheckStyle: remove trailing whitespace","messageBody":"","fileTypesAndContributionMap":{"java":{"insertions":103,"deletions":101}}},{"hash":"484ba526e67d919b27b3a84938aa98f9d691907b","messageTitle":"Documentation: correct documentation","messageBody":"","fileTypesAndContributionMap":{"java":{"insertions":20,"deletions":6}}},{"hash":"0d0b5288ff94ba504a6fd202ed88a884c244cd43","messageTitle":"Limit method visibility","messageBody":"","fileTypesAndContributionMap":{"java":{"insertions":3,"deletions":3}}},{"hash":"cfb563cdc5ed208e8771c256015a5f55db2bbf5a","messageTitle":"ExecutionTask: make method name more meaningful","messageBody":"","fileTypesAndContributionMap":{"java":{"insertions":9,"deletions":9}}},{"hash":"43fa4a0f621b48cca3c5c6be405e13461ec3dde0","messageTitle":"Rename Executor to AppManager","messageBody":"","fileTypesAndContributionMap":{"java":{"insertions":9,"deletions":9}}},{"hash":"784bf11107eb68fed2468c6784e7c8fe8c0c2330","messageTitle":"AppManager: add documentation","messageBody":"","fileTypesAndContributionMap":{"java":{"insertions":44,"deletions":10}}},{"hash":"e2edd09d0f653f93ec255a318675caa2c1cb217d","messageTitle":"CheckStyle: follow coding standards","messageBody":"","fileTypesAndContributionMap":{"java":{"insertions":32,"deletions":21}}},{"hash":"65582e264cefc45db24f9e467beb305a900d16c4","messageTitle":"CheckStyle: follow coding standard","messageBody":"","fileTypesAndContributionMap":{"java":{"insertions":21,"deletions":21}}},{"hash":"ddf886819deeab5f062e2296b36b867177ba4ce4","messageTitle":"Rename Command to ServiceProvider","messageBody":"","fileTypesAndContributionMap":{"java":{"insertions":14,"deletions":14}}},{"hash":"0bd305f8c9b2ecef3db990b5d1b63891bb1c9ecd","messageTitle":"Command: create enum","messageBody":"","fileTypesAndContributionMap":{"java":{"insertions":27,"deletions":0}}},{"hash":"e418d9facf0dc01805585d9b845ce575c59139f5","messageTitle":"Parser: Change to use Command enum","messageBody":"","fileTypesAndContributionMap":{"java":{"insertions":9,"deletions":43}}},{"hash":"74f1ce927013e702e3d76fee187046bed8c5af2e","messageTitle":"MainWindow: add documentation","messageBody":"","fileTypesAndContributionMap":{"java":{"insertions":51,"deletions":9}}},{"hash":"f3e3bfbb9267b685acde4e126e7f630e7a4222a3","messageTitle":"SpeechBubble: add documentation","messageBody":"","fileTypesAndContributionMap":{"java":{"insertions":26,"deletions":0}}},{"hash":"34cabbb3596250fc36b0d71d498d0f47f3065bfa","messageTitle":"CheckStyle: follow coding standard","messageBody":"","fileTypesAndContributionMap":{"java":{"insertions":3,"deletions":2}}},{"hash":"9925073687ffdda2a0abc5164103243b0acb7192","messageTitle":"LogicManager: add documentation","messageBody":"","fileTypesAndContributionMap":{"java":{"insertions":26,"deletions":1}}}]},{"date":"2023-01-30","commitResults":[{"hash":"f3cd0a0e0a469a1c3c0bff0da0f194ecc976c1f4","messageTitle":"Add documentation","messageBody":"","fileTypesAndContributionMap":{"java":{"insertions":13,"deletions":0}}},{"hash":"0347e4a060cb2db9b14dbff7649a3a5970489e3c","messageTitle":"Follow coding standards","messageBody":"","fileTypesAndContributionMap":{"java":{"insertions":53,"deletions":24}}},{"hash":"0638f622616ccf72254d293cdfe00a53ff596981","messageTitle":"Add citation","messageBody":"","fileTypesAndContributionMap":{"java":{"insertions":3,"deletions":0}}}]},{"date":"2023-01-31","commitResults":[{"hash":"439b6974daaa4db6fa015d257ab0bb1024780bc5","messageTitle":"Synchronize service execution","messageBody":"","fileTypesAndContributionMap":{"java":{"insertions":48,"deletions":3}}},{"hash":"2c03dbfe9ee4f00f9cc5a352f5b2b89681497812","messageTitle":"LogicManager: make more abstract","messageBody":"","fileTypesAndContributionMap":{"java":{"insertions":16,"deletions":4}}},{"hash":"ba5ef3b52b5d9ca7ff7eb3acaf9387575e7eb392","messageTitle":"IoManager: fix kaomoji","messageBody":"","fileTypesAndContributionMap":{"java":{"insertions":1,"deletions":1}}},{"hash":"7860b419f63f2e66548666597ecdd8c36e70fdf2","messageTitle":"SpeechBubble: add icon","messageBody":"","fileTypesAndContributionMap":{"fxml":{"insertions":36,"deletions":10},"java":{"insertions":7,"deletions":0}}},{"hash":"c466bbc05766062def194549ea20918498dc7a1a","messageTitle":"Add Enter to send","messageBody":"","fileTypesAndContributionMap":{"fxml":{"insertions":1,"deletions":1}}}]}]},"authorFileTypeContributionMap":{"daitenshionyan":{"java":2790,"md":0,"fxml":88,"sh":7,"bat":3,"gradle":26,"txt":64}},"authorContributionVariance":{"daitenshionyan":199199.8},"authorDisplayNameMap":{"daitenshionyan":"CS2103-F11-3 YONG.. JIE"}}
