{"authorDailyContributionsMap":{"daitenshionyan":[{"date":"2023-01-16","commitResults":[{"hash":"47378d2858ca49f0869c0eda8ba9549060a38f41","messageTitle":"Create level 1 skeleton","messageBody":"","tags":["Level-1"],"fileTypesAndContributionMap":{"java":{"insertions":145,"deletions":0}}}]},{"date":"2023-01-17","commitResults":[{"hash":"5c2d723a4a168161a17d651cc708d455a509dd10","messageTitle":"Rename package","messageBody":"","fileTypesAndContributionMap":{"java":{"insertions":76,"deletions":2}}},{"hash":"db6e1d25caa6eb4e4f2c9d97f15251e10e9b21d0","messageTitle":"Rename package","messageBody":"","fileTypesAndContributionMap":{"java":{"insertions":0,"deletions":74}}},{"hash":"59c7aeafc371fa5e4a1a1c084be36dd6e3725262","messageTitle":"Add MainManager","messageBody":"CommandInput does not support the passing of application data to command\nfunctions.\n\nLet\u0027s make a MainManager class, that stores the application\u0027s state, and\nrequire the creation of CommandInput a MainManager.\n\nPassing the whole application instance will lead to cyclic dependencies\nwhich is undesirable over the proposed method.\n","fileTypesAndContributionMap":{"java":{"insertions":40,"deletions":7}}},{"hash":"f62e1d1b8ff8220b4e00681e592fe49951161fc3","messageTitle":"Create Task class","messageBody":"","fileTypesAndContributionMap":{"java":{"insertions":18,"deletions":0}}},{"hash":"4dcf4bc9ac4193e5966fc30366da794f1fff45d8","messageTitle":"Add TaskManager class","messageBody":"","fileTypesAndContributionMap":{"java":{"insertions":29,"deletions":0}}},{"hash":"7ae50496d185a03e7871246ca5660f867a12f641","messageTitle":"Add AddTaskFunc class","messageBody":"","fileTypesAndContributionMap":{"java":{"insertions":17,"deletions":0}}},{"hash":"3b9ebd54a329a8a78083c910933ded45860c89a0","messageTitle":"Create ListTaskFunc class","messageBody":"","fileTypesAndContributionMap":{"java":{"insertions":10,"deletions":0}}},{"hash":"ab7bc082685712568a88994d7771ef4183b8d976","messageTitle":"Command class: add ADD and LIST commands","messageBody":"","fileTypesAndContributionMap":{"java":{"insertions":2,"deletions":0}}},{"hash":"b57c2dc8f965b90cf0e166edc00cf37fa891de85","messageTitle":"Command enum: change ADD to ADD_TASK","messageBody":"","fileTypesAndContributionMap":{"java":{"insertions":1,"deletions":1}}},{"hash":"04fc09d6be0685daa545c5d4b6f9cfc02eec5963","messageTitle":"Duke class: change default command to ADD_TASK","messageBody":"","fileTypesAndContributionMap":{"java":{"insertions":1,"deletions":1}}},{"hash":"958bbe5b8cb19e7759c3a764a298286cc42ee15f","messageTitle":"Duke class: fix messages showing on single line","messageBody":"","fileTypesAndContributionMap":{"java":{"insertions":2,"deletions":2}}},{"hash":"b8d4d9bd9981b8cba3fa5900f21a7626b616ce0f","messageTitle":"Duke class: fix input parsing","messageBody":"","tags":["Level-2"],"fileTypesAndContributionMap":{"java":{"insertions":20,"deletions":22}}},{"hash":"f6784673edc885800924a5691b0dcd7658faa1f0","messageTitle":"Task class: add mark functionalities","messageBody":"","fileTypesAndContributionMap":{"java":{"insertions":27,"deletions":1}}},{"hash":"81ab372b89c5bcf029b1876246fa25f90606df74","messageTitle":"Fix formatting","messageBody":"","fileTypesAndContributionMap":{"java":{"insertions":2,"deletions":2}}},{"hash":"6934031f9e1b47b599bf68aa8d1476a45070ed2d","messageTitle":"TaskManager class: add mark functionalities","messageBody":"","fileTypesAndContributionMap":{"java":{"insertions":4,"deletions":0}}},{"hash":"18418e8c889ee9a0a9a040eba308e34d2d8e6be7","messageTitle":"TaskManager: make mark() return changed task","messageBody":"","fileTypesAndContributionMap":{"java":{"insertions":2,"deletions":1}}},{"hash":"1b8f0fd6510672768efba9295b51c702a6bdeb0c","messageTitle":"Duke class: fix input string parsing","messageBody":"","fileTypesAndContributionMap":{"java":{"insertions":1,"deletions":1}}},{"hash":"dd614afbca3fe57958ab8a1e1e5880502fa24cfd","messageTitle":"Add mark functionalities","messageBody":"","fileTypesAndContributionMap":{"java":{"insertions":26,"deletions":0}}},{"hash":"7ddb074be6c299ada1250bc94c446fd3c73c224f","messageTitle":"Duke class: remove unused imports","messageBody":"","fileTypesAndContributionMap":{"java":{"insertions":0,"deletions":1}}},{"hash":"950513182a0bbad3e05be0fceae48cf5c81dcc2f","messageTitle":"Add UNMARK command","messageBody":"","fileTypesAndContributionMap":{"java":{"insertions":22,"deletions":5}}},{"hash":"b6022472ccb0090c8eda79d0bbd985b6f850edf9","messageTitle":"ListTaskFunc class: Add speach","messageBody":"","fileTypesAndContributionMap":{"java":{"insertions":3,"deletions":1}}},{"hash":"4ef05e483af28ace039427106293c0bc8d7cc9e3","messageTitle":"Duke class: add indentation in message","messageBody":"","tags":["Level-3","A-Classes"],"fileTypesAndContributionMap":{"java":{"insertions":1,"deletions":1}}},{"hash":"5df969439485d56a0d7e714397a546b48016414f","messageTitle":"ToDo class: Create ToDo class","messageBody":"","fileTypesAndContributionMap":{"java":{"insertions":15,"deletions":0}}},{"hash":"7515f5d238b2df84a588074272fdcafcca7e2066","messageTitle":"Change to use TaskCreator to create tasks","messageBody":"","fileTypesAndContributionMap":{"java":{"insertions":27,"deletions":6}}},{"hash":"964e503e439f63a3fb6a5329f1b9ad80f191b4a4","messageTitle":"Task class: add constructor Task(Task)","messageBody":"","fileTypesAndContributionMap":{"java":{"insertions":4,"deletions":0}}},{"hash":"e9fc22a39972dc8f4ff5a588b2ed9d68703fe24d","messageTitle":"ToDo class: Fix mark() returning Task","messageBody":"","fileTypesAndContributionMap":{"java":{"insertions":10,"deletions":0}}}]},{"date":"2023-01-18","commitResults":[{"hash":"18cc9edbe79d557681cb50f2d5f2c99f62a86b5d","messageTitle":"AddTaskFunc class: make taskCreator generic","messageBody":"","fileTypesAndContributionMap":{"java":{"insertions":2,"deletions":2}}},{"hash":"15f0d0c0a9db75f3882a14c8f63df9299f069e5d","messageTitle":"ToDoTaskCreator class: make it return ToDo","messageBody":"","fileTypesAndContributionMap":{"java":{"insertions":1,"deletions":2}}},{"hash":"0e15d121c45094d48f22afe9d537884656afe858","messageTitle":"Add deadlines","messageBody":"","fileTypesAndContributionMap":{"java":{"insertions":46,"deletions":0}}},{"hash":"f91853708d317ff311c11f5db6af5344d417c218","messageTitle":"CommandInput class: fix parsing including whitespace","messageBody":"","tags":["A-Inheritance"],"fileTypesAndContributionMap":{"java":{"insertions":4,"deletions":4}}},{"hash":"aa7ecd6df24b9a62a14a3743229b4fe3274d4568","messageTitle":"Add events","messageBody":"","tags":["Level-4"],"fileTypesAndContributionMap":{"java":{"insertions":55,"deletions":0}}},{"hash":"6b9e542e9fc5f6dda94a2beab89f87f6b7149c4d","messageTitle":"TaskManager class: add size() method","messageBody":"","fileTypesAndContributionMap":{"java":{"insertions":5,"deletions":0}}},{"hash":"8cfea531f6dbfca5112810a8dfc575e459008c9a","messageTitle":"AddTaskFunc class: change feedback format","messageBody":"","fileTypesAndContributionMap":{"java":{"insertions":7,"deletions":1}}},{"hash":"0c4cb2740804ee90e0c4a731123f90c52937f50a","messageTitle":"Event class: fix task type representation","messageBody":"","fileTypesAndContributionMap":{"java":{"insertions":1,"deletions":1}}},{"hash":"2f4cd4b01c9d4e11ae8afef18538a4ed03f87515","messageTitle":"CommandInput class: fix parsing","messageBody":"","fileTypesAndContributionMap":{"java":{"insertions":5,"deletions":2}}},{"hash":"dc1bbb01bb08bf838035abc827c8db95c3a01a63","messageTitle":"CommandInput: fix parsing exception handling","messageBody":"","fileTypesAndContributionMap":{"java":{"insertions":8,"deletions":9}}},{"hash":"e5d3da4913f49717da24100bd83ecc11745ffb4b","messageTitle":"AddTaskFunc class: add blank name prevention","messageBody":"","fileTypesAndContributionMap":{"java":{"insertions":3,"deletions":0}}},{"hash":"6338a156eb1274a820b462416ad387b64149b253","messageTitle":"Duke class: add error handling","messageBody":"","tags":["Level-5"],"fileTypesAndContributionMap":{"java":{"insertions":21,"deletions":12}}},{"hash":"48d377b9ef1a5365d6f2f319668af85cff3ff1f5","messageTitle":"TaskManager class: add delete(int) method","messageBody":"","fileTypesAndContributionMap":{"java":{"insertions":5,"deletions":0}}},{"hash":"982e7bb6b07e8ec42d977072758dffb95002e1ba","messageTitle":"Add DELETE command","messageBody":"","tags":["Level-6","A-Enums","A-Collections"],"fileTypesAndContributionMap":{"java":{"insertions":29,"deletions":0}}},{"hash":"4c7bc078232e310d3b60d9db0006a9db1a11674c","messageTitle":"Add testing","messageBody":"","tags":["A-TextUiTesting"],"fileTypesAndContributionMap":{"txt":{"insertions":53,"deletions":0}}},{"hash":"41bd0bb73c21408b81d7008a7fc7c96deaff72d0","messageTitle":"Replace IllgalArgumentException with DukeIllegalArgumentException","messageBody":"","tags":["A-Exceptions"],"fileTypesAndContributionMap":{"java":{"insertions":91,"deletions":54}}}]},{"date":"2023-01-20","commitResults":[{"hash":"a43b0f3551109937e23a11b5dc02abf56892f7f6","messageTitle":"FileUtils class: create FileUtils","messageBody":"","fileTypesAndContributionMap":{"java":{"insertions":83,"deletions":0}}}]},{"date":"2023-01-21","commitResults":[{"hash":"2d42ac4b3792375dffc4dd6317ef2ced22ece990","messageTitle":"Package classes","messageBody":"","fileTypesAndContributionMap":{"java":{"insertions":18,"deletions":19}}},{"hash":"ffb5a8840622f113285c92f469c20d8635509c9d","messageTitle":"ArgumentMap class: create class","messageBody":"","fileTypesAndContributionMap":{"java":{"insertions":26,"deletions":0}}},{"hash":"a72666bacf0768560db000fb8d0dc21f8419c9a5","messageTitle":"Command class: create class","messageBody":"","fileTypesAndContributionMap":{"java":{"insertions":5,"deletions":0}}},{"hash":"68529db255d71e35834349990c7867b66c138737","messageTitle":"Rename MainManager to AppManager","messageBody":"","fileTypesAndContributionMap":{"java":{"insertions":10,"deletions":10}}},{"hash":"ef789d463c5ed4a0e0cfe1d2e56ff9b36974eb51","messageTitle":"CommandLineInput: create class","messageBody":"","fileTypesAndContributionMap":{"java":{"insertions":24,"deletions":0}}},{"hash":"179d7304ec7402cc6427138db1037f17f436cf4b","messageTitle":"IllegalSyntaxException: rename class","messageBody":"","fileTypesAndContributionMap":{"java":{"insertions":59,"deletions":59}}},{"hash":"23ba71a5e8e81c1fe876be2951d02dfecf8a6b4d","messageTitle":"ProcedureExecutionException: create class","messageBody":"","fileTypesAndContributionMap":{"java":{"insertions":17,"deletions":0}}},{"hash":"5203013e75c9bfb4c05fc081dea55e375dcbfd54","messageTitle":"ExecutionTask: create class","messageBody":"","fileTypesAndContributionMap":{"java":{"insertions":29,"deletions":0}}},{"hash":"100f445ee35b331fda8d1f63d6f695953e5006d1","messageTitle":"ProcedureExecutor: create class","messageBody":"","fileTypesAndContributionMap":{"java":{"insertions":11,"deletions":0}}},{"hash":"0d19e479f57dac57741a0885583f2138bca77265","messageTitle":"ExecutionDispatcher: create class","messageBody":"","fileTypesAndContributionMap":{"java":{"insertions":54,"deletions":0}}},{"hash":"c37a1062336ae9db02eddadd34bb4dbb49b2a263","messageTitle":"ExecutionTask: change method visibility","messageBody":"","fileTypesAndContributionMap":{"java":{"insertions":2,"deletions":2}}},{"hash":"638efb7b2ab390be8c26c4b76ae2dd564f8e509b","messageTitle":"Add command logic","messageBody":"","fileTypesAndContributionMap":{"java":{"insertions":29,"deletions":1}}},{"hash":"f0d181d6a9eda3dbb35282eaba9fab1e712a52c5","messageTitle":"Parser: create interface","messageBody":"","fileTypesAndContributionMap":{"java":{"insertions":9,"deletions":0}}},{"hash":"99bb8bbe8c42ae7debcd6d341eedd07f7c3f947a","messageTitle":"ArgumentParser: create class","messageBody":"","fileTypesAndContributionMap":{"java":{"insertions":52,"deletions":0}}},{"hash":"54c06d3a5b4a0df4c5efec190072e434b7fb2b4b","messageTitle":"CommandLineInputParser: create class","messageBody":"","fileTypesAndContributionMap":{"java":{"insertions":39,"deletions":0}}},{"hash":"336c45db6a580a5ebb60e0bb48a706f9092f58be","messageTitle":"Create aqua task classes","messageBody":"","fileTypesAndContributionMap":{"java":{"insertions":146,"deletions":0}}},{"hash":"a3639ad4ea03f92ef1dee11f2d90be1560f1cbb2","messageTitle":"TaskManager: change to use AquaTask","messageBody":"","fileTypesAndContributionMap":{"java":{"insertions":7,"deletions":6}}},{"hash":"118ca375787b8ebda93f73bf7e27ca197199a904","messageTitle":"Delete old commands","messageBody":"","fileTypesAndContributionMap":{"java":{"insertions":0,"deletions":272}}},{"hash":"e54bdd11b5e2f3dade80ecd9ca2428a80f547e3c","messageTitle":"Delete old tasks","messageBody":"","fileTypesAndContributionMap":{"java":{"insertions":0,"deletions":135}}},{"hash":"0a33a70ef6a973af5687ba90acc416ef44a261e9","messageTitle":"Delete duke","messageBody":"","fileTypesAndContributionMap":{"java":{"insertions":0,"deletions":98}}},{"hash":"404879296f80cb1a5c1ddfaf1ee656aa49dc227f","messageTitle":"AddTaskCommand: create class","messageBody":"","fileTypesAndContributionMap":{"java":{"insertions":40,"deletions":0}}},{"hash":"fb2ec38aa10fc33e6f7e633ef44826db7500d6c0","messageTitle":"AddToDoCommand: create class","messageBody":"","fileTypesAndContributionMap":{"java":{"insertions":16,"deletions":0}}},{"hash":"3674097ff48e8fba587bad0b4cb65d9770b9f5f3","messageTitle":"AppManager: add close detection","messageBody":"","fileTypesAndContributionMap":{"java":{"insertions":12,"deletions":0}}},{"hash":"dd3c124e10e1caa048646464788dd61935815320","messageTitle":"AppManager: add input parser","messageBody":"","fileTypesAndContributionMap":{"java":{"insertions":7,"deletions":3}}},{"hash":"40b968b30f239ee4f43bb9ea34560d16218087d9","messageTitle":"CommandLineInput: add dispatcher creation method","messageBody":"","fileTypesAndContributionMap":{"java":{"insertions":10,"deletions":4}}},{"hash":"ce55e9181fa9c39d9881ad036c950809f41892c5","messageTitle":"Add ReplyFormatManager","messageBody":"","fileTypesAndContributionMap":{"java":{"insertions":41,"deletions":0}}},{"hash":"537718345f2044ef003d1c685515b71849a9dc28","messageTitle":"Add TODO command","messageBody":"","fileTypesAndContributionMap":{"java":{"insertions":1,"deletions":1}}},{"hash":"560fe46b042ebe27af2597e58cab08c80216461e","messageTitle":"Aqua: create main app logic","messageBody":"","fileTypesAndContributionMap":{"java":{"insertions":75,"deletions":0}}},{"hash":"28365ba0b4c06af70b6fb97b53cc710cc785ae0d","messageTitle":"Add DEADLINE command","messageBody":"","fileTypesAndContributionMap":{"java":{"insertions":20,"deletions":1}}},{"hash":"0e081e7f6acb794c00628b25784fb08520bc7c12","messageTitle":"Add EVENT command","messageBody":"","fileTypesAndContributionMap":{"java":{"insertions":21,"deletions":1}}},{"hash":"50b685f231f9c6b99d9ac63e06eba5b83846f57e","messageTitle":"Add BYE command","messageBody":"","fileTypesAndContributionMap":{"java":{"insertions":27,"deletions":1}}},{"hash":"8392e36d19ea0ad7a1ee8032e0348641d7aec6f8","messageTitle":"Command: add DELETE","messageBody":"","fileTypesAndContributionMap":{"java":{"insertions":58,"deletions":0}}},{"hash":"1b383463ddee27d221de9252ddf008c955ef0bc8","messageTitle":"Command: add LIST","messageBody":"","fileTypesAndContributionMap":{"java":{"insertions":38,"deletions":0}}},{"hash":"76855881b6fa96917974344067ddc1037537e85e","messageTitle":"DeleteCommand: format code","messageBody":"","fileTypesAndContributionMap":{"java":{"insertions":1,"deletions":1}}},{"hash":"6ce538af2284d62826f9c69eab965ea0f8168673","messageTitle":"Fix marking","messageBody":"","fileTypesAndContributionMap":{"java":{"insertions":2,"deletions":2}}},{"hash":"be41c9b7d8b9f34390bed8883fe34e1a29a11761","messageTitle":"Add MARK/UNMARK command","messageBody":"","fileTypesAndContributionMap":{"java":{"insertions":60,"deletions":0}}},{"hash":"d36436cb8650cafbfd86a46d918793fb6d9380b2","messageTitle":"Change way of getting command","messageBody":"","fileTypesAndContributionMap":{"java":{"insertions":44,"deletions":43}}},{"hash":"f885f950697e0cc188fac1b4b2bc128b43b7d96a","messageTitle":"Add greeting","messageBody":"","fileTypesAndContributionMap":{"java":{"insertions":8,"deletions":0}}},{"hash":"a80266da338108646299c921e1a0edf3759055ed","messageTitle":"Remove kaomoji","messageBody":"","fileTypesAndContributionMap":{"java":{"insertions":12,"deletions":13}}},{"hash":"33d8cd0c184e3d58b02d27b1e801da075ed75ffd","messageTitle":"Fix testing","messageBody":"","fileTypesAndContributionMap":{"txt":{"insertions":2,"deletions":1},"bat":{"insertions":2,"deletions":2},"sh":{"insertions":2,"deletions":2}}},{"hash":"d5f0553f36a9b42e98d52246962f3c0658304af4","messageTitle":"Reloadable: create interface","messageBody":"","fileTypesAndContributionMap":{"java":{"insertions":5,"deletions":0}}},{"hash":"92210462296b0ff62be0359ca45181612142dfce","messageTitle":"AddTaskCommand: add completed tag","messageBody":"","fileTypesAndContributionMap":{"java":{"insertions":15,"deletions":6}}},{"hash":"4288d8249c80daced149179c503f5feb2a702ddd","messageTitle":"Make tags static constants","messageBody":"","fileTypesAndContributionMap":{"java":{"insertions":13,"deletions":6}}},{"hash":"f533f9955b7c5619690519f09740c114a065ad57","messageTitle":"AquaTask: implement Reloadable","messageBody":"","fileTypesAndContributionMap":{"java":{"insertions":35,"deletions":1}}},{"hash":"274a1d053bdc23cf329ac54bfd59880210a44957","messageTitle":"TaskManager: implement Reloadable","messageBody":"","fileTypesAndContributionMap":{"java":{"insertions":13,"deletions":1}}},{"hash":"04a22f3729da08c503acb5198c6628aaa1e4a94d","messageTitle":"TaskManager: add save capabilities","messageBody":"","fileTypesAndContributionMap":{"java":{"insertions":16,"deletions":0}}},{"hash":"693c848422abdcd94862433445feef0504c9bd59","messageTitle":"WriteTaskCommand: create class","messageBody":"","fileTypesAndContributionMap":{"java":{"insertions":39,"deletions":0}}},{"hash":"87bcfa34d353f733a113fe8611545f361be53eb8","messageTitle":"Implement save to state changing commands","messageBody":"","fileTypesAndContributionMap":{"java":{"insertions":3,"deletions":3}}},{"hash":"715e51cec3c0242e01fa6bc561563cdc71b85e53","messageTitle":"Fix spelling","messageBody":"","fileTypesAndContributionMap":{"java":{"insertions":1,"deletions":1}}},{"hash":"e2bdf49dc122531e05cd3a7ac23d1ac4f5d4c914","messageTitle":"AppManager remove static modifier","messageBody":"","fileTypesAndContributionMap":{"java":{"insertions":1,"deletions":1}}},{"hash":"dd6a037de4809ac30009f2c8a5dd0ab62d570986","messageTitle":"FileUtils: add getInputStream method","messageBody":"","fileTypesAndContributionMap":{"java":{"insertions":6,"deletions":1}}},{"hash":"6751431b33c806996e68df4104db7a486d24a364","messageTitle":"LoadException: create exception","messageBody":"","fileTypesAndContributionMap":{"java":{"insertions":17,"deletions":0}}},{"hash":"1756a65b4b53981eb44f405daf3be33a97d98f68","messageTitle":"Loader: create class","messageBody":"","fileTypesAndContributionMap":{"java":{"insertions":36,"deletions":0}}},{"hash":"5e9013bb9d4c879e3a8b4186d607785ea1dd9e6f","messageTitle":"ReplyFormatManager: add format for LoadException","messageBody":"","fileTypesAndContributionMap":{"java":{"insertions":9,"deletions":1}}},{"hash":"8950dc87ac503fc3b8f7a51407fb2f3ce4535d17","messageTitle":"TaskManager: add getSavePath method","messageBody":"","fileTypesAndContributionMap":{"java":{"insertions":5,"deletions":0}}},{"hash":"8923d2ccdd783800cfde927a961f1951af47ecdd","messageTitle":"Aqua: add load functionalities","messageBody":"","fileTypesAndContributionMap":{"java":{"insertions":10,"deletions":0}}},{"hash":"24a64696b8721717e9acb7973f763bef26fed37d","messageTitle":"Edit test to remove save directory","messageBody":"","fileTypesAndContributionMap":{"bat":{"insertions":1,"deletions":0},"sh":{"insertions":5,"deletions":0}}},{"hash":"86d9bd3bb02d86be8c7f49b2c35a241559b3790d","messageTitle":"Aqua: fix follow up executing on failure","messageBody":"","fileTypesAndContributionMap":{"java":{"insertions":1,"deletions":0}}}]},{"date":"2023-01-22","commitResults":[{"hash":"5afceebc03d2dd3a538a2515b0862e1cc22918d8","messageTitle":"Understand dates and times","messageBody":"","fileTypesAndContributionMap":{"java":{"insertions":77,"deletions":13}}},{"hash":"16ea520e938f3b82184e17a40ac396b695e36e73","messageTitle":"Add custom date time parser","messageBody":"","fileTypesAndContributionMap":{"java":{"insertions":43,"deletions":26}}},{"hash":"9570ca728ece39f76529e9c8c39e7adb1467f045","messageTitle":"AquaTask: format printed dates","messageBody":"","fileTypesAndContributionMap":{"java":{"insertions":16,"deletions":2}}},{"hash":"7f1b6f12084ca85786462f61df99a5700368f028","messageTitle":"DateUtils: fix time parsing","messageBody":"","fileTypesAndContributionMap":{"java":{"insertions":2,"deletions":2}}},{"hash":"65e804336b7f1262339010129d3891629aa33155","messageTitle":"AquaTask: print ongoing state","messageBody":"","fileTypesAndContributionMap":{"java":{"insertions":26,"deletions":2}}}]},{"date":"2023-01-23","commitResults":[{"hash":"f6bb21346a555b8ccedb6c613b218a4f68cf37f5","messageTitle":"AquaTask: fix started check","messageBody":"","fileTypesAndContributionMap":{"java":{"insertions":1,"deletions":1}}},{"hash":"21f261be626128d40f0e76992cf7675034c31209","messageTitle":"Testing: fix tesing","messageBody":"","fileTypesAndContributionMap":{"txt":{"insertions":7,"deletions":5}}},{"hash":"f0fb5a0b27c0aa821f26e0222049183667e31070","messageTitle":"Merge remote-tracking branch \u0027origin/master\u0027 into branch-Level-8","messageBody":"","tags":["Level-8"],"fileTypesAndContributionMap":{"java":{"insertions":218,"deletions":15},"bat":{"insertions":1,"deletions":0},"sh":{"insertions":5,"deletions":0}}},{"hash":"9e5289984cc9791f1fc07a6392f67db9d079f3ff","messageTitle":"Abstract output","messageBody":"","fileTypesAndContributionMap":{"java":{"insertions":53,"deletions":35}}},{"hash":"f5dccbb57cbbf1af35c6811965e196c1f8a81248","messageTitle":"Abstract user input","messageBody":"","tags":["A-Packages","A-MoreOOP"],"fileTypesAndContributionMap":{"java":{"insertions":29,"deletions":4}}},{"hash":"380800fe6b28c48d470705f1ca5e4929ee7df9cc","messageTitle":"Gradle: set main class","messageBody":"","tags":["A-Gradle"],"fileTypesAndContributionMap":{"gradle":{"insertions":1,"deletions":1}}},{"hash":"541826f256a8d498bb77c3974d0bb0336ab9ea13","messageTitle":"Remove useless code","messageBody":"","fileTypesAndContributionMap":{"java":{"insertions":1,"deletions":3}}},{"hash":"c685e8baac939b9ba26f6c454b9ef31adafcca3c","messageTitle":"Testing: add parse unit test","messageBody":"","fileTypesAndContributionMap":{"java":{"insertions":69,"deletions":0}}},{"hash":"b612d65f7e72d722c27e0c622a878888c0a27cd3","messageTitle":"TaskManager: fix toString extra new line","messageBody":"","fileTypesAndContributionMap":{"java":{"insertions":1,"deletions":1}}},{"hash":"9632e343b6f86ba1c916b759f47b4e59370c65f4","messageTitle":"Testing: add TaskManager unit tests","messageBody":"","tags":["A-Jar","A-JUnit"],"fileTypesAndContributionMap":{"java":{"insertions":157,"deletions":0}}},{"hash":"a33f830b1e953ed0bc5ca6867b8916d758eb3143","messageTitle":"Fix jar naming","messageBody":"","fileTypesAndContributionMap":{"gradle":{"insertions":1,"deletions":1}}}]}]},"authorFileTypeContributionMap":{"daitenshionyan":{"java":1615,"md":0,"fxml":0,"sh":7,"bat":3,"gradle":2,"txt":56}},"authorContributionVariance":{"daitenshionyan":302082.62},"authorDisplayNameMap":{"daitenshionyan":"YONG.. JIE"}}
