{"authorDailyContributionsMap":{"JunHao247":[{"date":"2023-01-18","commitResults":[{"hash":"6ed4e892b2938eaee557fda1cb6b794058430c1a","messageTitle":"Level-1","messageBody":"","fileTypesAndContributionMap":{"java":{"insertions":17,"deletions":10}}},{"hash":"0e8608feebb3542c391d27ad2935399341de0e2d","messageTitle":"Level-1","messageBody":"","tags":["Level-1"],"fileTypesAndContributionMap":{"java":{"insertions":1,"deletions":1}}},{"hash":"da3a76427c5799f82d359f79bf4e02e328ebbff1","messageTitle":"Level-1","messageBody":"","fileTypesAndContributionMap":{"java":{"insertions":1,"deletions":1}}},{"hash":"8cad2b2f6f0c1b21c7853dc964e3311072444a0a","messageTitle":"Level-1","messageBody":"","tags":["Level-2"],"fileTypesAndContributionMap":{"java":{"insertions":12,"deletions":1}}},{"hash":"5502406fe6311804b303fcf39eef644f5a8d458c","messageTitle":"Level-2","messageBody":"","fileTypesAndContributionMap":{"java":{"insertions":1,"deletions":1}}},{"hash":"a762618573cefbb6e6287b3b37a304b94f7f4664","messageTitle":"Level-3","messageBody":"","tags":["Level-3","A-Classes"],"fileTypesAndContributionMap":{"java":{"insertions":48,"deletions":5}}},{"hash":"b089b722e6e90219cad552511bf5ada141ccf0d6","messageTitle":"no message","messageBody":"","fileTypesAndContributionMap":{"java":{"insertions":8,"deletions":0}}}]},{"date":"2023-01-19","commitResults":[{"hash":"62136dcf8c2d8f12984ba5ce1d9156926496b86c","messageTitle":"Level-4","messageBody":"","tags":["Level-4","A-Inheritance"],"fileTypesAndContributionMap":{"java":{"insertions":70,"deletions":8}}},{"hash":"7e765fc48b8f2b8cb92b53dedfc472c84294504f","messageTitle":"A-TextUiTesting","messageBody":"","tags":["A-TextUiTesting"],"fileTypesAndContributionMap":{"txt":{"insertions":1,"deletions":0},"sh":{"insertions":1,"deletions":1}}},{"hash":"0bc53c1b54cda5863ea35699c27ac4247988c977","messageTitle":"Level-5","messageBody":"","fileTypesAndContributionMap":{"java":{"insertions":22,"deletions":11}}},{"hash":"1e43995f94d351bfedb63993629b7ab989cdceda","messageTitle":"Level-5","messageBody":"","tags":["Level-5","A-Exceptions"],"fileTypesAndContributionMap":{"java":{"insertions":43,"deletions":14}}},{"hash":"da957616cb796897f950cab2e0bf35cdd98c97a4","messageTitle":"Level-6","messageBody":"","tags":["Level-6","A-Collections"],"fileTypesAndContributionMap":{"java":{"insertions":12,"deletions":0}}}]},{"date":"2023-01-21","commitResults":[{"hash":"819b1ffea507878717ed4de70485a5905bf6f195","messageTitle":"Level-6","messageBody":"","fileTypesAndContributionMap":{"java":{"insertions":1,"deletions":1}}}]},{"date":"2023-01-26","commitResults":[{"hash":"b483eda7c1d7c50ba4edc9baec7ab557431acad6","messageTitle":"Level-7","messageBody":"","tags":["Level-7"],"fileTypesAndContributionMap":{"txt":{"insertions":2,"deletions":0},"java":{"insertions":198,"deletions":92}}}]},{"date":"2023-01-27","commitResults":[{"hash":"dca6f59736f143988eb470081384398ecbd9e188","messageTitle":"no message","messageBody":"","fileTypesAndContributionMap":{"java":{"insertions":16,"deletions":6}}},{"hash":"07b5491314d1a7a9edae78cb741fc65be5734669","messageTitle":"Date and Time formatting","messageBody":"","fileTypesAndContributionMap":{"java":{"insertions":40,"deletions":26}}},{"hash":"5a63959cc2ebe7b5248717e2602c08f5840e368a","messageTitle":"Added Gradle Support","messageBody":"","fileTypesAndContributionMap":{"md":{"insertions":1,"deletions":1}}},{"hash":"c8c81a68ff018f281c5b7870afc95981dbb635ad","messageTitle":"Gradle fix","messageBody":"","fileTypesAndContributionMap":{"gradle":{"insertions":3,"deletions":2}}},{"hash":"816eb1c7e609a3d9fb1f10be3639674d4e720c50","messageTitle":"A-JUnit","messageBody":"","tags":["A-Jar","A-JUnit"],"fileTypesAndContributionMap":{"java":{"insertions":54,"deletions":4}}},{"hash":"d46f5d8d432ec5b1bbacccfbf906d16fca27a5fc","messageTitle":"A-OOP","messageBody":"","tags":["A-MoreOOP"],"fileTypesAndContributionMap":{"txt":{"insertions":0,"deletions":2},"java":{"insertions":422,"deletions":204}}}]},{"date":"2023-01-29","commitResults":[{"hash":"b09f9ab05896144fc96bdfdcd08decb209447c6c","messageTitle":"A-Packages","messageBody":"","tags":["A-Packages"],"fileTypesAndContributionMap":{"java":{"insertions":75,"deletions":20}}},{"hash":"2a085175ace7c8680105212bf98f06f7091ebfbe","messageTitle":"Update class names for command package to PascalCase","messageBody":"","fileTypesAndContributionMap":{"java":{"insertions":28,"deletions":28}}},{"hash":"098505216c4f69030a9bc369a8c19b1ffe51b46a","messageTitle":"Update Deadline class","messageBody":"","fileTypesAndContributionMap":{"java":{"insertions":302,"deletions":0}}},{"hash":"2f992db19b5ac37cbf99d1cd3d4f35166ed51549","messageTitle":"Date and Time formatting","messageBody":"","fileTypesAndContributionMap":{"java":{"insertions":18,"deletions":14}}},{"hash":"46318edc498c9a1bbf56d67e01115e7f13884ca2","messageTitle":"Update testing classes for tasks","messageBody":"","fileTypesAndContributionMap":{"java":{"insertions":174,"deletions":0}}},{"hash":"0c609e918489c8ed7f8a7d03ac4d054af827cb79","messageTitle":"Update classes with OOP principles Include Parser, Command, Storage, TaskList classes as well as the additional command classes","messageBody":"","fileTypesAndContributionMap":{"java":{"insertions":387,"deletions":1}}},{"hash":"5d8db2d29cf8e22da9bdb746cb7ee20b0a12fcf0","messageTitle":"Update ‘james’, ‘task’, ‘parser’, ‘command’ packages","messageBody":"","fileTypesAndContributionMap":{"java":{"insertions":0,"deletions":844}}},{"hash":"3ed1df0b5b840bb75411aab69242437a1ae3b2bd","messageTitle":"Resolve merge conflicts","messageBody":"","fileTypesAndContributionMap":{"java":{"insertions":4,"deletions":16}}},{"hash":"e45454bd4e8113f9ff72c0cc96b4f5f229798859","messageTitle":"Update imported classes to be explicit","messageBody":"","fileTypesAndContributionMap":{"java":{"insertions":8,"deletions":4}}},{"hash":"895c18f5b5e123902403751f5666f870a993a5ab","messageTitle":"Update method name to camelCase","messageBody":"","fileTypesAndContributionMap":{"java":{"insertions":3,"deletions":3}}},{"hash":"c8cd676762c8cd69939be911f680a57bb00fedd0","messageTitle":"Add JavaDoc and new package ui","messageBody":"","fileTypesAndContributionMap":{"java":{"insertions":14,"deletions":7}}},{"hash":"0e8b3c4d87bfa5403718256417ce9caac990ea2d","messageTitle":"Update with Main.java and new packages storage and ui","messageBody":"","fileTypesAndContributionMap":{"java":{"insertions":23,"deletions":8}}}]},{"date":"2023-01-30","commitResults":[{"hash":"7b68ed97446009f2bcb9a496b6bfee24fc665a81","messageTitle":"Add JavaDoc to most classes","messageBody":"","fileTypesAndContributionMap":{"txt":{"insertions":1,"deletions":0},"java":{"insertions":135,"deletions":46}}}]},{"date":"2023-01-31","commitResults":[{"hash":"48918f4de9c088e878d0f93e59947b2b314f39fb","messageTitle":"Update JavaDoc comments for most command classes and parser class","messageBody":"","fileTypesAndContributionMap":{"java":{"insertions":47,"deletions":6}}},{"hash":"e22abaf06777230f94f3212d891112e01767b53b","messageTitle":"Add equals method and FindCommand for Level-9","messageBody":"","fileTypesAndContributionMap":{"txt":{"insertions":3,"deletions":0},"java":{"insertions":136,"deletions":2}}},{"hash":"d8078c1738f4389e1e6eb8c6ff8170652f8126f2","messageTitle":"Update CodingStandard","messageBody":"","fileTypesAndContributionMap":{"txt":{"insertions":1,"deletions":2},"java":{"insertions":28,"deletions":28}}}]},{"date":"2023-02-02","commitResults":[{"hash":"6dce4af58cfcc28c4cf4062b5ade6a0493b47b4a","messageTitle":"Update README according to GFMD standards","messageBody":"","fileTypesAndContributionMap":{"md":{"insertions":24,"deletions":24}}}]},{"date":"2023-02-05","commitResults":[{"hash":"0d0243b4d3e462adc5f9dbb307c7b8d11f9a9a0b","messageTitle":"Update coding standards according to peer reviewers\u0027 comments, change UI to Ui, change indentation for cases in switch statement to the proper indentation, change AddListCommand to ListTasksCommand","messageBody":"","fileTypesAndContributionMap":{"gradle":{"insertions":16,"deletions":1},"java":{"insertions":95,"deletions":60}}}]},{"date":"2023-02-06","commitResults":[{"hash":"57ee8c0bea16f9d200bee1a36613cae33f7eee61","messageTitle":"Update GUI for Level-10","messageBody":"","tags":["Level-10"],"fileTypesAndContributionMap":{"gradle":{"insertions":1,"deletions":1},"txt":{"insertions":1,"deletions":2},"fxml":{"insertions":51,"deletions":0},"java":{"insertions":909,"deletions":635}}}]},{"date":"2023-02-09","commitResults":[{"hash":"0e57baa98fccba1295909c496189f9579ef841cf","messageTitle":"Update event to arguments that work","messageBody":"","fileTypesAndContributionMap":{"txt":{"insertions":0,"deletions":1},"java":{"insertions":8,"deletions":13}}}]},{"date":"2023-02-10","commitResults":[{"hash":"830810421e104ce3e1e544d084c3e830e0b42e14","messageTitle":"Update event, deadline class to work with the required inputs","messageBody":"","fileTypesAndContributionMap":{"txt":{"insertions":3,"deletions":0},"java":{"insertions":113,"deletions":60}}}]},{"date":"2023-02-11","commitResults":[{"hash":"5f0eddc2142f3b453bd32b89cb098763382152b7","messageTitle":"Update unnecessary methods","messageBody":"","fileTypesAndContributionMap":{"txt":{"insertions":2,"deletions":4},"fxml":{"insertions":3,"deletions":3},"java":{"insertions":4,"deletions":12}}},{"hash":"c3a1b49672123e671f56696be8aa5d9c988ac833","messageTitle":"Update file that saves tasks","messageBody":"","fileTypesAndContributionMap":{"txt":{"insertions":1,"deletions":2},"java":{"insertions":1,"deletions":1}}}]},{"date":"2023-02-13","commitResults":[{"hash":"0b89e3c40d69555d7b23a1901e5b79f6036c76bd","messageTitle":"There are no checks done to prevent programmer\u0027s mistakes. These include FXML components being improperly configured and the storage file not existing.","messageBody":"Add assertions to check for these mistakes and print out an error\nmessage.\n\nUsing assertions is preferable over exceptions as assertions indicate\nthat the programmer has made a mistake in their code rather than a\nmistake made by the user.\n","tags":["A-FullCommitMessage"],"fileTypesAndContributionMap":{"gradle":{"insertions":1,"deletions":0},"java":{"insertions":24,"deletions":5}}}]},{"date":"2023-02-14","commitResults":[{"hash":"452c1df39616d77fdd7b7111539a49adf8d776de","messageTitle":"The code could have been more readable. There were also some assumptions made about the user\u0027s input such as the user\u0027s commands containing spaces. These assumptions can be dangerous as runtime errors can occur.","messageBody":"Add respective classes AddToDoCommand, AddDeadlineCommand,\nAddEventCommand for different AddCommand.\nInclude constants for all the classes to make\ncode exception more readable.\n","fileTypesAndContributionMap":{"txt":{"insertions":3,"deletions":2},"java":{"insertions":537,"deletions":314}}},{"hash":"f54bc7e12f0dcdf8205ff29df7c12a80ca1eca88","messageTitle":"Update test files and add assert methods to ensure no programmer\u0027s mistake are present","messageBody":"","fileTypesAndContributionMap":{"java":{"insertions":59,"deletions":24}}},{"hash":"210cad50a8312ff25b2cc153219701aa57681fbf","messageTitle":"Include C-Help as an extension category, it provides in-App guidance to users. Add a command \"help\" to access help page.","messageBody":"","tags":["BCD-Extension"],"fileTypesAndContributionMap":{"java":{"insertions":64,"deletions":0}}},{"hash":"00b718e8f0faec66c32dc8a4b57dfc53edbc31e2","messageTitle":"Update according to checkstyle.xml, fix all the checkstyle errors and violations","messageBody":"","tags":["A-CheckStyle"],"fileTypesAndContributionMap":{"gradle":{"insertions":5,"deletions":0},"java":{"insertions":67,"deletions":63}}}]}]},"authorFileTypeContributionMap":{"JunHao247":{"java":1598,"md":24,"fxml":51,"sh":1,"bat":0,"gradle":24,"txt":5}},"authorContributionVariance":{"JunHao247":218096.77},"authorDisplayNameMap":{"JunHao247":"CS2103T-W09-4 LIM .. HAO"}}
