{"authorDailyContributionsMap":{"seanfirefox":[{"date":"2023-01-16","commitResults":[{"hash":"f552f8eade324d564b250bd7514bc01b38937b39","messageTitle":"Level 1 Greet Echo Exit done","messageBody":"","tags":["Level-1"],"fileTypesAndContributionMap":{"java":{"insertions":11,"deletions":2}}},{"hash":"d9676208adf7be33ed2aced9029ed97ecbbc7e81","messageTitle":"Level 2 Add List done","messageBody":"","tags":["Level-2"],"fileTypesAndContributionMap":{"java":{"insertions":16,"deletions":2}}},{"hash":"8ce5cb03910c52483c39f886092ff7a4ac5ca7f0","messageTitle":"Level 3 Mark as Done done","messageBody":"","tags":["Level-3","A-Collections","A-Classes"],"fileTypesAndContributionMap":{"java":{"insertions":53,"deletions":6}}}]},{"date":"2023-01-17","commitResults":[{"hash":"59c5169bd083f09ff9580ec601f2f5a7ee86adc0","messageTitle":"Level 4 ToDos, Events, Deadlines done","messageBody":"","tags":["Level-4","A-Inheritance"],"fileTypesAndContributionMap":{"java":{"insertions":98,"deletions":8}}},{"hash":"018eba02fdfa26eed5eba671286b68d51f8083ba","messageTitle":"A-TextUiTesting Automated Text UI Testing done","messageBody":"","tags":["A-TextUiTesting"],"fileTypesAndContributionMap":{"txt":{"insertions":5,"deletions":0},"java":{"insertions":10,"deletions":10}}},{"hash":"a8f097f5e79eec176d806dd99a5319e056be4593","messageTitle":"Change from if else to switch case","messageBody":"","tags":["A-Exceptions"],"fileTypesAndContributionMap":{"java":{"insertions":112,"deletions":78}}},{"hash":"ab3e9430f0d07c5baf81656a2aad09db1cfa630b","messageTitle":"Level 5 Handle Errors done","messageBody":"","tags":["Level-5"],"fileTypesAndContributionMap":{"java":{"insertions":49,"deletions":37}}}]},{"date":"2023-01-18","commitResults":[{"hash":"4438e5de3958ab1dc636fc11fa70f493344e3846","messageTitle":"Level 6 Delete done","messageBody":"","tags":["Level-6"],"fileTypesAndContributionMap":{"java":{"insertions":68,"deletions":27}}}]},{"date":"2023-01-29","commitResults":[{"hash":"7b8f0415247f993484e897fb38e36698e5271181","messageTitle":"Create directory and task file","messageBody":"","fileTypesAndContributionMap":{"java":{"insertions":132,"deletions":55}}}]},{"date":"2023-01-30","commitResults":[{"hash":"2977bf30661de38118b6211a2f11ba7a86c86a27","messageTitle":"Level 7 Save done","messageBody":"","tags":["Level-7"],"fileTypesAndContributionMap":{"java":{"insertions":135,"deletions":55}}},{"hash":"1772634eba89c550e15f3e85906d4fc431d1be7d","messageTitle":"Level 8 Dates and Times done","messageBody":"","tags":["Level-8"],"fileTypesAndContributionMap":{"java":{"insertions":26,"deletions":0}}},{"hash":"f3ec47484ed0972b72ae357365a99ba25c118838","messageTitle":"Add TaskList usage to Duke","messageBody":"","fileTypesAndContributionMap":{"java":{"insertions":54,"deletions":60}}},{"hash":"ab7194f1b4ef586a8cd05d75fa32a7307e5a64c8","messageTitle":"Add UI to usage","messageBody":"","fileTypesAndContributionMap":{"java":{"insertions":123,"deletions":105}}},{"hash":"4c0f6c58cab625bbd6676c6048102147466180c0","messageTitle":"Add Command class","messageBody":"","fileTypesAndContributionMap":{"java":{"insertions":64,"deletions":7}}}]},{"date":"2023-01-31","commitResults":[{"hash":"1c90031d7e616d0fb06162002d9cd0772ed37932","messageTitle":"A-MoreOOP Use More OOP done","messageBody":"","tags":["A-MoreOOP","A-Enums"],"fileTypesAndContributionMap":{"java":{"insertions":152,"deletions":90}}},{"hash":"a48031e4fa98ba01acc57789e4f11dcf87788780","messageTitle":"A-Packages Organise Into Packages done","messageBody":"","tags":["A-Packages"],"fileTypesAndContributionMap":{"java":{"insertions":119,"deletions":1},"md":{"insertions":2,"deletions":2}}},{"hash":"47fac059d0caa99e7c59e045b402d04c05d6234b","messageTitle":"Update paths to shell script","messageBody":"","fileTypesAndContributionMap":{"bat":{"insertions":1,"deletions":1},"sh":{"insertions":4,"deletions":4}}}]},{"date":"2023-02-01","commitResults":[{"hash":"5cbbeec133f78798ffd72b1e062f338100f35aa6","messageTitle":"A-JUnit Add JUnit Tests done","messageBody":"","tags":["A-JUnit"],"fileTypesAndContributionMap":{"java":{"insertions":63,"deletions":5}}},{"hash":"e529babc051877712997d203347e3bdc0e6cee78","messageTitle":"Edit gradle classpath","messageBody":"","tags":["A-Jar"],"fileTypesAndContributionMap":{"gradle":{"insertions":1,"deletions":1}}},{"hash":"48d0dbf40eea8acd14fe6e53c22d6132a4e1c560","messageTitle":"A-JavaDoc Add JavaDoc comments done.","messageBody":"","tags":["A-JavaDoc"],"fileTypesAndContributionMap":{"java":{"insertions":425,"deletions":0}}},{"hash":"9e90dd2cdafa9e1574e89898572205bb7a995afd","messageTitle":"A-CodingStandard Following the Coding Standard done.","messageBody":"","tags":["A-CodingStandard"],"fileTypesAndContributionMap":{"java":{"insertions":31,"deletions":31}}},{"hash":"ff3a8fd73f984be01e45f62fcfbd98b79b2bd569","messageTitle":"Format Javadoc comments","messageBody":"","fileTypesAndContributionMap":{"java":{"insertions":5,"deletions":5}}},{"hash":"3854db93724cc1cba47153e58e1db8f835fe5dda","messageTitle":"Level-9 Find done","messageBody":"","tags":["Level-9"],"fileTypesAndContributionMap":{"java":{"insertions":39,"deletions":1}}},{"hash":"9df412b6ce5d8ead3657b32f1f74b41b7439228a","messageTitle":"Fix merge conflict errors","messageBody":"","fileTypesAndContributionMap":{"java":{"insertions":173,"deletions":80}}}]}]},"authorFileTypeContributionMap":{"seanfirefox":{"java":1249,"md":2,"fxml":0,"sh":4,"bat":1,"gradle":1,"txt":5}},"authorContributionVariance":{"seanfirefox":57241.164},"authorDisplayNameMap":{"seanfirefox":"CS2103T-W14-2 TAN ..SEAN"}}
