[{"path":"src/main/java/Leo.java","fileType":"java","lines":[{"lineNumber":1,"author":{"gitId":"vigonometry"},"content":"import java.io.FileInputStream;","lastModifiedDate":"2023-01-28"},{"lineNumber":2,"author":{"gitId":"vigonometry"},"content":"import java.io.FileNotFoundException;","lastModifiedDate":"2023-01-28"},{"lineNumber":3,"author":{"gitId":"vigonometry"},"content":"import java.io.FileOutputStream;","lastModifiedDate":"2023-01-28"},{"lineNumber":4,"author":{"gitId":"vigonometry"},"content":"import java.io.IOException;","lastModifiedDate":"2023-01-28"},{"lineNumber":5,"author":{"gitId":"vigonometry"},"content":"import java.io.ObjectInputStream;","lastModifiedDate":"2023-01-28"},{"lineNumber":6,"author":{"gitId":"vigonometry"},"content":"import java.io.ObjectOutputStream;","lastModifiedDate":"2023-01-28"},{"lineNumber":7,"author":{"gitId":"vigonometry"},"content":"import java.util.Scanner;","lastModifiedDate":"2023-01-28"},{"lineNumber":8,"author":{"gitId":"vigonometry"},"content":"","lastModifiedDate":"2023-01-28"},{"lineNumber":9,"author":{"gitId":"vigonometry"},"content":"import leo.parser.Parser;","lastModifiedDate":"2023-01-31"},{"lineNumber":10,"author":{"gitId":"vigonometry"},"content":"import leo.storage.Storage;","lastModifiedDate":"2023-01-31"},{"lineNumber":11,"author":{"gitId":"vigonometry"},"content":"import leo.task.LeoTaskException;","lastModifiedDate":"2023-01-28"},{"lineNumber":12,"author":{"gitId":"vigonometry"},"content":"import leo.task.TaskList;","lastModifiedDate":"2023-01-28"},{"lineNumber":13,"author":{"gitId":"vigonometry"},"content":"import leo.ui.Ui;","lastModifiedDate":"2023-01-31"},{"lineNumber":14,"author":{"gitId":"vigonometry"},"content":"","lastModifiedDate":"2023-01-28"},{"lineNumber":15,"author":{"gitId":"vigonometry"},"content":"","lastModifiedDate":"2023-01-19"},{"lineNumber":16,"author":{"gitId":"vigonometry"},"content":"public class Leo {","lastModifiedDate":"2023-01-19"},{"lineNumber":17,"author":{"gitId":"vigonometry"},"content":"","lastModifiedDate":"2023-01-19"},{"lineNumber":18,"author":{"gitId":"vigonometry"},"content":"    private Parser parser \u003d new Parser();","lastModifiedDate":"2023-01-31"},{"lineNumber":19,"author":{"gitId":"vigonometry"},"content":"    private TaskList taskList;","lastModifiedDate":"2023-01-28"},{"lineNumber":20,"author":{"gitId":"vigonometry"},"content":"    private Ui ui \u003d new Ui();","lastModifiedDate":"2023-01-31"},{"lineNumber":21,"author":{"gitId":"vigonometry"},"content":"    public static void main(String[] args) throws LeoTaskException {","lastModifiedDate":"2023-01-28"},{"lineNumber":22,"author":{"gitId":"vigonometry"},"content":"        // String logo \u003d \" ____ _ \\n\"","lastModifiedDate":"2023-01-19"},{"lineNumber":23,"author":{"gitId":"vigonometry"},"content":"        // + \"| _ \\\\ _ _| | _____ \\n\"","lastModifiedDate":"2023-01-19"},{"lineNumber":24,"author":{"gitId":"vigonometry"},"content":"        // + \"| | | | | | | |/ / _ \\\\\\n\"","lastModifiedDate":"2023-01-19"},{"lineNumber":25,"author":{"gitId":"vigonometry"},"content":"        // + \"| |_| | |_| | \u003c __/\\n\"","lastModifiedDate":"2023-01-19"},{"lineNumber":26,"author":{"gitId":"vigonometry"},"content":"        // + \"|____/ \\\\__,_|_|\\\\_\\\\___|\\n\";","lastModifiedDate":"2023-01-19"},{"lineNumber":27,"author":{"gitId":"vigonometry"},"content":"        new Leo().start();","lastModifiedDate":"2023-01-19"},{"lineNumber":28,"author":{"gitId":"vigonometry"},"content":"    }","lastModifiedDate":"2023-01-19"},{"lineNumber":29,"author":{"gitId":"vigonometry"},"content":"","lastModifiedDate":"2023-01-19"},{"lineNumber":30,"author":{"gitId":"vigonometry"},"content":"    public void start() throws LeoTaskException {","lastModifiedDate":"2023-01-28"},{"lineNumber":31,"author":{"gitId":"vigonometry"},"content":"        //Get saved state","lastModifiedDate":"2023-01-28"},{"lineNumber":32,"author":{"gitId":"vigonometry"},"content":"        ui.greetUser();","lastModifiedDate":"2023-01-31"},{"lineNumber":33,"author":{"gitId":"vigonometry"},"content":"        String[] request \u003d parser.parseRequest(); // reads in command fed by user","lastModifiedDate":"2023-01-31"},{"lineNumber":34,"author":{"gitId":"vigonometry"},"content":"        readFile();","lastModifiedDate":"2023-01-28"},{"lineNumber":35,"author":{"gitId":"vigonometry"},"content":"","lastModifiedDate":"2023-01-28"},{"lineNumber":36,"author":{"gitId":"vigonometry"},"content":"        if (taskList \u003d\u003d null) {","lastModifiedDate":"2023-01-28"},{"lineNumber":37,"author":{"gitId":"vigonometry"},"content":"            taskList \u003d new TaskList();","lastModifiedDate":"2023-01-28"},{"lineNumber":38,"author":{"gitId":"vigonometry"},"content":"        }","lastModifiedDate":"2023-01-28"},{"lineNumber":39,"author":{"gitId":"vigonometry"},"content":"        ","lastModifiedDate":"2023-01-19"},{"lineNumber":40,"author":{"gitId":"vigonometry"},"content":"        while (!request[0].equals(\"bye\")) {","lastModifiedDate":"2023-01-31"},{"lineNumber":41,"author":{"gitId":"vigonometry"},"content":"            taskList.processRequest(request);","lastModifiedDate":"2023-01-31"},{"lineNumber":42,"author":{"gitId":"vigonometry"},"content":"            request \u003d parser.parseRequest();","lastModifiedDate":"2023-01-31"},{"lineNumber":43,"author":{"gitId":"vigonometry"},"content":"        }","lastModifiedDate":"2023-01-19"},{"lineNumber":44,"author":{"gitId":"vigonometry"},"content":"        ","lastModifiedDate":"2023-01-19"},{"lineNumber":45,"author":{"gitId":"vigonometry"},"content":"        Storage.writeObjectToFile(taskList);","lastModifiedDate":"2023-01-31"},{"lineNumber":46,"author":{"gitId":"vigonometry"},"content":"        ui.printExit();","lastModifiedDate":"2023-01-31"},{"lineNumber":47,"author":{"gitId":"vigonometry"},"content":"        parser.close();","lastModifiedDate":"2023-01-31"},{"lineNumber":48,"author":{"gitId":"vigonometry"},"content":"    }","lastModifiedDate":"2023-01-19"},{"lineNumber":49,"author":{"gitId":"vigonometry"},"content":"","lastModifiedDate":"2023-01-19"},{"lineNumber":50,"author":{"gitId":"vigonometry"},"content":"    private void readFile() {","lastModifiedDate":"2023-01-31"},{"lineNumber":51,"author":{"gitId":"vigonometry"},"content":"        try {","lastModifiedDate":"2023-01-28"},{"lineNumber":52,"author":{"gitId":"vigonometry"},"content":"            FileInputStream fileIn \u003d new FileInputStream(\"taskList.ser\");","lastModifiedDate":"2023-01-28"},{"lineNumber":53,"author":{"gitId":"vigonometry"},"content":"            ObjectInputStream in \u003d new ObjectInputStream(fileIn);","lastModifiedDate":"2023-01-28"},{"lineNumber":54,"author":{"gitId":"vigonometry"},"content":"            taskList \u003d (TaskList) in.readObject();","lastModifiedDate":"2023-01-28"},{"lineNumber":55,"author":{"gitId":"vigonometry"},"content":"            in.close();","lastModifiedDate":"2023-01-28"},{"lineNumber":56,"author":{"gitId":"vigonometry"},"content":"            fileIn.close();","lastModifiedDate":"2023-01-28"},{"lineNumber":57,"author":{"gitId":"vigonometry"},"content":"        } catch (FileNotFoundException i) {","lastModifiedDate":"2023-01-28"},{"lineNumber":58,"author":{"gitId":"vigonometry"},"content":"            taskList \u003d new TaskList();","lastModifiedDate":"2023-01-28"},{"lineNumber":59,"author":{"gitId":"vigonometry"},"content":"            Storage.writeObjectToFile(taskList);","lastModifiedDate":"2023-01-31"},{"lineNumber":60,"author":{"gitId":"vigonometry"},"content":"            return;","lastModifiedDate":"2023-01-28"},{"lineNumber":61,"author":{"gitId":"vigonometry"},"content":"        } catch (IOException i) {","lastModifiedDate":"2023-01-28"},{"lineNumber":62,"author":{"gitId":"vigonometry"},"content":"            i.printStackTrace();","lastModifiedDate":"2023-01-28"},{"lineNumber":63,"author":{"gitId":"vigonometry"},"content":"            return;","lastModifiedDate":"2023-01-28"},{"lineNumber":64,"author":{"gitId":"vigonometry"},"content":"        } catch (ClassNotFoundException c) {","lastModifiedDate":"2023-01-28"},{"lineNumber":65,"author":{"gitId":"vigonometry"},"content":"            System.out.println(\"TaskList class not found\");","lastModifiedDate":"2023-01-28"},{"lineNumber":66,"author":{"gitId":"vigonometry"},"content":"            c.printStackTrace();","lastModifiedDate":"2023-01-28"},{"lineNumber":67,"author":{"gitId":"vigonometry"},"content":"            return;","lastModifiedDate":"2023-01-28"},{"lineNumber":68,"author":{"gitId":"vigonometry"},"content":"        }","lastModifiedDate":"2023-01-19"},{"lineNumber":69,"author":{"gitId":"vigonometry"},"content":"    }","lastModifiedDate":"2023-01-20"},{"lineNumber":70,"author":{"gitId":"vigonometry"},"content":"}","lastModifiedDate":"2023-01-20"}],"authorContributionMap":{"vigonometry":70}},{"path":"src/main/java/leo/parser/Parser.java","fileType":"java","lines":[{"lineNumber":1,"author":{"gitId":"vigonometry"},"content":"package leo.parser;","lastModifiedDate":"2023-01-31"},{"lineNumber":2,"author":{"gitId":"vigonometry"},"content":"","lastModifiedDate":"2023-01-31"},{"lineNumber":3,"author":{"gitId":"vigonometry"},"content":"import java.util.Scanner;","lastModifiedDate":"2023-01-31"},{"lineNumber":4,"author":{"gitId":"vigonometry"},"content":"","lastModifiedDate":"2023-01-31"},{"lineNumber":5,"author":{"gitId":"vigonometry"},"content":"public class Parser {","lastModifiedDate":"2023-01-31"},{"lineNumber":6,"author":{"gitId":"vigonometry"},"content":"    private Scanner io;","lastModifiedDate":"2023-01-31"},{"lineNumber":7,"author":{"gitId":"vigonometry"},"content":"","lastModifiedDate":"2023-01-31"},{"lineNumber":8,"author":{"gitId":"vigonometry"},"content":"    public Parser() {","lastModifiedDate":"2023-01-31"},{"lineNumber":9,"author":{"gitId":"vigonometry"},"content":"        io \u003d new Scanner(System.in);","lastModifiedDate":"2023-01-31"},{"lineNumber":10,"author":{"gitId":"vigonometry"},"content":"    }","lastModifiedDate":"2023-01-31"},{"lineNumber":11,"author":{"gitId":"vigonometry"},"content":"    ","lastModifiedDate":"2023-01-31"},{"lineNumber":12,"author":{"gitId":"vigonometry"},"content":"    public String[] parseRequest() {","lastModifiedDate":"2023-01-31"},{"lineNumber":13,"author":{"gitId":"vigonometry"},"content":"        String request \u003d io.nextLine();","lastModifiedDate":"2023-01-31"},{"lineNumber":14,"author":{"gitId":"vigonometry"},"content":"        return request.split(\" \", 2);","lastModifiedDate":"2023-01-31"},{"lineNumber":15,"author":{"gitId":"vigonometry"},"content":"    }","lastModifiedDate":"2023-01-31"},{"lineNumber":16,"author":{"gitId":"vigonometry"},"content":"","lastModifiedDate":"2023-01-31"},{"lineNumber":17,"author":{"gitId":"vigonometry"},"content":"    public static int getTaskID(String taskID) {","lastModifiedDate":"2023-01-31"},{"lineNumber":18,"author":{"gitId":"vigonometry"},"content":"        return Integer.parseInt(taskID) - 1;","lastModifiedDate":"2023-01-31"},{"lineNumber":19,"author":{"gitId":"vigonometry"},"content":"    }","lastModifiedDate":"2023-01-31"},{"lineNumber":20,"author":{"gitId":"vigonometry"},"content":"","lastModifiedDate":"2023-01-31"},{"lineNumber":21,"author":{"gitId":"vigonometry"},"content":"    public void close() {","lastModifiedDate":"2023-01-31"},{"lineNumber":22,"author":{"gitId":"vigonometry"},"content":"        io.close();","lastModifiedDate":"2023-01-31"},{"lineNumber":23,"author":{"gitId":"vigonometry"},"content":"    }","lastModifiedDate":"2023-01-31"},{"lineNumber":24,"author":{"gitId":"vigonometry"},"content":"}","lastModifiedDate":"2023-01-31"}],"authorContributionMap":{"vigonometry":24}},{"path":"src/main/java/leo/storage/Storage.java","fileType":"java","lines":[{"lineNumber":1,"author":{"gitId":"vigonometry"},"content":"package leo.storage;","lastModifiedDate":"2023-01-31"},{"lineNumber":2,"author":{"gitId":"vigonometry"},"content":"","lastModifiedDate":"2023-01-31"},{"lineNumber":3,"author":{"gitId":"vigonometry"},"content":"import java.io.FileInputStream;","lastModifiedDate":"2023-01-31"},{"lineNumber":4,"author":{"gitId":"vigonometry"},"content":"import java.io.FileNotFoundException;","lastModifiedDate":"2023-01-31"},{"lineNumber":5,"author":{"gitId":"vigonometry"},"content":"import java.io.FileOutputStream;","lastModifiedDate":"2023-01-31"},{"lineNumber":6,"author":{"gitId":"vigonometry"},"content":"import java.io.IOException;","lastModifiedDate":"2023-01-31"},{"lineNumber":7,"author":{"gitId":"vigonometry"},"content":"import java.io.ObjectInputStream;","lastModifiedDate":"2023-01-31"},{"lineNumber":8,"author":{"gitId":"vigonometry"},"content":"import java.io.ObjectOutputStream;","lastModifiedDate":"2023-01-31"},{"lineNumber":9,"author":{"gitId":"vigonometry"},"content":"","lastModifiedDate":"2023-01-31"},{"lineNumber":10,"author":{"gitId":"vigonometry"},"content":"import leo.task.TaskList;","lastModifiedDate":"2023-01-31"},{"lineNumber":11,"author":{"gitId":"vigonometry"},"content":"","lastModifiedDate":"2023-01-31"},{"lineNumber":12,"author":{"gitId":"vigonometry"},"content":"public class Storage {","lastModifiedDate":"2023-01-31"},{"lineNumber":13,"author":{"gitId":"vigonometry"},"content":"    public static void writeObjectToFile(Object obj) {","lastModifiedDate":"2023-01-31"},{"lineNumber":14,"author":{"gitId":"vigonometry"},"content":"        try {","lastModifiedDate":"2023-01-31"},{"lineNumber":15,"author":{"gitId":"vigonometry"},"content":"            FileOutputStream fileOut \u003d new FileOutputStream(\"taskList.ser\");","lastModifiedDate":"2023-01-31"},{"lineNumber":16,"author":{"gitId":"vigonometry"},"content":"            ObjectOutputStream out \u003d new ObjectOutputStream(fileOut);","lastModifiedDate":"2023-01-31"},{"lineNumber":17,"author":{"gitId":"vigonometry"},"content":"            out.writeObject(obj);","lastModifiedDate":"2023-01-31"},{"lineNumber":18,"author":{"gitId":"vigonometry"},"content":"            out.close();","lastModifiedDate":"2023-01-31"},{"lineNumber":19,"author":{"gitId":"vigonometry"},"content":"            fileOut.close();","lastModifiedDate":"2023-01-31"},{"lineNumber":20,"author":{"gitId":"vigonometry"},"content":"            System.out.println(\"Serialized data is saved in taskList.ser\");","lastModifiedDate":"2023-01-31"},{"lineNumber":21,"author":{"gitId":"vigonometry"},"content":"        } catch (IOException i) {","lastModifiedDate":"2023-01-31"},{"lineNumber":22,"author":{"gitId":"vigonometry"},"content":"            i.printStackTrace();","lastModifiedDate":"2023-01-31"},{"lineNumber":23,"author":{"gitId":"vigonometry"},"content":"        }","lastModifiedDate":"2023-01-31"},{"lineNumber":24,"author":{"gitId":"vigonometry"},"content":"    }","lastModifiedDate":"2023-01-31"},{"lineNumber":25,"author":{"gitId":"vigonometry"},"content":"}","lastModifiedDate":"2023-01-31"}],"authorContributionMap":{"vigonometry":25}},{"path":"src/main/java/leo/task/LeoTaskException.java","fileType":"java","lines":[{"lineNumber":1,"author":{"gitId":"vigonometry"},"content":"package leo.task;","lastModifiedDate":"2023-01-28"},{"lineNumber":2,"author":{"gitId":"vigonometry"},"content":"","lastModifiedDate":"2023-01-28"},{"lineNumber":3,"author":{"gitId":"vigonometry"},"content":"public class LeoTaskException extends Exception {","lastModifiedDate":"2023-01-28"},{"lineNumber":4,"author":{"gitId":"vigonometry"},"content":"    public LeoTaskException(String msg) {","lastModifiedDate":"2023-01-28"},{"lineNumber":5,"author":{"gitId":"vigonometry"},"content":"        super(msg);","lastModifiedDate":"2023-01-28"},{"lineNumber":6,"author":{"gitId":"vigonometry"},"content":"    }","lastModifiedDate":"2023-01-28"},{"lineNumber":7,"author":{"gitId":"vigonometry"},"content":"}","lastModifiedDate":"2023-01-28"},{"lineNumber":8,"author":{"gitId":"vigonometry"},"content":"","lastModifiedDate":"2023-01-28"},{"lineNumber":9,"author":{"gitId":"vigonometry"},"content":"class EmptyFieldException extends LeoTaskException {","lastModifiedDate":"2023-01-28"},{"lineNumber":10,"author":{"gitId":"vigonometry"},"content":"    EmptyFieldException(String msg) {","lastModifiedDate":"2023-01-28"},{"lineNumber":11,"author":{"gitId":"vigonometry"},"content":"        super(msg);","lastModifiedDate":"2023-01-28"},{"lineNumber":12,"author":{"gitId":"vigonometry"},"content":"    }","lastModifiedDate":"2023-01-28"},{"lineNumber":13,"author":{"gitId":"vigonometry"},"content":"","lastModifiedDate":"2023-01-28"},{"lineNumber":14,"author":{"gitId":"vigonometry"},"content":"    EmptyFieldException() {","lastModifiedDate":"2023-01-28"},{"lineNumber":15,"author":{"gitId":"vigonometry"},"content":"        super(\"Task description cannot be empty but...can you do it on a rainy night in Stoke?\");","lastModifiedDate":"2023-01-31"},{"lineNumber":16,"author":{"gitId":"vigonometry"},"content":"    }","lastModifiedDate":"2023-01-28"},{"lineNumber":17,"author":{"gitId":"vigonometry"},"content":"}","lastModifiedDate":"2023-01-28"},{"lineNumber":18,"author":{"gitId":"vigonometry"},"content":"","lastModifiedDate":"2023-01-28"},{"lineNumber":19,"author":{"gitId":"vigonometry"},"content":"","lastModifiedDate":"2023-01-28"},{"lineNumber":20,"author":{"gitId":"vigonometry"},"content":"class InvalidCommandException extends LeoTaskException {","lastModifiedDate":"2023-01-28"},{"lineNumber":21,"author":{"gitId":"vigonometry"},"content":"    InvalidCommandException() {","lastModifiedDate":"2023-01-28"},{"lineNumber":22,"author":{"gitId":"vigonometry"},"content":"        super(\"I\u0027m sorry, I don\u0027t know what you want. ¿Que miras bobo?\");","lastModifiedDate":"2023-01-31"},{"lineNumber":23,"author":{"gitId":"vigonometry"},"content":"    }","lastModifiedDate":"2023-01-28"},{"lineNumber":24,"author":{"gitId":"vigonometry"},"content":"}","lastModifiedDate":"2023-01-28"},{"lineNumber":25,"author":{"gitId":"vigonometry"},"content":"","lastModifiedDate":"2023-01-28"},{"lineNumber":26,"author":{"gitId":"vigonometry"},"content":"class MissingDeadlineException extends EmptyFieldException {","lastModifiedDate":"2023-01-28"},{"lineNumber":27,"author":{"gitId":"vigonometry"},"content":"    MissingDeadlineException() {","lastModifiedDate":"2023-01-28"},{"lineNumber":28,"author":{"gitId":"vigonometry"},"content":"        super(\"When is it due bruv? I never make predictions, and I never will.\");","lastModifiedDate":"2023-01-31"},{"lineNumber":29,"author":{"gitId":"vigonometry"},"content":"    }","lastModifiedDate":"2023-01-28"},{"lineNumber":30,"author":{"gitId":"vigonometry"},"content":"}","lastModifiedDate":"2023-01-28"},{"lineNumber":31,"author":{"gitId":"vigonometry"},"content":"","lastModifiedDate":"2023-01-28"},{"lineNumber":32,"author":{"gitId":"vigonometry"},"content":"class MissingTimelineException extends EmptyFieldException {","lastModifiedDate":"2023-01-28"},{"lineNumber":33,"author":{"gitId":"vigonometry"},"content":"    MissingTimelineException() {","lastModifiedDate":"2023-01-28"},{"lineNumber":34,"author":{"gitId":"vigonometry"},"content":"        super(\"Not this again, indicate a from and to. I\u0027m as happy as I can be—but I have been happier.\");","lastModifiedDate":"2023-01-31"},{"lineNumber":35,"author":{"gitId":"vigonometry"},"content":"    }","lastModifiedDate":"2023-01-28"},{"lineNumber":36,"author":{"gitId":"vigonometry"},"content":"}","lastModifiedDate":"2023-01-28"},{"lineNumber":37,"author":{"gitId":"vigonometry"},"content":"","lastModifiedDate":"2023-01-28"},{"lineNumber":38,"author":{"gitId":"vigonometry"},"content":"class EmptyDeletionException extends LeoTaskException {","lastModifiedDate":"2023-01-28"},{"lineNumber":39,"author":{"gitId":"vigonometry"},"content":"    EmptyDeletionException() {","lastModifiedDate":"2023-01-28"},{"lineNumber":40,"author":{"gitId":"vigonometry"},"content":"        super(\"Bruh, why are you trying to delete from an empty task list...\");","lastModifiedDate":"2023-01-31"},{"lineNumber":41,"author":{"gitId":"vigonometry"},"content":"    }","lastModifiedDate":"2023-01-28"},{"lineNumber":42,"author":{"gitId":"vigonometry"},"content":"}","lastModifiedDate":"2023-01-28"}],"authorContributionMap":{"vigonometry":42}},{"path":"src/main/java/leo/task/Task.java","fileType":"java","lines":[{"lineNumber":1,"author":{"gitId":"vigonometry"},"content":"package leo.task;","lastModifiedDate":"2023-01-28"},{"lineNumber":2,"author":{"gitId":"vigonometry"},"content":"","lastModifiedDate":"2023-01-28"},{"lineNumber":3,"author":{"gitId":"vigonometry"},"content":"import java.io.IOException;","lastModifiedDate":"2023-01-28"},{"lineNumber":4,"author":{"gitId":"vigonometry"},"content":"import java.io.Serializable;","lastModifiedDate":"2023-01-28"},{"lineNumber":5,"author":{"gitId":"vigonometry"},"content":"import java.time.format.DateTimeFormatter;","lastModifiedDate":"2023-01-28"},{"lineNumber":6,"author":{"gitId":"vigonometry"},"content":"import java.time.LocalDateTime;","lastModifiedDate":"2023-01-28"},{"lineNumber":7,"author":{"gitId":"vigonometry"},"content":"import java.util.Arrays;","lastModifiedDate":"2023-01-28"},{"lineNumber":8,"author":{"gitId":"vigonometry"},"content":"import java.util.List;","lastModifiedDate":"2023-01-28"},{"lineNumber":9,"author":{"gitId":"vigonometry"},"content":"","lastModifiedDate":"2023-01-28"},{"lineNumber":10,"author":{"gitId":"vigonometry"},"content":"import leo.ui.Ui;","lastModifiedDate":"2023-01-31"},{"lineNumber":11,"author":{"gitId":"vigonometry"},"content":"","lastModifiedDate":"2023-01-31"},{"lineNumber":12,"author":{"gitId":"vigonometry"},"content":"public class Task implements Serializable {","lastModifiedDate":"2023-01-31"},{"lineNumber":13,"author":{"gitId":"vigonometry"},"content":"    private static final long serialVersionUID \u003d 1L;","lastModifiedDate":"2023-01-28"},{"lineNumber":14,"author":{"gitId":"vigonometry"},"content":"    ","lastModifiedDate":"2023-01-28"},{"lineNumber":15,"author":{"gitId":"vigonometry"},"content":"    enum Type {","lastModifiedDate":"2023-01-28"},{"lineNumber":16,"author":{"gitId":"vigonometry"},"content":"        TODO, DEADLINE, EVENT","lastModifiedDate":"2023-01-28"},{"lineNumber":17,"author":{"gitId":"vigonometry"},"content":"    };","lastModifiedDate":"2023-01-28"},{"lineNumber":18,"author":{"gitId":"vigonometry"},"content":"","lastModifiedDate":"2023-01-28"},{"lineNumber":19,"author":{"gitId":"vigonometry"},"content":"    private String taskDesc;","lastModifiedDate":"2023-01-28"},{"lineNumber":20,"author":{"gitId":"vigonometry"},"content":"    private boolean isDone \u003d false;","lastModifiedDate":"2023-01-28"},{"lineNumber":21,"author":{"gitId":"vigonometry"},"content":"    private Type type;","lastModifiedDate":"2023-01-28"},{"lineNumber":22,"author":{"gitId":"vigonometry"},"content":"    final static List\u003cString\u003e descCommands \u003d Arrays","lastModifiedDate":"2023-01-31"},{"lineNumber":23,"author":{"gitId":"vigonometry"},"content":"            .asList(new String[] { \"todo\", \"deadline\", \"event\", \"mark\", \"unmark\", \"delete\" });","lastModifiedDate":"2023-01-28"},{"lineNumber":24,"author":{"gitId":"vigonometry"},"content":"","lastModifiedDate":"2023-01-28"},{"lineNumber":25,"author":{"gitId":"vigonometry"},"content":"    final static List\u003cString\u003e commands \u003d Arrays","lastModifiedDate":"2023-01-31"},{"lineNumber":26,"author":{"gitId":"vigonometry"},"content":"            .asList(new String[] { \"list\", \"bye\", \"todo\", \"deadline\", \"event\", \"mark\", \"unmark\", \"delete\" });","lastModifiedDate":"2023-01-28"},{"lineNumber":27,"author":{"gitId":"vigonometry"},"content":"","lastModifiedDate":"2023-01-28"},{"lineNumber":28,"author":{"gitId":"vigonometry"},"content":"    private Task(String taskDesc, String cmd) {","lastModifiedDate":"2023-01-28"},{"lineNumber":29,"author":{"gitId":"vigonometry"},"content":"        this.taskDesc \u003d taskDesc;","lastModifiedDate":"2023-01-28"},{"lineNumber":30,"author":{"gitId":"vigonometry"},"content":"        this.type \u003d cmd.equals(\"event\") ? Type.EVENT : cmd.equals(\"deadline\") ? Type.DEADLINE : Type.TODO;","lastModifiedDate":"2023-01-28"},{"lineNumber":31,"author":{"gitId":"vigonometry"},"content":"    }","lastModifiedDate":"2023-01-28"},{"lineNumber":32,"author":{"gitId":"vigonometry"},"content":"","lastModifiedDate":"2023-01-28"},{"lineNumber":33,"author":{"gitId":"vigonometry"},"content":"    private char getType() {","lastModifiedDate":"2023-01-28"},{"lineNumber":34,"author":{"gitId":"vigonometry"},"content":"        switch (type) {","lastModifiedDate":"2023-01-28"},{"lineNumber":35,"author":{"gitId":"vigonometry"},"content":"            case DEADLINE:","lastModifiedDate":"2023-01-28"},{"lineNumber":36,"author":{"gitId":"vigonometry"},"content":"                return \u0027D\u0027;","lastModifiedDate":"2023-01-28"},{"lineNumber":37,"author":{"gitId":"vigonometry"},"content":"            case EVENT:","lastModifiedDate":"2023-01-28"},{"lineNumber":38,"author":{"gitId":"vigonometry"},"content":"                return \u0027E\u0027;","lastModifiedDate":"2023-01-28"},{"lineNumber":39,"author":{"gitId":"vigonometry"},"content":"            default:","lastModifiedDate":"2023-01-28"},{"lineNumber":40,"author":{"gitId":"vigonometry"},"content":"                return \u0027T\u0027;","lastModifiedDate":"2023-01-28"},{"lineNumber":41,"author":{"gitId":"vigonometry"},"content":"        }","lastModifiedDate":"2023-01-28"},{"lineNumber":42,"author":{"gitId":"vigonometry"},"content":"    }","lastModifiedDate":"2023-01-28"},{"lineNumber":43,"author":{"gitId":"vigonometry"},"content":"","lastModifiedDate":"2023-01-28"},{"lineNumber":44,"author":{"gitId":"vigonometry"},"content":"    public static Task createTask(String[] taskArray) throws LeoTaskException {","lastModifiedDate":"2023-01-31"},{"lineNumber":45,"author":{"gitId":"vigonometry"},"content":"","lastModifiedDate":"2023-01-28"},{"lineNumber":46,"author":{"gitId":"vigonometry"},"content":"        try {","lastModifiedDate":"2023-01-28"},{"lineNumber":47,"author":{"gitId":"vigonometry"},"content":"","lastModifiedDate":"2023-01-31"},{"lineNumber":48,"author":{"gitId":"vigonometry"},"content":"            if (!commands.contains(taskArray[0])) {","lastModifiedDate":"2023-01-31"},{"lineNumber":49,"author":{"gitId":"vigonometry"},"content":"                throw new InvalidCommandException();","lastModifiedDate":"2023-01-28"},{"lineNumber":50,"author":{"gitId":"vigonometry"},"content":"            }","lastModifiedDate":"2023-01-28"},{"lineNumber":51,"author":{"gitId":"vigonometry"},"content":"","lastModifiedDate":"2023-01-31"},{"lineNumber":52,"author":{"gitId":"vigonometry"},"content":"            if (taskArray.length \u003c 2 \u0026\u0026 descCommands.contains(taskArray[0])) {","lastModifiedDate":"2023-01-31"},{"lineNumber":53,"author":{"gitId":"vigonometry"},"content":"                    throw new EmptyFieldException();","lastModifiedDate":"2023-01-31"},{"lineNumber":54,"author":{"gitId":"vigonometry"},"content":"            } ","lastModifiedDate":"2023-01-31"},{"lineNumber":55,"author":{"gitId":"vigonometry"},"content":"            ","lastModifiedDate":"2023-01-31"},{"lineNumber":56,"author":{"gitId":"vigonometry"},"content":"            String cmd \u003d taskArray[0], desc \u003d taskArray[1];","lastModifiedDate":"2023-01-28"},{"lineNumber":57,"author":{"gitId":"vigonometry"},"content":"","lastModifiedDate":"2023-01-28"},{"lineNumber":58,"author":{"gitId":"vigonometry"},"content":"            switch (cmd) {","lastModifiedDate":"2023-01-28"},{"lineNumber":59,"author":{"gitId":"vigonometry"},"content":"            case \"deadline\":","lastModifiedDate":"2023-01-28"},{"lineNumber":60,"author":{"gitId":"vigonometry"},"content":"                return Deadline.createDeadline(desc, cmd);","lastModifiedDate":"2023-01-28"},{"lineNumber":61,"author":{"gitId":"vigonometry"},"content":"            case \"event\":","lastModifiedDate":"2023-01-28"},{"lineNumber":62,"author":{"gitId":"vigonometry"},"content":"                return Event.createEvent(desc, cmd);","lastModifiedDate":"2023-01-28"},{"lineNumber":63,"author":{"gitId":"vigonometry"},"content":"            case \"todo\":","lastModifiedDate":"2023-01-28"},{"lineNumber":64,"author":{"gitId":"vigonometry"},"content":"                return new Todo(desc, cmd);","lastModifiedDate":"2023-01-28"},{"lineNumber":65,"author":{"gitId":"vigonometry"},"content":"            default:","lastModifiedDate":"2023-01-28"},{"lineNumber":66,"author":{"gitId":"vigonometry"},"content":"                throw new InvalidCommandException();","lastModifiedDate":"2023-01-28"},{"lineNumber":67,"author":{"gitId":"vigonometry"},"content":"            }","lastModifiedDate":"2023-01-28"},{"lineNumber":68,"author":{"gitId":"vigonometry"},"content":"        } catch (LeoTaskException e) {","lastModifiedDate":"2023-01-28"},{"lineNumber":69,"author":{"gitId":"vigonometry"},"content":"            return null;","lastModifiedDate":"2023-01-28"},{"lineNumber":70,"author":{"gitId":"vigonometry"},"content":"        }","lastModifiedDate":"2023-01-28"},{"lineNumber":71,"author":{"gitId":"vigonometry"},"content":"    }","lastModifiedDate":"2023-01-28"},{"lineNumber":72,"author":{"gitId":"vigonometry"},"content":"","lastModifiedDate":"2023-01-28"},{"lineNumber":73,"author":{"gitId":"vigonometry"},"content":"    public void setDone() {","lastModifiedDate":"2023-01-28"},{"lineNumber":74,"author":{"gitId":"vigonometry"},"content":"        isDone \u003d true;","lastModifiedDate":"2023-01-28"},{"lineNumber":75,"author":{"gitId":"vigonometry"},"content":"        Ui.printDivider();","lastModifiedDate":"2023-01-31"},{"lineNumber":76,"author":{"gitId":"vigonometry"},"content":"        System.out.println(","lastModifiedDate":"2023-01-28"},{"lineNumber":77,"author":{"gitId":"vigonometry"},"content":"                \"Well done on completing the task! Let me mark that as done! Campeon del mundo!\");","lastModifiedDate":"2023-01-28"},{"lineNumber":78,"author":{"gitId":"vigonometry"},"content":"        System.out.println(this);","lastModifiedDate":"2023-01-28"},{"lineNumber":79,"author":{"gitId":"vigonometry"},"content":"        Ui.printDivider();","lastModifiedDate":"2023-01-31"},{"lineNumber":80,"author":{"gitId":"vigonometry"},"content":"","lastModifiedDate":"2023-01-28"},{"lineNumber":81,"author":{"gitId":"vigonometry"},"content":"    }","lastModifiedDate":"2023-01-28"},{"lineNumber":82,"author":{"gitId":"vigonometry"},"content":"","lastModifiedDate":"2023-01-28"},{"lineNumber":83,"author":{"gitId":"vigonometry"},"content":"    public void setNotDone() {","lastModifiedDate":"2023-01-31"},{"lineNumber":84,"author":{"gitId":"vigonometry"},"content":"        isDone \u003d false;","lastModifiedDate":"2023-01-28"},{"lineNumber":85,"author":{"gitId":"vigonometry"},"content":"        Ui.printDivider();","lastModifiedDate":"2023-01-31"},{"lineNumber":86,"author":{"gitId":"vigonometry"},"content":"        System.out.println(\"Ok, I\u0027ve marked that as not done! Please get to it :(\");","lastModifiedDate":"2023-01-28"},{"lineNumber":87,"author":{"gitId":"vigonometry"},"content":"        System.out.println(this);","lastModifiedDate":"2023-01-28"},{"lineNumber":88,"author":{"gitId":"vigonometry"},"content":"        Ui.printDivider();","lastModifiedDate":"2023-01-31"},{"lineNumber":89,"author":{"gitId":"vigonometry"},"content":"    }","lastModifiedDate":"2023-01-28"},{"lineNumber":90,"author":{"gitId":"vigonometry"},"content":"","lastModifiedDate":"2023-01-28"},{"lineNumber":91,"author":{"gitId":"vigonometry"},"content":"    public boolean getDone() {","lastModifiedDate":"2023-01-28"},{"lineNumber":92,"author":{"gitId":"vigonometry"},"content":"        return isDone;","lastModifiedDate":"2023-01-28"},{"lineNumber":93,"author":{"gitId":"vigonometry"},"content":"    }","lastModifiedDate":"2023-01-28"},{"lineNumber":94,"author":{"gitId":"vigonometry"},"content":"","lastModifiedDate":"2023-01-28"},{"lineNumber":95,"author":{"gitId":"vigonometry"},"content":"    public char getDoneChar() {","lastModifiedDate":"2023-01-28"},{"lineNumber":96,"author":{"gitId":"vigonometry"},"content":"        return isDone ? \u0027X\u0027 : \u0027 \u0027;","lastModifiedDate":"2023-01-28"},{"lineNumber":97,"author":{"gitId":"vigonometry"},"content":"    }","lastModifiedDate":"2023-01-28"},{"lineNumber":98,"author":{"gitId":"vigonometry"},"content":"","lastModifiedDate":"2023-01-28"},{"lineNumber":99,"author":{"gitId":"vigonometry"},"content":"    public static LocalDateTime stringToDate(String dateTimeString) {","lastModifiedDate":"2023-01-28"},{"lineNumber":100,"author":{"gitId":"vigonometry"},"content":"        LocalDateTime date \u003d LocalDateTime.parse(dateTimeString.trim(), DateTimeFormatter.ofPattern(\"d/M/yyyy HHmm\"));","lastModifiedDate":"2023-01-28"},{"lineNumber":101,"author":{"gitId":"vigonometry"},"content":"        return date;","lastModifiedDate":"2023-01-28"},{"lineNumber":102,"author":{"gitId":"vigonometry"},"content":"    }","lastModifiedDate":"2023-01-28"},{"lineNumber":103,"author":{"gitId":"vigonometry"},"content":"","lastModifiedDate":"2023-01-28"},{"lineNumber":104,"author":{"gitId":"vigonometry"},"content":"    @Override","lastModifiedDate":"2023-01-28"},{"lineNumber":105,"author":{"gitId":"vigonometry"},"content":"    public String toString() {","lastModifiedDate":"2023-01-28"},{"lineNumber":106,"author":{"gitId":"vigonometry"},"content":"        return String.format(\"[%c][%c] %s\", getType(), getDoneChar(), taskDesc);","lastModifiedDate":"2023-01-28"},{"lineNumber":107,"author":{"gitId":"vigonometry"},"content":"    }","lastModifiedDate":"2023-01-28"},{"lineNumber":108,"author":{"gitId":"vigonometry"},"content":"","lastModifiedDate":"2023-01-28"},{"lineNumber":109,"author":{"gitId":"vigonometry"},"content":"    private static class Todo extends Task {","lastModifiedDate":"2023-01-28"},{"lineNumber":110,"author":{"gitId":"vigonometry"},"content":"        public Todo(String taskDesc, String cmd) {","lastModifiedDate":"2023-01-28"},{"lineNumber":111,"author":{"gitId":"vigonometry"},"content":"            super(taskDesc, cmd);","lastModifiedDate":"2023-01-28"},{"lineNumber":112,"author":{"gitId":"vigonometry"},"content":"        }","lastModifiedDate":"2023-01-28"},{"lineNumber":113,"author":{"gitId":"vigonometry"},"content":"    }","lastModifiedDate":"2023-01-28"},{"lineNumber":114,"author":{"gitId":"vigonometry"},"content":"","lastModifiedDate":"2023-01-28"},{"lineNumber":115,"author":{"gitId":"vigonometry"},"content":"    private static class Deadline extends Task {","lastModifiedDate":"2023-01-28"},{"lineNumber":116,"author":{"gitId":"vigonometry"},"content":"        LocalDateTime by;","lastModifiedDate":"2023-01-28"},{"lineNumber":117,"author":{"gitId":"vigonometry"},"content":"","lastModifiedDate":"2023-01-28"},{"lineNumber":118,"author":{"gitId":"vigonometry"},"content":"        private Deadline(String taskDesc, String cmd) {","lastModifiedDate":"2023-01-28"},{"lineNumber":119,"author":{"gitId":"vigonometry"},"content":"            super(taskDesc.split(\"/by\")[0], cmd);","lastModifiedDate":"2023-01-28"},{"lineNumber":120,"author":{"gitId":"vigonometry"},"content":"        }","lastModifiedDate":"2023-01-28"},{"lineNumber":121,"author":{"gitId":"vigonometry"},"content":"","lastModifiedDate":"2023-01-28"},{"lineNumber":122,"author":{"gitId":"vigonometry"},"content":"        public static Deadline createDeadline(String taskDesc, String cmd) throws MissingDeadlineException {","lastModifiedDate":"2023-01-28"},{"lineNumber":123,"author":{"gitId":"vigonometry"},"content":"            try {","lastModifiedDate":"2023-01-28"},{"lineNumber":124,"author":{"gitId":"vigonometry"},"content":"                Deadline dl \u003d new Deadline(taskDesc.split(\" \", 2)[0], cmd);","lastModifiedDate":"2023-01-28"},{"lineNumber":125,"author":{"gitId":"vigonometry"},"content":"                String[] dlDetails \u003d taskDesc.split(\"/by\", 2);","lastModifiedDate":"2023-01-28"},{"lineNumber":126,"author":{"gitId":"vigonometry"},"content":"                if (dlDetails.length \u003c 2) {","lastModifiedDate":"2023-01-28"},{"lineNumber":127,"author":{"gitId":"vigonometry"},"content":"                    throw new MissingDeadlineException();","lastModifiedDate":"2023-01-28"},{"lineNumber":128,"author":{"gitId":"vigonometry"},"content":"                }","lastModifiedDate":"2023-01-28"},{"lineNumber":129,"author":{"gitId":"vigonometry"},"content":"","lastModifiedDate":"2023-01-28"},{"lineNumber":130,"author":{"gitId":"vigonometry"},"content":"                dl.by \u003d stringToDate(dlDetails[1]);","lastModifiedDate":"2023-01-28"},{"lineNumber":131,"author":{"gitId":"vigonometry"},"content":"                return dl;","lastModifiedDate":"2023-01-28"},{"lineNumber":132,"author":{"gitId":"vigonometry"},"content":"            } catch (MissingDeadlineException e) {","lastModifiedDate":"2023-01-28"},{"lineNumber":133,"author":{"gitId":"vigonometry"},"content":"                Ui.printError(e);","lastModifiedDate":"2023-01-31"},{"lineNumber":134,"author":{"gitId":"vigonometry"},"content":"                return null;","lastModifiedDate":"2023-01-28"},{"lineNumber":135,"author":{"gitId":"vigonometry"},"content":"            }","lastModifiedDate":"2023-01-28"},{"lineNumber":136,"author":{"gitId":"vigonometry"},"content":"        }","lastModifiedDate":"2023-01-28"},{"lineNumber":137,"author":{"gitId":"vigonometry"},"content":"","lastModifiedDate":"2023-01-28"},{"lineNumber":138,"author":{"gitId":"vigonometry"},"content":"        @Override","lastModifiedDate":"2023-01-28"},{"lineNumber":139,"author":{"gitId":"vigonometry"},"content":"        public String toString() {","lastModifiedDate":"2023-01-28"},{"lineNumber":140,"author":{"gitId":"vigonometry"},"content":"            String byStr \u003d by.format(DateTimeFormatter.ofPattern(\"MMM d yyyy, HH:mm\"));","lastModifiedDate":"2023-01-28"},{"lineNumber":141,"author":{"gitId":"vigonometry"},"content":"            return String.format(\"%s (by: %s)\", super.toString(), byStr);","lastModifiedDate":"2023-01-28"},{"lineNumber":142,"author":{"gitId":"vigonometry"},"content":"        }","lastModifiedDate":"2023-01-28"},{"lineNumber":143,"author":{"gitId":"vigonometry"},"content":"","lastModifiedDate":"2023-01-28"},{"lineNumber":144,"author":{"gitId":"vigonometry"},"content":"        private void writeObject(java.io.ObjectOutputStream out) throws IOException {","lastModifiedDate":"2023-01-28"},{"lineNumber":145,"author":{"gitId":"vigonometry"},"content":"            out.defaultWriteObject();","lastModifiedDate":"2023-01-28"},{"lineNumber":146,"author":{"gitId":"vigonometry"},"content":"            out.writeObject(by);","lastModifiedDate":"2023-01-28"},{"lineNumber":147,"author":{"gitId":"vigonometry"},"content":"        }","lastModifiedDate":"2023-01-28"},{"lineNumber":148,"author":{"gitId":"vigonometry"},"content":"","lastModifiedDate":"2023-01-28"},{"lineNumber":149,"author":{"gitId":"vigonometry"},"content":"        private void readObject(java.io.ObjectInputStream in) throws IOException, ClassNotFoundException {","lastModifiedDate":"2023-01-28"},{"lineNumber":150,"author":{"gitId":"vigonometry"},"content":"            in.defaultReadObject();","lastModifiedDate":"2023-01-28"},{"lineNumber":151,"author":{"gitId":"vigonometry"},"content":"            by \u003d (LocalDateTime) in.readObject();","lastModifiedDate":"2023-01-28"},{"lineNumber":152,"author":{"gitId":"vigonometry"},"content":"        }","lastModifiedDate":"2023-01-28"},{"lineNumber":153,"author":{"gitId":"vigonometry"},"content":"    }","lastModifiedDate":"2023-01-28"},{"lineNumber":154,"author":{"gitId":"vigonometry"},"content":"","lastModifiedDate":"2023-01-28"},{"lineNumber":155,"author":{"gitId":"vigonometry"},"content":"    private static class Event extends Task {","lastModifiedDate":"2023-01-28"},{"lineNumber":156,"author":{"gitId":"vigonometry"},"content":"        LocalDateTime from;","lastModifiedDate":"2023-01-28"},{"lineNumber":157,"author":{"gitId":"vigonometry"},"content":"        LocalDateTime to;","lastModifiedDate":"2023-01-28"},{"lineNumber":158,"author":{"gitId":"vigonometry"},"content":"","lastModifiedDate":"2023-01-28"},{"lineNumber":159,"author":{"gitId":"vigonometry"},"content":"        private Event(String taskDesc, String cmd) {","lastModifiedDate":"2023-01-28"},{"lineNumber":160,"author":{"gitId":"vigonometry"},"content":"            super(taskDesc.split(\"/\", 2)[0], cmd);","lastModifiedDate":"2023-01-28"},{"lineNumber":161,"author":{"gitId":"vigonometry"},"content":"        }","lastModifiedDate":"2023-01-28"},{"lineNumber":162,"author":{"gitId":"vigonometry"},"content":"","lastModifiedDate":"2023-01-28"},{"lineNumber":163,"author":{"gitId":"vigonometry"},"content":"        public static Event createEvent(String taskDesc, String cmd) throws MissingTimelineException {","lastModifiedDate":"2023-01-28"},{"lineNumber":164,"author":{"gitId":"vigonometry"},"content":"            Event ev \u003d new Event(taskDesc.split(\" \", 2)[0], cmd);","lastModifiedDate":"2023-01-28"},{"lineNumber":165,"author":{"gitId":"vigonometry"},"content":"            String[] evDetails \u003d taskDesc.split(\"/from\", 2)[1].split(\"/to\", 2);","lastModifiedDate":"2023-01-28"},{"lineNumber":166,"author":{"gitId":"vigonometry"},"content":"            try {","lastModifiedDate":"2023-01-28"},{"lineNumber":167,"author":{"gitId":"vigonometry"},"content":"                System.out.println(Arrays.toString(evDetails));","lastModifiedDate":"2023-01-28"},{"lineNumber":168,"author":{"gitId":"vigonometry"},"content":"                if (evDetails.length \u003c 2) {","lastModifiedDate":"2023-01-28"},{"lineNumber":169,"author":{"gitId":"vigonometry"},"content":"                    throw new MissingTimelineException();","lastModifiedDate":"2023-01-28"},{"lineNumber":170,"author":{"gitId":"vigonometry"},"content":"                }","lastModifiedDate":"2023-01-28"},{"lineNumber":171,"author":{"gitId":"vigonometry"},"content":"                ev.from \u003d stringToDate(evDetails[0]);","lastModifiedDate":"2023-01-28"},{"lineNumber":172,"author":{"gitId":"vigonometry"},"content":"                ev.to \u003d stringToDate(evDetails[1]);","lastModifiedDate":"2023-01-28"},{"lineNumber":173,"author":{"gitId":"vigonometry"},"content":"                return ev;","lastModifiedDate":"2023-01-28"},{"lineNumber":174,"author":{"gitId":"vigonometry"},"content":"            } catch (MissingTimelineException e) {","lastModifiedDate":"2023-01-28"},{"lineNumber":175,"author":{"gitId":"vigonometry"},"content":"                Ui.printError(e);","lastModifiedDate":"2023-01-31"},{"lineNumber":176,"author":{"gitId":"vigonometry"},"content":"                return null;","lastModifiedDate":"2023-01-28"},{"lineNumber":177,"author":{"gitId":"vigonometry"},"content":"            }","lastModifiedDate":"2023-01-28"},{"lineNumber":178,"author":{"gitId":"vigonometry"},"content":"        }","lastModifiedDate":"2023-01-28"},{"lineNumber":179,"author":{"gitId":"vigonometry"},"content":"","lastModifiedDate":"2023-01-28"},{"lineNumber":180,"author":{"gitId":"vigonometry"},"content":"","lastModifiedDate":"2023-01-28"},{"lineNumber":181,"author":{"gitId":"vigonometry"},"content":"        @Override","lastModifiedDate":"2023-01-28"},{"lineNumber":182,"author":{"gitId":"vigonometry"},"content":"        public String toString() {","lastModifiedDate":"2023-01-28"},{"lineNumber":183,"author":{"gitId":"vigonometry"},"content":"            String fromStr \u003d from.format(DateTimeFormatter.ofPattern(\"MMM d yyyy, HH:mm\"));","lastModifiedDate":"2023-01-28"},{"lineNumber":184,"author":{"gitId":"vigonometry"},"content":"            String toStr \u003d to.format(DateTimeFormatter.ofPattern(\"MMM d yyyy, HH:mm\"));","lastModifiedDate":"2023-01-28"},{"lineNumber":185,"author":{"gitId":"vigonometry"},"content":"            return String.format(\"%s (from: %s, to: %s)\", super.toString(), fromStr, toStr);","lastModifiedDate":"2023-01-28"},{"lineNumber":186,"author":{"gitId":"vigonometry"},"content":"        }","lastModifiedDate":"2023-01-28"},{"lineNumber":187,"author":{"gitId":"vigonometry"},"content":"","lastModifiedDate":"2023-01-28"},{"lineNumber":188,"author":{"gitId":"vigonometry"},"content":"        private void writeObject(java.io.ObjectOutputStream out) throws IOException {","lastModifiedDate":"2023-01-28"},{"lineNumber":189,"author":{"gitId":"vigonometry"},"content":"            out.defaultWriteObject();","lastModifiedDate":"2023-01-28"},{"lineNumber":190,"author":{"gitId":"vigonometry"},"content":"            out.writeObject(from);","lastModifiedDate":"2023-01-28"},{"lineNumber":191,"author":{"gitId":"vigonometry"},"content":"            out.writeObject(to);","lastModifiedDate":"2023-01-28"},{"lineNumber":192,"author":{"gitId":"vigonometry"},"content":"        }","lastModifiedDate":"2023-01-28"},{"lineNumber":193,"author":{"gitId":"vigonometry"},"content":"","lastModifiedDate":"2023-01-28"},{"lineNumber":194,"author":{"gitId":"vigonometry"},"content":"        private void readObject(java.io.ObjectInputStream in) throws IOException, ClassNotFoundException {","lastModifiedDate":"2023-01-28"},{"lineNumber":195,"author":{"gitId":"vigonometry"},"content":"            in.defaultReadObject();","lastModifiedDate":"2023-01-28"},{"lineNumber":196,"author":{"gitId":"vigonometry"},"content":"            from \u003d (LocalDateTime) in.readObject();","lastModifiedDate":"2023-01-28"},{"lineNumber":197,"author":{"gitId":"vigonometry"},"content":"            to \u003d (LocalDateTime) in.readObject();","lastModifiedDate":"2023-01-28"},{"lineNumber":198,"author":{"gitId":"vigonometry"},"content":"        }","lastModifiedDate":"2023-01-28"},{"lineNumber":199,"author":{"gitId":"vigonometry"},"content":"    }","lastModifiedDate":"2023-01-28"},{"lineNumber":200,"author":{"gitId":"vigonometry"},"content":"}","lastModifiedDate":"2023-01-28"}],"authorContributionMap":{"vigonometry":200}},{"path":"src/main/java/leo/task/TaskList.java","fileType":"java","lines":[{"lineNumber":1,"author":{"gitId":"vigonometry"},"content":"package leo.task;","lastModifiedDate":"2023-01-28"},{"lineNumber":2,"author":{"gitId":"vigonometry"},"content":"","lastModifiedDate":"2023-01-28"},{"lineNumber":3,"author":{"gitId":"vigonometry"},"content":"import java.io.Serializable;","lastModifiedDate":"2023-01-28"},{"lineNumber":4,"author":{"gitId":"vigonometry"},"content":"import java.util.ArrayList;","lastModifiedDate":"2023-01-28"},{"lineNumber":5,"author":{"gitId":"vigonometry"},"content":"","lastModifiedDate":"2023-01-31"},{"lineNumber":6,"author":{"gitId":"vigonometry"},"content":"import leo.parser.Parser;","lastModifiedDate":"2023-01-31"},{"lineNumber":7,"author":{"gitId":"vigonometry"},"content":"import leo.ui.Ui;","lastModifiedDate":"2023-01-31"},{"lineNumber":8,"author":{"gitId":"vigonometry"},"content":"","lastModifiedDate":"2023-01-31"},{"lineNumber":9,"author":{"gitId":"vigonometry"},"content":"public class TaskList implements Serializable {","lastModifiedDate":"2023-01-28"},{"lineNumber":10,"author":{"gitId":"vigonometry"},"content":"","lastModifiedDate":"2023-01-28"},{"lineNumber":11,"author":{"gitId":"vigonometry"},"content":"    private static final long serialVersionUID \u003d 1L;","lastModifiedDate":"2023-01-28"},{"lineNumber":12,"author":{"gitId":"vigonometry"},"content":"","lastModifiedDate":"2023-01-28"},{"lineNumber":13,"author":{"gitId":"vigonometry"},"content":"    private ArrayList\u003cTask\u003e tasks \u003d new ArrayList\u003c\u003e();","lastModifiedDate":"2023-01-28"},{"lineNumber":14,"author":{"gitId":"vigonometry"},"content":"","lastModifiedDate":"2023-01-28"},{"lineNumber":15,"author":{"gitId":"vigonometry"},"content":"    private void addTask(String[] parsedRequest) throws LeoTaskException {","lastModifiedDate":"2023-01-31"},{"lineNumber":16,"author":{"gitId":"vigonometry"},"content":"        try {","lastModifiedDate":"2023-01-28"},{"lineNumber":17,"author":{"gitId":"vigonometry"},"content":"            Task task \u003d Task.createTask(parsedRequest);","lastModifiedDate":"2023-01-31"},{"lineNumber":18,"author":{"gitId":"vigonometry"},"content":"","lastModifiedDate":"2023-01-28"},{"lineNumber":19,"author":{"gitId":"vigonometry"},"content":"            if (task \u003d\u003d null) {","lastModifiedDate":"2023-01-28"},{"lineNumber":20,"author":{"gitId":"vigonometry"},"content":"                throw new LeoTaskException(\"I\u0027m sorry, I don\u0027t know what you want. ¿Que miras bobo?\");","lastModifiedDate":"2023-01-31"},{"lineNumber":21,"author":{"gitId":"vigonometry"},"content":"            }","lastModifiedDate":"2023-01-28"},{"lineNumber":22,"author":{"gitId":"vigonometry"},"content":"","lastModifiedDate":"2023-01-28"},{"lineNumber":23,"author":{"gitId":"vigonometry"},"content":"            tasks.add(task);","lastModifiedDate":"2023-01-28"},{"lineNumber":24,"author":{"gitId":"vigonometry"},"content":"","lastModifiedDate":"2023-01-31"},{"lineNumber":25,"author":{"gitId":"vigonometry"},"content":"            Ui.printDivider();","lastModifiedDate":"2023-01-31"},{"lineNumber":26,"author":{"gitId":"vigonometry"},"content":"            System.out.printf(\"Alright, I\u0027ve added: %s to your task list.\\n\", tasks.get(tasks.size() - 1));","lastModifiedDate":"2023-01-28"},{"lineNumber":27,"author":{"gitId":"vigonometry"},"content":"            System.out.printf(\"You have %d tasks in your list, vamos, get moving!\\n\", tasks.size());","lastModifiedDate":"2023-01-28"},{"lineNumber":28,"author":{"gitId":"vigonometry"},"content":"            Ui.printDivider();","lastModifiedDate":"2023-01-31"},{"lineNumber":29,"author":{"gitId":"vigonometry"},"content":"        } catch (LeoTaskException e) {","lastModifiedDate":"2023-01-28"},{"lineNumber":30,"author":{"gitId":"vigonometry"},"content":"            return;","lastModifiedDate":"2023-01-31"},{"lineNumber":31,"author":{"gitId":"vigonometry"},"content":"        }","lastModifiedDate":"2023-01-28"},{"lineNumber":32,"author":{"gitId":"vigonometry"},"content":"    }","lastModifiedDate":"2023-01-28"},{"lineNumber":33,"author":{"gitId":"vigonometry"},"content":"","lastModifiedDate":"2023-01-28"},{"lineNumber":34,"author":{"gitId":"vigonometry"},"content":"    private void deleteTask(int taskId) throws LeoTaskException {","lastModifiedDate":"2023-01-28"},{"lineNumber":35,"author":{"gitId":"vigonometry"},"content":"        if (tasks.isEmpty()) {","lastModifiedDate":"2023-01-28"},{"lineNumber":36,"author":{"gitId":"vigonometry"},"content":"            Ui.printError(new EmptyDeletionException());","lastModifiedDate":"2023-01-31"},{"lineNumber":37,"author":{"gitId":"vigonometry"},"content":"        }","lastModifiedDate":"2023-01-28"},{"lineNumber":38,"author":{"gitId":"vigonometry"},"content":"        String taskDesc \u003d tasks.remove(taskId).toString();","lastModifiedDate":"2023-01-31"},{"lineNumber":39,"author":{"gitId":"vigonometry"},"content":"        System.out.printf(\"Alright! I\u0027ve removed this from your list: %s\\n\", taskDesc);","lastModifiedDate":"2023-01-28"},{"lineNumber":40,"author":{"gitId":"vigonometry"},"content":"        System.out.printf(\"You have %d tasks in your list, vamos, get moving!\\n\", tasks.size());","lastModifiedDate":"2023-01-28"},{"lineNumber":41,"author":{"gitId":"vigonometry"},"content":"    }","lastModifiedDate":"2023-01-28"},{"lineNumber":42,"author":{"gitId":"vigonometry"},"content":"","lastModifiedDate":"2023-01-28"},{"lineNumber":43,"author":{"gitId":"vigonometry"},"content":"    public void processRequest(String[] parsedRequest) throws LeoTaskException {","lastModifiedDate":"2023-01-31"},{"lineNumber":44,"author":{"gitId":"vigonometry"},"content":"        try {","lastModifiedDate":"2023-01-28"},{"lineNumber":45,"author":{"gitId":"vigonometry"},"content":"            if (!Task.commands.contains(parsedRequest[0])) {","lastModifiedDate":"2023-01-31"},{"lineNumber":46,"author":{"gitId":"vigonometry"},"content":"                throw new InvalidCommandException();","lastModifiedDate":"2023-01-31"},{"lineNumber":47,"author":{"gitId":"vigonometry"},"content":"            }","lastModifiedDate":"2023-01-28"},{"lineNumber":48,"author":{"gitId":"vigonometry"},"content":"","lastModifiedDate":"2023-01-28"},{"lineNumber":49,"author":{"gitId":"vigonometry"},"content":"            else if (Task.descCommands.contains(parsedRequest[0]) \u0026\u0026 parsedRequest.length \u003c\u003d 1) {","lastModifiedDate":"2023-01-31"},{"lineNumber":50,"author":{"gitId":"vigonometry"},"content":"                throw new EmptyFieldException();","lastModifiedDate":"2023-01-31"},{"lineNumber":51,"author":{"gitId":"vigonometry"},"content":"            }","lastModifiedDate":"2023-01-28"},{"lineNumber":52,"author":{"gitId":"vigonometry"},"content":"","lastModifiedDate":"2023-01-28"},{"lineNumber":53,"author":{"gitId":"vigonometry"},"content":"            switch (parsedRequest[0]) {","lastModifiedDate":"2023-01-31"},{"lineNumber":54,"author":{"gitId":"vigonometry"},"content":"            case \"list\":","lastModifiedDate":"2023-01-28"},{"lineNumber":55,"author":{"gitId":"vigonometry"},"content":"                Ui.printResponse(\"Here are your tasks, you legend!:\");","lastModifiedDate":"2023-01-31"},{"lineNumber":56,"author":{"gitId":"vigonometry"},"content":"                for (int i \u003d 0; i \u003c tasks.size(); i++) {","lastModifiedDate":"2023-01-28"},{"lineNumber":57,"author":{"gitId":"vigonometry"},"content":"                    System.out.printf(\"%d) %s\\n\", i + 1, tasks.get(i));","lastModifiedDate":"2023-01-28"},{"lineNumber":58,"author":{"gitId":"vigonometry"},"content":"                }","lastModifiedDate":"2023-01-28"},{"lineNumber":59,"author":{"gitId":"vigonometry"},"content":"                Ui.printDivider();","lastModifiedDate":"2023-01-31"},{"lineNumber":60,"author":{"gitId":"vigonometry"},"content":"                break;","lastModifiedDate":"2023-01-28"},{"lineNumber":61,"author":{"gitId":"vigonometry"},"content":"            case \"mark\":","lastModifiedDate":"2023-01-28"},{"lineNumber":62,"author":{"gitId":"vigonometry"},"content":"                tasks.get(Parser.getTaskID(parsedRequest[1])).setDone();","lastModifiedDate":"2023-01-31"},{"lineNumber":63,"author":{"gitId":"vigonometry"},"content":"                break;","lastModifiedDate":"2023-01-28"},{"lineNumber":64,"author":{"gitId":"vigonometry"},"content":"            case \"unmark\":","lastModifiedDate":"2023-01-28"},{"lineNumber":65,"author":{"gitId":"vigonometry"},"content":"                tasks.get(Parser.getTaskID(parsedRequest[1])).setNotDone();","lastModifiedDate":"2023-01-31"},{"lineNumber":66,"author":{"gitId":"vigonometry"},"content":"                break;","lastModifiedDate":"2023-01-28"},{"lineNumber":67,"author":{"gitId":"vigonometry"},"content":"            case \"delete\":","lastModifiedDate":"2023-01-28"},{"lineNumber":68,"author":{"gitId":"vigonometry"},"content":"                deleteTask(Parser.getTaskID(parsedRequest[1]));","lastModifiedDate":"2023-01-31"},{"lineNumber":69,"author":{"gitId":"vigonometry"},"content":"                break;","lastModifiedDate":"2023-01-28"},{"lineNumber":70,"author":{"gitId":"vigonometry"},"content":"            default:","lastModifiedDate":"2023-01-28"},{"lineNumber":71,"author":{"gitId":"vigonometry"},"content":"                addTask(parsedRequest);","lastModifiedDate":"2023-01-31"},{"lineNumber":72,"author":{"gitId":"vigonometry"},"content":"                break;","lastModifiedDate":"2023-01-28"},{"lineNumber":73,"author":{"gitId":"vigonometry"},"content":"            }","lastModifiedDate":"2023-01-28"},{"lineNumber":74,"author":{"gitId":"vigonometry"},"content":"        } catch (LeoTaskException e) {","lastModifiedDate":"2023-01-28"},{"lineNumber":75,"author":{"gitId":"vigonometry"},"content":"            Ui.printError(e);","lastModifiedDate":"2023-01-31"},{"lineNumber":76,"author":{"gitId":"vigonometry"},"content":"        }","lastModifiedDate":"2023-01-28"},{"lineNumber":77,"author":{"gitId":"vigonometry"},"content":"    }","lastModifiedDate":"2023-01-28"},{"lineNumber":78,"author":{"gitId":"vigonometry"},"content":"}","lastModifiedDate":"2023-01-28"}],"authorContributionMap":{"vigonometry":78}},{"path":"src/main/java/leo/ui/Ui.java","fileType":"java","lines":[{"lineNumber":1,"author":{"gitId":"vigonometry"},"content":"package leo.ui;","lastModifiedDate":"2023-01-31"},{"lineNumber":2,"author":{"gitId":"vigonometry"},"content":"","lastModifiedDate":"2023-01-31"},{"lineNumber":3,"author":{"gitId":"vigonometry"},"content":"import leo.task.LeoTaskException;","lastModifiedDate":"2023-01-31"},{"lineNumber":4,"author":{"gitId":"vigonometry"},"content":"","lastModifiedDate":"2023-01-31"},{"lineNumber":5,"author":{"gitId":"vigonometry"},"content":"public class Ui {","lastModifiedDate":"2023-01-31"},{"lineNumber":6,"author":{"gitId":"vigonometry"},"content":"    public void greetUser() {","lastModifiedDate":"2023-01-31"},{"lineNumber":7,"author":{"gitId":"vigonometry"},"content":"        printDivider();","lastModifiedDate":"2023-01-31"},{"lineNumber":8,"author":{"gitId":"vigonometry"},"content":"        System.out.println(\"Hello! I\u0027m Leo\");","lastModifiedDate":"2023-01-31"},{"lineNumber":9,"author":{"gitId":"vigonometry"},"content":"        System.out.println(\"What can I do for you?\");","lastModifiedDate":"2023-01-31"},{"lineNumber":10,"author":{"gitId":"vigonometry"},"content":"        printDivider();","lastModifiedDate":"2023-01-31"},{"lineNumber":11,"author":{"gitId":"vigonometry"},"content":"    }","lastModifiedDate":"2023-01-31"},{"lineNumber":12,"author":{"gitId":"vigonometry"},"content":"","lastModifiedDate":"2023-01-31"},{"lineNumber":13,"author":{"gitId":"vigonometry"},"content":"    public static void printDivider() {","lastModifiedDate":"2023-01-31"},{"lineNumber":14,"author":{"gitId":"vigonometry"},"content":"        for (int i \u003d 0; i \u003c 25; i++) {","lastModifiedDate":"2023-01-31"},{"lineNumber":15,"author":{"gitId":"vigonometry"},"content":"            System.out.print(\"*\");","lastModifiedDate":"2023-01-31"},{"lineNumber":16,"author":{"gitId":"vigonometry"},"content":"        }","lastModifiedDate":"2023-01-31"},{"lineNumber":17,"author":{"gitId":"vigonometry"},"content":"        System.out.println();","lastModifiedDate":"2023-01-31"},{"lineNumber":18,"author":{"gitId":"vigonometry"},"content":"    }","lastModifiedDate":"2023-01-31"},{"lineNumber":19,"author":{"gitId":"vigonometry"},"content":"","lastModifiedDate":"2023-01-31"},{"lineNumber":20,"author":{"gitId":"vigonometry"},"content":"    public static void printResponse(String response) {","lastModifiedDate":"2023-01-31"},{"lineNumber":21,"author":{"gitId":"vigonometry"},"content":"        printDivider();","lastModifiedDate":"2023-01-31"},{"lineNumber":22,"author":{"gitId":"vigonometry"},"content":"        System.out.println(response);","lastModifiedDate":"2023-01-31"},{"lineNumber":23,"author":{"gitId":"vigonometry"},"content":"        printDivider();","lastModifiedDate":"2023-01-31"},{"lineNumber":24,"author":{"gitId":"vigonometry"},"content":"    }","lastModifiedDate":"2023-01-31"},{"lineNumber":25,"author":{"gitId":"vigonometry"},"content":"","lastModifiedDate":"2023-01-31"},{"lineNumber":26,"author":{"gitId":"vigonometry"},"content":"","lastModifiedDate":"2023-01-31"},{"lineNumber":27,"author":{"gitId":"vigonometry"},"content":"    public static void printError(LeoTaskException e) {","lastModifiedDate":"2023-01-31"},{"lineNumber":28,"author":{"gitId":"vigonometry"},"content":"        printDivider();","lastModifiedDate":"2023-01-31"},{"lineNumber":29,"author":{"gitId":"vigonometry"},"content":"        System.out.println(e.getMessage());","lastModifiedDate":"2023-01-31"},{"lineNumber":30,"author":{"gitId":"vigonometry"},"content":"        printDivider();","lastModifiedDate":"2023-01-31"},{"lineNumber":31,"author":{"gitId":"vigonometry"},"content":"    }","lastModifiedDate":"2023-01-31"},{"lineNumber":32,"author":{"gitId":"vigonometry"},"content":"","lastModifiedDate":"2023-01-31"},{"lineNumber":33,"author":{"gitId":"vigonometry"},"content":"    public void printExit() {","lastModifiedDate":"2023-01-31"},{"lineNumber":34,"author":{"gitId":"vigonometry"},"content":"        printDivider();","lastModifiedDate":"2023-01-31"},{"lineNumber":35,"author":{"gitId":"vigonometry"},"content":"        System.out.println(\"It was nice talking, see you soon!\");","lastModifiedDate":"2023-01-31"},{"lineNumber":36,"author":{"gitId":"vigonometry"},"content":"        printDivider();","lastModifiedDate":"2023-01-31"},{"lineNumber":37,"author":{"gitId":"vigonometry"},"content":"    }","lastModifiedDate":"2023-01-31"},{"lineNumber":38,"author":{"gitId":"vigonometry"},"content":"}","lastModifiedDate":"2023-01-31"}],"authorContributionMap":{"vigonometry":38}},{"path":"text-ui-test/input.txt","fileType":"txt","lines":[{"lineNumber":1,"author":{"gitId":"vigonometry"},"content":"event 2103T Semi-Auto Test /from 19 Jan 2250 /to 19 Jan 2359","lastModifiedDate":"2023-01-19"},{"lineNumber":2,"author":{"gitId":"vigonometry"},"content":"deadline 2103T Week 2 Commits /by 19 Jan 2359","lastModifiedDate":"2023-01-19"},{"lineNumber":3,"author":{"gitId":"vigonometry"},"content":"todo Curl up and cry","lastModifiedDate":"2023-01-19"},{"lineNumber":4,"author":{"gitId":"vigonometry"},"content":"mark 1","lastModifiedDate":"2023-01-19"},{"lineNumber":5,"author":{"gitId":"vigonometry"},"content":"unmark 1","lastModifiedDate":"2023-01-19"},{"lineNumber":6,"author":{"gitId":"vigonometry"},"content":"bye","lastModifiedDate":"2023-01-19"}],"authorContributionMap":{"vigonometry":6}},{"path":"text-ui-test/runtest.sh","fileType":"sh","lines":[{"lineNumber":1,"author":{"gitId":"-"},"content":"#!/usr/bin/env bash","lastModifiedDate":"2020-05-25"},{"lineNumber":2,"author":{"gitId":"-"},"content":"","lastModifiedDate":"2020-05-25"},{"lineNumber":3,"author":{"gitId":"-"},"content":"# create bin directory if it doesn\u0027t exist","lastModifiedDate":"2020-05-25"},{"lineNumber":4,"author":{"gitId":"-"},"content":"if [ ! -d \"../bin\" ]","lastModifiedDate":"2020-05-25"},{"lineNumber":5,"author":{"gitId":"-"},"content":"then","lastModifiedDate":"2020-05-25"},{"lineNumber":6,"author":{"gitId":"-"},"content":"    mkdir ../bin","lastModifiedDate":"2020-05-25"},{"lineNumber":7,"author":{"gitId":"-"},"content":"fi","lastModifiedDate":"2020-05-25"},{"lineNumber":8,"author":{"gitId":"-"},"content":"","lastModifiedDate":"2020-05-25"},{"lineNumber":9,"author":{"gitId":"-"},"content":"# delete output from previous run","lastModifiedDate":"2020-05-25"},{"lineNumber":10,"author":{"gitId":"-"},"content":"if [ -e \"./ACTUAL.TXT\" ]","lastModifiedDate":"2020-05-25"},{"lineNumber":11,"author":{"gitId":"-"},"content":"then","lastModifiedDate":"2020-05-25"},{"lineNumber":12,"author":{"gitId":"-"},"content":"    rm ACTUAL.TXT","lastModifiedDate":"2020-05-25"},{"lineNumber":13,"author":{"gitId":"-"},"content":"fi","lastModifiedDate":"2020-05-25"},{"lineNumber":14,"author":{"gitId":"-"},"content":"","lastModifiedDate":"2020-05-25"},{"lineNumber":15,"author":{"gitId":"-"},"content":"# compile the code into the bin folder, terminates if error occurred","lastModifiedDate":"2020-05-25"},{"lineNumber":16,"author":{"gitId":"-"},"content":"if ! javac -cp ../src/main/java -Xlint:none -d ../bin ../src/main/java/*.java","lastModifiedDate":"2020-08-25"},{"lineNumber":17,"author":{"gitId":"-"},"content":"then","lastModifiedDate":"2020-05-25"},{"lineNumber":18,"author":{"gitId":"-"},"content":"    echo \"********** BUILD FAILURE **********\"","lastModifiedDate":"2020-05-25"},{"lineNumber":19,"author":{"gitId":"-"},"content":"    exit 1","lastModifiedDate":"2020-05-25"},{"lineNumber":20,"author":{"gitId":"-"},"content":"fi","lastModifiedDate":"2020-05-25"},{"lineNumber":21,"author":{"gitId":"-"},"content":"","lastModifiedDate":"2020-05-25"},{"lineNumber":22,"author":{"gitId":"-"},"content":"# run the program, feed commands from input.txt file and redirect the output to the ACTUAL.TXT","lastModifiedDate":"2020-05-25"},{"lineNumber":23,"author":{"gitId":"vigonometry"},"content":"java -classpath ../bin Leo \u003c input.txt \u003e ACTUAL.TXT","lastModifiedDate":"2023-01-19"},{"lineNumber":24,"author":{"gitId":"-"},"content":"","lastModifiedDate":"2020-05-25"},{"lineNumber":25,"author":{"gitId":"-"},"content":"# convert to UNIX format","lastModifiedDate":"2020-05-25"},{"lineNumber":26,"author":{"gitId":"-"},"content":"cp EXPECTED.TXT EXPECTED-UNIX.TXT","lastModifiedDate":"2020-05-25"},{"lineNumber":27,"author":{"gitId":"-"},"content":"dos2unix ACTUAL.TXT EXPECTED-UNIX.TXT","lastModifiedDate":"2020-05-25"},{"lineNumber":28,"author":{"gitId":"-"},"content":"","lastModifiedDate":"2020-05-25"},{"lineNumber":29,"author":{"gitId":"-"},"content":"# compare the output to the expected output","lastModifiedDate":"2020-05-25"},{"lineNumber":30,"author":{"gitId":"-"},"content":"diff ACTUAL.TXT EXPECTED-UNIX.TXT","lastModifiedDate":"2020-05-25"},{"lineNumber":31,"author":{"gitId":"-"},"content":"if [ $? -eq 0 ]","lastModifiedDate":"2020-05-25"},{"lineNumber":32,"author":{"gitId":"-"},"content":"then","lastModifiedDate":"2020-05-25"},{"lineNumber":33,"author":{"gitId":"-"},"content":"    echo \"Test result: PASSED\"","lastModifiedDate":"2020-05-25"},{"lineNumber":34,"author":{"gitId":"-"},"content":"    exit 0","lastModifiedDate":"2020-05-25"},{"lineNumber":35,"author":{"gitId":"-"},"content":"else","lastModifiedDate":"2020-05-25"},{"lineNumber":36,"author":{"gitId":"-"},"content":"    echo \"Test result: FAILED\"","lastModifiedDate":"2020-05-25"},{"lineNumber":37,"author":{"gitId":"-"},"content":"    exit 1","lastModifiedDate":"2020-05-25"},{"lineNumber":38,"author":{"gitId":"-"},"content":"fi","lastModifiedDate":"2020-05-25"}],"authorContributionMap":{"vigonometry":1,"-":37}}]
