{"authorDailyContributionsMap":{"vigonometry":[{"date":"2023-01-19","commitResults":[{"hash":"c32ff9b9038dfd85951d61050f6eb47cafcf4e9b","messageTitle":"Add start and print methods to greet, echo and handle exit.","messageBody":"","tags":["Level-1"],"fileTypesAndContributionMap":{"java":{"insertions":47,"deletions":10}}},{"hash":"dc2120d31c5807c5815d69382f8fc01038ac3148","messageTitle":"Add taskList, addTask and processRequest to handle add, list and exit.","messageBody":"","tags":["Level-2"],"fileTypesAndContributionMap":{"java":{"insertions":21,"deletions":14}}},{"hash":"1a31aac5a6a540bd10185ba9449aeac55bd1ac02","messageTitle":"Add Task class and setDone and resetDone methods to track task completion status","messageBody":"","tags":["Level-3"],"fileTypesAndContributionMap":{"java":{"insertions":52,"deletions":5}}},{"hash":"b5212b042b7bdeef4af9e96c9f5114e39a76d296","messageTitle":"Update task functionality according to sample solution","messageBody":"","fileTypesAndContributionMap":{"java":{"insertions":15,"deletions":17}}},{"hash":"b8061465a09f8efc1b514246f2f36c014f73aadb","messageTitle":"Add Todo, Deadline and Event functionality to Task class and update processRequest method for new task types.","messageBody":"","tags":["Level-4"],"fileTypesAndContributionMap":{"java":{"insertions":72,"deletions":7}}},{"hash":"3804fd1e67ff5e9e1b2224f5adedf5f7799dbc05","messageTitle":"Fix task representation for events and deadlines.","messageBody":"","fileTypesAndContributionMap":{"java":{"insertions":4,"deletions":4}}},{"hash":"51332ef0cab2c6e99a4a3b8fb4a14cb848777b54","messageTitle":"Fix spacing issue for Events, create test cases and update runtest.sh for Leo.","messageBody":"","tags":["A-TextUiTesting"],"fileTypesAndContributionMap":{"txt":{"insertions":6,"deletions":0},"java":{"insertions":1,"deletions":1},"sh":{"insertions":1,"deletions":1}}},{"hash":"13975b7af29533b5c7a59064bc01c4a79fa9dac3","messageTitle":"Create LeoException class for exception handling concerning missing content issues.","messageBody":"","tags":["Level-5"],"fileTypesAndContributionMap":{"java":{"insertions":52,"deletions":14}}}]},{"date":"2023-01-20","commitResults":[{"hash":"8bee31a5d6bf1b69d13cb8f73ef88b35ce66cb3b","messageTitle":"Add deleteTask method to handle deletion and create new LeoException subclasses.","messageBody":"","tags":["Level-6"],"fileTypesAndContributionMap":{"java":{"insertions":40,"deletions":3}}},{"hash":"43098cde507d0490fe4bb3468111aa3afb671ff6","messageTitle":"Add enums for Task classification.","messageBody":"","tags":["A-Enums"],"fileTypesAndContributionMap":{"java":{"insertions":12,"deletions":8}}}]},{"date":"2023-01-28","commitResults":[{"hash":"c4e9e5ed4bc62ce7c84bef8bf67eba4f29362f66","messageTitle":"Add datetime parsing for Event and Deadline types.","messageBody":"","tags":["Level-8"],"fileTypesAndContributionMap":{"java":{"insertions":354,"deletions":0}}},{"hash":"a3676ed2f8993520ca8a210e3acbdc8e12aa6bf7","messageTitle":"Resolve unintended merge conflicts.","messageBody":"","fileTypesAndContributionMap":{"java":{"insertions":35,"deletions":222}}}]},{"date":"2023-01-31","commitResults":[{"hash":"0fdf42eba523fd066e339b2325441cb661583b0f","messageTitle":"Add Storage, Ui and Parser packages.","messageBody":"","tags":["A-Packages","A-MoreOOP"],"fileTypesAndContributionMap":{"java":{"insertions":156,"deletions":86}}},{"hash":"1e7c5cf55f9403ce6c13211d611f8cec8927f9fb","messageTitle":"Add gradle support.","messageBody":"","tags":["A-Gradle"],"fileTypesAndContributionMap":{"java":{"insertions":9,"deletions":11}}},{"hash":"9f80556c4c747bd7ffc9fcf5d20dc87c35e2451a","messageTitle":"Update commands\u0027 access modifiers.","messageBody":"","tags":["A-Jar"],"fileTypesAndContributionMap":{"java":{"insertions":20,"deletions":21}}}]},{"date":"2023-02-02","commitResults":[{"hash":"ba30f66f98bc8033aa016fa0d1affad1b5299992","messageTitle":"Add JUnit tests for Task.","messageBody":"","tags":["A-JUnit"],"fileTypesAndContributionMap":{"gradle":{"insertions":2,"deletions":2},"java":{"insertions":76,"deletions":3}}},{"hash":"794a8963d078fba248aa79a72a6628f6d3471871","messageTitle":"Add JavaDocs for public classes.","messageBody":"","tags":["A-JavaDoc","A-CodingStandard"],"fileTypesAndContributionMap":{"java":{"insertions":99,"deletions":18}}},{"hash":"889dec966fc5be5cc67341ea98feeac975150955","messageTitle":"Add search/find method to TaskList.","messageBody":"","tags":["Level-9"],"fileTypesAndContributionMap":{"java":{"insertions":29,"deletions":2}}}]},{"date":"2023-02-03","commitResults":[{"hash":"59421cfbf74887ef9cdfd574220410965adefbad","messageTitle":"Add GUI elements","messageBody":"","tags":["Level-10"],"fileTypesAndContributionMap":{"gradle":{"insertions":15,"deletions":0},"java":{"insertions":122,"deletions":16}}},{"hash":"75f59f50dc7a380fdc205a6294b906f283f6911d","messageTitle":"Revert \"Add GUI elements\"","messageBody":"This reverts commit 59421cfbf74887ef9cdfd574220410965adefbad.\n","fileTypesAndContributionMap":{"gradle":{"insertions":0,"deletions":15},"java":{"insertions":16,"deletions":122}}}]},{"date":"2023-02-08","commitResults":[{"hash":"e505a40f095090fa3deb49dd947341519b8964ce","messageTitle":"Add GUI for Leo.","messageBody":"","fileTypesAndContributionMap":{"gradle":{"insertions":15,"deletions":0},"fxml":{"insertions":35,"deletions":0},"java":{"insertions":328,"deletions":2}}},{"hash":"a6a52a7689fcdc6ff5284b50ffcaae03782a6a88","messageTitle":"Add exception handling and greeting.","messageBody":"","fileTypesAndContributionMap":{"java":{"insertions":47,"deletions":49}}}]},{"date":"2023-02-10","commitResults":[{"hash":"4e8b6368837a94ee02905930990e820e03b79902","messageTitle":"Add help feature and command list.","messageBody":"","tags":["C-Help","BCD-Extension"],"fileTypesAndContributionMap":{"java":{"insertions":36,"deletions":4}}}]},{"date":"2023-02-16","commitResults":[{"hash":"a4ce50bfb62b9d8a8fd0ba72835f627c59b16a23","messageTitle":"Update GUI methods","messageBody":"Descriptive commands to Leo have different processing needs compared to non-descriptive commands.\n\nFor descriptive fields we need to isolate the content following the command but non-descriptive commands require sole direct processing.\n\nAs such, two new methods (processRequestGUI and processDescriptiveRequestedGUI) were added to create this abstraction layer.\n","tags":["A-FullCommitMessage","A-CodeQuality"],"fileTypesAndContributionMap":{"fxml":{"insertions":50,"deletions":18},"java":{"insertions":143,"deletions":164}}},{"hash":"c4a161770ad1a3584255b755e0596a2080e215a7","messageTitle":"Add input assertions.","messageBody":"","tags":["A-Assertions"],"fileTypesAndContributionMap":{"java":{"insertions":4,"deletions":0}}},{"hash":"b09211d38371785ee071c1385702458d546bedde","messageTitle":"Update GUI color scheme.","messageBody":"GUI colorscheme has been updated to reflect the Argentinian jersey colors.\n\nThis is to keep in line with its personality as the football player Lionel Messi who is from Argentina.\n\nAdditionally, font changes have been added to make the overall visual more pleasing to the user.\n","tags":["A-Personality","A-BetterGUI"],"fileTypesAndContributionMap":{"java":{"insertions":40,"deletions":3}}},{"hash":"1031efae19d074c49dcfb79b0ffd026a996e6b9e","messageTitle":"Add user guide for Leo.","messageBody":"","tags":["A-UserGuide","A-Release"],"fileTypesAndContributionMap":{"java":{"insertions":2,"deletions":2},"md":{"insertions":214,"deletions":9}}},{"hash":"b2096bd7dccd241b11660fea828edf94a350d9b1","messageTitle":"Update build.gradle","messageBody":"","fileTypesAndContributionMap":{"gradle":{"insertions":14,"deletions":14}}},{"hash":"f2b415a3b673b8edcf0a032cf9bd61f7218ef82a","messageTitle":"Add release link.","messageBody":"","fileTypesAndContributionMap":{"md":{"insertions":1,"deletions":1}}},{"hash":"84ea6a27075d47690561c92b7287f0dcb3168aae","messageTitle":"Add exit handler.","messageBody":"","fileTypesAndContributionMap":{"java":{"insertions":19,"deletions":0}}},{"hash":"be6b3738c9ba8c8a942549bebcd27b3f974f3b96","messageTitle":"Add exception handling for invalid user input.","messageBody":"","fileTypesAndContributionMap":{"java":{"insertions":18,"deletions":10}}},{"hash":"d8863ca8f3cebcf9b5e664452c0c648df46fda6b","messageTitle":"Update GUI Exception handling.","messageBody":"","fileTypesAndContributionMap":{"java":{"insertions":48,"deletions":49}}}]},{"date":"2023-02-17","commitResults":[{"hash":"81ceee80433abc768bd781cccd556aeab3ddfc23","messageTitle":"Update README.md","messageBody":"","fileTypesAndContributionMap":{"fxml":{"insertions":3,"deletions":3},"java":{"insertions":2,"deletions":0},"md":{"insertions":0,"deletions":7}}},{"hash":"9f0246e38ee14bafec09371f75c48e392405add1","messageTitle":"Update documentation for GUI request methods.","messageBody":"","fileTypesAndContributionMap":{"java":{"insertions":15,"deletions":0}}},{"hash":"633c7edecf89c8598222b8e9adc7bd4e49f4605b","messageTitle":"Add assertions to getResponse.","messageBody":"","fileTypesAndContributionMap":{"java":{"insertions":1,"deletions":0}}}]}]},"authorFileTypeContributionMap":{"vigonometry":{"java":1078,"md":201,"fxml":67,"sh":1,"bat":0,"gradle":30,"txt":6}},"authorContributionVariance":{"vigonometry":37540.39},"authorDisplayNameMap":{"vigonometry":"CS2103T-F12-1 VIGN..ARAN"}}
