{"authorDailyContributionsMap":{"bojie3":[{"date":"2023-01-15","commitResults":[{"hash":"d665c473b394df328784d9a2d85a552f6e97bbe7","messageTitle":"Level 1 finished","messageBody":"","tags":["Level-1"],"fileTypesAndContributionMap":{"java":{"insertions":33,"deletions":6}}}]},{"date":"2023-01-16","commitResults":[{"hash":"d2988b9eb0c9eecba40a6a64d24da40b5cf50a51","messageTitle":"Finished level 2","messageBody":"","fileTypesAndContributionMap":{"java":{"insertions":34,"deletions":8}}},{"hash":"220069c1f5949ea2a417bde2e5f9df8c2b79fb74","messageTitle":"Finished level 3","messageBody":"","fileTypesAndContributionMap":{"java":{"insertions":70,"deletions":9}}},{"hash":"e592521b26185be145753fd3b6543e8dd906d82e","messageTitle":"Changed to level 2 to add tag","messageBody":"","tags":["Level-2"],"fileTypesAndContributionMap":{"java":{"insertions":9,"deletions":70}}},{"hash":"96589bd4af119ad590a1747e61d8eaa9aa1283cc","messageTitle":"Finished to level 3","messageBody":"","tags":["Level-3"],"fileTypesAndContributionMap":{"java":{"insertions":70,"deletions":9}}},{"hash":"8fcd9cf111745c87348335268e061bb0c267e5f3","messageTitle":"Finished level 4","messageBody":"","tags":["Level-4"],"fileTypesAndContributionMap":{"java":{"insertions":150,"deletions":25}}}]},{"date":"2023-01-17","commitResults":[{"hash":"a7f4a7098f6e02de4b1b9b7b092d94881cb62365","messageTitle":"Finished A-TextUiTesting","messageBody":"","fileTypesAndContributionMap":{"txt":{"insertions":9,"deletions":0}}},{"hash":"ec85f335301799249979d2e63d0757fb7b6ff991","messageTitle":"Fixed minor bug in task name and updated testcases","messageBody":"","tags":["A-TextUiTesting"],"fileTypesAndContributionMap":{"java":{"insertions":2,"deletions":0}}},{"hash":"408eaec7093804297b79796616d7c7abec014678","messageTitle":"Finished implementation for level-5","messageBody":"","tags":["Level-5"],"fileTypesAndContributionMap":{"java":{"insertions":130,"deletions":64}}}]},{"date":"2023-01-18","commitResults":[{"hash":"f29a407ab535ca9c9bbcf9430859bba784f7d5b9","messageTitle":"Finished level 6","messageBody":"","tags":["Level-6","A-Enums"],"fileTypesAndContributionMap":{"java":{"insertions":50,"deletions":17}}}]},{"date":"2023-01-24","commitResults":[{"hash":"30f56a365dbe059abef649c4d9e4487689ac8405","messageTitle":"Added storage, ui, command and parser class","messageBody":"","fileTypesAndContributionMap":{"txt":{"insertions":3,"deletions":0},"java":{"insertions":511,"deletions":254}}},{"hash":"0c5d36f37a2055641c75a918a8efb37fdabfa65f","messageTitle":"Added DateTime class to manage dates and time","messageBody":"","fileTypesAndContributionMap":{"txt":{"insertions":3,"deletions":2},"java":{"insertions":574,"deletions":256}}},{"hash":"2118f3871d2d6f60456e5864802ff1436dfc7b8c","messageTitle":"Added task to data.txt to test storage.java","messageBody":"","fileTypesAndContributionMap":{"txt":{"insertions":1,"deletions":1}}},{"hash":"9df4935289f4c8bdc75809b2749c769d01143fb4","messageTitle":"Added Duke package and its subpackages","messageBody":"","tags":["A-Packages"],"fileTypesAndContributionMap":{"txt":{"insertions":1,"deletions":0},"java":{"insertions":102,"deletions":4},"bat":{"insertions":1,"deletions":1}}},{"hash":"ed3eeba0cdf6cc2e86797ff7f796c7e5e33c7035","messageTitle":"Added gradle support","messageBody":"","tags":["A-Gradle"],"fileTypesAndContributionMap":{"txt":{"insertions":1,"deletions":1}}},{"hash":"f9aa5794eb8cb7433c10cb818cedc56575d6f231","messageTitle":"Added JUnit tests cases for Todo and DukeException","messageBody":"","tags":["A-JUnit"],"fileTypesAndContributionMap":{"java":{"insertions":26,"deletions":1}}},{"hash":"7851dca293c8a03dd94c256448b3f97221096860","messageTitle":"Updated build.grade mainClassName to create jar file","messageBody":"","tags":["A-Jar"],"fileTypesAndContributionMap":{"gradle":{"insertions":1,"deletions":1}}}]},{"date":"2023-01-26","commitResults":[{"hash":"e67ab346037d9f43c257d0e9162f8c97723dd6e3","messageTitle":"Added javadocs for classes and public methods","messageBody":"","fileTypesAndContributionMap":{"java":{"insertions":306,"deletions":0}}},{"hash":"efc204d2692e4610c58d916b6f77be4742a110f2","messageTitle":"Update all packages to lowercase and capitalise constants","messageBody":"","fileTypesAndContributionMap":{"txt":{"insertions":1,"deletions":2},"java":{"insertions":120,"deletions":108}}},{"hash":"8c092fa9f315c12b93d1b169c826295aafbc645b","messageTitle":"Add a temp folder to move files","messageBody":"","fileTypesAndContributionMap":{"txt":{"insertions":3,"deletions":0},"java":{"insertions":776,"deletions":0}}},{"hash":"1e2642232fb48bb5d18630509fbd478600d2737e","messageTitle":"Delete folder Duke because of wrong capitalisation","messageBody":"","fileTypesAndContributionMap":{"txt":{"insertions":0,"deletions":3},"java":{"insertions":0,"deletions":776}}},{"hash":"bf52a91d690528fdcd3425cef986e053eeb1b1de","messageTitle":"Delete temp folder and add duke folder with correct capitalisation","messageBody":"","fileTypesAndContributionMap":{"txt":{"insertions":0,"deletions":0},"java":{"insertions":0,"deletions":0}}},{"hash":"861107cc5227c7aafd8627a1c5c57bf091e59e24","messageTitle":"Update command classes to be nouns","messageBody":"","fileTypesAndContributionMap":{"java":{"insertions":22,"deletions":23}}},{"hash":"48e75ba893283f86c9d5cc2e30153605c2a14222","messageTitle":"Add feature to find task","messageBody":"","fileTypesAndContributionMap":{"gradle":{"insertions":1,"deletions":1},"txt":{"insertions":2,"deletions":1},"java":{"insertions":81,"deletions":18},"bat":{"insertions":2,"deletions":2},"md":{"insertions":2,"deletions":2}}},{"hash":"2b3cc3b5df976fdc1d57def3903916f12ac24159","messageTitle":"Update master branch to fix errors in naming of folders","messageBody":"","fileTypesAndContributionMap":{"txt":{"insertions":1,"deletions":1},"java":{"insertions":5,"deletions":41}}},{"hash":"e7c16ff28ae444e84b3e91b39520fc27dc4017e9","messageTitle":"Add JavaDocs for function supporting find feature","messageBody":"","tags":["Level-9"],"fileTypesAndContributionMap":{"txt":{"insertions":0,"deletions":1},"java":{"insertions":24,"deletions":0}}},{"hash":"eedcf078850adbc3356f0208c9522f4cc7df3677","messageTitle":"Update name of boolean variable according to standards","messageBody":"","fileTypesAndContributionMap":{"java":{"insertions":14,"deletions":26}}}]},{"date":"2023-01-28","commitResults":[{"hash":"ed309e77e9ada9a4381a53c7629752958a5daf5d","messageTitle":"Update code to fix checkstyle errors","messageBody":"","tags":["A-CheckStyle"],"fileTypesAndContributionMap":{"gradle":{"insertions":5,"deletions":0},"txt":{"insertions":2,"deletions":0},"java":{"insertions":112,"deletions":67}}}]},{"date":"2023-01-29","commitResults":[{"hash":"2aa4f017b4d413ef56f4da3fd14e4b195f6a7145","messageTitle":"Add GUI feature","messageBody":"","fileTypesAndContributionMap":{"gradle":{"insertions":15,"deletions":0},"txt":{"insertions":2,"deletions":3},"fxml":{"insertions":35,"deletions":0},"java":{"insertions":271,"deletions":101}}},{"hash":"beff71e7b428f1d124e8ce18f077cfc999031bc9","messageTitle":"Update code to remove CLI functions","messageBody":"","fileTypesAndContributionMap":{"java":{"insertions":0,"deletions":39}}}]},{"date":"2023-01-30","commitResults":[{"hash":"8953a66c9242912280b5978b7733fd882eb91eef","messageTitle":"Add javadocs for GUI classes and functions","messageBody":"","fileTypesAndContributionMap":{"java":{"insertions":93,"deletions":27}}}]},{"date":"2023-02-06","commitResults":[{"hash":"04a378f8d52779c8aa3b4a7173b95711672f0f12","messageTitle":"Add assert statement in Duke","messageBody":"","fileTypesAndContributionMap":{"java":{"insertions":1,"deletions":0}}},{"hash":"152fb2d017273575bee3159306012d83022c173c","messageTitle":"Add assert statement to getResponse function","messageBody":"Add assert since user input should not be null under any circumstances.\nUpdate the javaDocs for getResponse function\n","fileTypesAndContributionMap":{"java":{"insertions":1,"deletions":1}}},{"hash":"d36d92f6a9adc696f501103fc88b7711262d85df","messageTitle":"Update variabe t to task in deleteCommandTask","messageBody":"Changed the variable naming to imporve code quality.\nChange variable t (supposed to represent a task) to task\n","fileTypesAndContributionMap":{"java":{"insertions":2,"deletions":2}}}]},{"date":"2023-02-08","commitResults":[{"hash":"44b8f41603cccf1f9f9fa2e2836e7e03af22d619","messageTitle":"Add function to sort the tasks according to their end time","messageBody":"Sorts the tasks and output the sorted tasks to the user.\nAlso updates the task in the data.txt to be sorted.\nPlace event/deadline \u003c todo, and between event and deadline, we compare\nthe ending time of event to the deadline of deadline task.\n","fileTypesAndContributionMap":{"txt":{"insertions":2,"deletions":2},"java":{"insertions":70,"deletions":10}}},{"hash":"54d51474fa8f8d7283ce6c8d97127d11141c7943","messageTitle":"Add javadocs for sortCommand class","messageBody":"","tags":["BCD-Extension","A-FullCommitMessage","A-CodeQuality","A-Assertions"],"fileTypesAndContributionMap":{"java":{"insertions":12,"deletions":3}}}]}]},"authorFileTypeContributionMap":{"bojie3":{"java":1476,"md":2,"fxml":35,"sh":0,"bat":2,"gradle":21,"txt":11}},"authorContributionVariance":{"bojie3":294169.94},"authorDisplayNameMap":{"bojie3":"CS2103T-T14-4 XU B..OJIE"}}
