{"authorDailyContributionsMap":{"abenx162":[{"date":"2023-01-19","commitResults":[{"hash":"6cab990b57332967d7bc2fa8ae1801493c7d1057","messageTitle":"19/01/23 Level-1: Greet, Echo, Exit","messageBody":"","tags":["Level-1"],"fileTypesAndContributionMap":{"java":{"insertions":28,"deletions":10}}},{"hash":"02ae25dc7febb09d2af59bdba2b1b01ee5242921","messageTitle":"19/01/23 Level-2: Add, List +help function","messageBody":"","tags":["Level-2"],"fileTypesAndContributionMap":{"java":{"insertions":45,"deletions":7}}},{"hash":"15ac084671d29a103692b53e8f91c2e3d729b55b","messageTitle":"19/01/23 Level-3 Mark as Done, A-Classes","messageBody":"","tags":["Level-3","A-Classes"],"fileTypesAndContributionMap":{"java":{"insertions":69,"deletions":17}}},{"hash":"645424f5f444a7778c9da865386a6f7fbe4d2e67","messageTitle":"19/01/23 renamed \u0027list\u0027 to \u0027log\u0027","messageBody":"","fileTypesAndContributionMap":{"java":{"insertions":3,"deletions":3}}},{"hash":"a1b44512740078433901d389dc3bc7367998c5ce","messageTitle":"19/01/23 Level-4, A-Inheritance","messageBody":"","tags":["Level-4","A-Inheritance"],"fileTypesAndContributionMap":{"java":{"insertions":81,"deletions":20}}}]},{"date":"2023-01-20","commitResults":[{"hash":"46eaeff47e5431c03149e36bb582c6241c16f47e","messageTitle":"20/01/23 A-TextUiTesting","messageBody":"","tags":["A-TextUiTesting"],"fileTypesAndContributionMap":{"txt":{"insertions":14,"deletions":0},"java":{"insertions":1,"deletions":1},"bat":{"insertions":1,"deletions":1}}}]},{"date":"2023-01-25","commitResults":[{"hash":"ba8544bef860a97dc4ef7f14866b145084e45f27","messageTitle":"25/01/23 Level-5, A-Exceptions","messageBody":"","tags":["Level-5","A-Exceptions"],"fileTypesAndContributionMap":{"txt":{"insertions":15,"deletions":9},"java":{"insertions":89,"deletions":32}}},{"hash":"f830616367f5d62847a9209f9c4458c4fab22fb3","messageTitle":"25/01/23 Level-6","messageBody":"","tags":["Level-6"],"fileTypesAndContributionMap":{"txt":{"insertions":2,"deletions":0},"java":{"insertions":13,"deletions":0}}}]},{"date":"2023-01-27","commitResults":[{"hash":"38da91f8c6a57d8f658afd1b974e3e6b07da114d","messageTitle":"27/01/23 branch-level-7","messageBody":"","tags":["Level-7"],"fileTypesAndContributionMap":{"java":{"insertions":54,"deletions":5}}}]},{"date":"2023-01-31","commitResults":[{"hash":"94dafc6248bf49598cb8d2b43e850bf18a836b9c","messageTitle":"31/01/23 branch-Level-8","messageBody":"","fileTypesAndContributionMap":{"txt":{"insertions":6,"deletions":0},"java":{"insertions":20,"deletions":9}}}]},{"date":"2023-02-01","commitResults":[{"hash":"7be0e1a2b4bd47fff75c7b5da33b1d29dd6d83e7","messageTitle":"01/02/23 A-MoreOOP","messageBody":"","tags":["A-MoreOOP"],"fileTypesAndContributionMap":{"txt":{"insertions":5,"deletions":6},"java":{"insertions":336,"deletions":221}}},{"hash":"3b395337225aa3638e92defb4812ed6962de6a3f","messageTitle":"01/02/23 A-Packages","messageBody":"","tags":["A-Packages"],"fileTypesAndContributionMap":{"java":{"insertions":32,"deletions":0}}}]},{"date":"2023-02-03","commitResults":[{"hash":"f86ceae2465c82c1fd9083a385da6741daa41f91","messageTitle":"03/02/23 A-Gradle","messageBody":"","tags":["A-Gradle"],"fileTypesAndContributionMap":{"gradle":{"insertions":4,"deletions":3},"txt":{"insertions":0,"deletions":5},"java":{"insertions":1,"deletions":1}}},{"hash":"656127a22cbccfb94ed98bbb8090ff67a092ac52","messageTitle":"03/02/23 A-JUnit","messageBody":"","tags":["v0.1","A-Jar","A-JUnit"],"fileTypesAndContributionMap":{"java":{"insertions":48,"deletions":0}}},{"hash":"3eeb919245bb6602ecee7660d6e92fa0fedd34e1","messageTitle":"03/02/23 A-CodingStandard","messageBody":"","fileTypesAndContributionMap":{"gradle":{"insertions":4,"deletions":0},"java":{"insertions":391,"deletions":117}}},{"hash":"174cd0e8194e52d5c25f1c10ef0d7eb7f65e1407","messageTitle":"03/02/23 Removed JavaDocs to put in another branch.","messageBody":"","fileTypesAndContributionMap":{"java":{"insertions":6,"deletions":254}}},{"hash":"4534fa0cf71dca15089731f1354582b841db775f","messageTitle":"03/02/23 A-JavaDoc","messageBody":"","fileTypesAndContributionMap":{"java":{"insertions":253,"deletions":5}}},{"hash":"5696de5b81ab520bc899dd3564856c25d5d2dfa3","messageTitle":"03/02/23 Level-9","messageBody":"","tags":["Level-9"],"fileTypesAndContributionMap":{"java":{"insertions":30,"deletions":1}}}]},{"date":"2023-02-10","commitResults":[{"hash":"902ee88754811f7045cf75e7d86095ae55e33fa2","messageTitle":"Add files for GUI","messageBody":"A template for setting up the GUI for Page is needed.\n\nLet\u0027s add the relevant classes needed for the JavaFX GUI, as well as the necessary .fxml files.\n","tags":["A-FullCommitMessage"],"fileTypesAndContributionMap":{"gradle":{"insertions":23,"deletions":0},"fxml":{"insertions":35,"deletions":0},"java":{"insertions":188,"deletions":3},"md":{"insertions":2,"deletions":2}}}]},{"date":"2023-02-14","commitResults":[{"hash":"e057a34b4ddfdd01ba1fe9d57aa757ceaaeb2ddb","messageTitle":"Extract Command classes","messageBody":"","fileTypesAndContributionMap":{"java":{"insertions":452,"deletions":135}}}]},{"date":"2023-02-15","commitResults":[{"hash":"bc05f9a1b4f098208f7054522680d3b538b819e4","messageTitle":"Finish GUI","messageBody":"","fileTypesAndContributionMap":{"fxml":{"insertions":2,"deletions":2},"java":{"insertions":92,"deletions":79}}},{"hash":"8ff478280c071b6c32988cf8e753d7ac4aa99232","messageTitle":"Change build.gradle such that .jar file will properly run the Launcher","messageBody":"","tags":["v0.2"],"fileTypesAndContributionMap":{"gradle":{"insertions":1,"deletions":1}}}]}]},"authorFileTypeContributionMap":{"abenx162":{"java":1318,"md":2,"fxml":35,"sh":0,"bat":1,"gradle":30,"txt":22}},"authorContributionVariance":{"abenx162":54483.254},"authorDisplayNameMap":{"abenx162":"CS2103T-W09-4 ANG ..XUAN"}}
