[{"path":"src/main/java/Deadline.java","fileType":"java","lines":[{"lineNumber":1,"author":{"gitId":"potty10"},"content":"public class Deadline extends Task {","lastModifiedDate":"2023-01-19"},{"lineNumber":2,"author":{"gitId":"potty10"},"content":"    String deadline;","lastModifiedDate":"2023-01-19"},{"lineNumber":3,"author":{"gitId":"potty10"},"content":"    public Deadline(String title, String deadline) {","lastModifiedDate":"2023-01-19"},{"lineNumber":4,"author":{"gitId":"potty10"},"content":"        super(title);","lastModifiedDate":"2023-01-19"},{"lineNumber":5,"author":{"gitId":"potty10"},"content":"        this.deadline \u003d deadline;","lastModifiedDate":"2023-01-19"},{"lineNumber":6,"author":{"gitId":"potty10"},"content":"    }","lastModifiedDate":"2023-01-19"},{"lineNumber":7,"author":{"gitId":"potty10"},"content":"","lastModifiedDate":"2023-01-19"},{"lineNumber":8,"author":{"gitId":"potty10"},"content":"    @Override","lastModifiedDate":"2023-01-19"},{"lineNumber":9,"author":{"gitId":"potty10"},"content":"    public String toString() {","lastModifiedDate":"2023-01-19"},{"lineNumber":10,"author":{"gitId":"potty10"},"content":"        return String.format(\"[%s][D] %s (by: %s)\", super.getIsDone() ? \"X\" : \" \",","lastModifiedDate":"2023-01-19"},{"lineNumber":11,"author":{"gitId":"potty10"},"content":"                super.getTitle(), this.deadline);","lastModifiedDate":"2023-01-19"},{"lineNumber":12,"author":{"gitId":"potty10"},"content":"    }","lastModifiedDate":"2023-01-19"},{"lineNumber":13,"author":{"gitId":"potty10"},"content":"}","lastModifiedDate":"2023-01-19"}],"authorContributionMap":{"potty10":13}},{"path":"src/main/java/Duke.java","fileType":"java","lines":[{"lineNumber":1,"author":{"gitId":"potty10"},"content":"import java.util.List;","lastModifiedDate":"2023-01-19"},{"lineNumber":2,"author":{"gitId":"potty10"},"content":"import java.util.Scanner;","lastModifiedDate":"2023-01-19"},{"lineNumber":3,"author":{"gitId":"potty10"},"content":"import java.util.ArrayList;","lastModifiedDate":"2023-01-19"},{"lineNumber":4,"author":{"gitId":"potty10"},"content":"","lastModifiedDate":"2023-01-19"},{"lineNumber":5,"author":{"gitId":"-"},"content":"public class Duke {","lastModifiedDate":"2019-07-29"},{"lineNumber":6,"author":{"gitId":"potty10"},"content":"    private static void validateInput(String[] tokens, int expectedMin) {","lastModifiedDate":"2023-01-19"},{"lineNumber":7,"author":{"gitId":"potty10"},"content":"","lastModifiedDate":"2023-01-19"},{"lineNumber":8,"author":{"gitId":"potty10"},"content":"    }","lastModifiedDate":"2023-01-19"},{"lineNumber":9,"author":{"gitId":"-"},"content":"    public static void main(String[] args) {","lastModifiedDate":"2019-07-29"},{"lineNumber":10,"author":{"gitId":"potty10"},"content":"","lastModifiedDate":"2023-01-19"},{"lineNumber":11,"author":{"gitId":"potty10"},"content":"        // Initialise variables","lastModifiedDate":"2023-01-19"},{"lineNumber":12,"author":{"gitId":"potty10"},"content":"        List\u003cTask\u003e userTasks \u003d  new ArrayList\u003cTask\u003e();","lastModifiedDate":"2023-01-19"},{"lineNumber":13,"author":{"gitId":"potty10"},"content":"        Scanner scanner \u003d new Scanner(System.in);","lastModifiedDate":"2023-01-19"},{"lineNumber":14,"author":{"gitId":"potty10"},"content":"        String command \u003d \"\";","lastModifiedDate":"2023-01-19"},{"lineNumber":15,"author":{"gitId":"potty10"},"content":"        String delimiter \u003d \"\\t---\";","lastModifiedDate":"2023-01-19"},{"lineNumber":16,"author":{"gitId":"-"},"content":"        String logo \u003d \" ____        _        \\n\"","lastModifiedDate":"2019-07-29"},{"lineNumber":17,"author":{"gitId":"-"},"content":"                + \"|  _ \\\\ _   _| | _____ \\n\"","lastModifiedDate":"2019-07-29"},{"lineNumber":18,"author":{"gitId":"-"},"content":"                + \"| | | | | | | |/ / _ \\\\\\n\"","lastModifiedDate":"2019-07-29"},{"lineNumber":19,"author":{"gitId":"-"},"content":"                + \"| |_| | |_| |   \u003c  __/\\n\"","lastModifiedDate":"2019-07-29"},{"lineNumber":20,"author":{"gitId":"-"},"content":"                + \"|____/ \\\\__,_|_|\\\\_\\\\___|\\n\";","lastModifiedDate":"2019-07-29"},{"lineNumber":21,"author":{"gitId":"potty10"},"content":"","lastModifiedDate":"2023-01-19"},{"lineNumber":22,"author":{"gitId":"-"},"content":"        System.out.println(\"Hello from\\n\" + logo);","lastModifiedDate":"2019-07-29"},{"lineNumber":23,"author":{"gitId":"potty10"},"content":"","lastModifiedDate":"2023-01-19"},{"lineNumber":24,"author":{"gitId":"potty10"},"content":"        while (true) {","lastModifiedDate":"2023-01-19"},{"lineNumber":25,"author":{"gitId":"potty10"},"content":"            command \u003d scanner.nextLine();","lastModifiedDate":"2023-01-19"},{"lineNumber":26,"author":{"gitId":"potty10"},"content":"            System.out.println(delimiter);","lastModifiedDate":"2023-01-19"},{"lineNumber":27,"author":{"gitId":"potty10"},"content":"            if (command.equals(\"bye\")) {","lastModifiedDate":"2023-01-19"},{"lineNumber":28,"author":{"gitId":"potty10"},"content":"                System.out.println(\"\\tBye. Hope to see you again soon!\");","lastModifiedDate":"2023-01-19"},{"lineNumber":29,"author":{"gitId":"potty10"},"content":"                System.out.println(delimiter);","lastModifiedDate":"2023-01-19"},{"lineNumber":30,"author":{"gitId":"potty10"},"content":"                break;","lastModifiedDate":"2023-01-19"},{"lineNumber":31,"author":{"gitId":"potty10"},"content":"            }","lastModifiedDate":"2023-01-19"},{"lineNumber":32,"author":{"gitId":"potty10"},"content":"","lastModifiedDate":"2023-01-19"},{"lineNumber":33,"author":{"gitId":"potty10"},"content":"            String[] tokens \u003d command.split(\" \");","lastModifiedDate":"2023-01-19"},{"lineNumber":34,"author":{"gitId":"potty10"},"content":"            Task t;","lastModifiedDate":"2023-01-19"},{"lineNumber":35,"author":{"gitId":"potty10"},"content":"            switch(tokens[0]) {","lastModifiedDate":"2023-01-19"},{"lineNumber":36,"author":{"gitId":"potty10"},"content":"                case \"list\":","lastModifiedDate":"2023-01-19"},{"lineNumber":37,"author":{"gitId":"potty10"},"content":"                    System.out.println(\"\\tHere are the tasks in your list:\");","lastModifiedDate":"2023-01-19"},{"lineNumber":38,"author":{"gitId":"potty10"},"content":"                    int i \u003d 1;","lastModifiedDate":"2023-01-19"},{"lineNumber":39,"author":{"gitId":"potty10"},"content":"                    for (Task s: userTasks) {","lastModifiedDate":"2023-01-19"},{"lineNumber":40,"author":{"gitId":"potty10"},"content":"                        System.out.printf(\"\\t%d.%s\\n\", i, s);","lastModifiedDate":"2023-01-19"},{"lineNumber":41,"author":{"gitId":"potty10"},"content":"                        i++;","lastModifiedDate":"2023-01-19"},{"lineNumber":42,"author":{"gitId":"potty10"},"content":"                    }","lastModifiedDate":"2023-01-19"},{"lineNumber":43,"author":{"gitId":"potty10"},"content":"                    break;","lastModifiedDate":"2023-01-19"},{"lineNumber":44,"author":{"gitId":"potty10"},"content":"                case \"mark\":","lastModifiedDate":"2023-01-19"},{"lineNumber":45,"author":{"gitId":"potty10"},"content":"                    t \u003d userTasks.get(Integer.parseInt(tokens[1]) - 1);","lastModifiedDate":"2023-01-19"},{"lineNumber":46,"author":{"gitId":"potty10"},"content":"                    t.setIsDone(true);","lastModifiedDate":"2023-01-19"},{"lineNumber":47,"author":{"gitId":"potty10"},"content":"                    System.out.println(\"\\tNice! I\u0027ve marked this task as done:\");","lastModifiedDate":"2023-01-19"},{"lineNumber":48,"author":{"gitId":"potty10"},"content":"                    System.out.println(\"\\t\" + t);","lastModifiedDate":"2023-01-19"},{"lineNumber":49,"author":{"gitId":"potty10"},"content":"                    break;","lastModifiedDate":"2023-01-19"},{"lineNumber":50,"author":{"gitId":"potty10"},"content":"                case \"unmark\":","lastModifiedDate":"2023-01-19"},{"lineNumber":51,"author":{"gitId":"potty10"},"content":"                    t \u003d userTasks.get(Integer.parseInt(tokens[1]) - 1);","lastModifiedDate":"2023-01-19"},{"lineNumber":52,"author":{"gitId":"potty10"},"content":"                    t.setIsDone(false);","lastModifiedDate":"2023-01-19"},{"lineNumber":53,"author":{"gitId":"potty10"},"content":"                    System.out.println(\"\\tOK, I\u0027ve marked this task as not done yet:\");","lastModifiedDate":"2023-01-19"},{"lineNumber":54,"author":{"gitId":"potty10"},"content":"                    System.out.println(\"\\t\" + t);","lastModifiedDate":"2023-01-19"},{"lineNumber":55,"author":{"gitId":"potty10"},"content":"                    break;","lastModifiedDate":"2023-01-19"},{"lineNumber":56,"author":{"gitId":"potty10"},"content":"                case \"todo\":","lastModifiedDate":"2023-01-19"},{"lineNumber":57,"author":{"gitId":"potty10"},"content":"                    tokens \u003d command.split(\" \", 2);","lastModifiedDate":"2023-01-19"},{"lineNumber":58,"author":{"gitId":"potty10"},"content":"                    t \u003d new ToDo(tokens[1]);","lastModifiedDate":"2023-01-19"},{"lineNumber":59,"author":{"gitId":"potty10"},"content":"                    userTasks.add(t);","lastModifiedDate":"2023-01-19"},{"lineNumber":60,"author":{"gitId":"potty10"},"content":"                    System.out.printf(\"\\tGot it. I\u0027ve added this task:\\n\" +","lastModifiedDate":"2023-01-19"},{"lineNumber":61,"author":{"gitId":"potty10"},"content":"                            \"\\t%s\\n\\tNow you have %d tasks in the list.\\n\", t, userTasks.size());","lastModifiedDate":"2023-01-19"},{"lineNumber":62,"author":{"gitId":"potty10"},"content":"                    break;","lastModifiedDate":"2023-01-19"},{"lineNumber":63,"author":{"gitId":"potty10"},"content":"                case \"deadline\":","lastModifiedDate":"2023-01-19"},{"lineNumber":64,"author":{"gitId":"potty10"},"content":"                    tokens \u003d command.split(\"/\");","lastModifiedDate":"2023-01-19"},{"lineNumber":65,"author":{"gitId":"potty10"},"content":"","lastModifiedDate":"2023-01-19"},{"lineNumber":66,"author":{"gitId":"potty10"},"content":"                    t \u003d new Deadline(tokens[0].split(\" \", 2)[1],","lastModifiedDate":"2023-01-19"},{"lineNumber":67,"author":{"gitId":"potty10"},"content":"                            tokens[1].split(\" \", 2)[1]);","lastModifiedDate":"2023-01-19"},{"lineNumber":68,"author":{"gitId":"potty10"},"content":"                    userTasks.add(t);","lastModifiedDate":"2023-01-19"},{"lineNumber":69,"author":{"gitId":"potty10"},"content":"                    System.out.printf(\"\\tGot it. I\u0027ve added this task:\\n\" +","lastModifiedDate":"2023-01-19"},{"lineNumber":70,"author":{"gitId":"potty10"},"content":"                            \"\\t%s\\n\\tNow you have %d tasks in the list.\\n\", t, userTasks.size());","lastModifiedDate":"2023-01-19"},{"lineNumber":71,"author":{"gitId":"potty10"},"content":"                    break;","lastModifiedDate":"2023-01-19"},{"lineNumber":72,"author":{"gitId":"potty10"},"content":"                case \"event\":","lastModifiedDate":"2023-01-19"},{"lineNumber":73,"author":{"gitId":"potty10"},"content":"                    tokens \u003d command.split(\"/\");","lastModifiedDate":"2023-01-19"},{"lineNumber":74,"author":{"gitId":"potty10"},"content":"                    t \u003d new Event(tokens[0].split(\" \", 2)[1],","lastModifiedDate":"2023-01-19"},{"lineNumber":75,"author":{"gitId":"potty10"},"content":"                            tokens[1].split(\" \", 2)[1],","lastModifiedDate":"2023-01-19"},{"lineNumber":76,"author":{"gitId":"potty10"},"content":"                            tokens[2].split(\" \", 2)[1]);","lastModifiedDate":"2023-01-19"},{"lineNumber":77,"author":{"gitId":"potty10"},"content":"                    userTasks.add(t);","lastModifiedDate":"2023-01-19"},{"lineNumber":78,"author":{"gitId":"potty10"},"content":"                    System.out.printf(\"\\tGot it. I\u0027ve added this task:\\n\" +","lastModifiedDate":"2023-01-19"},{"lineNumber":79,"author":{"gitId":"potty10"},"content":"                            \"\\t%s\\n\\tNow you have %d tasks in the list.\\n\", t, userTasks.size());","lastModifiedDate":"2023-01-19"},{"lineNumber":80,"author":{"gitId":"potty10"},"content":"                    break;","lastModifiedDate":"2023-01-19"},{"lineNumber":81,"author":{"gitId":"potty10"},"content":"                default:","lastModifiedDate":"2023-01-19"},{"lineNumber":82,"author":{"gitId":"potty10"},"content":"                    System.out.printf(\"\\tadded: %s\\n\", command);","lastModifiedDate":"2023-01-19"},{"lineNumber":83,"author":{"gitId":"potty10"},"content":"                    userTasks.add(new Task(command));","lastModifiedDate":"2023-01-19"},{"lineNumber":84,"author":{"gitId":"potty10"},"content":"            }","lastModifiedDate":"2023-01-19"},{"lineNumber":85,"author":{"gitId":"potty10"},"content":"//            if (command.equals(\"list\")) {","lastModifiedDate":"2023-01-19"},{"lineNumber":86,"author":{"gitId":"potty10"},"content":"//","lastModifiedDate":"2023-01-19"},{"lineNumber":87,"author":{"gitId":"potty10"},"content":"//            } else if (tokens[0].equals(\"mark\")) {","lastModifiedDate":"2023-01-19"},{"lineNumber":88,"author":{"gitId":"potty10"},"content":"//","lastModifiedDate":"2023-01-19"},{"lineNumber":89,"author":{"gitId":"potty10"},"content":"//            } else if (tokens[0].equals(\"unmark\")){","lastModifiedDate":"2023-01-19"},{"lineNumber":90,"author":{"gitId":"potty10"},"content":"//","lastModifiedDate":"2023-01-19"},{"lineNumber":91,"author":{"gitId":"potty10"},"content":"//            } else {","lastModifiedDate":"2023-01-19"},{"lineNumber":92,"author":{"gitId":"potty10"},"content":"//","lastModifiedDate":"2023-01-19"},{"lineNumber":93,"author":{"gitId":"potty10"},"content":"//            }","lastModifiedDate":"2023-01-19"},{"lineNumber":94,"author":{"gitId":"potty10"},"content":"            System.out.println(delimiter);","lastModifiedDate":"2023-01-19"},{"lineNumber":95,"author":{"gitId":"potty10"},"content":"        }","lastModifiedDate":"2023-01-19"},{"lineNumber":96,"author":{"gitId":"-"},"content":"    }","lastModifiedDate":"2019-07-29"},{"lineNumber":97,"author":{"gitId":"-"},"content":"}","lastModifiedDate":"2019-07-29"}],"authorContributionMap":{"potty10":87,"-":10}},{"path":"src/main/java/Event.java","fileType":"java","lines":[{"lineNumber":1,"author":{"gitId":"potty10"},"content":"public class Event extends Task {","lastModifiedDate":"2023-01-19"},{"lineNumber":2,"author":{"gitId":"potty10"},"content":"    String startTime;","lastModifiedDate":"2023-01-19"},{"lineNumber":3,"author":{"gitId":"potty10"},"content":"    String endTime;","lastModifiedDate":"2023-01-19"},{"lineNumber":4,"author":{"gitId":"potty10"},"content":"    public Event(String title, String startTime, String endTime) {","lastModifiedDate":"2023-01-19"},{"lineNumber":5,"author":{"gitId":"potty10"},"content":"        super(title);","lastModifiedDate":"2023-01-19"},{"lineNumber":6,"author":{"gitId":"potty10"},"content":"        this.startTime \u003d startTime;","lastModifiedDate":"2023-01-19"},{"lineNumber":7,"author":{"gitId":"potty10"},"content":"        this.endTime \u003d endTime;","lastModifiedDate":"2023-01-19"},{"lineNumber":8,"author":{"gitId":"potty10"},"content":"    }","lastModifiedDate":"2023-01-19"},{"lineNumber":9,"author":{"gitId":"potty10"},"content":"","lastModifiedDate":"2023-01-19"},{"lineNumber":10,"author":{"gitId":"potty10"},"content":"    @Override","lastModifiedDate":"2023-01-19"},{"lineNumber":11,"author":{"gitId":"potty10"},"content":"    public String toString() {","lastModifiedDate":"2023-01-19"},{"lineNumber":12,"author":{"gitId":"potty10"},"content":"        return String.format(\"[%s][E] %s (from: %s to %s)\", super.getIsDone() ? \"X\" : \" \",","lastModifiedDate":"2023-01-19"},{"lineNumber":13,"author":{"gitId":"potty10"},"content":"                super.getTitle(), this.startTime, this.endTime);","lastModifiedDate":"2023-01-19"},{"lineNumber":14,"author":{"gitId":"potty10"},"content":"    }","lastModifiedDate":"2023-01-19"},{"lineNumber":15,"author":{"gitId":"potty10"},"content":"}","lastModifiedDate":"2023-01-19"}],"authorContributionMap":{"potty10":15}},{"path":"src/main/java/Task.java","fileType":"java","lines":[{"lineNumber":1,"author":{"gitId":"potty10"},"content":"public class Task {","lastModifiedDate":"2023-01-19"},{"lineNumber":2,"author":{"gitId":"potty10"},"content":"    private boolean isDone;","lastModifiedDate":"2023-01-19"},{"lineNumber":3,"author":{"gitId":"potty10"},"content":"    private String title;","lastModifiedDate":"2023-01-19"},{"lineNumber":4,"author":{"gitId":"potty10"},"content":"    public Task(String title) {","lastModifiedDate":"2023-01-19"},{"lineNumber":5,"author":{"gitId":"potty10"},"content":"        this.title \u003d title;","lastModifiedDate":"2023-01-19"},{"lineNumber":6,"author":{"gitId":"potty10"},"content":"        this.isDone \u003d false;","lastModifiedDate":"2023-01-19"},{"lineNumber":7,"author":{"gitId":"potty10"},"content":"    };","lastModifiedDate":"2023-01-19"},{"lineNumber":8,"author":{"gitId":"potty10"},"content":"","lastModifiedDate":"2023-01-19"},{"lineNumber":9,"author":{"gitId":"potty10"},"content":"    public String getTitle() {","lastModifiedDate":"2023-01-19"},{"lineNumber":10,"author":{"gitId":"potty10"},"content":"        return this.title;","lastModifiedDate":"2023-01-19"},{"lineNumber":11,"author":{"gitId":"potty10"},"content":"    }","lastModifiedDate":"2023-01-19"},{"lineNumber":12,"author":{"gitId":"potty10"},"content":"    public boolean getIsDone() {","lastModifiedDate":"2023-01-19"},{"lineNumber":13,"author":{"gitId":"potty10"},"content":"        return this.isDone;","lastModifiedDate":"2023-01-19"},{"lineNumber":14,"author":{"gitId":"potty10"},"content":"    }","lastModifiedDate":"2023-01-19"},{"lineNumber":15,"author":{"gitId":"potty10"},"content":"    public void setIsDone(boolean status) {","lastModifiedDate":"2023-01-19"},{"lineNumber":16,"author":{"gitId":"potty10"},"content":"        this.isDone \u003d status;","lastModifiedDate":"2023-01-19"},{"lineNumber":17,"author":{"gitId":"potty10"},"content":"    }","lastModifiedDate":"2023-01-19"},{"lineNumber":18,"author":{"gitId":"potty10"},"content":"    @Override","lastModifiedDate":"2023-01-19"},{"lineNumber":19,"author":{"gitId":"potty10"},"content":"    public String toString() {","lastModifiedDate":"2023-01-19"},{"lineNumber":20,"author":{"gitId":"potty10"},"content":"        return String.format(\"[%s] %s\", isDone ? \"x\" : \" \", this.title);","lastModifiedDate":"2023-01-19"},{"lineNumber":21,"author":{"gitId":"potty10"},"content":"    }","lastModifiedDate":"2023-01-19"},{"lineNumber":22,"author":{"gitId":"potty10"},"content":"","lastModifiedDate":"2023-01-19"},{"lineNumber":23,"author":{"gitId":"potty10"},"content":"}","lastModifiedDate":"2023-01-19"}],"authorContributionMap":{"potty10":23}},{"path":"src/main/java/ToDo.java","fileType":"java","lines":[{"lineNumber":1,"author":{"gitId":"potty10"},"content":"public class ToDo extends Task{","lastModifiedDate":"2023-01-19"},{"lineNumber":2,"author":{"gitId":"potty10"},"content":"    public ToDo(String title) {","lastModifiedDate":"2023-01-19"},{"lineNumber":3,"author":{"gitId":"potty10"},"content":"        super(title);","lastModifiedDate":"2023-01-19"},{"lineNumber":4,"author":{"gitId":"potty10"},"content":"    }","lastModifiedDate":"2023-01-19"},{"lineNumber":5,"author":{"gitId":"potty10"},"content":"","lastModifiedDate":"2023-01-19"},{"lineNumber":6,"author":{"gitId":"potty10"},"content":"    @Override","lastModifiedDate":"2023-01-19"},{"lineNumber":7,"author":{"gitId":"potty10"},"content":"    public String toString() {","lastModifiedDate":"2023-01-19"},{"lineNumber":8,"author":{"gitId":"potty10"},"content":"        return String.format(\"[%s][T] %s\", super.getIsDone() ? \"X\" : \" \", super.getTitle());","lastModifiedDate":"2023-01-19"},{"lineNumber":9,"author":{"gitId":"potty10"},"content":"    }","lastModifiedDate":"2023-01-19"},{"lineNumber":10,"author":{"gitId":"potty10"},"content":"}","lastModifiedDate":"2023-01-19"}],"authorContributionMap":{"potty10":10}}]
